sample_id,source,split,text,categories_fine,categories_coarse,sentiments,aspect_terms,is_implicit_flags,num_aspects,has_implicit,has_conflict
acos_train_00000,acos,train,"judging from previous posts this used to be a good place , but not any longer .",['RESTAURANT#GENERAL'],['General'],['negative'],['place'],[False],1,False,False
acos_train_00001,acos,train,"we , there were four of us , arrived at noon - the place was empty - and the staff acted like we were imposing on them and they were very rude .",['SERVICE#GENERAL'],['Service'],['negative'],['staff'],[False],1,False,False
acos_train_00002,acos,train,"they never brought us complimentary noodles , ignored repeated requests for sugar , and threw our dishes on the table .",['SERVICE#GENERAL'],['Service'],['negative'],[None],[True],1,True,False
acos_train_00003,acos,train,the food was lousy - too sweet or too salty and the portions tiny .,"['FOOD#QUALITY', 'FOOD#QUALITY', 'FOOD#QUALITY', 'FOOD#STYLE_OPTIONS']","['Food', 'Food', 'Food', 'Food']","['negative', 'negative', 'negative', 'negative']","['food', 'food', 'food', 'portions']","[False, False, False, False]",4,False,False
acos_train_00004,acos,train,"after all that , they complained to me about the small tip .",['SERVICE#GENERAL'],['Service'],['negative'],[None],[True],1,True,False
acos_train_00005,acos,train,avoid this place !,['RESTAURANT#GENERAL'],['General'],['negative'],['place'],[False],1,False,False
acos_train_00006,acos,train,"i have eaten at saul , many times , the food is always consistently , outrageously good .",['FOOD#QUALITY'],['Food'],['positive'],['food'],[False],1,False,False
acos_train_00007,acos,train,saul is the best restaurant on smith street and in brooklyn .,['RESTAURANT#GENERAL'],['General'],['positive'],['saul'],[False],1,False,False
acos_train_00008,acos,train,the duck confit is always amazing and the foie gras terrine with figs was out of this world .,"['FOOD#QUALITY', 'FOOD#QUALITY']","['Food', 'Food']","['positive', 'positive']","['foie gras terrine with figs', 'duck confit']","[False, False]",2,False,False
acos_train_00009,acos,train,the wine list is interesting and has many good values .,"['DRINKS#STYLE_OPTIONS', 'DRINKS#PRICES']","['Food', 'Price']","['positive', 'positive']","['wine list', 'wine list']","[False, False]",2,False,False
acos_train_00010,acos,train,"for the price , you can not eat this well in manhattan .","['RESTAURANT#PRICES', 'FOOD#QUALITY']","['Price', 'Food']","['positive', 'positive']","[None, None]","[True, True]",2,True,False
acos_train_00011,acos,train,i was very disappointed with this restaurant .,['RESTAURANT#GENERAL'],['General'],['negative'],['restaurant'],[False],1,False,False
acos_train_00012,acos,train,ive asked a cart attendant for a lotus leaf wrapped rice and she replied back rice and just walked away .,['SERVICE#GENERAL'],['Service'],['negative'],['cart attendant'],[False],1,False,False
acos_train_00013,acos,train,i had to ask her three times before she finally came back with the dish ive requested .,['SERVICE#GENERAL'],['Service'],['negative'],[None],[True],1,True,False
acos_train_00014,acos,train,"food was okay , nothing great .","['FOOD#QUALITY', 'FOOD#QUALITY']","['Food', 'Food']","['neutral', 'neutral']","['food', 'food']","[False, False]",2,False,False
acos_train_00015,acos,train,chow fun was dry ; pork shu mai was more than usually greasy and had to share a table with loud and rude family .,"['FOOD#QUALITY', 'FOOD#QUALITY', 'AMBIENCE#GENERAL', 'AMBIENCE#GENERAL']","['Food', 'Food', 'Ambience', 'Ambience']","['negative', 'negative', 'negative', 'negative']","['chow fun', 'pork shu mai', None, None]","[False, False, True, True]",4,True,False
acos_train_00016,acos,train,i / we will never go back to this place again .,['RESTAURANT#GENERAL'],['General'],['negative'],['place'],[False],1,False,False
acos_train_00017,acos,train,"went on a 3 day oyster binge , with fish bringing up the closing , and i am so glad this was the place it o trip ended , because it was so great !","['RESTAURANT#GENERAL', 'RESTAURANT#GENERAL']","['General', 'General']","['positive', 'positive']","['fish', None]","[False, True]",2,True,False
acos_train_00018,acos,train,"service was devine , oysters where a sensual as they come , and the price ca n ' t be beat ! ! !","['SERVICE#GENERAL', 'FOOD#QUALITY', 'RESTAURANT#PRICES']","['Service', 'Food', 'Price']","['positive', 'positive', 'positive']","['service', 'oysters', None]","[False, False, True]",3,True,False
acos_train_00019,acos,train,you ca n ' t go wrong here .,['RESTAURANT#GENERAL'],['General'],['positive'],[None],[True],1,True,False
acos_train_00020,acos,train,every time in new york i make it a point to visit restaurant saul on smith street .,['RESTAURANT#GENERAL'],['General'],['positive'],['restaurant saul'],[False],1,False,False
acos_train_00021,acos,train,"everything is always cooked to perfection , the service is excellent , the decor cool and understated .","['SERVICE#GENERAL', 'AMBIENCE#GENERAL', 'AMBIENCE#GENERAL', 'FOOD#QUALITY']","['Service', 'Ambience', 'Ambience', 'Food']","['positive', 'positive', 'positive', 'positive']","['service', 'decor', 'decor', None]","[False, False, False, True]",4,True,False
acos_train_00022,acos,train,i had the duck breast special on my last visit and it was incredible .,['FOOD#QUALITY'],['Food'],['positive'],['duck breast special'],[False],1,False,False
acos_train_00023,acos,train,and i hate to say this but i doubt i ' ll ever go back .,['RESTAURANT#GENERAL'],['General'],['negative'],[None],[True],1,True,False
acos_train_00024,acos,train,"the food is very average . . . the thai fusion stuff is a bit too sweet , every thing they serve is too sweet here .","['FOOD#QUALITY', 'FOOD#QUALITY', 'FOOD#QUALITY']","['Food', 'Food', 'Food']","['negative', 'negative', 'negative']","['food', 'thai fusion stuff', None]","[False, False, True]",3,True,False
acos_train_00025,acos,train,the only thing i moderately enjoyed was their grilled chicken special with edamame puree .,['FOOD#QUALITY'],['Food'],['positive'],['grilled chicken special with edamame puree'],[False],1,False,False
acos_train_00026,acos,train,i had never had edamame pureed before but i thought it was innovative and tasty ( could ' ve used a bit more salt ) .,"['FOOD#QUALITY', 'FOOD#STYLE_OPTIONS']","['Food', 'Food']","['positive', 'positive']","['edamame pureed', 'edamame pureed']","[False, False]",2,False,False
acos_train_00027,acos,train,"the decor is night tho . . . but they really need to clean that vent in the ceiling . . . its quite un - appetizing , and kills your effort to make this place look sleek and modern .","['AMBIENCE#GENERAL', 'AMBIENCE#GENERAL', 'AMBIENCE#GENERAL', 'AMBIENCE#GENERAL']","['Ambience', 'Ambience', 'Ambience', 'Ambience']","['negative', 'negative', 'positive', 'negative']","['place', 'place', 'decor', 'vent']","[False, False, False, False]",4,False,True
acos_train_00028,acos,train,we went around 9 : 30 on a friday and it had died down a bit by then so the service was great !,['SERVICE#GENERAL'],['Service'],['positive'],['service'],[False],1,False,False
acos_train_00029,acos,train,the perfect spot .,['RESTAURANT#GENERAL'],['General'],['positive'],['spot'],[False],1,False,False
acos_train_00030,acos,train,food - awesome .,['FOOD#QUALITY'],['Food'],['neutral'],['food'],[False],1,False,False
acos_train_00031,acos,train,service - friendly and attentive .,"['SERVICE#GENERAL', 'SERVICE#GENERAL']","['Service', 'Service']","['positive', 'positive']","['service', 'service']","[False, False]",2,False,False
acos_train_00032,acos,train,ambiance - relaxed and stylish .,"['AMBIENCE#GENERAL', 'AMBIENCE#GENERAL']","['Ambience', 'Ambience']","['positive', 'positive']","['ambiance', 'ambiance']","[False, False]",2,False,False
acos_train_00033,acos,train,"do n ' t judge this place prima facie , you have to try it to believe it , a home away from home for the literate heart .",['RESTAURANT#GENERAL'],['General'],['positive'],['place'],[False],1,False,False
acos_train_00034,acos,train,the food is decent .,['FOOD#QUALITY'],['Food'],['neutral'],['food'],[False],1,False,False
acos_train_00035,acos,train,"however , it ' s the service that leaves a bad taste in my mouth .",['SERVICE#GENERAL'],['Service'],['negative'],['service'],[False],1,False,False
acos_train_00036,acos,train,"i happen to have a policy that goes along with a little bit of self - respect , which includes not letting a waiter intimidate me , i . e . make me feel bad asking for trivialities like water , or the check .",['SERVICE#GENERAL'],['Service'],['negative'],['waiter'],[False],1,False,False
acos_train_00037,acos,train,"i know , you were too busy showing off your vintage tee shirt and looking bored , but my agenda is i ' m here to eat and enjoy the company of friends , seeking a pleasant experience .","['SERVICE#GENERAL', 'SERVICE#GENERAL']","['Service', 'Service']","['negative', 'negative']","[None, None]","[True, True]",2,True,False
acos_train_00038,acos,train,"well , i did n ' t find it there , and trust , i have told everyone i can think of about my experience .",['RESTAURANT#GENERAL'],['General'],['negative'],[None],[True],1,True,False
acos_train_00039,acos,train,the last time i walked by it looked pretty empty . hmmm .,['RESTAURANT#MISCELLANEOUS'],['General'],['negative'],[None],[True],1,True,False
acos_train_00040,acos,train,i had a great experience .,['RESTAURANT#GENERAL'],['General'],['positive'],[None],[True],1,True,False
acos_train_00041,acos,train,food is great .,['FOOD#QUALITY'],['Food'],['positive'],['food'],[False],1,False,False
acos_train_00042,acos,train,service is top notch .,['SERVICE#GENERAL'],['Service'],['positive'],['service'],[False],1,False,False
acos_train_00043,acos,train,i have been going back again and again .,['RESTAURANT#GENERAL'],['General'],['positive'],[None],[True],1,True,False
acos_train_00044,acos,train,"it melted in my little mouth and the perfect consistency - not too fishy , creamy , and slightly buttery .",['FOOD#QUALITY'],['Food'],['positive'],[None],[True],1,True,False
acos_train_00045,acos,train,the sushi seemed pretty fresh and was adequately proportioned .,"['FOOD#QUALITY', 'FOOD#STYLE_OPTIONS']","['Food', 'Food']","['positive', 'positive']","['sushi', 'sushi']","[False, False]",2,False,False
acos_train_00046,acos,train,the rice to fish ration was also good - - they did n ' t try to overpack the rice .,['FOOD#STYLE_OPTIONS'],['Food'],['positive'],['rice to fish ration'],[False],1,False,False
acos_train_00047,acos,train,we took advanatage of the half price sushi deal on saturday so it was well worth it .,['FOOD#QUALITY'],['Food'],['positive'],['half price sushi deal'],[False],1,False,False
acos_train_00048,acos,train,surprisingly nothing could be further from the truth .,['RESTAURANT#MISCELLANEOUS'],['General'],['positive'],[None],[True],1,True,False
acos_train_00049,acos,train,"in the evening , this place attracted a well dressed , with it , ny crowd .",['RESTAURANT#MISCELLANEOUS'],['General'],['positive'],['crowd'],[False],1,False,False
acos_train_00050,acos,train,the food was well prepared and the service impecable .,"['FOOD#QUALITY', 'SERVICE#GENERAL']","['Food', 'Service']","['positive', 'positive']","['food', 'service']","[False, False]",2,False,False
acos_train_00051,acos,train,i ' m going back .,['RESTAURANT#GENERAL'],['General'],['positive'],[None],[True],1,True,False
acos_train_00052,acos,train,quite simply it ' s like stepping out of manhattan and into a haven of tranquility .,['AMBIENCE#GENERAL'],['Ambience'],['positive'],[None],[True],1,True,False
acos_train_00053,acos,train,i will be going back and heartily recommend it !,['RESTAURANT#GENERAL'],['General'],['positive'],[None],[True],1,True,False
acos_train_00054,acos,train,"it is terrific , as is the value .","['FOOD#QUALITY', 'FOOD#PRICES']","['Food', 'Price']","['positive', 'positive']","[None, None]","[True, True]",2,True,False
acos_train_00055,acos,train,"$ 6 and there is much tasty food , all of it fresh and continually refilled .","['FOOD#STYLE_OPTIONS', 'FOOD#QUALITY', 'FOOD#QUALITY', 'FOOD#PRICES']","['Food', 'Food', 'Food', 'Price']","['positive', 'positive', 'positive', 'positive']","['food', 'food', 'food', 'food']","[False, False, False, False]",4,False,False
acos_train_00056,acos,train,"i am not a vegetarian but , almost all the dishes were great .",['FOOD#QUALITY'],['Food'],['positive'],['dishes'],[False],1,False,False
acos_train_00057,acos,train,go hungry and enjoy .,['RESTAURANT#GENERAL'],['General'],['positive'],[None],[True],1,True,False
acos_train_00058,acos,train,"i like the somosas , chai , and the chole , but the dhosas and dhal were kinda disappointing .","['FOOD#QUALITY', 'FOOD#QUALITY', 'FOOD#QUALITY', 'FOOD#QUALITY', 'FOOD#QUALITY']","['Food', 'Food', 'Food', 'Food', 'Food']","['positive', 'positive', 'positive', 'negative', 'negative']","['somosas', 'chai', 'chole', 'dhosas', 'dhal']","[False, False, False, False, False]",5,False,True
acos_train_00059,acos,train,"the service varys from day to day - sometimes they ' re very nice , and sometimes not .",['SERVICE#GENERAL'],['Service'],['negative'],['service'],[False],1,False,False
acos_train_00060,acos,train,"the kitchen however , is almost always slow .",['SERVICE#GENERAL'],['Service'],['negative'],['kitchen'],[False],1,False,False
acos_train_00061,acos,train,if you ' ve ever been along the river in weehawken you have an idea of the top of view the chart house has to offer .,['LOCATION#GENERAL'],['General'],['positive'],['view'],[False],1,False,False
acos_train_00062,acos,train,add to that great service and great food at a reasonable price and you have yourself the beginning of a great evening .,"['SERVICE#GENERAL', 'FOOD#QUALITY', 'FOOD#PRICES']","['Service', 'Food', 'Price']","['positive', 'positive', 'positive']","['service', 'food', 'food']","[False, False, False]",3,False,False
acos_train_00063,acos,train,the lava cake dessert was incredible and i recommend it .,"['FOOD#QUALITY', 'FOOD#QUALITY']","['Food', 'Food']","['positive', 'positive']","['lava cake dessert', 'lava cake dessert']","[False, False]",2,False,False
acos_train_00064,acos,train,"once you step into cosette , you ' re miraculously in a small , off - the - beaten path parisian bistro .",['AMBIENCE#GENERAL'],['Ambience'],['positive'],['cosette'],[False],1,False,False
acos_train_00065,acos,train,"this tiny restaurant is as cozy as it gets , with that certain parisian flair .","['AMBIENCE#GENERAL', 'AMBIENCE#GENERAL']","['Ambience', 'Ambience']","['positive', 'positive']","['restaurant', 'restaurant']","[False, False]",2,False,False
acos_train_00066,acos,train,"the food was average to above - average ; the french onion soup filling yet not overly impressive , and the desserts not brilliant in any way .","['FOOD#QUALITY', 'FOOD#QUALITY', 'FOOD#QUALITY']","['Food', 'Food', 'Food']","['positive', 'neutral', 'negative']","['food', 'french onion soup', 'desserts']","[False, False, False]",3,False,True
acos_train_00067,acos,train,"however , go for the ambience , and consider the food just a companion for a trip across the world !","['AMBIENCE#GENERAL', 'FOOD#QUALITY']","['Ambience', 'Food']","['negative', 'positive']","['ambience', 'food']","[False, False]",2,False,True
acos_train_00068,acos,train,the pizza was delivered cold and the cheese was n ' t even fully melted !,"['FOOD#QUALITY', 'FOOD#QUALITY']","['Food', 'Food']","['negative', 'negative']","['pizza', 'cheese']","[False, False]",2,False,False
acos_train_00069,acos,train,it looked like shredded cheese partly done - still in strips .,['FOOD#QUALITY'],['Food'],['negative'],[None],[True],1,True,False
acos_train_00070,acos,train,this has got to be one of the most overrated restaurants in brooklyn .,['RESTAURANT#GENERAL'],['General'],['negative'],[None],[True],1,True,False
acos_train_00071,acos,train,the pizza is overpriced and soggy .,"['FOOD#QUALITY', 'FOOD#PRICES']","['Food', 'Price']","['negative', 'negative']","['pizza', 'pizza']","[False, False]",2,False,False
acos_train_00072,acos,train,"yes , they use fancy ingredients , but even fancy ingredients do n ' t make for good pizza unless someone knows how to get the crust right .","['FOOD#QUALITY', 'FOOD#QUALITY', 'FOOD#QUALITY']","['Food', 'Food', 'Food']","['positive', 'negative', 'negative']","['ingredients', 'pizza', 'crust']","[False, False, False]",3,False,True
acos_train_00073,acos,train,"a big disappointment , all around .",['RESTAURANT#GENERAL'],['General'],['negative'],[None],[True],1,True,False
acos_train_00074,acos,train,i think i ' ve had some the best meals of my life at minnow .,['FOOD#QUALITY'],['Food'],['positive'],['meals'],[False],1,False,False
acos_train_00075,acos,train,"the seafood is amazing , there ' s a good wine list , and the ever - changing menu always offers some great surprises .","['FOOD#QUALITY', 'DRINKS#STYLE_OPTIONS', 'FOOD#STYLE_OPTIONS', 'FOOD#STYLE_OPTIONS']","['Food', 'Food', 'Food', 'Food']","['positive', 'positive', 'positive', 'positive']","['seafood', 'wine list', 'menu', 'menu']","[False, False, False, False]",4,False,False
acos_train_00076,acos,train,the combination of super - fresh ingredients in the dishes are unusual but really delicious .,"['FOOD#QUALITY', 'FOOD#QUALITY', 'FOOD#QUALITY']","['Food', 'Food', 'Food']","['positive', 'positive', 'positive']","['ingredients', 'ingredients', 'ingredients']","[False, False, False]",3,False,False
acos_train_00077,acos,train,worth the trip from manhattan .,['RESTAURANT#GENERAL'],['General'],['positive'],[None],[True],1,True,False
acos_train_00078,acos,train,best pastrami i ever had and great portion without being ridiculous .,"['FOOD#QUALITY', 'FOOD#STYLE_OPTIONS']","['Food', 'Food']","['positive', 'positive']","['pastrami', 'portion']","[False, False]",2,False,False
acos_train_00079,acos,train,my wife had the fried shrimp which are huge and loved it .,"['FOOD#STYLE_OPTIONS', 'FOOD#QUALITY']","['Food', 'Food']","['positive', 'positive']","['fried shrimp', 'fried shrimp']","[False, False]",2,False,False
acos_train_00080,acos,train,"as a japanese native , i ' ve lived in the tristate area for over 8 years , but i was just so amazed at this place .",['RESTAURANT#GENERAL'],['General'],['positive'],['place'],[False],1,False,False
acos_train_00081,acos,train,this place is the most japanese it can ever get .,['RESTAURANT#MISCELLANEOUS'],['General'],['positive'],['place'],[False],1,False,False
acos_train_00082,acos,train,"the signs , the specials menus , food , and even all the waitstaff are all totally japanese .","['RESTAURANT#MISCELLANEOUS', 'FOOD#STYLE_OPTIONS', 'FOOD#QUALITY', 'SERVICE#GENERAL']","['General', 'Food', 'Food', 'Service']","['positive', 'positive', 'positive', 'positive']","['signs', 'specials menus', 'food', 'waitstaff']","[False, False, False, False]",4,False,False
acos_train_00083,acos,train,this place is worth an one - hour drive .,['RESTAURANT#GENERAL'],['General'],['positive'],['place'],[False],1,False,False
acos_train_00084,acos,train,"i am so coming back here again , as much as i can .",['RESTAURANT#GENERAL'],['General'],['positive'],[None],[True],1,True,False
acos_train_00085,acos,train,"leon is an east village gem : casual but hip , with well prepared basic french bistro fare , good specials , a warm and lively atmosphere .","['RESTAURANT#GENERAL', 'AMBIENCE#GENERAL', 'FOOD#QUALITY', 'AMBIENCE#GENERAL', 'AMBIENCE#GENERAL', 'FOOD#QUALITY']","['General', 'Ambience', 'Food', 'Ambience', 'Ambience', 'Food']","['positive', 'positive', 'positive', 'positive', 'positive', 'positive']","['leon', 'leon', 'specials', 'atmosphere', 'atmosphere', 'french bistro fare']","[False, False, False, False, False, False]",6,False,False
acos_train_00086,acos,train,"my wife and i always enjoy the young , not always well trained but nevertheless friendly , staff , all of whom have a story .","['SERVICE#GENERAL', 'SERVICE#GENERAL']","['Service', 'Service']","['positive', 'positive']","['staff', 'staff']","[False, False]",2,False,False
acos_train_00087,acos,train,decent wine at reasonable prices .,"['DRINKS#QUALITY', 'DRINKS#PRICES']","['Food', 'Price']","['neutral', 'positive']","['wine', 'wine']","[False, False]",2,False,True
acos_train_00088,acos,train,"our teenage kids love it , too .",['RESTAURANT#GENERAL'],['General'],['positive'],[None],[True],1,True,False
acos_train_00089,acos,train,"everytime i decide to try another place on the ues , i get angry that i did n ' t just go to zucchero pomodori .",['RESTAURANT#GENERAL'],['General'],['positive'],['zucchero pomodori'],[False],1,False,False
acos_train_00090,acos,train,this is by far my favorite place in the neighborhood .,['RESTAURANT#GENERAL'],['General'],['positive'],['place'],[False],1,False,False
acos_train_00091,acos,train,"the service is excellent , the decor is great , and the food is delicious and comes in large portions .","['SERVICE#GENERAL', 'AMBIENCE#GENERAL', 'FOOD#QUALITY', 'FOOD#STYLE_OPTIONS']","['Service', 'Ambience', 'Food', 'Food']","['positive', 'positive', 'positive', 'positive']","['service', 'decor', 'food', 'portions']","[False, False, False, False]",4,False,False
acos_train_00092,acos,train,i ' m partial to the gnocchi .,['RESTAURANT#GENERAL'],['General'],['positive'],['gnocchi'],[False],1,False,False
acos_train_00093,acos,train,this place is incredibly tiny .,['AMBIENCE#GENERAL'],['Ambience'],['negative'],['place'],[False],1,False,False
acos_train_00094,acos,train,they refuse to seat parties of 3 or more on weekends .,['SERVICE#GENERAL'],['Service'],['negative'],[None],[True],1,True,False
acos_train_00095,acos,train,the hostess is rude to the point of being offensive .,"['SERVICE#GENERAL', 'SERVICE#GENERAL']","['Service', 'Service']","['negative', 'negative']","['hostess', 'hostess']","[False, False]",2,False,False
acos_train_00096,acos,train,the food was bland oily .,['FOOD#QUALITY'],['Food'],['negative'],['food'],[False],1,False,False
acos_train_00097,acos,train,i just do n ' t understand all the hype . . .,['RESTAURANT#GENERAL'],['General'],['negative'],[None],[True],1,True,False
acos_train_00098,acos,train,"we have been to this place many times , and always have great food , wine , and service .","['FOOD#QUALITY', 'DRINKS#QUALITY', 'SERVICE#GENERAL']","['Food', 'Food', 'Service']","['positive', 'positive', 'positive']","['food', 'wine', 'service']","[False, False, False]",3,False,False
acos_train_00099,acos,train,"we were worried we would have trouble getting in , but somehow managed to have a short wait .",['SERVICE#GENERAL'],['Service'],['positive'],['wait'],[False],1,False,False
acos_train_00100,acos,train,as always we had a great glass of wine while we waited .,['DRINKS#QUALITY'],['Food'],['positive'],['glass of wine'],[False],1,False,False
acos_train_00101,acos,train,"when we sat , we got great and fast service .","['SERVICE#GENERAL', 'SERVICE#GENERAL']","['Service', 'Service']","['positive', 'positive']","['service', 'service']","[False, False]",2,False,False
acos_train_00102,acos,train,the people that work there are always so friendly you forget you are in new york sometimes .,['SERVICE#GENERAL'],['Service'],['positive'],['people'],[False],1,False,False
acos_train_00103,acos,train,this is a fun restaurant to go to .,['RESTAURANT#GENERAL'],['General'],['positive'],['restaurant'],[False],1,False,False
acos_train_00104,acos,train,the pizza is yummy and i like the atmoshpere .,"['FOOD#QUALITY', 'AMBIENCE#GENERAL']","['Food', 'Ambience']","['positive', 'positive']","['pizza', 'atmoshpere']","[False, False]",2,False,False
acos_train_00105,acos,train,but the pizza is way to expensive .,['FOOD#PRICES'],['Price'],['negative'],['pizza'],[False],1,False,False
acos_train_00106,acos,train,"a large is $ 20 , and toppings are about $ 3 each .","['FOOD#PRICES', 'FOOD#PRICES']","['Price', 'Price']","['negative', 'negative']","[None, 'toppings']","[True, False]",2,True,False
acos_train_00107,acos,train,i went there for lunch and it was not as good as i expected from the reviews i read .,['FOOD#QUALITY'],['Food'],['negative'],['lunch'],[False],1,False,False
acos_train_00108,acos,train,sauce was watery and the food did n ' t have much flavor .,"['FOOD#QUALITY', 'FOOD#QUALITY']","['Food', 'Food']","['negative', 'negative']","['sauce', 'food']","[False, False]",2,False,False
acos_train_00109,acos,train,i do n ' t think i would go again .,['RESTAURANT#GENERAL'],['General'],['negative'],[None],[True],1,True,False
acos_train_00110,acos,train,this place is great .,['RESTAURANT#GENERAL'],['General'],['positive'],['place'],[False],1,False,False
acos_train_00111,acos,train,the waitress was very patient with us and the food is phenomenal !,"['SERVICE#GENERAL', 'FOOD#QUALITY']","['Service', 'Food']","['positive', 'positive']","['waitress', 'food']","[False, False]",2,False,False
acos_train_00112,acos,train,"service was prompt , friendly and great .","['SERVICE#GENERAL', 'SERVICE#GENERAL', 'SERVICE#GENERAL']","['Service', 'Service', 'Service']","['positive', 'positive', 'positive']","['service', 'service', 'service']","[False, False, False]",3,False,False
acos_train_00113,acos,train,slightly on the pricey side but worth it !,"['RESTAURANT#PRICES', 'RESTAURANT#GENERAL']","['Price', 'General']","['negative', 'positive']","[None, None]","[True, True]",2,True,True
acos_train_00114,acos,train,great pizza and fantastic service .,"['FOOD#QUALITY', 'SERVICE#GENERAL']","['Food', 'Service']","['positive', 'positive']","['pizza', 'service']","[False, False]",2,False,False
acos_train_00115,acos,train,"there was a small wait , but shorter than i expected .","['SERVICE#GENERAL', 'SERVICE#GENERAL']","['Service', 'Service']","['positive', 'positive']","['wait', 'wait']","[False, False]",2,False,False
acos_train_00116,acos,train,located at the end of a magnificent block .,['LOCATION#GENERAL'],['General'],['positive'],[None],[True],1,True,False
acos_train_00117,acos,train,very cozy and warm inside . . . . .,"['AMBIENCE#GENERAL', 'AMBIENCE#GENERAL']","['Ambience', 'Ambience']","['positive', 'positive']","[None, None]","[True, True]",2,True,False
acos_train_00118,acos,train,i will be back !,['RESTAURANT#GENERAL'],['General'],['positive'],[None],[True],1,True,False
acos_train_00119,acos,train,this is the best sushi in new york city - hands down .,['FOOD#QUALITY'],['Food'],['positive'],['sushi'],[False],1,False,False
acos_train_00120,acos,train,the place is small and cramped but the food is fantastic .,"['AMBIENCE#GENERAL', 'AMBIENCE#GENERAL', 'FOOD#QUALITY']","['Ambience', 'Ambience', 'Food']","['negative', 'negative', 'positive']","['place', 'place', 'food']","[False, False, False]",3,False,True
acos_train_00121,acos,train,"planet thailand has always been a hit with me , i go there usually for the sushi , which is great , the thai food is excellent too .","['FOOD#QUALITY', 'FOOD#QUALITY', 'RESTAURANT#GENERAL']","['Food', 'Food', 'General']","['positive', 'positive', 'positive']","['sushi', 'thai food', 'planet thailand']","[False, False, False]",3,False,False
acos_train_00122,acos,train,"with the great variety on the menu , i eat here often and never get bored .",['FOOD#STYLE_OPTIONS'],['Food'],['positive'],['menu'],[False],1,False,False
acos_train_00123,acos,train,"the atmosphere is n ' t the greatest , but i suppose that ' s how they keep the prices down .","['AMBIENCE#GENERAL', 'RESTAURANT#PRICES']","['Ambience', 'Price']","['negative', 'positive']","['atmosphere', None]","[False, True]",2,True,True
acos_train_00124,acos,train,it ' s all about the food ! !,['FOOD#QUALITY'],['Food'],['positive'],['food'],[False],1,False,False
acos_train_00125,acos,train,first it took us a long time to find the place .,['RESTAURANT#MISCELLANEOUS'],['General'],['negative'],['place'],[False],1,False,False
acos_train_00126,acos,train,"but when we looked at the menu , there were n ' t a lot of choices , most of them were dumplings in the appetizer section .",['FOOD#STYLE_OPTIONS'],['Food'],['negative'],['menu'],[False],1,False,False
acos_train_00127,acos,train,"those rolls were big , but not good and sashimi was n ' t fresh .","['FOOD#STYLE_OPTIONS', 'FOOD#QUALITY', 'FOOD#QUALITY']","['Food', 'Food', 'Food']","['neutral', 'negative', 'negative']","['rolls', 'rolls', 'sashimi']","[False, False, False]",3,False,True
acos_train_00128,acos,train,"they were dry and disgusting , i did n ' t even finish my first piece .","['FOOD#QUALITY', 'FOOD#QUALITY']","['Food', 'Food']","['negative', 'negative']","[None, None]","[True, True]",2,True,False
acos_train_00129,acos,train,hurley ' s is like cheers where everyone knows your name and they are actually glad you came .,['SERVICE#GENERAL'],['Service'],['positive'],[None],[True],1,True,False
acos_train_00130,acos,train,"try the crunchy tuna , it is to die for .",['FOOD#QUALITY'],['Food'],['positive'],['crunchy tuna'],[False],1,False,False
acos_train_00131,acos,train,"try everything for that matter , it is all good .",['FOOD#QUALITY'],['Food'],['positive'],[None],[True],1,True,False
acos_train_00132,acos,train,i have been going there since it opened and i ca n ' t get enough .,['RESTAURANT#GENERAL'],['General'],['positive'],[None],[True],1,True,False
acos_train_00133,acos,train,first went here to enjoy their garden terrace .,['AMBIENCE#GENERAL'],['Ambience'],['positive'],['garden terrace'],[False],1,False,False
acos_train_00134,acos,train,"the food was amazing , and the service was prompt and helpful , but not over - bearing or rushed .","['FOOD#QUALITY', 'SERVICE#GENERAL', 'SERVICE#GENERAL', 'SERVICE#GENERAL', 'SERVICE#GENERAL']","['Food', 'Service', 'Service', 'Service', 'Service']","['positive', 'positive', 'positive', 'positive', 'positive']","['food', 'service', 'service', 'service', 'service']","[False, False, False, False, False]",5,False,False
acos_train_00135,acos,train,"the steak tartare is a great bet , they fix it for you at the table .",['FOOD#STYLE_OPTIONS'],['Food'],['positive'],['steak tartare'],[False],1,False,False
acos_train_00136,acos,train,"admittedly some nights inside the restaurant were rather warm , but the open kitchen is part of the charm .","['AMBIENCE#GENERAL', 'AMBIENCE#GENERAL']","['Ambience', 'Ambience']","['positive', 'negative']","['open kitchen', 'restaurant']","[False, False]",2,False,True
acos_train_00137,acos,train,"great wine selection , gigondas is worth the price , and the house champagne is a great value .","['DRINKS#STYLE_OPTIONS', 'DRINKS#QUALITY', 'DRINKS#PRICES']","['Food', 'Food', 'Price']","['positive', 'positive', 'positive']","['wine selection', 'gigondas', 'house champagne']","[False, False, False]",3,False,False
acos_train_00138,acos,train,"it may be a bit packed on weekends , but the vibe is good and it is the best french food you will find in the area .","['AMBIENCE#GENERAL', 'FOOD#QUALITY', 'AMBIENCE#GENERAL']","['Ambience', 'Food', 'Ambience']","['positive', 'positive', 'neutral']","['vibe', 'french food', None]","[False, False, True]",3,True,True
acos_train_00139,acos,train,"have recommended the place to friends , always gets good response .","['RESTAURANT#MISCELLANEOUS', 'RESTAURANT#MISCELLANEOUS']","['General', 'General']","['positive', 'positive']","['place', None]","[False, True]",2,True,False
acos_train_00140,acos,train,"pizza - the only pizza in nyc that should not have additional toppings - the crust tastes like the best , freshly baked bread !","['FOOD#QUALITY', 'FOOD#QUALITY', 'FOOD#QUALITY']","['Food', 'Food', 'Food']","['positive', 'positive', 'positive']","['pizza', 'crust', 'crust']","[False, False, False]",3,False,False
acos_train_00141,acos,train,i take all my nyc guests to vt ' s .,['RESTAURANT#MISCELLANEOUS'],['General'],['positive'],"[""vt ' s""]",[False],1,False,False
acos_train_00142,acos,train,"not sure where the previous reviewer , lonk , dined , but saul is in a great neighborhood and has great food !","['LOCATION#GENERAL', 'FOOD#QUALITY']","['General', 'Food']","['positive', 'positive']","['neighborhood', 'food']","[False, False]",2,False,False
acos_train_00143,acos,train,i ' ve been there three times and have always had wonderful experiences .,['RESTAURANT#GENERAL'],['General'],['positive'],[None],[True],1,True,False
acos_train_00144,acos,train,i ' d highly recommend it for a special occasion - - it provides and intimate setting and nice service .,"['AMBIENCE#GENERAL', 'SERVICE#GENERAL', 'RESTAURANT#MISCELLANEOUS']","['Ambience', 'Service', 'General']","['positive', 'positive', 'positive']","['setting', 'service', None]","[False, False, True]",3,True,False
acos_train_00145,acos,train,i ' m not sure where the other reviewers ate but it seems as if we visited two different restaurants because my friends and i all enjoy mizu very much . . . and we ' re repeat customers .,['RESTAURANT#GENERAL'],['General'],['positive'],['mizu'],[False],1,False,False
acos_train_00146,acos,train,even after they overcharged me the last time i was there .,['SERVICE#GENERAL'],['Service'],['negative'],[None],[True],1,True,False
acos_train_00147,acos,train,it ' s delicious !,['FOOD#QUALITY'],['Food'],['positive'],[None],[True],1,True,False
acos_train_00148,acos,train,"moules were excellent , lobster ravioli was very salty !","['FOOD#QUALITY', 'FOOD#QUALITY']","['Food', 'Food']","['positive', 'negative']","['moules', 'lobster ravioli']","[False, False]",2,False,True
acos_train_00149,acos,train,"took my mom for mother ' s day , and the maitre d ' was pretty rude .",['SERVICE#GENERAL'],['Service'],['negative'],"[""maitre d '""]",[False],1,False,False
acos_train_00150,acos,train,"told us to sit anywhere , and when we sat he said the table was reserved .",['SERVICE#GENERAL'],['Service'],['negative'],[None],[True],1,True,False
acos_train_00151,acos,train,stepped on my foot on the second time he reached over me to adjust lighting .,['SERVICE#GENERAL'],['Service'],['negative'],[None],[True],1,True,False
acos_train_00152,acos,train,tiny dessert was $ 8 . 00 . . . just plain overpriced for what it is .,"['FOOD#STYLE_OPTIONS', 'FOOD#QUALITY', 'FOOD#PRICES']","['Food', 'Food', 'Price']","['negative', 'negative', 'negative']","['dessert', 'dessert', 'dessert']","[False, False, False]",3,False,False
acos_train_00153,acos,train,the drinks are always well made and wine selection is fairly priced .,"['DRINKS#QUALITY', 'DRINKS#PRICES']","['Food', 'Price']","['positive', 'positive']","['drinks', 'wine selection']","[False, False]",2,False,False
acos_train_00154,acos,train,try their chef ' s specials - - they are to die for .,['FOOD#QUALITY'],['Food'],['positive'],"[""chef ' s specials""]",[False],1,False,False
acos_train_00155,acos,train,"service is not exactly five star , but thats not really a big deal .",['SERVICE#GENERAL'],['Service'],['neutral'],['service'],[False],1,False,False
acos_train_00156,acos,train,downstairs lounge is always a good attraction,['AMBIENCE#GENERAL'],['Ambience'],['positive'],['downstairs lounge'],[False],1,False,False
acos_train_00157,acos,train,the exotic food is beautifully presented and is a delight in delicious combinations .,"['FOOD#STYLE_OPTIONS', 'FOOD#QUALITY']","['Food', 'Food']","['positive', 'positive']","['exotic food', 'exotic food']","[False, False]",2,False,False
acos_train_00158,acos,train,it is also extremely well priced .,['FOOD#PRICES'],['Price'],['positive'],[None],[True],1,True,False
acos_train_00159,acos,train,the staff is incredibly helpful and attentive .,"['SERVICE#GENERAL', 'SERVICE#GENERAL']","['Service', 'Service']","['positive', 'positive']","['staff', 'staff']","[False, False]",2,False,False
acos_train_00160,acos,train,the bar is very well stocked with interesting beers and well priced wines .,"['DRINKS#STYLE_OPTIONS', 'DRINKS#STYLE_OPTIONS', 'DRINKS#PRICES']","['Food', 'Food', 'Price']","['positive', 'positive', 'positive']","['bar', 'beers', 'wines']","[False, False, False]",3,False,False
acos_train_00161,acos,train,this is one of my favorite restaurants and it is not to be missed .,['RESTAURANT#GENERAL'],['General'],['positive'],[None],[True],1,True,False
acos_train_00162,acos,train,your friends will thank you for introducing them to this gem !,['RESTAURANT#GENERAL'],['General'],['positive'],[None],[True],1,True,False
acos_train_00163,acos,train,"when we stumbled on leon , we thought that we had found quite the gem but , we were certainly wrong .",['RESTAURANT#GENERAL'],['General'],['negative'],['leon'],[False],1,False,False
acos_train_00164,acos,train,"the waitress moved our table practically into the bathroom and when we asked to cancel our dinner orders because we did not want to eat sitting on the toilet , we were told no . . .",['SERVICE#GENERAL'],['Service'],['negative'],['waitress'],[False],1,False,False
acos_train_00165,acos,train,"then , to top things off , she dropped used silverware on my boyfriend ' s jacket and did not stop to apologize or clean the mess that was left on clothes .",['SERVICE#GENERAL'],['Service'],['negative'],[None],[True],1,True,False
acos_train_00166,acos,train,such a disappointment . . .,['SERVICE#GENERAL'],['Service'],['negative'],[None],[True],1,True,False
acos_train_00167,acos,train,"rude service , medicore food . . . there are tons of restaurants in ny . . . stay away from this one","['SERVICE#GENERAL', 'FOOD#QUALITY', 'RESTAURANT#GENERAL']","['Service', 'Food', 'General']","['negative', 'neutral', 'negative']","['service', 'food', None]","[False, False, True]",3,True,True
acos_train_00168,acos,train,i loved everythig about it - especially the shows and actors .,"['AMBIENCE#GENERAL', 'AMBIENCE#GENERAL', 'RESTAURANT#GENERAL']","['Ambience', 'Ambience', 'General']","['positive', 'positive', 'positive']","['shows', 'actors', None]","[False, False, True]",3,True,False
acos_train_00169,acos,train,our server was very helpful and friendly .,"['SERVICE#GENERAL', 'SERVICE#GENERAL']","['Service', 'Service']","['positive', 'positive']","['server', 'server']","[False, False]",2,False,False
acos_train_00170,acos,train,the food was good too .,['FOOD#QUALITY'],['Food'],['positive'],['food'],[False],1,False,False
acos_train_00171,acos,train,the tuna and wasabe potatoes are excellent .,"['FOOD#QUALITY', 'FOOD#QUALITY']","['Food', 'Food']","['positive', 'positive']","['tuna', 'wasabe potatoes']","[False, False]",2,False,False
acos_train_00172,acos,train,the outdoor atmosphere of sitting on the sidewalk watching the world go by 50 feet away on 6th avenue on a cool evening was wonderful .,['LOCATION#GENERAL'],['General'],['positive'],['outdoor atmosphere'],[False],1,False,False
acos_train_00173,acos,train,"inside is a little cramped , but to be expected .",['AMBIENCE#GENERAL'],['Ambience'],['neutral'],[None],[True],1,True,False
acos_train_00174,acos,train,service was prompt and courteous .,"['SERVICE#GENERAL', 'SERVICE#GENERAL']","['Service', 'Service']","['positive', 'positive']","['service', 'service']","[False, False]",2,False,False
acos_train_00175,acos,train,this was a repeat visit and we ' ll definitely be back again .,['RESTAURANT#GENERAL'],['General'],['positive'],[None],[True],1,True,False
acos_train_00176,acos,train,"great service , great food .","['SERVICE#GENERAL', 'FOOD#QUALITY']","['Service', 'Food']","['positive', 'positive']","['service', 'food']","[False, False]",2,False,False
acos_train_00177,acos,train,prices are in line .,['RESTAURANT#PRICES'],['Price'],['neutral'],[None],[True],1,True,False
acos_train_00178,acos,train,but too far east !,['LOCATION#GENERAL'],['General'],['negative'],[None],[True],1,True,False
acos_train_00179,acos,train,"the pizza is delicious - they use fresh mozzarella instead of the cheap , frozen , shredded cheese common to most pizzaria ' s .","['FOOD#QUALITY', 'FOOD#QUALITY']","['Food', 'Food']","['positive', 'positive']","['pizza', 'mozzarella']","[False, False]",2,False,False
acos_train_00180,acos,train,"two complaints - - their appetizer selection stinks , it would be nice to get some mozzarella sticks on the menu .",['FOOD#STYLE_OPTIONS'],['Food'],['negative'],['appetizer selection'],[False],1,False,False
acos_train_00181,acos,train,"also , because it is so thin , it gets cold very quickly and its not that filling .","['FOOD#QUALITY', 'FOOD#STYLE_OPTIONS']","['Food', 'Food']","['negative', 'negative']","[None, None]","[True, True]",2,True,False
acos_train_00182,acos,train,wait staff is blantently unappreciative of your business but its the best pie on the uws !,"['SERVICE#GENERAL', 'FOOD#QUALITY']","['Service', 'Food']","['negative', 'positive']","['wait staff', 'pie']","[False, False]",2,False,True
acos_train_00183,acos,train,by far the best salad i have had in a fast food restaurant .,['FOOD#QUALITY'],['Food'],['positive'],['salad'],[False],1,False,False
acos_train_00184,acos,train,over 100 different choices to create your own .,['FOOD#STYLE_OPTIONS'],['Food'],['positive'],[None],[True],1,True,False
acos_train_00185,acos,train,a must try !,['RESTAURANT#GENERAL'],['General'],['positive'],[None],[True],1,True,False
acos_train_00186,acos,train,"on a recent sunday afternoon , a friend and i accidently found this great restaurant on our way to see the pulitzer prize winning play doubt .",['RESTAURANT#GENERAL'],['General'],['positive'],['restaurant'],[False],1,False,False
acos_train_00187,acos,train,"this was the perfect quiet , relaxing , and delicious accompaniment to our afternoon of theater .","['FOOD#QUALITY', 'AMBIENCE#GENERAL', 'AMBIENCE#GENERAL']","['Food', 'Ambience', 'Ambience']","['positive', 'positive', 'positive']","[None, None, None]","[True, True, True]",3,True,False
acos_train_00188,acos,train,"the chicken pot pie is exceptional , the cheeseburger huge and delictable , and the service professional wan warm .","['FOOD#QUALITY', 'FOOD#STYLE_OPTIONS', 'FOOD#QUALITY', 'SERVICE#GENERAL', 'SERVICE#GENERAL']","['Food', 'Food', 'Food', 'Service', 'Service']","['positive', 'positive', 'positive', 'positive', 'positive']","['chicken pot pie', 'cheeseburger', 'cheeseburger', 'service', 'service']","[False, False, False, False, False]",5,False,False
acos_train_00189,acos,train,"with so many poor experiences to be had in the theater district , is truly an excellent find !",['RESTAURANT#GENERAL'],['General'],['positive'],[None],[True],1,True,False
acos_train_00190,acos,train,the staff is no nonsense .,['SERVICE#GENERAL'],['Service'],['positive'],['staff'],[False],1,False,False
acos_train_00191,acos,train,when i lived upstate for a while i would buy freeze the bagels and they would still be better than any else .,['FOOD#QUALITY'],['Food'],['positive'],['bagels'],[False],1,False,False
acos_train_00192,acos,train,worth visiting the 1st ave spot because it is the original store .,['RESTAURANT#MISCELLANEOUS'],['General'],['positive'],['1st ave spot'],[False],1,False,False
acos_train_00193,acos,train,"he served me an uni hand roll , which i never had before , and let me tell you . . . it was heaven !",['FOOD#QUALITY'],['Food'],['positive'],['uni hand roll'],[False],1,False,False
acos_train_00194,acos,train,the sake menu should not be overlooked !,['DRINKS#STYLE_OPTIONS'],['Food'],['positive'],['sake menu'],[False],1,False,False
acos_train_00195,acos,train,"all in all , this midtown gem instantly became one of my favorite sushi restaurants in the city .","['RESTAURANT#GENERAL', 'RESTAURANT#GENERAL']","['General', 'General']","['positive', 'positive']","[None, None]","[True, True]",2,True,False
acos_train_00196,acos,train,try the lobster teriyaki and the rose special roll .,"['FOOD#QUALITY', 'FOOD#QUALITY']","['Food', 'Food']","['positive', 'positive']","['lobster teriyaki', 'rose special roll']","[False, False]",2,False,False
acos_train_00197,acos,train,"service was very good - prompt , attentive and non - intrusive .","['SERVICE#GENERAL', 'SERVICE#GENERAL', 'SERVICE#GENERAL', 'SERVICE#GENERAL']","['Service', 'Service', 'Service', 'Service']","['positive', 'positive', 'positive', 'positive']","['service', 'service', 'service', 'service']","[False, False, False, False]",4,False,False
acos_train_00198,acos,train,"food was very good as well , considering that we tried the budget selection ( though i wish the pork belly that i ordered was roasted a bit longer , so that fat was more of a melt - in - your - mouth experience ) .","['FOOD#QUALITY', 'FOOD#QUALITY']","['Food', 'Food']","['positive', 'negative']","['food', 'pork belly']","[False, False]",2,False,True
acos_train_00199,acos,train,wine list selection is good and wine - by - the - glass was generously filled to the top .,"['DRINKS#STYLE_OPTIONS', 'DRINKS#STYLE_OPTIONS']","['Food', 'Food']","['positive', 'positive']","['wine list selection', 'wine - by - the - glass']","[False, False]",2,False,False
acos_train_00200,acos,train,traditional french decour was pleasant though the hall was rather noisy - the restaurant was full and we had to raise our voices to be able to maintain a conversation .,"['AMBIENCE#GENERAL', 'AMBIENCE#GENERAL']","['Ambience', 'Ambience']","['positive', 'negative']","['traditional french decour', 'hall']","[False, False]",2,False,True
acos_train_00201,acos,train,"i ' ve been to at cafe spice probably 5 - 8 times , it is probably still the best indian restaurant around union square .",['RESTAURANT#GENERAL'],['General'],['positive'],['cafe spice'],[False],1,False,False
acos_train_00202,acos,train,"to sum it up : service varies from good to mediorce , depending on which waiter you get ; generally it is just average ok .","['SERVICE#GENERAL', 'SERVICE#GENERAL', 'SERVICE#GENERAL']","['Service', 'Service', 'Service']","['neutral', 'neutral', 'neutral']","['service', 'service', 'service']","[False, False, False]",3,False,False
acos_train_00203,acos,train,"seating is always prompt , though the restaurant does fill up in the evening .",['SERVICE#GENERAL'],['Service'],['positive'],['seating'],[False],1,False,False
acos_train_00204,acos,train,"food is usually very good , though ocasionally i wondered about freshmess of raw vegatables in side orders .","['FOOD#QUALITY', 'FOOD#QUALITY']","['Food', 'Food']","['positive', 'negative']","['food', 'raw vegatables in side orders']","[False, False]",2,False,True
acos_train_00205,acos,train,"as many other reviewers noticed , your order is often slow to arrive - this is particularly true in the evening but is not a problem during lunch time .",['SERVICE#GENERAL'],['Service'],['neutral'],[None],[True],1,True,False
acos_train_00206,acos,train,"the decor is vibrant and eye - pleasing with several semi - private boths on the right side of the dining hall , which are great for a date .","['AMBIENCE#GENERAL', 'AMBIENCE#GENERAL', 'AMBIENCE#GENERAL', 'AMBIENCE#GENERAL']","['Ambience', 'Ambience', 'Ambience', 'Ambience']","['positive', 'positive', 'positive', 'positive']","['decor', 'decor', 'decor', 'semi - private boths']","[False, False, False, False]",4,False,False
acos_train_00207,acos,train,i have never been disappointed in the red eye .,['RESTAURANT#GENERAL'],['General'],['positive'],['red eye'],[False],1,False,False
acos_train_00208,acos,train,"the first time i went , and was completely taken by the live jazz band and atmosphere , i ordered the lobster cobb salad .","['AMBIENCE#GENERAL', 'AMBIENCE#GENERAL']","['Ambience', 'Ambience']","['positive', 'positive']","['live jazz band', 'atmosphere']","[False, False]",2,False,False
acos_train_00209,acos,train,it ' s simply the best meal in nyc .,['FOOD#QUALITY'],['Food'],['positive'],['meal'],[False],1,False,False
acos_train_00210,acos,train,you can not go wrong at the red eye grill .,['RESTAURANT#GENERAL'],['General'],['positive'],['red eye grill'],[False],1,False,False
acos_train_00211,acos,train,"if we were to move from the upper east side , we would genuinely miss this restaurant .",['RESTAURANT#GENERAL'],['General'],['positive'],['restaurant'],[False],1,False,False
acos_train_00212,acos,train,the restaurant is cute but not upscale .,"['RESTAURANT#GENERAL', 'RESTAURANT#GENERAL']","['General', 'General']","['neutral', 'neutral']","['restaurant', 'restaurant']","[False, False]",2,False,False
acos_train_00213,acos,train,the food is a diamond in rough - - the food is delicious and homemade with the perfect balance of herbs and tomatoes .,"['FOOD#QUALITY', 'FOOD#QUALITY', 'FOOD#QUALITY', 'FOOD#QUALITY']","['Food', 'Food', 'Food', 'Food']","['positive', 'positive', 'positive', 'positive']","['food', 'is', 'is', 'balance of herbs and tomatoes']","[False, False, False, False]",4,False,False
acos_train_00214,acos,train,i would highly recommend it .,['RESTAURANT#GENERAL'],['General'],['positive'],[None],[True],1,True,False
acos_train_00215,acos,train,it ' s one of our favorite places to eat in ny .,['RESTAURANT#GENERAL'],['General'],['positive'],[None],[True],1,True,False
acos_train_00216,acos,train,we had a great time at the jekyll and hyde pub last night .,['RESTAURANT#GENERAL'],['General'],['positive'],['jekyll and hyde pub'],[False],1,False,False
acos_train_00217,acos,train,after really enjoying ourselves at the bar we sat down at a table and had dinner .,['RESTAURANT#MISCELLANEOUS'],['General'],['positive'],['bar'],[False],1,False,False
acos_train_00218,acos,train,the server was really cool and served us our food and drinks with a smile .,['SERVICE#GENERAL'],['Service'],['positive'],['server'],[False],1,False,False
acos_train_00219,acos,train,the place ' s decor and hidden bathrooms made for a good laugh .,"['AMBIENCE#GENERAL', 'AMBIENCE#GENERAL']","['Ambience', 'Ambience']","['positive', 'positive']","['decor', 'hidden bathrooms']","[False, False]",2,False,False
acos_train_00220,acos,train,i highly recommend visiting this restaurant and having dinner and drinks !,['RESTAURANT#GENERAL'],['General'],['positive'],['restaurant'],[False],1,False,False
acos_train_00221,acos,train,"if you are the type of person who likes being scared and entertained , this is a great place to go and eat .",['RESTAURANT#MISCELLANEOUS'],['General'],['positive'],['place'],[False],1,False,False
acos_train_00222,acos,train,"the have over 100 different beers to offer thier guest so that made my husband very happy and the food was delicious , if i must recommend a dish it must be the pumkin tortelini .","['DRINKS#STYLE_OPTIONS', 'FOOD#QUALITY', 'FOOD#QUALITY']","['Food', 'Food', 'Food']","['positive', 'positive', 'positive']","['beers', 'food', 'pumkin tortelini']","[False, False, False]",3,False,False
acos_train_00223,acos,train,the entertainment was great they have shows that go on through out the dinner .,['AMBIENCE#GENERAL'],['Ambience'],['positive'],['entertainment'],[False],1,False,False
acos_train_00224,acos,train,you will not be disapointed at all .,['RESTAURANT#GENERAL'],['General'],['positive'],[None],[True],1,True,False
acos_train_00225,acos,train,we were not dissappointed in the least bit by this little gem .,['RESTAURANT#GENERAL'],['General'],['positive'],[None],[True],1,True,False
acos_train_00226,acos,train,the bagel was huge .,['FOOD#STYLE_OPTIONS'],['Food'],['positive'],['bagel'],[False],1,False,False
acos_train_00227,acos,train,the workers there also absolutely load the bagel with cream cheese ( gets a little messy ) .,['FOOD#STYLE_OPTIONS'],['Food'],['negative'],['bagel'],[False],1,False,False
acos_train_00228,acos,train,i loved it and would highly recommend .,"['RESTAURANT#GENERAL', 'RESTAURANT#GENERAL']","['General', 'General']","['positive', 'positive']","[None, None]","[True, True]",2,True,False
acos_train_00229,acos,train,this was my frist time at cafe st . bart ' s and i must say how delicious the food and the service was .,"['FOOD#QUALITY', 'SERVICE#GENERAL']","['Food', 'Service']","['positive', 'positive']","['food', 'service']","[False, False]",2,False,False
acos_train_00230,acos,train,i have to highly recommend the lobster roll - not to much mayo ; you can tell it was a fresh lobster .,"['FOOD#QUALITY', 'FOOD#QUALITY']","['Food', 'Food']","['positive', 'positive']","['lobster roll', 'lobster']","[False, False]",2,False,False
acos_train_00231,acos,train,"other guests enjoyed pizza , santa fe chopped salad and fish and chips .","['FOOD#QUALITY', 'FOOD#QUALITY', 'FOOD#QUALITY']","['Food', 'Food', 'Food']","['positive', 'positive', 'positive']","['pizza', 'santa fe chopped salad', 'fish and chips']","[False, False, False]",3,False,False
acos_train_00232,acos,train,"i highly recommend cafe st . bart ' s for their food , the ambience and wonderful service .","['FOOD#QUALITY', 'AMBIENCE#GENERAL', 'SERVICE#GENERAL']","['Food', 'Ambience', 'Service']","['positive', 'positive', 'positive']","['food', 'ambience', 'service']","[False, False, False]",3,False,False
acos_train_00233,acos,train,all the staff is absolutely professional ! !,['SERVICE#GENERAL'],['Service'],['positive'],['staff'],[False],1,False,False
acos_train_00234,acos,train,"( that is a must , but not every restaurant can do . . . )",['SERVICE#GENERAL'],['Service'],['positive'],[None],[True],1,True,False
acos_train_00235,acos,train,"there ' s nice and quiet , small but enough for 6 ( or more ) .","['AMBIENCE#GENERAL', 'AMBIENCE#GENERAL']","['Ambience', 'Ambience']","['positive', 'positive']","[None, None]","[True, True]",2,True,False
acos_train_00236,acos,train,this restaurant was way overhyped .,['RESTAURANT#GENERAL'],['General'],['negative'],['restaurant'],[False],1,False,False
acos_train_00237,acos,train,my chow fun and chow see was really bland and oily .,"['FOOD#QUALITY', 'FOOD#QUALITY']","['Food', 'Food']","['negative', 'negative']","['chow fun and chow see', 'chow fun and chow see']","[False, False]",2,False,False
acos_train_00238,acos,train,okay - i do n ' t mind the oily part ( cause most are cooked that way ) but it was way too bland .,['FOOD#QUALITY'],['Food'],['negative'],[None],[True],1,True,False
acos_train_00239,acos,train,the scallion pancakes and fried dumplings were nothing out of the ordinary .,"['FOOD#QUALITY', 'FOOD#QUALITY']","['Food', 'Food']","['neutral', 'neutral']","['scallion pancakes', 'fried dumplings']","[False, False]",2,False,False
acos_train_00240,acos,train,the service was the only thing good about this restaurant .,"['SERVICE#GENERAL', 'RESTAURANT#GENERAL']","['Service', 'General']","['positive', 'positive']","['service', 'restaurant']","[False, False]",2,False,False
acos_train_00241,acos,train,"it ' s boring on the inside , and our sushi was pretty below average . . . the tuna was soggy and the other rolls had no flavor .","['FOOD#QUALITY', 'FOOD#QUALITY', 'FOOD#QUALITY', 'AMBIENCE#GENERAL']","['Food', 'Food', 'Food', 'Ambience']","['negative', 'negative', 'negative', 'negative']","['sushi', 'tuna', 'rolls', None]","[False, False, False, True]",4,True,False
acos_train_00242,acos,train,i definitely would n ' t go back .,['RESTAURANT#GENERAL'],['General'],['negative'],[None],[True],1,True,False
acos_train_00243,acos,train,their pad penang is delicious and everything else is fantastic .,"['FOOD#QUALITY', 'FOOD#QUALITY']","['Food', 'Food']","['positive', 'positive']","['pad penang', None]","[False, True]",2,True,False
acos_train_00244,acos,train,the price is reasonable although the service is poor .,"['SERVICE#GENERAL', 'RESTAURANT#PRICES']","['Service', 'Price']","['negative', 'positive']","['service', None]","[False, True]",2,True,True
acos_train_00245,acos,train,"great for a romantic evening , or a fun evening with friends . . .","['RESTAURANT#MISCELLANEOUS', 'AMBIENCE#GENERAL', 'AMBIENCE#GENERAL']","['General', 'Ambience', 'Ambience']","['positive', 'positive', 'positive']","[None, None, None]","[True, True, True]",3,True,False
acos_train_00246,acos,train,i will be going back very soon .,['RESTAURANT#GENERAL'],['General'],['positive'],[None],[True],1,True,False
acos_train_00247,acos,train,keep up the good work .,['RESTAURANT#GENERAL'],['General'],['positive'],[None],[True],1,True,False
acos_train_00248,acos,train,it was wonderful .,['RESTAURANT#GENERAL'],['General'],['positive'],[None],[True],1,True,False
acos_train_00249,acos,train,"the salads are delicious , both refreshing and very spicy .","['FOOD#QUALITY', 'FOOD#QUALITY', 'FOOD#QUALITY']","['Food', 'Food', 'Food']","['positive', 'positive', 'positive']","['salads', 'salads', 'salads']","[False, False, False]",3,False,False
acos_train_00250,acos,train,we had pam ' s special fried fish and it was amazing .,['FOOD#QUALITY'],['Food'],['positive'],"[""pam ' s special fried fish""]",[False],1,False,False
acos_train_00251,acos,train,too large for just two people but nothing was left .,"['FOOD#STYLE_OPTIONS', 'FOOD#QUALITY']","['Food', 'Food']","['negative', 'positive']","[None, None]","[True, True]",2,True,True
acos_train_00252,acos,train,"great vibe , lots of people .",['AMBIENCE#GENERAL'],['Ambience'],['positive'],['vibe'],[False],1,False,False
acos_train_00253,acos,train,"my husbands was perfect , my was well done and dry .","['FOOD#QUALITY', 'FOOD#QUALITY', 'FOOD#QUALITY']","['Food', 'Food', 'Food']","['positive', 'positive', 'negative']","[None, None, None]","[True, True, True]",3,True,True
acos_train_00254,acos,train,"i did n ' t complain , i liked the atmosphere so much .",['AMBIENCE#GENERAL'],['Ambience'],['positive'],['atmosphere'],[False],1,False,False
acos_train_00255,acos,train,on a hot day it was fabulous to stop in and enjoy lunch .,['RESTAURANT#GENERAL'],['General'],['positive'],[None],[True],1,True,False
acos_train_00256,acos,train,"ambience is so cute and quaint , good for business although we were there on vacation .","['AMBIENCE#GENERAL', 'AMBIENCE#GENERAL', 'RESTAURANT#MISCELLANEOUS']","['Ambience', 'Ambience', 'General']","['positive', 'positive', 'positive']","['ambience', 'ambience', None]","[False, False, True]",3,True,False
acos_train_00257,acos,train,salads were fantastic .,['FOOD#QUALITY'],['Food'],['positive'],['salads'],[False],1,False,False
acos_train_00258,acos,train,although we were looking for regular lettuce and some walnuts the salads we got were great .,['FOOD#QUALITY'],['Food'],['positive'],['salads'],[False],1,False,False
acos_train_00259,acos,train,ingredients are organic which is a real plus for me .,"['FOOD#QUALITY', 'FOOD#QUALITY']","['Food', 'Food']","['positive', 'positive']","['ingredients', 'ingredients']","[False, False]",2,False,False
acos_train_00260,acos,train,we will be back .,['RESTAURANT#GENERAL'],['General'],['positive'],[None],[True],1,True,False
acos_train_00261,acos,train,the spicy tuna roll is huge and probably the best that i ' ve had at this price range .,"['FOOD#STYLE_OPTIONS', 'FOOD#QUALITY', 'FOOD#PRICES']","['Food', 'Food', 'Price']","['positive', 'positive', 'positive']","['spicy tuna roll', 'spicy tuna roll', 'spicy tuna roll']","[False, False, False]",3,False,False
acos_train_00262,acos,train,the yellowtail was particularly good as well .,['FOOD#QUALITY'],['Food'],['positive'],['yellowtail'],[False],1,False,False
acos_train_00263,acos,train,"i have reservations about the all you can eat deal , however - - the choices are fairly limited and you can probably order more food than you can eat for less than $ 18 by just going off the menu .","['FOOD#STYLE_OPTIONS', 'FOOD#PRICES']","['Food', 'Price']","['negative', 'negative']","['all you can eat deal', 'all you can eat deal']","[False, False]",2,False,False
acos_train_00264,acos,train,"in any event , this is a place i ' ll be sure to stop by again when i ' m in this part of town .",['RESTAURANT#GENERAL'],['General'],['positive'],['place'],[False],1,False,False
acos_train_00265,acos,train,big wong gets big ups for a fine establishment .,"['RESTAURANT#GENERAL', 'RESTAURANT#GENERAL']","['General', 'General']","['positive', 'positive']","['big wong', 'big wong']","[False, False]",2,False,False
acos_train_00266,acos,train,"they have it all - - great price , food , and service .","['FOOD#QUALITY', 'SERVICE#GENERAL', 'RESTAURANT#GENERAL', 'RESTAURANT#PRICES']","['Food', 'Service', 'General', 'Price']","['positive', 'positive', 'positive', 'positive']","['food', 'service', None, None]","[False, False, True, True]",4,True,False
acos_train_00267,acos,train,the atmosphere is noisy and the waiters are literally walking around doing things as fast as they can .,"['AMBIENCE#GENERAL', 'SERVICE#GENERAL']","['Ambience', 'Service']","['negative', 'positive']","['atmosphere', 'waiters']","[False, False]",2,False,True
acos_train_00268,acos,train,the food is prepared quickly and efficiently .,"['SERVICE#GENERAL', 'SERVICE#GENERAL']","['Service', 'Service']","['positive', 'positive']","[None, None]","[True, True]",2,True,False
acos_train_00269,acos,train,"and it all comes at a very reasonable price ( congee , noodles , and rice dishes are no more than $ 3 - 6 each ) .","['FOOD#PRICES', 'FOOD#PRICES', 'FOOD#PRICES', 'FOOD#PRICES']","['Price', 'Price', 'Price', 'Price']","['positive', 'positive', 'positive', 'positive']","[None, 'congee', 'noodles', 'rice dishes']","[True, False, False, False]",4,True,False
acos_train_00270,acos,train,the takeout is great too since they give high quality tupperware as well .,['SERVICE#GENERAL'],['Service'],['positive'],['takeout'],[False],1,False,False
acos_train_00271,acos,train,enjoyed a very nice caesar salad while my wife had arugula and goat cheese . . . . both very tasty .,"['FOOD#QUALITY', 'FOOD#QUALITY', 'FOOD#QUALITY']","['Food', 'Food', 'Food']","['positive', 'positive', 'positive']","['caesar salad', 'caesar salad', 'arugula and goat cheese']","[False, False, False]",3,False,False
acos_train_00272,acos,train,we both opted for a pasta dish and they were served timely and fresh .,"['FOOD#QUALITY', 'SERVICE#GENERAL']","['Food', 'Service']","['positive', 'positive']","['pasta dish', None]","[False, True]",2,True,False
acos_train_00273,acos,train,"we concluded with tiramisu chocolate cake , both were delicious .",['FOOD#QUALITY'],['Food'],['positive'],['tiramisu chocolate cake'],[False],1,False,False
acos_train_00274,acos,train,we ' d go back again,['RESTAURANT#GENERAL'],['General'],['positive'],[None],[True],1,True,False
acos_train_00275,acos,train,i recently went to this restaurant with some co - workers for lunch and had an amazing time .,['RESTAURANT#GENERAL'],['General'],['positive'],['restaurant'],[False],1,False,False
acos_train_00276,acos,train,"the staff was accomodating , the food was absolutely delicious and the place is lovely .","['SERVICE#GENERAL', 'FOOD#QUALITY', 'AMBIENCE#GENERAL']","['Service', 'Food', 'Ambience']","['positive', 'positive', 'positive']","['staff', 'food', 'place']","[False, False, False]",3,False,False
acos_train_00277,acos,train,we even had a visit from the manager who wanted to make sure we were enjoying ourselves .,['SERVICE#GENERAL'],['Service'],['positive'],['manager'],[False],1,False,False
acos_train_00278,acos,train,"yes , the prices are high , but i felt it was worth it .","['RESTAURANT#PRICES', 'RESTAURANT#GENERAL']","['Price', 'General']","['negative', 'positive']","[None, None]","[True, True]",2,True,True
acos_train_00279,acos,train,we all felt it was worth it .,['RESTAURANT#GENERAL'],['General'],['positive'],[None],[True],1,True,False
acos_train_00280,acos,train,sometimes i get good food and ok service .,"['FOOD#QUALITY', 'SERVICE#GENERAL']","['Food', 'Service']","['positive', 'neutral']","['food', 'service']","[False, False]",2,False,True
acos_train_00281,acos,train,"sometimes i get bad food and bad service , sometimes i get good good and bad service .","['FOOD#QUALITY', 'SERVICE#GENERAL', 'FOOD#QUALITY', 'SERVICE#GENERAL']","['Food', 'Service', 'Food', 'Service']","['negative', 'negative', 'positive', 'negative']","['food', 'service', 'good', 'service']","[False, False, False, False]",4,False,True
acos_train_00282,acos,train,it is not consistent .,['RESTAURANT#GENERAL'],['General'],['negative'],[None],[True],1,True,False
acos_train_00283,acos,train,the place is a bistro which means : simple dishes and wine served efficiently in a bustling atmosphere .,"['FOOD#STYLE_OPTIONS', 'AMBIENCE#GENERAL', 'SERVICE#GENERAL']","['Food', 'Ambience', 'Service']","['positive', 'positive', 'positive']","['dishes', 'atmosphere', None]","[False, False, True]",3,True,False
acos_train_00284,acos,train,and where does patis go wrong ; no where .,['RESTAURANT#GENERAL'],['General'],['positive'],['patis'],[False],1,False,False
acos_train_00285,acos,train,"you are not eating haut cuisine with subtle hints of whatever but : cassuolet , steake fritte , tripe stew , etc ; simple stuff .","['FOOD#STYLE_OPTIONS', 'FOOD#QUALITY']","['Food', 'Food']","['positive', 'positive']","[None, None]","[True, True]",2,True,False
acos_train_00286,acos,train,right off the l in brooklyn this is a nice cozy place with good pizza .,"['FOOD#QUALITY', 'AMBIENCE#GENERAL', 'AMBIENCE#GENERAL']","['Food', 'Ambience', 'Ambience']","['positive', 'positive', 'positive']","['pizza', 'place', 'place']","[False, False, False]",3,False,False
acos_train_00287,acos,train,mine was a little burnt but still delicious with goat cheese and panchetta ( raddichio was kind of bitter though ) .,"['FOOD#QUALITY', 'FOOD#QUALITY']","['Food', 'Food']","['negative', 'positive']","['raddichio', None]","[False, True]",2,True,True
acos_train_00288,acos,train,my friend got the mushroom pizza which tasted better .,['FOOD#QUALITY'],['Food'],['positive'],['mushroom pizza'],[False],1,False,False
acos_train_00289,acos,train,the sangria was pretty tasty and good on a hot muggy day .,"['DRINKS#QUALITY', 'DRINKS#QUALITY']","['Food', 'Food']","['positive', 'positive']","['sangria', 'sangria']","[False, False]",2,False,False
acos_train_00290,acos,train,kind of a small place but i guess if they are not too busy might be able to fit a group or kids .,['RESTAURANT#MISCELLANEOUS'],['General'],['neutral'],['place'],[False],1,False,False
acos_train_00291,acos,train,overall i would recommend it and go back again .,['RESTAURANT#GENERAL'],['General'],['positive'],[None],[True],1,True,False
acos_train_00292,acos,train,i started out with a bombay beer which was big enough for two .,['DRINKS#STYLE_OPTIONS'],['Food'],['positive'],['bombay beer'],[False],1,False,False
acos_train_00293,acos,train,mmmmm . . . it was delicious .,['FOOD#QUALITY'],['Food'],['positive'],[None],[True],1,True,False
acos_train_00294,acos,train,"service was slow , but the people were friendly .","['SERVICE#GENERAL', 'SERVICE#GENERAL']","['Service', 'Service']","['negative', 'positive']","['service', 'people']","[False, False]",2,False,True
acos_train_00295,acos,train,it ' s a nice place to relax and have conversation .,['AMBIENCE#GENERAL'],['Ambience'],['positive'],['place'],[False],1,False,False
acos_train_00296,acos,train,i ca n ' t wait to go back .,['RESTAURANT#GENERAL'],['General'],['positive'],[None],[True],1,True,False
acos_train_00297,acos,train,the food is authentic italian - delicious !,"['FOOD#QUALITY', 'FOOD#QUALITY']","['Food', 'Food']","['positive', 'positive']","['food', 'food']","[False, False]",2,False,False
acos_train_00298,acos,train,"pizza is terrific , as is homemade pasta .","['FOOD#QUALITY', 'FOOD#QUALITY']","['Food', 'Food']","['positive', 'positive']","['pizza', 'homemade']","[False, False]",2,False,False
acos_train_00299,acos,train,"ambience is delightful , service impeccable .","['AMBIENCE#GENERAL', 'SERVICE#GENERAL']","['Ambience', 'Service']","['positive', 'positive']","['ambience', 'service']","[False, False]",2,False,False
acos_train_00300,acos,train,service was also horrible and the ambience is not that great .,"['SERVICE#GENERAL', 'AMBIENCE#GENERAL']","['Service', 'Ambience']","['negative', 'negative']","['service', 'ambience']","[False, False]",2,False,False
acos_train_00301,acos,train,do not try unless you ' re just going there to hang out like the rest of the hipsters who apparently have no sense of taste .,['RESTAURANT#MISCELLANEOUS'],['General'],['negative'],[None],[True],1,True,False
acos_train_00302,acos,train,i go and eat out at many different restaurants and this is one place you have go and try .,['RESTAURANT#GENERAL'],['General'],['positive'],['place'],[False],1,False,False
acos_train_00303,acos,train,this is my first time writing a review for a restaurant because the food and service was excellent .,"['FOOD#QUALITY', 'SERVICE#GENERAL']","['Food', 'Service']","['positive', 'positive']","['food', 'service']","[False, False]",2,False,False
acos_train_00304,acos,train,the filet mignon dish was superb !,['FOOD#QUALITY'],['Food'],['positive'],['filet mignon dish'],[False],1,False,False
acos_train_00305,acos,train,i would defiantly come back here again as one of my top choices .,['RESTAURANT#GENERAL'],['General'],['positive'],[None],[True],1,True,False
acos_train_00306,acos,train,it ' s a small cute restaurant .,"['RESTAURANT#GENERAL', 'RESTAURANT#GENERAL']","['General', 'General']","['positive', 'positive']","['restaurant', 'restaurant']","[False, False]",2,False,False
acos_train_00307,acos,train,i absolutely love this place ! ! !,['RESTAURANT#GENERAL'],['General'],['positive'],['place'],[False],1,False,False
acos_train_00308,acos,train,"i like the ambience , it ' s very dark and original .","['AMBIENCE#GENERAL', 'AMBIENCE#GENERAL', 'AMBIENCE#GENERAL']","['Ambience', 'Ambience', 'Ambience']","['positive', 'positive', 'positive']","['ambience', 'ambience', 'ambience']","[False, False, False]",3,False,False
acos_train_00309,acos,train,the sushi is amazing ! ! !,['FOOD#QUALITY'],['Food'],['positive'],['sushi'],[False],1,False,False
acos_train_00310,acos,train,and amazingly cheap .,['FOOD#PRICES'],['Price'],['positive'],[None],[True],1,True,False
acos_train_00311,acos,train,very affordable and excellent ambient !,"['AMBIENCE#GENERAL', 'RESTAURANT#PRICES']","['Ambience', 'Price']","['positive', 'positive']","['ambient', None]","[False, True]",2,True,False
acos_train_00312,acos,train,we ordered some beef and noodle soup dishes from the thai section of the menu but nothing we got was thai .,['FOOD#QUALITY'],['Food'],['negative'],['beef and noodle soup dishes'],[False],1,False,False
acos_train_00313,acos,train,we were very disappointed .,['FOOD#QUALITY'],['Food'],['negative'],[None],[True],1,True,False
acos_train_00314,acos,train,we wo n ' t go to this place again for a good meal .,['FOOD#QUALITY'],['Food'],['negative'],['meal'],[False],1,False,False
acos_train_00315,acos,train,"however , i think this place is a good hang out spot .",['AMBIENCE#GENERAL'],['Ambience'],['positive'],['place'],[False],1,False,False
acos_train_00316,acos,train,my girlfriend and i stumbled onto this hopping place the other night and had a great time !,['RESTAURANT#GENERAL'],['General'],['positive'],['place'],[False],1,False,False
acos_train_00317,acos,train,"they tell me they are going to cover the garden in glass for the winter , so i ' m looking forward to going there on a snowy night to enjoy it .",['RESTAURANT#MISCELLANEOUS'],['General'],['positive'],[None],[True],1,True,False
acos_train_00318,acos,train,check this place out !,['RESTAURANT#GENERAL'],['General'],['positive'],['place'],[False],1,False,False
acos_train_00319,acos,train,highly recommended ! ! ! ! !,['RESTAURANT#GENERAL'],['General'],['positive'],[None],[True],1,True,False
acos_train_00320,acos,train,"first of all , this place is * not * romantic , as claimed by citysearch ' s editorial review .",['AMBIENCE#GENERAL'],['Ambience'],['negative'],['place'],[False],1,False,False
acos_train_00321,acos,train,"either that , or the editor ' s idea of romance must be sharing a conversation with the next table , while trying to speak louder than the traffic on 57th .",['AMBIENCE#GENERAL'],['Ambience'],['negative'],[None],[True],1,True,False
acos_train_00322,acos,train,"the tables are crammed way too close , the menu is typical of any italian restaurant , and the wine list is simply overpriced .","['AMBIENCE#GENERAL', 'AMBIENCE#GENERAL', 'FOOD#STYLE_OPTIONS', 'DRINKS#PRICES']","['Ambience', 'Ambience', 'Food', 'Price']","['negative', 'negative', 'neutral', 'negative']","['tables', 'tables', 'menu', 'wine list']","[False, False, False, False]",4,False,True
acos_train_00323,acos,train,slightly above average wines start at $ 70 + with only one selection listed at $ 30 + .,"['DRINKS#QUALITY', 'DRINKS#PRICES']","['Food', 'Price']","['negative', 'negative']","['wines', 'wines']","[False, False]",2,False,False
acos_train_00324,acos,train,service is not what one would expect from a joint in this price category .,['SERVICE#GENERAL'],['Service'],['negative'],['service'],[False],1,False,False
acos_train_00325,acos,train,"for instance , plates were just dumped on the table , i was handed the wine list upside down , etc . . . .",['SERVICE#GENERAL'],['Service'],['negative'],[None],[True],1,True,False
acos_train_00326,acos,train,somehow working the italian charm with constant mille grazie does not constitute proper service .,['SERVICE#GENERAL'],['Service'],['negative'],['service'],[False],1,False,False
acos_train_00327,acos,train,"to be completely fair , the only redeeming factor was the food , which was above average , but could n ' t make up for all the other deficiencies of teodora .","['FOOD#QUALITY', 'RESTAURANT#GENERAL']","['Food', 'General']","['positive', 'negative']","['food', 'teodora']","[False, False]",2,False,True
acos_train_00328,acos,train,not one of our meals was edible - bland and / or made with weird rosemary or orange flavoring .,"['FOOD#QUALITY', 'FOOD#QUALITY']","['Food', 'Food']","['negative', 'negative']","['meals', 'rosemary or orange flavoring']","[False, False]",2,False,False
acos_train_00329,acos,train,fish was overdone .,['FOOD#QUALITY'],['Food'],['negative'],['fish'],[False],1,False,False
acos_train_00330,acos,train,"cute place , nice wait staff but would never go there again .","['SERVICE#GENERAL', 'AMBIENCE#GENERAL', 'RESTAURANT#GENERAL']","['Service', 'Ambience', 'General']","['positive', 'positive', 'negative']","['wait staff', 'place', 'place']","[False, False, False]",3,False,True
acos_train_00331,acos,train,someone else recommended the dessert - we also left that .,['FOOD#QUALITY'],['Food'],['negative'],['dessert'],[False],1,False,False
acos_train_00332,acos,train,one of us actually liked the expresso - that ' s it .,['DRINKS#QUALITY'],['Food'],['positive'],['expresso'],[False],1,False,False
acos_train_00333,acos,train,"skip this restaurant , it ' s a big disappointment .","['RESTAURANT#GENERAL', 'RESTAURANT#GENERAL']","['General', 'General']","['negative', 'negative']","['restaurant', 'restaurant']","[False, False]",2,False,False
acos_train_00334,acos,train,myagi is one of my favorite restaurants in the city ; the place the negative reviews describe sound like they were somewhere else .,['RESTAURANT#GENERAL'],['General'],['positive'],['myagi'],[False],1,False,False
acos_train_00335,acos,train,i ' ve never had bad service and the fish is fresh and delicious .,"['SERVICE#GENERAL', 'FOOD#QUALITY', 'FOOD#QUALITY']","['Service', 'Food', 'Food']","['positive', 'positive', 'positive']","['service', 'fish', 'fish']","[False, False, False]",3,False,False
acos_train_00336,acos,train,their tuna tartar appetizer is to die for .,['FOOD#QUALITY'],['Food'],['positive'],['tuna tartar appetizer'],[False],1,False,False
acos_train_00337,acos,train,"i come from a family of pizzeria owners , and i ' m almost ashamed to say that the pizza in fornino ' s blows my families receipies away .",['FOOD#QUALITY'],['Food'],['positive'],['pizza'],[False],1,False,False
acos_train_00338,acos,train,the place is so cool and the service is prompt and curtious .,"['SERVICE#GENERAL', 'SERVICE#GENERAL', 'AMBIENCE#GENERAL']","['Service', 'Service', 'Ambience']","['positive', 'positive', 'positive']","['service', 'service', 'place']","[False, False, False]",3,False,False
acos_train_00339,acos,train,i highly recommend to anyone to give this place a try .,['RESTAURANT#GENERAL'],['General'],['positive'],['place'],[False],1,False,False
acos_train_00340,acos,train,you will find yourself returning quite often .,['RESTAURANT#GENERAL'],['General'],['positive'],[None],[True],1,True,False
acos_train_00341,acos,train,a restaurant that does n ' t try to do anything except serve great food with great service in a pleasant atmosphere .,"['FOOD#QUALITY', 'SERVICE#GENERAL', 'AMBIENCE#GENERAL']","['Food', 'Service', 'Ambience']","['positive', 'positive', 'positive']","['food', 'service', 'atmosphere']","[False, False, False]",3,False,False
acos_train_00342,acos,train,no gimmicks here - - the food speaks for itself in its freshness and preparation .,"['FOOD#QUALITY', 'FOOD#QUALITY']","['Food', 'Food']","['positive', 'positive']","['food', 'food']","[False, False]",2,False,False
acos_train_00343,acos,train,the dining room is quietly elegant with no music to shout over - - how refreshing !,"['AMBIENCE#GENERAL', 'AMBIENCE#GENERAL']","['Ambience', 'Ambience']","['positive', 'positive']","['dining room', 'dining room']","[False, False]",2,False,False
acos_train_00344,acos,train,"the service was impeccable and unobtrusive - - the staff knows what they are there to do - - to know their menu , present your meal , and attend to your needs .","['SERVICE#GENERAL', 'SERVICE#GENERAL', 'SERVICE#GENERAL']","['Service', 'Service', 'Service']","['positive', 'positive', 'positive']","['service', 'service', 'staff']","[False, False, False]",3,False,False
acos_train_00345,acos,train,"looking around , i saw a room full of new yorkers enjoying a real meal in a real restaurant , not a clubhouse of the fabulous trying to be seen .","['FOOD#QUALITY', 'AMBIENCE#GENERAL']","['Food', 'Ambience']","['positive', 'positive']","['meal', 'restaurant']","[False, False]",2,False,False
acos_train_00346,acos,train,the view is breathtaking the service is top notch . . . the ambiance is wonderful .,"['LOCATION#GENERAL', 'SERVICE#GENERAL', 'AMBIENCE#GENERAL']","['General', 'Service', 'Ambience']","['positive', 'positive', 'positive']","['view', 'service', 'ambiance']","[False, False, False]",3,False,False
acos_train_00347,acos,train,the staff offers impeccable service .,['SERVICE#GENERAL'],['Service'],['positive'],['staff'],[False],1,False,False
acos_train_00348,acos,train,i had lobster bisque it has 2 oz . of maine lobster in it .,['FOOD#QUALITY'],['Food'],['positive'],['lobster bisque'],[False],1,False,False
acos_train_00349,acos,train,my boyfriend had the new england chowder it was good but i think the award should go to the lobster bisque .,"['FOOD#QUALITY', 'FOOD#QUALITY']","['Food', 'Food']","['positive', 'positive']","['new england chowder', 'lobster bisque']","[False, False]",2,False,False
acos_train_00350,acos,train,it was divine melts in your mouth .,['FOOD#QUALITY'],['Food'],['positive'],[None],[True],1,True,False
acos_train_00351,acos,train,my boyfriend had prime rib it was good .,['FOOD#QUALITY'],['Food'],['positive'],['prime rib'],[False],1,False,False
acos_train_00352,acos,train,we did n ' t want a bottle of bubbly on a weekday so we each got little bottles of korbett it was just enough .,['DRINKS#STYLE_OPTIONS'],['Food'],['positive'],['bottles of korbett'],[False],1,False,False
acos_train_00353,acos,train,it ' s cuz it ' s so good you need to taste it ! ! !,['FOOD#QUALITY'],['Food'],['positive'],[None],[True],1,True,False
acos_train_00354,acos,train,all in all we ' re already coming up with excuses to go ahead really soon in the next few wks ! ! ! !,['RESTAURANT#GENERAL'],['General'],['positive'],[None],[True],1,True,False
acos_train_00355,acos,train,my wife and i ate here earlier this week and have not stopped ranting and raving about the food .,['FOOD#QUALITY'],['Food'],['positive'],['food'],[False],1,False,False
acos_train_00356,acos,train,if you like spicy food get the chicken vindaloo .,['FOOD#QUALITY'],['Food'],['positive'],['chicken vindaloo'],[False],1,False,False
acos_train_00357,acos,train,it ' s very spicy but not offensive .,['FOOD#QUALITY'],['Food'],['positive'],[None],[True],1,True,False
acos_train_00358,acos,train,we will definitely go back .,['RESTAURANT#GENERAL'],['General'],['positive'],[None],[True],1,True,False
acos_train_00359,acos,train,go to volare for 1st class service and terrific food .,"['SERVICE#GENERAL', 'FOOD#QUALITY']","['Service', 'Food']","['positive', 'positive']","['service', 'food']","[False, False]",2,False,False
acos_train_00360,acos,train,the portions are large and the servers always surprise us with a different starter .,['FOOD#STYLE_OPTIONS'],['Food'],['positive'],['portions'],[False],1,False,False
acos_train_00361,acos,train,the wine list is excellent .,['DRINKS#STYLE_OPTIONS'],['Food'],['positive'],['wine list'],[False],1,False,False
acos_train_00362,acos,train,the food is amazing . . . especially if you get the chef ' s tasting menu and your favourite bottle ( or two ! ) of wine from an extensive selection of wines .,"['FOOD#QUALITY', 'FOOD#QUALITY', 'DRINKS#STYLE_OPTIONS']","['Food', 'Food', 'Food']","['positive', 'positive', 'positive']","['food', ""chef ' s tasting menu"", 'selection of wines']","[False, False, False]",3,False,False
acos_train_00363,acos,train,"the place is small and intimate and you may feel a little crowded , but the service is excellent and it ' s great for friends out , a romantic date , or a special occassion .","['SERVICE#GENERAL', 'AMBIENCE#GENERAL', 'RESTAURANT#MISCELLANEOUS', 'AMBIENCE#GENERAL']","['Service', 'Ambience', 'General', 'Ambience']","['positive', 'negative', 'positive', 'negative']","['service', 'place', 'place', 'place']","[False, False, False, False]",4,False,True
acos_train_00364,acos,train,the food can get pricey but the prixe fixe tasting menu is the greatest food for a good price and they cater the food to any food allergies or food you do n ' t like .,"['FOOD#PRICES', 'FOOD#QUALITY', 'FOOD#PRICES', 'SERVICE#GENERAL']","['Price', 'Food', 'Price', 'Service']","['negative', 'positive', 'positive', 'positive']","['food', 'prixe fixe tasting menu', 'prixe fixe tasting menu', None]","[False, False, False, True]",4,True,True
acos_train_00365,acos,train,please be aware that it ' s cash or amex only !,['RESTAURANT#MISCELLANEOUS'],['General'],['neutral'],[None],[True],1,True,False
acos_train_00366,acos,train,"with the exception of our lemon salad that had so much pepper on it that our eyes started watering , the food here was decent , not great .","['FOOD#QUALITY', 'FOOD#QUALITY', 'FOOD#QUALITY']","['Food', 'Food', 'Food']","['neutral', 'neutral', 'negative']","['food', 'food', 'lemon salad']","[False, False, False]",3,False,True
acos_train_00367,acos,train,"we ordered the special , grilled branzino , that was so infused with bone , it was difficult to eat .",['FOOD#QUALITY'],['Food'],['negative'],['grilled branzino'],[False],1,False,False
acos_train_00368,acos,train,"the decor in this place is very diner - ish and the kind of place you expect in the east village - not romantic , just simple , small and sparse .",['AMBIENCE#GENERAL'],['Ambience'],['neutral'],['decor'],[False],1,False,False
acos_train_00369,acos,train,problem is nothing at prune is particularly memorable .,['RESTAURANT#GENERAL'],['General'],['negative'],['prune'],[False],1,False,False
acos_train_00370,acos,train,no plans to return anytime soon .,['RESTAURANT#GENERAL'],['General'],['negative'],[None],[True],1,True,False
acos_train_00371,acos,train,this place is so much fun .,['AMBIENCE#GENERAL'],['Ambience'],['positive'],['place'],[False],1,False,False
acos_train_00372,acos,train,our family never expected such incredible entertainment in a restaurant .,['AMBIENCE#GENERAL'],['Ambience'],['positive'],['entertainment'],[False],1,False,False
acos_train_00373,acos,train,our food was great too !,['FOOD#QUALITY'],['Food'],['positive'],['food'],[False],1,False,False
acos_train_00374,acos,train,and really large portions .,['FOOD#STYLE_OPTIONS'],['Food'],['positive'],['portions'],[False],1,False,False
acos_train_00375,acos,train,the staff was the friendliest that have seen in new york .,['SERVICE#GENERAL'],['Service'],['positive'],['staff'],[False],1,False,False
acos_train_00376,acos,train,if you want something really different than try jekyll and hyde .,['RESTAURANT#GENERAL'],['General'],['positive'],['jekyll and hyde'],[False],1,False,False
acos_train_00377,acos,train,it is a lot of fun with live entertainment and all kinds of disney type special effects .,['AMBIENCE#GENERAL'],['Ambience'],['positive'],[None],[True],1,True,False
acos_train_00378,acos,train,the food was pretty tradional but it was hot and good with large portions .,"['FOOD#QUALITY', 'FOOD#QUALITY', 'FOOD#STYLE_OPTIONS']","['Food', 'Food', 'Food']","['positive', 'positive', 'positive']","['food', 'food', 'portions']","[False, False, False]",3,False,False
acos_train_00379,acos,train,i highly recommend it .,['RESTAURANT#GENERAL'],['General'],['positive'],[None],[True],1,True,False
acos_train_00380,acos,train,the place is a lot of fun .,['AMBIENCE#GENERAL'],['Ambience'],['positive'],['place'],[False],1,False,False
acos_train_00381,acos,train,my six year old loved it .,['RESTAURANT#GENERAL'],['General'],['positive'],[None],[True],1,True,False
acos_train_00382,acos,train,"the food however , is what one might expect .",['FOOD#QUALITY'],['Food'],['negative'],['food'],[False],1,False,False
acos_train_00383,acos,train,it is very overpriced and not very tasty .,"['FOOD#QUALITY', 'FOOD#PRICES']","['Food', 'Price']","['negative', 'negative']","[None, None]","[True, True]",2,True,False
acos_train_00384,acos,train,went there with my wife and we had to wait for a table even though you could see there many that were empty with not reservation sigh on them .,['SERVICE#GENERAL'],['Service'],['negative'],[None],[True],1,True,False
acos_train_00385,acos,train,service was slow had to wait to order and get food although not crowded .,['SERVICE#GENERAL'],['Service'],['negative'],['service'],[False],1,False,False
acos_train_00386,acos,train,drinks way over priced .,['DRINKS#PRICES'],['Price'],['negative'],['drinks'],[False],1,False,False
acos_train_00387,acos,train,food was good not great not worth the wait or another visit,"['FOOD#QUALITY', 'RESTAURANT#GENERAL']","['Food', 'General']","['neutral', 'negative']","['food', None]","[False, True]",2,True,True
acos_train_00388,acos,train,great pizza for lunch place .,['FOOD#QUALITY'],['Food'],['positive'],['pizza'],[False],1,False,False
acos_train_00389,acos,train,service was quick .,['SERVICE#GENERAL'],['Service'],['positive'],['service'],[False],1,False,False
acos_train_00390,acos,train,the pizza was great .,['FOOD#QUALITY'],['Food'],['positive'],['pizza'],[False],1,False,False
acos_train_00391,acos,train,and it was quick which is very important .,"['SERVICE#GENERAL', 'SERVICE#GENERAL']","['Service', 'Service']","['positive', 'positive']","[None, None]","[True, True]",2,True,False
acos_train_00392,acos,train,have the iced tea .,['FOOD#QUALITY'],['Food'],['positive'],['iced tea'],[False],1,False,False
acos_train_00393,acos,train,"whenever you need a sushi fix , mizu will be there with quality fish and great service .","['FOOD#QUALITY', 'SERVICE#GENERAL']","['Food', 'Service']","['positive', 'positive']","['fish', 'service']","[False, False]",2,False,False
acos_train_00394,acos,train,delivery is fast too .,['SERVICE#GENERAL'],['Service'],['positive'],['delivery'],[False],1,False,False
acos_train_00395,acos,train,"great friendly service , fast seating , fast delivery , excellent sushi .","['SERVICE#GENERAL', 'SERVICE#GENERAL', 'SERVICE#GENERAL', 'SERVICE#GENERAL', 'FOOD#QUALITY']","['Service', 'Service', 'Service', 'Service', 'Food']","['positive', 'positive', 'positive', 'positive', 'positive']","['service', 'service', 'seating', 'delivery', 'sushi']","[False, False, False, False, False]",5,False,False
acos_train_00396,acos,train,ess - a - bagel ( either by sty - town or midtown ) is by far the best bagel in ny .,['FOOD#QUALITY'],['Food'],['positive'],['bagel'],[False],1,False,False
acos_train_00397,acos,train,"the bagels always warm , soft on the inside , crispy on the outside and enormous in size .","['FOOD#QUALITY', 'FOOD#QUALITY', 'FOOD#QUALITY', 'FOOD#STYLE_OPTIONS']","['Food', 'Food', 'Food', 'Food']","['positive', 'positive', 'positive', 'positive']","['bagels', 'bagels', 'bagels', 'bagels']","[False, False, False, False]",4,False,False
acos_train_00398,acos,train,they have a huge selection of different cream cheeses and all of their salads are great .,"['FOOD#QUALITY', 'FOOD#STYLE_OPTIONS', 'FOOD#STYLE_OPTIONS']","['Food', 'Food', 'Food']","['positive', 'positive', 'positive']","['salads', 'cream cheeses', 'cream cheeses']","[False, False, False]",3,False,False
acos_train_00399,acos,train,the lox is always fresh too .,['FOOD#QUALITY'],['Food'],['positive'],['lox'],[False],1,False,False
acos_train_00400,acos,train,highly recommended to all !,['RESTAURANT#GENERAL'],['General'],['positive'],[None],[True],1,True,False
acos_train_00401,acos,train,not impressed with the food .,['FOOD#QUALITY'],['Food'],['negative'],['food'],[False],1,False,False
acos_train_00402,acos,train,prices too high for this cramped and unappealing resturant .,"['RESTAURANT#PRICES', 'AMBIENCE#GENERAL', 'AMBIENCE#GENERAL']","['Price', 'Ambience', 'Ambience']","['negative', 'negative', 'negative']","['resturant', 'resturant', 'resturant']","[False, False, False]",3,False,False
acos_train_00403,acos,train,zero ambiance to boot .,['AMBIENCE#GENERAL'],['Ambience'],['negative'],['ambiance'],[False],1,False,False
acos_train_00404,acos,train,i thought this place was totally overrated .,['RESTAURANT#GENERAL'],['General'],['negative'],['place'],[False],1,False,False
acos_train_00405,acos,train,everything we had was good or ok . . . . but definitely nothing great .,['FOOD#QUALITY'],['Food'],['neutral'],[None],[True],1,True,False
acos_train_00406,acos,train,"the ambience was nice , but service was n ' t so great .","['AMBIENCE#GENERAL', 'SERVICE#GENERAL']","['Ambience', 'Service']","['positive', 'negative']","['ambience', 'service']","[False, False]",2,False,True
acos_train_00407,acos,train,"when you add it all together , it just does n ' t seem worth it to me . . . especially considering the prices .","['RESTAURANT#GENERAL', 'RESTAURANT#PRICES']","['General', 'Price']","['negative', 'negative']","[None, None]","[True, True]",2,True,False
acos_train_00408,acos,train,this is the best shabu - shabu restaurant in the try - state area .,['RESTAURANT#GENERAL'],['General'],['positive'],['shabu - shabu restaurant'],[False],1,False,False
acos_train_00409,acos,train,thius is a must for anyone who loves shabu - shabu .,['FOOD#QUALITY'],['Food'],['positive'],['shabu - shabu'],[False],1,False,False
acos_train_00410,acos,train,"the atmosphere is nothing special , but it feels like a sushi establishment in tokyo .",['AMBIENCE#GENERAL'],['Ambience'],['positive'],['atmosphere'],[False],1,False,False
acos_train_00411,acos,train,the owner and staff are all japanese as well and that adds to the entire ambiance .,"['RESTAURANT#MISCELLANEOUS', 'RESTAURANT#MISCELLANEOUS', 'AMBIENCE#GENERAL']","['General', 'General', 'Ambience']","['positive', 'positive', 'positive']","['owner', 'staff', 'ambiance']","[False, False, False]",3,False,False
acos_train_00412,acos,train,"despite a slightly limited menu , everything prepared is done to perfection , ultra fresh and a work of food art .","['FOOD#STYLE_OPTIONS', 'FOOD#QUALITY', 'FOOD#STYLE_OPTIONS']","['Food', 'Food', 'Food']","['negative', 'positive', 'positive']","['menu', None, None]","[False, True, True]",3,True,True
acos_train_00413,acos,train,i must give it yon out of yon stars !,['RESTAURANT#GENERAL'],['General'],['positive'],[None],[True],1,True,False
acos_train_00414,acos,train,taxan delicious !,['FOOD#QUALITY'],['Food'],['positive'],['taxan'],[False],1,False,False
acos_train_00415,acos,train,"this restaurant was recommended by a local . . . as a matter of fact , he made the reservation for us and said we would not be disappointed !",['RESTAURANT#GENERAL'],['General'],['positive'],[None],[True],1,True,False
acos_train_00416,acos,train,we were n ' t !,['RESTAURANT#GENERAL'],['General'],['positive'],[None],[True],1,True,False
acos_train_00417,acos,train,the prices were cheap compared to the quality of service and food .,"['SERVICE#GENERAL', 'FOOD#QUALITY', 'RESTAURANT#PRICES']","['Service', 'Food', 'Price']","['positive', 'positive', 'positive']","['service', 'food', None]","[False, False, True]",3,True,False
acos_train_00418,acos,train,"we liked it so much , that we will always make it a point to dine here when we visit new york .",['RESTAURANT#GENERAL'],['General'],['positive'],[None],[True],1,True,False
acos_train_00419,acos,train,the location and ambience is ok but the food is what makes up for it .,"['LOCATION#GENERAL', 'AMBIENCE#GENERAL', 'FOOD#QUALITY']","['General', 'Ambience', 'Food']","['neutral', 'neutral', 'positive']","['location', 'ambience', 'food']","[False, False, False]",3,False,True
acos_train_00420,acos,train,there is a lot of variety even for people who eat vegetarian like me .,['FOOD#STYLE_OPTIONS'],['Food'],['positive'],[None],[True],1,True,False
acos_train_00421,acos,train,try green curry with vegetables .,['FOOD#QUALITY'],['Food'],['positive'],['green curry with vegetables'],[False],1,False,False
acos_train_00422,acos,train,"the quantity is also very good , you will come out satisfied .","['FOOD#STYLE_OPTIONS', 'FOOD#STYLE_OPTIONS']","['Food', 'Food']","['positive', 'positive']","['quantity', 'quantity']","[False, False]",2,False,False
acos_train_00423,acos,train,"the service is ok , some of the people did n ' t get what they asked for .",['SERVICE#GENERAL'],['Service'],['neutral'],['service'],[False],1,False,False
acos_train_00424,acos,train,i was there on sat . for my birthday and we had an excellent time .,['RESTAURANT#GENERAL'],['General'],['positive'],[None],[True],1,True,False
acos_train_00425,acos,train,i had the best ravioli ever .,['FOOD#QUALITY'],['Food'],['positive'],['ravioli'],[False],1,False,False
acos_train_00426,acos,train,the wine the service was very good too .,"['DRINKS#QUALITY', 'SERVICE#GENERAL']","['Food', 'Service']","['positive', 'positive']","['wine', 'service']","[False, False]",2,False,False
acos_train_00427,acos,train,moderate prices .,['RESTAURANT#PRICES'],['Price'],['neutral'],[None],[True],1,True,False
acos_train_00428,acos,train,a little noise but i think that was because of our party !,['AMBIENCE#GENERAL'],['Ambience'],['neutral'],[None],[True],1,True,False
acos_train_00429,acos,train,this quaint and romantic trattoria is at the top of my manhattan restaurant list .,"['AMBIENCE#GENERAL', 'RESTAURANT#GENERAL']","['Ambience', 'General']","['positive', 'positive']","['trattoria', 'trattoria']","[False, False]",2,False,False
acos_train_00430,acos,train,"the food is delicious - from the specials to the regular menu - fare , the dishes are never a disappointment .","['FOOD#QUALITY', 'FOOD#QUALITY', 'FOOD#QUALITY', 'FOOD#QUALITY']","['Food', 'Food', 'Food', 'Food']","['positive', 'positive', 'positive', 'positive']","['food', 'specials', 'regular menu - fare', 'dishes']","[False, False, False, False]",4,False,False
acos_train_00431,acos,train,"whether it ' s the parmesean porcini souffle or the lamb glazed with balsamic vinegar , you will surely be transported to northern italy with one bite .","['FOOD#QUALITY', 'FOOD#QUALITY']","['Food', 'Food']","['positive', 'positive']","['parmesean porcini souffle', 'lamb glazed with balsamic vinegar']","[False, False]",2,False,False
acos_train_00432,acos,train,"although the tables may be closely situated , the candle - light , food - quality and service overcompensate .","['AMBIENCE#GENERAL', 'AMBIENCE#GENERAL', 'FOOD#QUALITY', 'SERVICE#GENERAL']","['Ambience', 'Ambience', 'Food', 'Service']","['negative', 'positive', 'positive', 'positive']","['tables', 'candle - light', 'food', 'service']","[False, False, False, False]",4,False,True
acos_train_00433,acos,train,a guaranteeed delight !,['RESTAURANT#GENERAL'],['General'],['positive'],[None],[True],1,True,False
acos_train_00434,acos,train,"i have known about this secret for the last 13 years , emilio ( the godfather ) has continued to serve food and wine for the gods at mortal prices .","['FOOD#QUALITY', 'FOOD#PRICES', 'DRINKS#QUALITY', 'DRINKS#PRICES']","['Food', 'Price', 'Food', 'Price']","['positive', 'positive', 'positive', 'positive']","['food', 'food', 'wine', 'wine']","[False, False, False, False]",4,False,False
acos_train_00435,acos,train,"if you go , try the marinara / arrabiatta sauce , the mozzarella en carozza is mmmmmmmm . . . . . everything is just delicious .","['FOOD#QUALITY', 'FOOD#QUALITY', 'FOOD#QUALITY']","['Food', 'Food', 'Food']","['positive', 'positive', 'positive']","['marinara / arrabiatta sauce', 'marinara / arrabiatta sauce', None]","[False, False, True]",3,True,False
acos_train_00436,acos,train,i pray it stays open forever .,['RESTAURANT#GENERAL'],['General'],['positive'],[None],[True],1,True,False
acos_train_00437,acos,train,"i found the food , service and value exceptional everytime i have been there .","['FOOD#QUALITY', 'SERVICE#GENERAL', 'RESTAURANT#PRICES']","['Food', 'Service', 'Price']","['positive', 'positive', 'positive']","['food', 'service', None]","[False, False, True]",3,True,False
acos_train_00438,acos,train,i felt as though i were eating in paris .,['FOOD#QUALITY'],['Food'],['positive'],[None],[True],1,True,False
acos_train_00439,acos,train,the service was excellent - friendly and attentive .,"['SERVICE#GENERAL', 'SERVICE#GENERAL', 'SERVICE#GENERAL']","['Service', 'Service', 'Service']","['positive', 'positive', 'positive']","['service', 'service', 'service']","[False, False, False]",3,False,False
acos_train_00440,acos,train,the prices are wonderfully low .,['RESTAURANT#PRICES'],['Price'],['positive'],[None],[True],1,True,False
acos_train_00441,acos,train,very good wine choices .,['DRINKS#STYLE_OPTIONS'],['Food'],['positive'],['wine choices'],[False],1,False,False
acos_train_00442,acos,train,who has room for cheesesticks with the best pizza in nyc !,['FOOD#QUALITY'],['Food'],['positive'],['pizza'],[False],1,False,False
acos_train_00443,acos,train,get the pepperoni - yum - and a family style salad .,"['FOOD#QUALITY', 'FOOD#QUALITY']","['Food', 'Food']","['positive', 'positive']","['pepperoni', 'family style salad']","[False, False]",2,False,False
acos_train_00444,acos,train,great staff .,['SERVICE#GENERAL'],['Service'],['positive'],['staff'],[False],1,False,False
acos_train_00445,acos,train,always great service !,['SERVICE#GENERAL'],['Service'],['positive'],['service'],[False],1,False,False
acos_train_00446,acos,train,i go twice a month !,['RESTAURANT#GENERAL'],['General'],['positive'],[None],[True],1,True,False
acos_train_00447,acos,train,"the food is good , i ca n ' t lie .",['FOOD#QUALITY'],['Food'],['positive'],['food'],[False],1,False,False
acos_train_00448,acos,train,the hostess and the waitress were incredibly rude and did everything they could to rush us out .,"['SERVICE#GENERAL', 'SERVICE#GENERAL']","['Service', 'Service']","['negative', 'negative']","['hostess', 'waitress']","[False, False]",2,False,False
acos_train_00449,acos,train,we were planning to get dessert but the waitress basically through the bill at us before we had a chance to order .,['SERVICE#GENERAL'],['Service'],['negative'],['waitress'],[False],1,False,False
acos_train_00450,acos,train,"this place is pricey , and yes , the food is worth it ; but the service makes you feel like you should be paying a quater of the price .","['RESTAURANT#PRICES', 'FOOD#QUALITY', 'SERVICE#GENERAL']","['Price', 'Food', 'Service']","['negative', 'positive', 'negative']","['place', 'the', 'the']","[False, False, False]",3,False,True
acos_train_00451,acos,train,save yourself the time and trouble and skip this one !,['RESTAURANT#GENERAL'],['General'],['negative'],[None],[True],1,True,False
acos_train_00452,acos,train,amma is nothing special .,['RESTAURANT#GENERAL'],['General'],['neutral'],['amma'],[False],1,False,False
acos_train_00453,acos,train,i ate here a week ago and found most dishes average at best and too expensive .,"['FOOD#QUALITY', 'FOOD#PRICES']","['Food', 'Price']","['negative', 'negative']","['dishes', 'dishes']","[False, False]",2,False,False
acos_train_00454,acos,train,will not be back .,['RESTAURANT#GENERAL'],['General'],['negative'],[None],[True],1,True,False
acos_train_00455,acos,train,"do n ' t dine at tamarind for the vegetarian dishes , they are simply not up to par with the non - veg selections .","['FOOD#QUALITY', 'FOOD#QUALITY']","['Food', 'Food']","['negative', 'positive']","['vegetarian dishes', 'non - veg selections']","[False, False]",2,False,True
acos_train_00456,acos,train,this place is always packed .,['AMBIENCE#GENERAL'],['Ambience'],['neutral'],['place'],[False],1,False,False
acos_train_00457,acos,train,"most importantly , food is excellent .",['FOOD#QUALITY'],['Food'],['positive'],['food'],[False],1,False,False
acos_train_00458,acos,train,try the sea bass .,['FOOD#QUALITY'],['Food'],['positive'],['sea bass'],[False],1,False,False
acos_train_00459,acos,train,highly recommended .,['RESTAURANT#GENERAL'],['General'],['positive'],[None],[True],1,True,False
acos_train_00460,acos,train,first of all dal bukhara rocks .,['FOOD#QUALITY'],['Food'],['positive'],['dal bukhara rocks .'],[False],1,False,False
acos_train_00461,acos,train,i am happy i did the food was awsome .,['FOOD#QUALITY'],['Food'],['positive'],['food'],[False],1,False,False
acos_train_00462,acos,train,and yes dal bukhara is so dam good and so are all the kababs .,"['FOOD#QUALITY', 'FOOD#QUALITY']","['Food', 'Food']","['positive', 'positive']","['kababs', 'dal bukhara']","[False, False]",2,False,False
acos_train_00463,acos,train,but overall i give it a 10,['RESTAURANT#GENERAL'],['General'],['positive'],[None],[True],1,True,False
acos_train_00464,acos,train,10,['RESTAURANT#GENERAL'],['General'],['positive'],[None],[True],1,True,False
acos_train_00465,acos,train,haru on park s is simply disgusting .,['RESTAURANT#GENERAL'],['General'],['negative'],['haru on park s'],[False],1,False,False
acos_train_00466,acos,train,the fish was not fresh and the rice tasted old and stale .,"['FOOD#QUALITY', 'FOOD#QUALITY', 'FOOD#QUALITY']","['Food', 'Food', 'Food']","['negative', 'negative', 'negative']","['fish', 'rice', 'rice']","[False, False, False]",3,False,False
acos_train_00467,acos,train,"quite frankly , this is some of the worst sushi i have ever tried .",['FOOD#QUALITY'],['Food'],['negative'],['sushi'],[False],1,False,False
acos_train_00468,acos,train,will never be back .,['RESTAURANT#GENERAL'],['General'],['negative'],[None],[True],1,True,False
acos_train_00469,acos,train,honestly the worst sushi my husband and i had in our entire lives .,['FOOD#QUALITY'],['Food'],['negative'],['sushi'],[False],1,False,False
acos_train_00470,acos,train,not sure why this restaurant would be rated that highly .,['RESTAURANT#GENERAL'],['General'],['negative'],['restaurant'],[False],1,False,False
acos_train_00471,acos,train,the all - u - can - eat sushi is definitely in very poor quality .,['FOOD#QUALITY'],['Food'],['negative'],['all - u - can - eat sushi'],[False],1,False,False
acos_train_00472,acos,train,wont come back again for sure !,['RESTAURANT#GENERAL'],['General'],['negative'],[None],[True],1,True,False
acos_train_00473,acos,train,"the only things u could really taste are the very salty soy sauce ( even its low sodium ) , the vinegar - soaked rice , and the scallion on top of the fish .","['FOOD#QUALITY', 'FOOD#QUALITY']","['Food', 'Food']","['negative', 'negative']","['soy sauce', 'rice']","[False, False]",2,False,False
acos_train_00474,acos,train,the waitstaffs are nice though .,['SERVICE#GENERAL'],['Service'],['positive'],['waitstaffs'],[False],1,False,False
acos_train_00475,acos,train,i have been to roth ' s twice and both times were very disappointing .,['RESTAURANT#GENERAL'],['General'],['negative'],"[""roth ' s""]",[False],1,False,False
acos_train_00476,acos,train,"both times i was extremely dissappointed by the service , which was boarderline rude .","['SERVICE#GENERAL', 'SERVICE#GENERAL']","['Service', 'Service']","['negative', 'negative']","['service', 'service']","[False, False]",2,False,False
acos_train_00477,acos,train,they wouldnt even let me finish my glass of wine before offering another .,['SERVICE#GENERAL'],['Service'],['negative'],[None],[True],1,True,False
acos_train_00478,acos,train,much of the time it seems like they do not care about you .,['SERVICE#GENERAL'],['Service'],['negative'],[None],[True],1,True,False
acos_train_00479,acos,train,"the dinner was ok , nothing i would have again .",['FOOD#QUALITY'],['Food'],['negative'],['dinner'],[False],1,False,False
acos_train_00480,acos,train,this was a great surprise .,['RESTAURANT#GENERAL'],['General'],['positive'],[None],[True],1,True,False
acos_train_00481,acos,train,i look forward to eating here again,['RESTAURANT#GENERAL'],['General'],['positive'],[None],[True],1,True,False
acos_train_00482,acos,train,planet thai is great !,['RESTAURANT#GENERAL'],['General'],['positive'],['planet thai'],[False],1,False,False
acos_train_00483,acos,train,"we love the food , drinks , and atmosphere !","['FOOD#QUALITY', 'DRINKS#QUALITY', 'AMBIENCE#GENERAL']","['Food', 'Food', 'Ambience']","['positive', 'positive', 'positive']","['food', 'drinks', 'atmosphere']","[False, False, False]",3,False,False
acos_train_00484,acos,train,"the svc can be a bit rude at times , esp if you have big group , but overall the restaurant is a must !","['SERVICE#GENERAL', 'RESTAURANT#GENERAL']","['Service', 'General']","['negative', 'positive']","['svc', 'restaurant']","[False, False]",2,False,True
acos_train_00485,acos,train,"try the pad thai , it ' s fabulous and their prices are so cheap !","['FOOD#QUALITY', 'FOOD#QUALITY', 'FOOD#QUALITY', 'RESTAURANT#PRICES']","['Food', 'Food', 'Food', 'Price']","['positive', 'positive', 'positive', 'positive']","['pad thai', 'pad thai', 'pad thai', None]","[False, False, False, True]",4,True,False
acos_train_00486,acos,train,"just because it ' s cheap does not mean the portions are small or the food is nasty , it is great !","['FOOD#STYLE_OPTIONS', 'FOOD#QUALITY', 'RESTAURANT#PRICES']","['Food', 'Food', 'Price']","['positive', 'positive', 'positive']","['portions', 'food', None]","[False, False, True]",3,True,False
acos_train_00487,acos,train,"they forgot a sandwich , did n ' t include plastic forks , and did n ' t include pita with the hummus platter .",['SERVICE#GENERAL'],['Service'],['negative'],[None],[True],1,True,False
acos_train_00488,acos,train,"also , the sandwiches ( nearing $ 7 ) did n ' t come with anything like chips or a side .","['FOOD#STYLE_OPTIONS', 'FOOD#PRICES']","['Food', 'Price']","['positive', 'positive']","['sandwiches', 'sandwiches']","[False, False]",2,False,False
acos_train_00489,acos,train,"overall , not worth the money .","['RESTAURANT#GENERAL', 'RESTAURANT#PRICES']","['General', 'Price']","['negative', 'negative']","[None, None]","[True, True]",2,True,False
acos_train_00490,acos,train,"eating in , the atmosphere saves it , but at your desk , it ' s a very disappointing experience .","['AMBIENCE#GENERAL', 'RESTAURANT#GENERAL']","['Ambience', 'General']","['positive', 'negative']","['atmosphere', None]","[False, True]",2,True,True
acos_train_00491,acos,train,chennai garden is my favorite indian restaurant in the city .,['RESTAURANT#GENERAL'],['General'],['positive'],['chennai garden'],[False],1,False,False
acos_train_00492,acos,train,they have authentic indian at amazing prices .,"['FOOD#QUALITY', 'FOOD#PRICES']","['Food', 'Price']","['positive', 'positive']","['indian', None]","[False, True]",2,True,False
acos_train_00493,acos,train,this restaurant is vegetarian ; there are no meat dishes whatsoever .,['FOOD#STYLE_OPTIONS'],['Food'],['negative'],['meat dishes'],[False],1,False,False
acos_train_00494,acos,train,the seats are uncomfortable if you are sitting against the wall on wooden benches .,['AMBIENCE#GENERAL'],['Ambience'],['negative'],['seats'],[False],1,False,False
acos_train_00495,acos,train,it ' s a rather cramped and busy restaurant and it closes early .,"['RESTAURANT#MISCELLANEOUS', 'AMBIENCE#GENERAL']","['General', 'Ambience']","['negative', 'negative']","['restaurant', 'restaurant']","[False, False]",2,False,False
acos_train_00496,acos,train,the food is tasty and portion sizes are appropriate .,"['FOOD#QUALITY', 'FOOD#STYLE_OPTIONS']","['Food', 'Food']","['positive', 'positive']","['food', 'portion sizes']","[False, False]",2,False,False
acos_train_00497,acos,train,this is a nice restaurant if you are looking for a good place to host an intimate dinner meeting with business associates .,['RESTAURANT#MISCELLANEOUS'],['General'],['positive'],['restaurant'],[False],1,False,False
acos_train_00498,acos,train,not a great place for family or general dining .,['RESTAURANT#MISCELLANEOUS'],['General'],['negative'],['place'],[False],1,False,False
acos_train_00499,acos,train,food is excellent .,['FOOD#QUALITY'],['Food'],['positive'],['food'],[False],1,False,False
acos_train_00500,acos,train,fish is so very fresh .,['FOOD#QUALITY'],['Food'],['positive'],['fish'],[False],1,False,False
acos_train_00501,acos,train,waitstaff are very friendly .,['SERVICE#GENERAL'],['Service'],['positive'],['waitstaff'],[False],1,False,False
acos_train_00502,acos,train,love yuka .,['RESTAURANT#GENERAL'],['General'],['positive'],['yuka'],[False],1,False,False
acos_train_00503,acos,train,mermaid inn is an overall good restaurant with really good seafood .,"['FOOD#QUALITY', 'RESTAURANT#GENERAL']","['Food', 'General']","['positive', 'positive']","['seafood', 'mermaid inn']","[False, False]",2,False,False
acos_train_00504,acos,train,the lobster sandwich is good and the spaghetti with scallops and shrimp is great .,"['FOOD#QUALITY', 'FOOD#QUALITY']","['Food', 'Food']","['positive', 'positive']","['lobster sandwich', 'spaghetti with scallops and shrimp']","[False, False]",2,False,False
acos_train_00505,acos,train,the service is good and ambience is good for a date or group outing .,"['SERVICE#GENERAL', 'AMBIENCE#GENERAL']","['Service', 'Ambience']","['positive', 'positive']","['service', 'ambience']","[False, False]",2,False,False
acos_train_00506,acos,train,the only fallback on this restaurant is the prices .,['RESTAURANT#PRICES'],['Price'],['negative'],['restaurant'],[False],1,False,False
acos_train_00507,acos,train,"even though its good seafood , the prices are too high .","['FOOD#QUALITY', 'RESTAURANT#PRICES']","['Food', 'Price']","['positive', 'negative']","['seafood', None]","[False, True]",2,True,True
acos_train_00508,acos,train,the lobster sandwich is $ 24 and although it was good it was not nearly enough to warrant that price .,"['FOOD#QUALITY', 'FOOD#PRICES']","['Food', 'Price']","['positive', 'negative']","['lobster sandwich', 'lobster sandwich']","[False, False]",2,False,True
acos_train_00509,acos,train,we were very pleasantly surprised .,['RESTAURANT#GENERAL'],['General'],['positive'],[None],[True],1,True,False
acos_train_00510,acos,train,"the food was delicious ( i had a halibut special , my husband had steak ) , and the service was top - notch .","['FOOD#QUALITY', 'FOOD#QUALITY', 'FOOD#QUALITY', 'SERVICE#GENERAL']","['Food', 'Food', 'Food', 'Service']","['positive', 'positive', 'positive', 'positive']","['food', 'halibut special', 'steak', 'service']","[False, False, False, False]",4,False,False
acos_train_00511,acos,train,"when my dessert came , there was a candle in it - not because anyone asked for one - but because the waiter must have seen me opening my birthday card and gift , and said he knew it was a special occassion of some sort .",['SERVICE#GENERAL'],['Service'],['positive'],['waiter'],[False],1,False,False
acos_train_00512,acos,train,truly the mark of an attentive waiter .,['SERVICE#GENERAL'],['Service'],['positive'],['waiter'],[False],1,False,False
acos_train_00513,acos,train,i highly recommend the restaurant based on our experience last night .,['RESTAURANT#GENERAL'],['General'],['positive'],['restaurant'],[False],1,False,False
acos_train_00514,acos,train,we ate at this thai place following the reviews but very unhappy with the foods .,['FOOD#QUALITY'],['Food'],['negative'],['foods'],[False],1,False,False
acos_train_00515,acos,train,we thought that this place is using too much of msg cooking in the foods .,['FOOD#QUALITY'],['Food'],['negative'],['foods'],[False],1,False,False
acos_train_00516,acos,train,"they do n ' t concern much of customer ' s health , just want to make money .",['RESTAURANT#MISCELLANEOUS'],['General'],['negative'],[None],[True],1,True,False
acos_train_00517,acos,train,please do n ' t fool us .,['RESTAURANT#MISCELLANEOUS'],['General'],['negative'],[None],[True],1,True,False
acos_train_00518,acos,train,"i recommend the jelly fish , drunken chicken and the soupy dumplings , certainly the stir fry blue crab .","['FOOD#QUALITY', 'FOOD#QUALITY', 'FOOD#QUALITY', 'FOOD#QUALITY']","['Food', 'Food', 'Food', 'Food']","['positive', 'positive', 'positive', 'positive']","['jelly fish', 'drunken chicken', 'soupy dumplings', 'stir fry blue crab']","[False, False, False, False]",4,False,False
acos_train_00519,acos,train,the food is so cheap and the waiters are nice .,"['FOOD#PRICES', 'SERVICE#GENERAL']","['Price', 'Service']","['positive', 'positive']","['food', 'waiters']","[False, False]",2,False,False
acos_train_00520,acos,train,"of course , it is crowded but who cares .",['AMBIENCE#GENERAL'],['Ambience'],['neutral'],[None],[True],1,True,False
acos_train_00521,acos,train,authentic shanghai style and i can not recommend a better shanghai place in new york .,['RESTAURANT#MISCELLANEOUS'],['General'],['positive'],[None],[True],1,True,False
acos_train_00522,acos,train,have frequented ' ino for several years and the food remains excellent .,['FOOD#QUALITY'],['Food'],['positive'],['food'],[False],1,False,False
acos_train_00523,acos,train,cheese plate is a varied delight and great bargain at $ 10 .,"['FOOD#QUALITY', 'FOOD#STYLE_OPTIONS', 'FOOD#PRICES']","['Food', 'Food', 'Price']","['positive', 'positive', 'positive']","['cheese plate', 'cheese plate', 'cheese plate']","[False, False, False]",3,False,False
acos_train_00524,acos,train,"the large selection of bruschettas , paninis , tramezzinis keep the palate from stagnating .","['FOOD#STYLE_OPTIONS', 'FOOD#STYLE_OPTIONS', 'FOOD#STYLE_OPTIONS']","['Food', 'Food', 'Food']","['positive', 'positive', 'positive']","['bruschettas', 'paninis', 'tramezzinis']","[False, False, False]",3,False,False
acos_train_00525,acos,train,"( the asparagus , truffle oil , parmesan bruschetta is a winner ! )","['FOOD#QUALITY', 'FOOD#QUALITY', 'FOOD#QUALITY']","['Food', 'Food', 'Food']","['positive', 'positive', 'positive']","['asparagus', 'truffle oil', 'parmesan bruschetta']","[False, False, False]",3,False,False
acos_train_00526,acos,train,"be sure to try the seasonal , and always delicious , specials .","['FOOD#QUALITY', 'FOOD#QUALITY', 'FOOD#QUALITY']","['Food', 'Food', 'Food']","['positive', 'positive', 'positive']","['specials', 'specials', 'specials']","[False, False, False]",3,False,False
acos_train_00527,acos,train,definitely a neighborhood favorite .,['RESTAURANT#GENERAL'],['General'],['positive'],[None],[True],1,True,False
acos_train_00528,acos,train,i loved this place ! !,['RESTAURANT#GENERAL'],['General'],['positive'],['place'],[False],1,False,False
acos_train_00529,acos,train,i almost hesititate to write a review because the atmosphere was so great and i would hate for it too become to crowded .,['AMBIENCE#GENERAL'],['Ambience'],['positive'],['atmosphere'],[False],1,False,False
acos_train_00530,acos,train,"i like cafe noir dont get me wrong , it is jsut that the people who work there are evil and incompetent ! !","['SERVICE#GENERAL', 'SERVICE#GENERAL', 'RESTAURANT#GENERAL']","['Service', 'Service', 'General']","['negative', 'negative', 'positive']","['people', 'people', 'cafe noir']","[False, False, False]",3,False,True
acos_train_00531,acos,train,"the service was terrible , we had to wait for everything and ask several of different people for the same thing before we were allowed to be served .",['SERVICE#GENERAL'],['Service'],['negative'],['service'],[False],1,False,False
acos_train_00532,acos,train,"the waitress , seems to be more concerned of looking good than actually waitressing .",['SERVICE#GENERAL'],['Service'],['negative'],['waitress'],[False],1,False,False
acos_train_00533,acos,train,"after dinner the manager grabbed my boyfriend , asked him : where are you from . . . maybe you dont know how things work in america . . . and in the end stormed away almost teareyed yelling that tips are the only thing they survive on .",['SERVICE#GENERAL'],['Service'],['negative'],['manager'],[False],1,False,False
acos_train_00534,acos,train,"we did tip , i guess the model / waitress just wanted more and complained to the manager .",['SERVICE#GENERAL'],['Service'],['negative'],['waitress'],[False],1,False,False
acos_train_00535,acos,train,pizza here is consistently good .,['FOOD#QUALITY'],['Food'],['positive'],['pizza'],[False],1,False,False
acos_train_00536,acos,train,salads are a delicious way to begin the meal .,['FOOD#QUALITY'],['Food'],['positive'],['salads'],[False],1,False,False
acos_train_00537,acos,train,it is thick and slightly soggy .,"['FOOD#QUALITY', 'FOOD#QUALITY']","['Food', 'Food']","['negative', 'negative']","[None, None]","[True, True]",2,True,False
acos_train_00538,acos,train,decor is charming .,['AMBIENCE#GENERAL'],['Ambience'],['positive'],['decor'],[False],1,False,False
acos_train_00539,acos,train,service is average .,['SERVICE#GENERAL'],['Service'],['neutral'],['service'],[False],1,False,False
acos_train_00540,acos,train,what a great place .,['RESTAURANT#GENERAL'],['General'],['positive'],['place'],[False],1,False,False
acos_train_00541,acos,train,"the ambience was so fun , and the prices were great , on top of the fact that the food was really tasty .","['AMBIENCE#GENERAL', 'FOOD#QUALITY', 'RESTAURANT#PRICES']","['Ambience', 'Food', 'Price']","['positive', 'positive', 'positive']","['ambience', 'food', None]","[False, False, True]",3,True,False
acos_train_00542,acos,train,"i was n ' t thrilled to have to wait on line for thirty minutes , but i guess that ' s the price you pay for a popular place .",['SERVICE#GENERAL'],['Service'],['neutral'],[None],[True],1,True,False
acos_train_00543,acos,train,i would definitely recommend sea if you like thai cuisine !,['FOOD#QUALITY'],['Food'],['positive'],['thai cuisine'],[False],1,False,False
acos_train_00544,acos,train,i was here a few weeks back and we had the worst customer service experience at a restaurant ever .,['SERVICE#GENERAL'],['Service'],['negative'],['customer service'],[False],1,False,False
acos_train_00545,acos,train,"a gentleman , maybe the manager , came to our table , and without so much as a smile or greeting asked for our order .",['SERVICE#GENERAL'],['Service'],['negative'],['gentleman'],[False],1,False,False
acos_train_00546,acos,train,"while it is understandable that every place is indeed different , there was not a need to be uncourteous to customers and downright rude .","['SERVICE#GENERAL', 'SERVICE#GENERAL']","['Service', 'Service']","['negative', 'negative']","[None, None]","[True, True]",2,True,False
acos_train_00547,acos,train,never again !,['RESTAURANT#GENERAL'],['General'],['negative'],[None],[True],1,True,False
acos_train_00548,acos,train,i absolutely loved this place .,['RESTAURANT#GENERAL'],['General'],['positive'],['place'],[False],1,False,False
acos_train_00549,acos,train,"excellent atmosphere , delicious dishes good and friendly service .","['AMBIENCE#GENERAL', 'FOOD#QUALITY', 'SERVICE#GENERAL', 'SERVICE#GENERAL']","['Ambience', 'Food', 'Service', 'Service']","['positive', 'positive', 'positive', 'positive']","['atmosphere', 'dishes', 'service', 'service']","[False, False, False, False]",4,False,False
acos_train_00550,acos,train,this is can became on e of the ny italian food fare institutions .,['RESTAURANT#GENERAL'],['General'],['positive'],[None],[True],1,True,False
acos_train_00551,acos,train,i think that it is absolutely brilliant and well runned business operation .,"['RESTAURANT#GENERAL', 'RESTAURANT#GENERAL']","['General', 'General']","['positive', 'positive']","[None, None]","[True, True]",2,True,False
acos_train_00552,acos,train,the wine list is also really nice .,['DRINKS#STYLE_OPTIONS'],['Food'],['positive'],['wine list'],[False],1,False,False
acos_train_00553,acos,train,i have been to casimir over 5 times and i have always had a great time there .,['RESTAURANT#GENERAL'],['General'],['positive'],['casimir'],[False],1,False,False
acos_train_00554,acos,train,the food is great and reasonably priced .,"['FOOD#QUALITY', 'FOOD#PRICES']","['Food', 'Price']","['positive', 'positive']","['food', 'food']","[False, False]",2,False,False
acos_train_00555,acos,train,"i have tried to make reservations , but both times , the hostess did n ' t have my name .",['SERVICE#GENERAL'],['Service'],['negative'],['hostess'],[False],1,False,False
acos_train_00556,acos,train,"if the weather is nice , try to snag an outside table .",['AMBIENCE#GENERAL'],['Ambience'],['positive'],['outside table'],[False],1,False,False
acos_train_00557,acos,train,"the staff has been nice , but they seemed really stressed and the unisex bathroom needs to be cleaned more often .","['SERVICE#GENERAL', 'SERVICE#GENERAL', 'AMBIENCE#GENERAL']","['Service', 'Service', 'Ambience']","['positive', 'positive', 'negative']","['staff', 'staff', 'unisex bathroom']","[False, False, False]",3,False,True
acos_train_00558,acos,train,my boyfriend and i went there to celebrate my birthday the other night and all i can say is that it was magnificent .,['RESTAURANT#GENERAL'],['General'],['positive'],[None],[True],1,True,False
acos_train_00559,acos,train,"from the spectacular caviar to the hospitable waitstaff , i felt like royalty and enjoyed every second of it .","['FOOD#QUALITY', 'SERVICE#GENERAL']","['Food', 'Service']","['positive', 'positive']","['caviar', 'waitstaff']","[False, False]",2,False,False
acos_train_00560,acos,train,"considering we were the last patrons there and it was after the closing time , the waitstaff did not rush us at all and made us feel comfortable and relaxed .","['SERVICE#GENERAL', 'SERVICE#GENERAL']","['Service', 'Service']","['positive', 'positive']","['waitstaff', 'waitstaff']","[False, False]",2,False,False
acos_train_00561,acos,train,i highly recommend caviar russe to anyone who wants delicious top grade caviar and fantastic service .,"['FOOD#QUALITY', 'SERVICE#GENERAL']","['Food', 'Service']","['positive', 'positive']","['caviar', 'service']","[False, False]",2,False,False
acos_train_00562,acos,train,nice family owned traditional restaurant .,['RESTAURANT#GENERAL'],['General'],['positive'],['restaurant'],[False],1,False,False
acos_train_00563,acos,train,i was pleasantly surprised to find this gem in hoboken .,['RESTAURANT#GENERAL'],['General'],['positive'],[None],[True],1,True,False
acos_train_00564,acos,train,"i found the food to be outstanding , particulary the salmon dish i had .","['FOOD#QUALITY', 'FOOD#QUALITY']","['Food', 'Food']","['positive', 'positive']","['food', 'salmon dish']","[False, False]",2,False,False
acos_train_00565,acos,train,"i also ordered the change mojito , which was out of this world .",['DRINKS#QUALITY'],['Food'],['positive'],['change mojito'],[False],1,False,False
acos_train_00566,acos,train,"my friends settled for rice dishes , but we came back the following day to try the dim sum , which was good . . . not outstanding , but good .","['FOOD#QUALITY', 'FOOD#QUALITY', 'FOOD#QUALITY']","['Food', 'Food', 'Food']","['neutral', 'neutral', 'neutral']","['dim sum', 'dim sum', 'dim sum']","[False, False, False]",3,False,False
acos_train_00567,acos,train,"we ate out in the back patio , which is worth it as it ' s cool and the music is hear well there .","['AMBIENCE#GENERAL', 'AMBIENCE#GENERAL', 'AMBIENCE#GENERAL']","['Ambience', 'Ambience', 'Ambience']","['positive', 'positive', 'positive']","['back patio', 'back patio', 'music']","[False, False, False]",3,False,False
acos_train_00568,acos,train,"overall , excellent restaurant !",['RESTAURANT#GENERAL'],['General'],['positive'],['restaurant'],[False],1,False,False
acos_train_00569,acos,train,the food was good .,['FOOD#QUALITY'],['Food'],['positive'],['food'],[False],1,False,False
acos_train_00570,acos,train,the place was nice and calm .,"['AMBIENCE#GENERAL', 'AMBIENCE#GENERAL']","['Ambience', 'Ambience']","['positive', 'positive']","['place', 'place']","[False, False]",2,False,False
acos_train_00571,acos,train,but the service was a bit slow .,['SERVICE#GENERAL'],['Service'],['negative'],['service'],[False],1,False,False
acos_train_00572,acos,train,the buffet had a nice selection .,['FOOD#STYLE_OPTIONS'],['Food'],['positive'],['buffet'],[False],1,False,False
acos_train_00573,acos,train,the food was average or above including some surprising tasty dishes .,"['FOOD#QUALITY', 'FOOD#QUALITY', 'FOOD#QUALITY']","['Food', 'Food', 'Food']","['positive', 'positive', 'positive']","['food', 'dishes', 'dishes']","[False, False, False]",3,False,False
acos_train_00574,acos,train,service was also very good .,['SERVICE#GENERAL'],['Service'],['positive'],['service'],[False],1,False,False
acos_train_00575,acos,train,i would go back .,['RESTAURANT#GENERAL'],['General'],['positive'],[None],[True],1,True,False
acos_train_00576,acos,train,i got an excellent piece of cheesecake and we had several other nice pastries .,"['FOOD#QUALITY', 'FOOD#QUALITY']","['Food', 'Food']","['positive', 'positive']","['cheesecake', 'pastries']","[False, False]",2,False,False
acos_train_00577,acos,train,"i would recommend roxy ' s for that , but not for their food .","['FOOD#QUALITY', 'FOOD#QUALITY']","['Food', 'Food']","['negative', 'positive']","['food', None]","[False, True]",2,True,True
acos_train_00578,acos,train,my son and his girlfriend both wanted cheeseburgers and they were huge !,['FOOD#STYLE_OPTIONS'],['Food'],['neutral'],['cheeseburgers'],[False],1,False,False
acos_train_00579,acos,train,"but , they were too big for the bun .",['FOOD#STYLE_OPTIONS'],['Food'],['negative'],[None],[True],1,True,False
acos_train_00580,acos,train,"consequently , their burgers fell apart in their hands and made such a mess that they did ' nt feel like finishing them .",['FOOD#STYLE_OPTIONS'],['Food'],['negative'],['burgers'],[False],1,False,False
acos_train_00581,acos,train,also they were $ 15 each !,['FOOD#PRICES'],['Price'],['negative'],[None],[True],1,True,False
acos_train_00582,acos,train,i had a huge pastrami sandwich on a roll .,['FOOD#STYLE_OPTIONS'],['Food'],['neutral'],['pastrami sandwich on a roll'],[False],1,False,False
acos_train_00583,acos,train,it was $ 14 not really bad for a pound of pastrami - but it did n ' t have much taste - i ' ve had better for less elsewhere !,"['FOOD#PRICES', 'FOOD#QUALITY']","['Price', 'Food']","['neutral', 'negative']","[None, None]","[True, True]",2,True,True
acos_train_00584,acos,train,"this place is really trendi but they have forgotten about the most important part of a restaurant , the food .","['FOOD#QUALITY', 'AMBIENCE#GENERAL']","['Food', 'Ambience']","['negative', 'positive']","['food', 'place']","[False, False]",2,False,True
acos_train_00585,acos,train,"the last two times i ordered from here my food was soo spicy that i could barely eat it , and the spice took away from the flavor of the dish .","['FOOD#QUALITY', 'FOOD#QUALITY']","['Food', 'Food']","['negative', 'negative']","['food', 'spice']","[False, False]",2,False,False
acos_train_00586,acos,train,and the tom kha soup was pathetic .,['FOOD#QUALITY'],['Food'],['negative'],['tom kha soup'],[False],1,False,False
acos_train_00587,acos,train,if you want good authentic thai this place is not the place to go .,"['FOOD#QUALITY', 'FOOD#QUALITY']","['Food', 'Food']","['negative', 'negative']","['thai', 'thai']","[False, False]",2,False,False
acos_train_00588,acos,train,"we went here for lunch a couple of weeks ago on a saturday , and i was thoroughly impressed with the food .",['FOOD#QUALITY'],['Food'],['positive'],['food'],[False],1,False,False
acos_train_00589,acos,train,"the pesto pizza was excellent , thin - crust pizza with a nice amount of spicy italian cheese that i ' d never heard of before .","['FOOD#QUALITY', 'FOOD#QUALITY']","['Food', 'Food']","['positive', 'positive']","['pesto pizza', 'spicy italian cheese']","[False, False]",2,False,False
acos_train_00590,acos,train,"conveniently located too , being right on bedford ave .",['LOCATION#GENERAL'],['General'],['positive'],[None],[True],1,True,False
acos_train_00591,acos,train,"the back garden sitting area is very pleasant , where you can see their personal herb garden .",['AMBIENCE#GENERAL'],['Ambience'],['positive'],['back garden sitting area'],[False],1,False,False
acos_train_00592,acos,train,we had the lobster sandwich and it was fantastic .,['FOOD#QUALITY'],['Food'],['positive'],['lobster sandwich'],[False],1,False,False
acos_train_00593,acos,train,"my husband said he could ' ve eaten several more , the portion was fine for me he even exclaimed that the french fries were the best he has had .","['FOOD#STYLE_OPTIONS', 'FOOD#QUALITY', 'FOOD#STYLE_OPTIONS']","['Food', 'Food', 'Food']","['positive', 'positive', 'negative']","['portion', 'french fries', None]","[False, False, True]",3,True,True
acos_train_00594,acos,train,we had the scallops as an appetizer and they were delicious and the sauce was wonderful .,"['FOOD#QUALITY', 'FOOD#QUALITY']","['Food', 'Food']","['positive', 'positive']","['scallops', 'sauce']","[False, False]",2,False,False
acos_train_00595,acos,train,we waited at the bar and had martinis that were just right .,['DRINKS#QUALITY'],['Food'],['positive'],['martinis'],[False],1,False,False
acos_train_00596,acos,train,love the food .,['FOOD#QUALITY'],['Food'],['positive'],['food'],[False],1,False,False
acos_train_00597,acos,train,it ' s the only place you can get yummy authentic japanese comfort food .,"['FOOD#QUALITY', 'FOOD#QUALITY']","['Food', 'Food']","['positive', 'positive']","['japanese comfort food', 'japanese comfort food']","[False, False]",2,False,False
acos_train_00598,acos,train,and you ca n ' t beat the prices .,['RESTAURANT#PRICES'],['Price'],['positive'],[None],[True],1,True,False
acos_train_00599,acos,train,i ' ve lived in ny for 5 years and this place has it all .,['RESTAURANT#GENERAL'],['General'],['positive'],['place'],[False],1,False,False
acos_train_00600,acos,train,"great food , good size menu , great service and an unpretensious setting .","['FOOD#QUALITY', 'FOOD#STYLE_OPTIONS', 'SERVICE#GENERAL', 'AMBIENCE#GENERAL']","['Food', 'Food', 'Service', 'Ambience']","['positive', 'positive', 'positive', 'positive']","['food', 'menu', 'service', 'setting']","[False, False, False, False]",4,False,False
acos_train_00601,acos,train,"the dishes offered were unique , very tasty and fresh from the lamb sausages , sardines with biscuits , large whole shrimp to the amazing pistachio ice cream ( the best and freshest i ' ve ever had ) .","['FOOD#QUALITY', 'FOOD#QUALITY', 'FOOD#QUALITY', 'FOOD#QUALITY', 'FOOD#QUALITY', 'FOOD#QUALITY', 'FOOD#QUALITY']","['Food', 'Food', 'Food', 'Food', 'Food', 'Food', 'Food']","['positive', 'positive', 'positive', 'positive', 'positive', 'positive', 'positive']","['dishes', 'dishes', 'dishes', 'lamb sausages', 'sardines with biscuits', 'large whole shrimp', 'pistachio ice cream']","[False, False, False, False, False, False, False]",7,False,False
acos_train_00602,acos,train,i ' m glad i was introduced to this place and this is a rare gem in ny .,['RESTAURANT#GENERAL'],['General'],['positive'],['place'],[False],1,False,False
acos_train_00603,acos,train,"the freshest , best variety , and the fastest delivery .","['SERVICE#GENERAL', 'FOOD#QUALITY', 'FOOD#STYLE_OPTIONS']","['Service', 'Food', 'Food']","['positive', 'positive', 'positive']","['delivery', None, None]","[False, True, True]",3,True,False
acos_train_00604,acos,train,also very inexpensive .,['RESTAURANT#PRICES'],['Price'],['positive'],[None],[True],1,True,False
acos_train_00605,acos,train,the service was excellent and the food was delicious .,"['SERVICE#GENERAL', 'FOOD#QUALITY']","['Service', 'Food']","['positive', 'positive']","['service', 'food']","[False, False]",2,False,False
acos_train_00606,acos,train,"we are very particular about sushi and were both please with every choice which included : ceviche mix ( special ) , crab dumplings , assorted sashimi , sushi and rolls , two types of sake , and the banana tempura .","['FOOD#QUALITY', 'FOOD#QUALITY', 'FOOD#QUALITY', 'FOOD#QUALITY', 'FOOD#QUALITY', 'FOOD#QUALITY', 'FOOD#QUALITY', 'FOOD#QUALITY']","['Food', 'Food', 'Food', 'Food', 'Food', 'Food', 'Food', 'Food']","['positive', 'positive', 'positive', 'positive', 'positive', 'positive', 'positive', 'positive']","['sushi', 'ceviche mix ( special )', 'crab dumplings', 'assorted sashimi', 'sushi', 'rolls', 'two types of sake', 'banana tempura']","[False, False, False, False, False, False, False, False]",8,False,False
acos_train_00607,acos,train,definitely a great spot for a nice occasion or date .,['RESTAURANT#MISCELLANEOUS'],['General'],['positive'],['spot'],[False],1,False,False
acos_train_00608,acos,train,"average to good thai food , but terrible delivery .","['FOOD#QUALITY', 'SERVICE#GENERAL']","['Food', 'Service']","['positive', 'negative']","['thai food', 'delivery']","[False, False]",2,False,True
acos_train_00609,acos,train,i ' ve waited over one hour for food .,['SERVICE#GENERAL'],['Service'],['negative'],[None],[True],1,True,False
acos_train_00610,acos,train,they were very abrupt with me when i called and actually claimed the food was late because they were out of rice .,['SERVICE#GENERAL'],['Service'],['negative'],[None],[True],1,True,False
acos_train_00611,acos,train,a thai restaurant out of rice during dinner ?,['RESTAURANT#MISCELLANEOUS'],['General'],['positive'],['thai restaurant'],[False],1,False,False
acos_train_00612,acos,train,"the food arrived 20 minutes after i called , cold and soggy .","['FOOD#QUALITY', 'FOOD#QUALITY', 'SERVICE#GENERAL']","['Food', 'Food', 'Service']","['negative', 'negative', 'negative']","['food', 'food', None]","[False, False, True]",3,True,False
acos_train_00613,acos,train,this is a wonderful place on all stand points especially value ofr money .,"['RESTAURANT#PRICES', 'RESTAURANT#GENERAL']","['Price', 'General']","['positive', 'positive']","['place', 'place']","[False, False]",2,False,False
acos_train_00614,acos,train,an excellent service,['SERVICE#GENERAL'],['Service'],['positive'],['service'],[False],1,False,False
acos_train_00615,acos,train,we were greeted promptly by the waiter who was very nice and cordial .,"['SERVICE#GENERAL', 'SERVICE#GENERAL', 'SERVICE#GENERAL']","['Service', 'Service', 'Service']","['positive', 'positive', 'positive']","['waiter', 'waiter', None]","[False, False, True]",3,True,False
acos_train_00616,acos,train,she was very helpful in suggesting us drinks and helped us in ordering a lot of good dishes since we knew nothing about indian food .,"['FOOD#QUALITY', 'SERVICE#GENERAL']","['Food', 'Service']","['positive', 'positive']","['dishes', None]","[False, True]",2,True,False
acos_train_00617,acos,train,the food looked very appetizing and delicious since it came on a variety of fancy plates .,"['FOOD#STYLE_OPTIONS', 'FOOD#STYLE_OPTIONS']","['Food', 'Food']","['positive', 'positive']","['food', 'food']","[False, False]",2,False,False
acos_train_00618,acos,train,we ended our great experience by having gulab jamun ( dessert ) recommended by the waiter .,"['RESTAURANT#GENERAL', 'FOOD#QUALITY']","['General', 'Food']","['positive', 'positive']","[None, 'gulab jamun ( dessert )']","[True, False]",2,True,False
acos_train_00619,acos,train,i thanked my friend who recommended me this restaurant and will certainly recommend it to others .,['RESTAURANT#GENERAL'],['General'],['positive'],['restaurant'],[False],1,False,False
acos_train_00620,acos,train,"service here was great , food was fantastic .","['SERVICE#GENERAL', 'FOOD#QUALITY']","['Service', 'Food']","['positive', 'positive']","['service', 'food']","[False, False]",2,False,False
acos_train_00621,acos,train,"guacamole + shrimp appetizer was really great , we both had the filet , very good , did n ' t much like the frites that came with , but the filet was so good , neither of us cared .","['FOOD#QUALITY', 'FOOD#QUALITY', 'FOOD#QUALITY']","['Food', 'Food', 'Food']","['positive', 'positive', 'negative']","['guacamole + shrimp appetizer', 'filet', 'frites']","[False, False, False]",3,False,True
acos_train_00622,acos,train,will absolutely visit again .,['RESTAURANT#GENERAL'],['General'],['positive'],[None],[True],1,True,False
acos_train_00623,acos,train,you can not go wrong with this place .,['RESTAURANT#GENERAL'],['General'],['positive'],['place'],[False],1,False,False
acos_train_00624,acos,train,"the food is outstanding and the service is quick , friendly and very professional .","['FOOD#QUALITY', 'SERVICE#GENERAL', 'SERVICE#GENERAL', 'SERVICE#GENERAL']","['Food', 'Service', 'Service', 'Service']","['positive', 'positive', 'positive', 'positive']","['food', 'service', 'service', 'service']","[False, False, False, False]",4,False,False
acos_train_00625,acos,train,"always a nice crowd , but never loud .","['RESTAURANT#MISCELLANEOUS', 'RESTAURANT#MISCELLANEOUS', 'AMBIENCE#GENERAL']","['General', 'General', 'Ambience']","['positive', 'positive', 'positive']","['crowd', 'crowd', None]","[False, False, True]",3,True,False
acos_train_00626,acos,train,go here .,['RESTAURANT#GENERAL'],['General'],['positive'],[None],[True],1,True,False
acos_train_00627,acos,train,good for dates or with friends .,['RESTAURANT#MISCELLANEOUS'],['General'],['positive'],[None],[True],1,True,False
acos_train_00628,acos,train,i am reluctant to write because i would not want my jem of a pizza place to become overcrowded .,['RESTAURANT#MISCELLANEOUS'],['General'],['positive'],['pizza place'],[False],1,False,False
acos_train_00629,acos,train,"however , it is jus too good to not praise it .",['RESTAURANT#GENERAL'],['General'],['positive'],[None],[True],1,True,False
acos_train_00630,acos,train,"by far , the best pizza in manhattan .",['FOOD#QUALITY'],['Food'],['positive'],['pizza'],[False],1,False,False
acos_train_00631,acos,train,"the crust is thin , the ingredients are fresh and the staff is friendly .","['FOOD#QUALITY', 'SERVICE#GENERAL', 'FOOD#QUALITY']","['Food', 'Service', 'Food']","['positive', 'positive', 'positive']","['crust', 'staff', 'ingredients']","[False, False, False]",3,False,False
acos_train_00632,acos,train,the menu has so many fish items and oysters .,['FOOD#STYLE_OPTIONS'],['Food'],['positive'],['menu'],[False],1,False,False
acos_train_00633,acos,train,"the fish was really , really fresh .",['FOOD#QUALITY'],['Food'],['positive'],['fish'],[False],1,False,False
acos_train_00634,acos,train,we all agreed that mare is one of the best seafood restaurants in new york .,['RESTAURANT#GENERAL'],['General'],['positive'],['mare'],[False],1,False,False
acos_train_00635,acos,train,i stumbled upon this great pizzeria as i explored my new neighborhood .,['RESTAURANT#GENERAL'],['General'],['positive'],['pizzeria'],[False],1,False,False
acos_train_00636,acos,train,all of the pizzas are terrific and the price is even better !,"['FOOD#QUALITY', 'RESTAURANT#PRICES']","['Food', 'Price']","['positive', 'positive']","['pizzas', None]","[False, True]",2,True,False
acos_train_00637,acos,train,i highly recommend the sophia pizza .,['FOOD#QUALITY'],['Food'],['positive'],['sophia pizza'],[False],1,False,False
acos_train_00638,acos,train,it ' s to die for !,['FOOD#QUALITY'],['Food'],['positive'],[None],[True],1,True,False
acos_train_00639,acos,train,the food was mediocre at best but it was the horrible service that made me vow never to go back .,"['FOOD#QUALITY', 'SERVICE#GENERAL']","['Food', 'Service']","['negative', 'negative']","['food', 'service']","[False, False]",2,False,False
acos_train_00640,acos,train,"immediately after we paid , the waiter took the money and said , okay , you guys are outta here .",['SERVICE#GENERAL'],['Service'],['negative'],['waiter'],[False],1,False,False
acos_train_00641,acos,train,so rushing us out was absolutely unnecessary !,['SERVICE#GENERAL'],['Service'],['negative'],[None],[True],1,True,False
acos_train_00642,acos,train,"for the people who want great food plus great service , roxy is a place to avoid !","['FOOD#QUALITY', 'SERVICE#GENERAL']","['Food', 'Service']","['negative', 'negative']","['food', 'service']","[False, False]",2,False,False
acos_train_00643,acos,train,"the first time the sushi was outstanding , the second time it was a little bland .","['FOOD#QUALITY', 'FOOD#QUALITY']","['Food', 'Food']","['negative', 'negative']","['sushi', 'sushi']","[False, False]",2,False,False
acos_train_00644,acos,train,i ' m sure i ' ll return for a final judgement tho .,['RESTAURANT#GENERAL'],['General'],['neutral'],[None],[True],1,True,False
acos_train_00645,acos,train,"the blond wood decor is very soothing , the premium sake is excellent and the service is great .","['AMBIENCE#GENERAL', 'DRINKS#QUALITY', 'SERVICE#GENERAL']","['Ambience', 'Food', 'Service']","['positive', 'positive', 'positive']","['blond wood decor', 'premium sake', 'service']","[False, False, False]",3,False,False
acos_train_00646,acos,train,mizu is the japenese find in grammercy .,['RESTAURANT#GENERAL'],['General'],['positive'],['mizu'],[False],1,False,False
acos_train_00647,acos,train,"while their kitchen food is delicious , their sushi is out of this world .","['FOOD#QUALITY', 'FOOD#QUALITY']","['Food', 'Food']","['positive', 'positive']","['kitchen food', 'sushi']","[False, False]",2,False,False
acos_train_00648,acos,train,mizu is home to creative and unique rolls not to found anywhere else .,"['FOOD#STYLE_OPTIONS', 'FOOD#STYLE_OPTIONS']","['Food', 'Food']","['positive', 'positive']","['rolls', 'rolls']","[False, False]",2,False,False
acos_train_00649,acos,train,"not only is the cuisine the best around , the service has always been attentive and charming .","['FOOD#QUALITY', 'SERVICE#GENERAL', 'SERVICE#GENERAL']","['Food', 'Service', 'Service']","['positive', 'positive', 'positive']","['cuisine', 'service', 'service']","[False, False, False]",3,False,False
acos_train_00650,acos,train,warning : you may find it difficult to dine at other japanese restaurants after a visit to mizu !,['RESTAURANT#GENERAL'],['General'],['positive'],['mizu'],[False],1,False,False
acos_train_00651,acos,train,"the entree was bland and small , dessert was not inspired .","['FOOD#QUALITY', 'FOOD#STYLE_OPTIONS', 'FOOD#QUALITY']","['Food', 'Food', 'Food']","['negative', 'negative', 'negative']","['entree', 'entree', 'dessert']","[False, False, False]",3,False,False
acos_train_00652,acos,train,i expected quite a bit more from such an expensive menu .,"['FOOD#PRICES', 'FOOD#QUALITY']","['Price', 'Food']","['negative', 'negative']","['menu', 'menu']","[False, False]",2,False,False
acos_train_00653,acos,train,"the view is spectacular , and the food is great .","['LOCATION#GENERAL', 'FOOD#QUALITY']","['General', 'Food']","['positive', 'positive']","['view', 'food']","[False, False]",2,False,False
acos_train_00654,acos,train,wonderful strawberry daiquiries as well !,['DRINKS#QUALITY'],['Food'],['positive'],['strawberry daiquiries'],[False],1,False,False
acos_train_00655,acos,train,definitely worth the trip to battery park city !,['RESTAURANT#GENERAL'],['General'],['positive'],[None],[True],1,True,False
acos_train_00656,acos,train,one of my favorite places in manhattan .,['RESTAURANT#GENERAL'],['General'],['positive'],[None],[True],1,True,False
acos_train_00657,acos,train,authentic taiwanese food that ' s cheap . . . what more could you ask for ?,"['FOOD#QUALITY', 'FOOD#PRICES']","['Food', 'Price']","['positive', 'positive']","['taiwanese food', 'taiwanese food']","[False, False]",2,False,False
acos_train_00658,acos,train,( besides that there should be more restaurants like it around the city ) .,['RESTAURANT#GENERAL'],['General'],['positive'],[None],[True],1,True,False
acos_train_00659,acos,train,the cold appetizer dishes taste like the way i remember them to taste when i was growing up in taiwan .,['FOOD#QUALITY'],['Food'],['positive'],['cold appetizer dishes'],[False],1,False,False
acos_train_00660,acos,train,delicious simple food in nice outdoor atmosphere .,"['FOOD#QUALITY', 'FOOD#STYLE_OPTIONS', 'AMBIENCE#GENERAL']","['Food', 'Food', 'Ambience']","['positive', 'positive', 'positive']","['food', 'food', 'outdoor atmosphere']","[False, False, False]",3,False,False
acos_train_00661,acos,train,"kind , attentive wait staff .","['SERVICE#GENERAL', 'SERVICE#GENERAL']","['Service', 'Service']","['positive', 'positive']","['wait staff', 'wait staff']","[False, False]",2,False,False
acos_train_00662,acos,train,i really like both the scallops and the mahi mahi ( on saffron risotto yum ! ) .,"['FOOD#QUALITY', 'FOOD#QUALITY']","['Food', 'Food']","['positive', 'positive']","['scallops', 'mahi mahi ( on saffron risotto']","[False, False]",2,False,False
acos_train_00663,acos,train,my friend devoured her chicken and mashed potatos .,['FOOD#QUALITY'],['Food'],['positive'],['chicken and mashed potatos'],[False],1,False,False
acos_train_00664,acos,train,delicious crab cakes too .,['FOOD#QUALITY'],['Food'],['positive'],['crab cakes'],[False],1,False,False
acos_train_00665,acos,train,"even if the food was n ' t this good , the garden is a great place to sit outside and relax .","['AMBIENCE#GENERAL', 'FOOD#QUALITY']","['Ambience', 'Food']","['positive', 'negative']","['garden', 'food']","[False, False]",2,False,True
acos_train_00666,acos,train,great neighborhood joint .,['RESTAURANT#GENERAL'],['General'],['positive'],['joint'],[False],1,False,False
acos_train_00667,acos,train,this is a nice pizza place with good selection of thin crust pizza including the basil slice .,"['FOOD#STYLE_OPTIONS', 'FOOD#QUALITY', 'FOOD#QUALITY', 'RESTAURANT#GENERAL']","['Food', 'Food', 'Food', 'General']","['positive', 'positive', 'positive', 'positive']","['selection of thin crust pizza', 'selection of thin crust pizza', 'basil slice', 'pizza place']","[False, False, False, False]",4,False,False
acos_train_00668,acos,train,"their calzones are horrific , bad , vomit - inducing , yuck .","['FOOD#QUALITY', 'FOOD#QUALITY', 'FOOD#QUALITY', 'FOOD#QUALITY']","['Food', 'Food', 'Food', 'Food']","['negative', 'negative', 'negative', 'negative']","['calzones', 'calzones', 'calzones', 'calzones']","[False, False, False, False]",4,False,False
acos_train_00669,acos,train,they smell like they stuff them with old canned vegetables like the spinach mushroom calzone .,['FOOD#QUALITY'],['Food'],['negative'],[None],[True],1,True,False
acos_train_00670,acos,train,the counter service is bad .,['SERVICE#GENERAL'],['Service'],['negative'],['counter service'],[False],1,False,False
acos_train_00671,acos,train,they charge different prices all the time .,['SERVICE#GENERAL'],['Service'],['negative'],[None],[True],1,True,False
acos_train_00672,acos,train,"they ' re rude at times , and not very friendly .","['SERVICE#GENERAL', 'SERVICE#GENERAL']","['Service', 'Service']","['negative', 'negative']","[None, None]","[True, True]",2,True,False
acos_train_00673,acos,train,no pizza 33 for me !,['RESTAURANT#GENERAL'],['General'],['negative'],['pizza 33'],[False],1,False,False
acos_train_00674,acos,train,"anybody who likes this place must be from a different planet , where greasy , dry and tasteless are complimentary .","['FOOD#QUALITY', 'FOOD#QUALITY', 'FOOD#QUALITY']","['Food', 'Food', 'Food']","['negative', 'negative', 'negative']","[None, None, None]","[True, True, True]",3,True,False
acos_train_00675,acos,train,"the dosas are skimpy , unattractive and drip with grease , and personally i ' d drink popcorn topping before i ' d eat another one of these .","['FOOD#STYLE_OPTIONS', 'FOOD#QUALITY']","['Food', 'Food']","['negative', 'negative']","['dosas', 'dosas']","[False, False]",2,False,False
acos_train_00676,acos,train,"the sandwiches are dry , tasteless and way overpriced .","['FOOD#QUALITY', 'FOOD#QUALITY', 'FOOD#QUALITY', 'FOOD#PRICES', 'FOOD#PRICES', 'FOOD#PRICES']","['Food', 'Food', 'Food', 'Price', 'Price', 'Price']","['negative', 'negative', 'negative', 'negative', 'negative', 'negative']","['sandwiches', 'sandwiches', 'sandwiches', 'sandwiches', 'sandwiches', 'sandwiches']","[False, False, False, False, False, False]",6,False,False
acos_train_00677,acos,train,"calling the place hampton chutney co . does warn you that these folks offer more style than substance , but in this unattractive room with unhelpful clerks there was a dearth of the former too .","['RESTAURANT#GENERAL', 'AMBIENCE#GENERAL', 'SERVICE#GENERAL']","['General', 'Ambience', 'Service']","['negative', 'negative', 'negative']","['place', 'room', 'clerks']","[False, False, False]",3,False,False
acos_train_00678,acos,train,"seriously , this place kicks ass .",['RESTAURANT#GENERAL'],['General'],['positive'],['place'],[False],1,False,False
acos_train_00679,acos,train,"the atmosphere is unheralded , the service impecible , and the food magnificant .","['AMBIENCE#GENERAL', 'SERVICE#GENERAL', 'FOOD#QUALITY']","['Ambience', 'Service', 'Food']","['positive', 'positive', 'positive']","['atmosphere', 'service', 'food']","[False, False, False]",3,False,False
acos_train_00680,acos,train,"best italian food i ever had ( and being italian , that means alot ) .",['FOOD#QUALITY'],['Food'],['positive'],['italian food'],[False],1,False,False
acos_train_00681,acos,train,"it is nearly impossible to get a table , so if you ever have the chance to go here for dinner , do not pass it up .",['RESTAURANT#GENERAL'],['General'],['positive'],[None],[True],1,True,False
acos_train_00682,acos,train,"this is such a lovely , peaceful place to eat outside .","['AMBIENCE#GENERAL', 'AMBIENCE#GENERAL']","['Ambience', 'Ambience']","['positive', 'positive']","['place', 'place']","[False, False]",2,False,False
acos_train_00683,acos,train,the restaurant looks out over beautiful green lawns to the hudson river and the statue of liberty .,['LOCATION#GENERAL'],['General'],['positive'],['restaurant'],[False],1,False,False
acos_train_00684,acos,train,"it is set far from the small street it ' s on , and there is no traffic noise .",['LOCATION#GENERAL'],['General'],['positive'],[None],[True],1,True,False
acos_train_00685,acos,train,"this is a great place to take out - of - towners , and perfect for watching the sunset .",['LOCATION#GENERAL'],['General'],['positive'],['place'],[False],1,False,False
acos_train_00686,acos,train,great sushi experience .,['FOOD#QUALITY'],['Food'],['positive'],['sushi'],[False],1,False,False
acos_train_00687,acos,train,nice value .,['RESTAURANT#PRICES'],['Price'],['positive'],[None],[True],1,True,False
acos_train_00688,acos,train,unique apppetizers .,['FOOD#QUALITY'],['Food'],['positive'],['apppetizers'],[False],1,False,False
acos_train_00689,acos,train,try sushimi cucumber roll .,['FOOD#QUALITY'],['Food'],['positive'],['sushimi cucumber roll'],[False],1,False,False
acos_train_00690,acos,train,"good spreads , great beverage selections and bagels really tasty .","['FOOD#QUALITY', 'DRINKS#STYLE_OPTIONS', 'FOOD#QUALITY']","['Food', 'Food', 'Food']","['positive', 'positive', 'positive']","['spreads', 'beverage selections', 'bagels']","[False, False, False]",3,False,False
acos_train_00691,acos,train,murray wo n ' t do it .,['SERVICE#GENERAL'],['Service'],['negative'],[None],[True],1,True,False
acos_train_00692,acos,train,but who says murray ' s is anything about service .,['SERVICE#GENERAL'],['Service'],['negative'],['service'],[False],1,False,False
acos_train_00693,acos,train,"so close , but not good enough .",['RESTAURANT#GENERAL'],['General'],['neutral'],[None],[True],1,True,False
acos_train_00694,acos,train,do n ' t be fooled by crowds of people .,['RESTAURANT#MISCELLANEOUS'],['General'],['negative'],[None],[True],1,True,False
acos_train_00695,acos,train,the service is awful .,['SERVICE#GENERAL'],['Service'],['negative'],['service'],[False],1,False,False
acos_train_00696,acos,train,this place is not worth the prices .,"['RESTAURANT#GENERAL', 'RESTAURANT#PRICES']","['General', 'Price']","['negative', 'negative']","['place', 'place']","[False, False]",2,False,False
acos_train_00697,acos,train,"also , do n ' t plan on asking for your favorite roll , if it ' s not on the menu , you ca n ' t have it .",['SERVICE#GENERAL'],['Service'],['negative'],[None],[True],1,True,False
acos_train_00698,acos,train,love pizza 33 . . .,['RESTAURANT#GENERAL'],['General'],['positive'],['pizza 33'],[False],1,False,False
acos_train_00699,acos,train,i will be out with friends and all of a sudden i am hungry and i only crave one thing . . . their pizza .,['FOOD#QUALITY'],['Food'],['positive'],['pizza'],[False],1,False,False
acos_train_00700,acos,train,it hits the spot every time,['RESTAURANT#GENERAL'],['General'],['positive'],[None],[True],1,True,False
acos_train_00701,acos,train,this tiny williamsburg spot is always pleasantly surprising .,['RESTAURANT#GENERAL'],['General'],['positive'],['williamsburg spot'],[False],1,False,False
acos_train_00702,acos,train,the pizza is delicious and the proprietor is one of the nicest in nyc .,"['FOOD#QUALITY', 'SERVICE#GENERAL']","['Food', 'Service']","['positive', 'positive']","['pizza', 'proprietor']","[False, False]",2,False,False
acos_train_00703,acos,train,they even scoop it out nice ( for those on a diet ) not too much not to little .,['FOOD#STYLE_OPTIONS'],['Food'],['positive'],[None],[True],1,True,False
acos_train_00704,acos,train,the cream cheeses are out of this world and i love that coffee ! !,"['FOOD#QUALITY', 'DRINKS#QUALITY']","['Food', 'Food']","['positive', 'positive']","['cream cheeses', 'coffee']","[False, False]",2,False,False
acos_train_00705,acos,train,a little crowded but they move that line really fast !,"['SERVICE#GENERAL', 'RESTAURANT#MISCELLANEOUS']","['Service', 'General']","['positive', 'negative']","[None, None]","[True, True]",2,True,True
acos_train_00706,acos,train,a little pricey but it really hits the spot on a sunday morning !,"['RESTAURANT#PRICES', 'RESTAURANT#GENERAL']","['Price', 'General']","['negative', 'positive']","[None, None]","[True, True]",2,True,True
acos_train_00707,acos,train,"bagels are ok , but be sure not to make any special requests !","['FOOD#QUALITY', 'SERVICE#GENERAL']","['Food', 'Service']","['neutral', 'negative']","['bagels', None]","[False, True]",2,True,True
acos_train_00708,acos,train,i asked for an open faced cheese sandwich and the manager basically told me to take my business elsewhere !,['SERVICE#GENERAL'],['Service'],['negative'],['manager'],[False],1,False,False
acos_train_00709,acos,train,be sure not to get anything other than bagels ! . .,"['FOOD#QUALITY', 'FOOD#QUALITY']","['Food', 'Food']","['positive', 'negative']","['bagels', None]","[False, True]",2,True,True
acos_train_00710,acos,train,the worst excuse for japanese food i ' ve ever encountered .,['RESTAURANT#MISCELLANEOUS'],['General'],['negative'],[None],[True],1,True,False
acos_train_00711,acos,train,the soup for the udon was soy sauce and water .,['FOOD#QUALITY'],['Food'],['negative'],['soup for the udon'],[False],1,False,False
acos_train_00712,acos,train,the sushi was awful !,['FOOD#QUALITY'],['Food'],['negative'],['sushi'],[False],1,False,False
acos_train_00713,acos,train,the rice was poor quality and was cooked so badly it was hard .,"['FOOD#QUALITY', 'FOOD#QUALITY', 'FOOD#QUALITY']","['Food', 'Food', 'Food']","['negative', 'negative', 'negative']","['rice', 'rice', 'rice']","[False, False, False]",3,False,False
acos_train_00714,acos,train,"furthermore , the rice had no seasoning , so the sushi was bland and disgusting .","['FOOD#QUALITY', 'FOOD#QUALITY', 'FOOD#QUALITY']","['Food', 'Food', 'Food']","['negative', 'negative', 'negative']","['rice', 'sushi', 'sushi']","[False, False, False]",3,False,False
acos_train_00715,acos,train,"the fish was adequate , but inexpertly sliced .","['FOOD#STYLE_OPTIONS', 'FOOD#STYLE_OPTIONS']","['Food', 'Food']","['negative', 'negative']","['fish', 'fish']","[False, False]",2,False,False
acos_train_00716,acos,train,it is obvious that no one in the restaurant has any idea about or experience with japanese cuisine .,['FOOD#QUALITY'],['Food'],['negative'],['japanese cuisine'],[False],1,False,False
acos_train_00717,acos,train,"good , fast service .","['SERVICE#GENERAL', 'SERVICE#GENERAL']","['Service', 'Service']","['positive', 'positive']","['service', 'service']","[False, False]",2,False,False
acos_train_00718,acos,train,i would highly recommend .,['RESTAURANT#GENERAL'],['General'],['positive'],[None],[True],1,True,False
acos_train_00719,acos,train,food is great and inexpensive .,"['FOOD#QUALITY', 'FOOD#PRICES']","['Food', 'Price']","['positive', 'positive']","['food', 'food']","[False, False]",2,False,False
acos_train_00720,acos,train,the location is perfect .,['LOCATION#GENERAL'],['General'],['positive'],['location'],[False],1,False,False
acos_train_00721,acos,train,give it a try and enjoy .,['RESTAURANT#GENERAL'],['General'],['positive'],[None],[True],1,True,False
acos_train_00722,acos,train,"well , this place is so ghetto its not even funny .","['AMBIENCE#GENERAL', 'AMBIENCE#GENERAL']","['Ambience', 'Ambience']","['negative', 'negative']","['place', 'place']","[False, False]",2,False,False
acos_train_00723,acos,train,if you like your music blasted and the system isnt that great and if you want to pay at least 100 dollar bottle minimun then you ' ll love it here .,"['DRINKS#PRICES', 'AMBIENCE#GENERAL']","['Price', 'Ambience']","['negative', 'negative']","['bottle', 'music']","[False, False]",2,False,False
acos_train_00724,acos,train,would never go back there .,['RESTAURANT#GENERAL'],['General'],['negative'],[None],[True],1,True,False
acos_train_00725,acos,train,awsome pizza especially the margheritta slice .,"['FOOD#QUALITY', 'FOOD#QUALITY']","['Food', 'Food']","['positive', 'positive']","['pizza', 'margheritta slice']","[False, False]",2,False,False
acos_train_00726,acos,train,always busy but fast moving .,['SERVICE#GENERAL'],['Service'],['positive'],[None],[True],1,True,False
acos_train_00727,acos,train,great atmoshere and worth every bit .,"['AMBIENCE#GENERAL', 'RESTAURANT#GENERAL']","['Ambience', 'General']","['positive', 'positive']","['atmoshere', None]","[False, True]",2,True,False
acos_train_00728,acos,train,open late ( well as late as i ever got there and i ' m a night person ),['RESTAURANT#MISCELLANEOUS'],['General'],['positive'],[None],[True],1,True,False
acos_train_00729,acos,train,winnie and her staff are the best crew you can find serving you .,"['SERVICE#GENERAL', 'SERVICE#GENERAL']","['Service', 'Service']","['positive', 'positive']","['winnie', 'staff']","[False, False]",2,False,False
acos_train_00730,acos,train,the food is reliable and the price is moderate .,"['FOOD#QUALITY', 'RESTAURANT#PRICES']","['Food', 'Price']","['positive', 'neutral']","['food', None]","[False, True]",2,True,True
acos_train_00731,acos,train,what more can you ask for ?,['RESTAURANT#GENERAL'],['General'],['positive'],[None],[True],1,True,False
acos_train_00732,acos,train,everything about this restaurant was special .,['RESTAURANT#GENERAL'],['General'],['positive'],['restaurant'],[False],1,False,False
acos_train_00733,acos,train,"the service was attentive , yet discreet .","['SERVICE#GENERAL', 'SERVICE#GENERAL']","['Service', 'Service']","['positive', 'positive']","['service', 'service']","[False, False]",2,False,False
acos_train_00734,acos,train,the flavors robust and subtle .,"['FOOD#QUALITY', 'FOOD#QUALITY']","['Food', 'Food']","['positive', 'positive']","[None, None]","[True, True]",2,True,False
acos_train_00735,acos,train,the brioche and lollies as party favors is a cute and sweet touch to a most memorable meal .,"['FOOD#QUALITY', 'FOOD#QUALITY']","['Food', 'Food']","['positive', 'positive']","['brioche and lollies', 'brioche and lollies']","[False, False]",2,False,False
acos_train_00736,acos,train,i ' m saving up for my next visit .,['RESTAURANT#GENERAL'],['General'],['positive'],[None],[True],1,True,False
acos_train_00737,acos,train,the place was quiet and delightful .,"['AMBIENCE#GENERAL', 'AMBIENCE#GENERAL']","['Ambience', 'Ambience']","['positive', 'positive']","['place', 'place']","[False, False]",2,False,False
acos_train_00738,acos,train,i did not try the caviar but i tried their salmon and crab salad ( they are all good ),"['FOOD#QUALITY', 'FOOD#QUALITY']","['Food', 'Food']","['positive', 'positive']","['salmon', 'crab salad']","[False, False]",2,False,False
acos_train_00739,acos,train,"as a retired hipster , i can say with some degree of certainty that for the last year lucky strike has been the best laid - back late night in the city .",['RESTAURANT#GENERAL'],['General'],['positive'],['lucky strike'],[False],1,False,False
acos_train_00740,acos,train,"the wait staff is pleasant , fun , and for the most part gorgeous ( in the wonderful aesthetic beautification way , not in that she ' s - way - cuter - than - me - that - b @ # $ * way ) .","['SERVICE#GENERAL', 'SERVICE#GENERAL', 'SERVICE#GENERAL']","['Service', 'Service', 'Service']","['positive', 'positive', 'positive']","['wait staff', 'wait staff', 'wait staff']","[False, False, False]",3,False,False
acos_train_00741,acos,train,"the food is yummy , especially their cooked - to - perfection mussels in spicy tomato sauce and their shoestring crispy fries .","['FOOD#QUALITY', 'FOOD#QUALITY', 'FOOD#QUALITY']","['Food', 'Food', 'Food']","['positive', 'positive', 'positive']","['food', 'mussels in spicy tomato sauce', 'fries']","[False, False, False]",3,False,False
acos_train_00742,acos,train,"but the best part about ls is the late night atmosphere , delightfully free of the bts .",['AMBIENCE#GENERAL'],['Ambience'],['positive'],['late night atmosphere'],[False],1,False,False
acos_train_00743,acos,train,"you can get a completely delish martini in a glass ( that ' s about 2 1 / 2 drinks ) for $ 8 . 50 ( i recommend the vanilla shanty , mmmm ! ) in a great homey setting with great music .","['DRINKS#QUALITY', 'DRINKS#STYLE_OPTIONS', 'DRINKS#PRICES', 'DRINKS#QUALITY', 'AMBIENCE#GENERAL', 'AMBIENCE#GENERAL']","['Food', 'Food', 'Price', 'Food', 'Ambience', 'Ambience']","['positive', 'positive', 'positive', 'positive', 'positive', 'positive']","['martini', 'martini', 'martini', 'vanilla shanty', 'setting', 'music']","[False, False, False, False, False, False]",6,False,False
acos_train_00744,acos,train,"the in - house lady dj on saturday nights has outrageously good taste in music , and moreover , takes requests .",['AMBIENCE#GENERAL'],['Ambience'],['positive'],['in - house lady dj'],[False],1,False,False
acos_train_00745,acos,train,you ca n ' t go wrong with this place .,['RESTAURANT#GENERAL'],['General'],['positive'],['place'],[False],1,False,False
acos_train_00746,acos,train,suan is a great place that i often take my friends ( classmates ) too .,['RESTAURANT#GENERAL'],['General'],['positive'],['suan'],[False],1,False,False
acos_train_00747,acos,train,"its location is good and the fact that hutner college is near and their prices are very reasonable , makes students go back to suan again and again .","['LOCATION#GENERAL', 'RESTAURANT#PRICES']","['General', 'Price']","['positive', 'positive']","['location', 'suan']","[False, False]",2,False,False
acos_train_00748,acos,train,i love their thai,['FOOD#QUALITY'],['Food'],['positive'],['thai'],[False],1,False,False
acos_train_00749,acos,train,noodles with shrimp and chicken and coconut juice is the must !,['FOOD#QUALITY'],['Food'],['positive'],['noodles with shrimp and chicken and coconut juice'],[False],1,False,False
acos_train_00750,acos,train,i will go back to suan soon !,['RESTAURANT#GENERAL'],['General'],['positive'],['suan'],[False],1,False,False
acos_train_00751,acos,train,in summer - eat outside on a terrace ( another great feature of suan ) ! ! !,['AMBIENCE#GENERAL'],['Ambience'],['positive'],['terrace'],[False],1,False,False
acos_train_00752,acos,train,i can not imagine a friendlier staff working in a restaurant .,['SERVICE#GENERAL'],['Service'],['positive'],['staff'],[False],1,False,False
acos_train_00753,acos,train,i can not imagine better indian food in all of the city .,['FOOD#QUALITY'],['Food'],['positive'],['indian food'],[False],1,False,False
acos_train_00754,acos,train,i can not imagine you not rushing out to eat there .,['RESTAURANT#GENERAL'],['General'],['positive'],[None],[True],1,True,False
acos_train_00755,acos,train,"during the course of the past 3 months , the chef and staff changed and it was not for the better .","['FOOD#QUALITY', 'SERVICE#GENERAL']","['Food', 'Service']","['negative', 'negative']","['chef', 'staff']","[False, False]",2,False,False
acos_train_00756,acos,train,i wish they would change back to what it was before .,['RESTAURANT#GENERAL'],['General'],['negative'],[None],[True],1,True,False
acos_train_00757,acos,train,the food now is inconsistent .,['FOOD#QUALITY'],['Food'],['negative'],['food'],[False],1,False,False
acos_train_00758,acos,train,this is the kind of place you ' d like to take all your friends to and still keep a secret .,['RESTAURANT#MISCELLANEOUS'],['General'],['positive'],['place'],[False],1,False,False
acos_train_00759,acos,train,the setting is casual and romantic .,"['AMBIENCE#GENERAL', 'AMBIENCE#GENERAL']","['Ambience', 'Ambience']","['positive', 'positive']","['setting', 'setting']","[False, False]",2,False,False
acos_train_00760,acos,train,prices are very good .,['RESTAURANT#PRICES'],['Price'],['positive'],[None],[True],1,True,False
acos_train_00761,acos,train,the food is excellent !,['FOOD#QUALITY'],['Food'],['positive'],['food'],[False],1,False,False
acos_train_00762,acos,train,"if you ' re daring , try the balsamic vinegar over icecream , it ' s wonderful !","['FOOD#QUALITY', 'FOOD#QUALITY']","['Food', 'Food']","['positive', 'positive']","['balsamic vinegar over icecream', 'balsamic vinegar over icecream']","[False, False]",2,False,False
acos_train_00763,acos,train,they were such a rip - off ( $ 8 . 95 for four small meat patties in steamed buns ) and not worth trying .,"['FOOD#QUALITY', 'FOOD#STYLE_OPTIONS', 'FOOD#PRICES']","['Food', 'Food', 'Price']","['negative', 'negative', 'negative']","[None, None, None]","[True, True, True]",3,True,False
acos_train_00764,acos,train,"the rest of the dim sum , though pricey by chinatown standards , is worth it .","['FOOD#PRICES', 'FOOD#PRICES']","['Price', 'Price']","['positive', 'positive']","['dim sum', 'dim sum']","[False, False]",2,False,False
acos_train_00765,acos,train,"the wait here is long for dim sum , but if you do n ' t like sharing tables or if the typical raucous dim sum atmosphere is not your gig , this is a sleek ( for chinatown ) alternative .","['SERVICE#GENERAL', 'AMBIENCE#GENERAL', 'RESTAURANT#MISCELLANEOUS']","['Service', 'Ambience', 'General']","['negative', 'negative', 'negative']","['wait', 'atmosphere', None]","[False, False, True]",3,True,False
acos_train_00766,acos,train,"a few tips : skip the turnip cake , roast pork buns and egg custards .","['FOOD#QUALITY', 'FOOD#QUALITY', 'FOOD#QUALITY']","['Food', 'Food', 'Food']","['negative', 'negative', 'negative']","['turnip cake', 'roast pork buns', 'egg custards']","[False, False, False]",3,False,False
acos_train_00767,acos,train,these are overpriced and you can get better just around the corner :,"['FOOD#PRICES', 'FOOD#QUALITY']","['Price', 'Food']","['negative', 'negative']","[None, None]","[True, True]",2,True,False
acos_train_00768,acos,train,i was pleasantly suprised .,"['RESTAURANT#GENERAL', 'RESTAURANT#GENERAL']","['General', 'General']","['positive', 'positive']","[None, None]","[True, True]",2,True,False
acos_train_00769,acos,train,the food was exceptional .,['FOOD#QUALITY'],['Food'],['positive'],['food'],[False],1,False,False
acos_train_00770,acos,train,"i choose to go with one of the special , the braised lamb shank in red wine , which was excellent .",['FOOD#QUALITY'],['Food'],['positive'],['braised lamb shank in red wine'],[False],1,False,False
acos_train_00771,acos,train,the service was friendly and the atmosphere was casual .,"['SERVICE#GENERAL', 'AMBIENCE#GENERAL']","['Service', 'Ambience']","['positive', 'neutral']","['service', 'atmosphere']","[False, False]",2,False,True
acos_train_00772,acos,train,the restaurant is a bit noisy but that is something that can be overlooked once you sit down and enjoy a great meal,"['FOOD#QUALITY', 'FOOD#QUALITY', 'AMBIENCE#GENERAL']","['Food', 'Food', 'Ambience']","['positive', 'positive', 'negative']","['meal', 'meal', 'restaurant']","[False, False, False]",3,False,True
acos_train_00773,acos,train,this little place has a cute interior decor and affordable city prices .,"['AMBIENCE#GENERAL', 'RESTAURANT#PRICES']","['Ambience', 'Price']","['positive', 'positive']","['interior decor', 'place']","[False, False]",2,False,False
acos_train_00774,acos,train,"the pad se ew chicken was delicious , however the pad thai was far too oily .","['FOOD#QUALITY', 'FOOD#QUALITY']","['Food', 'Food']","['positive', 'negative']","['pad se ew chicken', 'pad thai']","[False, False]",2,False,True
acos_train_00775,acos,train,"have eaten at ginger house several times , and it ' s always good .",['RESTAURANT#GENERAL'],['General'],['positive'],['ginger house'],[False],1,False,False
acos_train_00776,acos,train,the fried dumplings are great !,['FOOD#QUALITY'],['Food'],['positive'],['fried dumplings'],[False],1,False,False
acos_train_00777,acos,train,finally a reliable chinese restaurant !,['RESTAURANT#GENERAL'],['General'],['positive'],['chinese restaurant'],[False],1,False,False
acos_train_00778,acos,train,this place would be so much better served by being run by a group that actually understands customer service .,['SERVICE#GENERAL'],['Service'],['negative'],['customer service'],[False],1,False,False
acos_train_00779,acos,train,"the only thing you can do here is walk in and eat . . but planning an event , especially a small , intimate one , forget about it .",['RESTAURANT#MISCELLANEOUS'],['General'],['negative'],[None],[True],1,True,False
acos_train_00780,acos,train,"they are not helpful in the least and will give you the grand run around so by the time the event date rolls around you will not only regret chosing this place , but also become hostile !",['SERVICE#GENERAL'],['Service'],['negative'],[None],[True],1,True,False
acos_train_00781,acos,train,"nobody at this restaurant will give firm answers about anything and in the end , not one person takes responsibility for anything .",['SERVICE#GENERAL'],['Service'],['negative'],[None],[True],1,True,False
acos_train_00782,acos,train,"terrible , terrible management - deserves to be shut - down .","['SERVICE#GENERAL', 'SERVICE#GENERAL', 'RESTAURANT#GENERAL']","['Service', 'Service', 'General']","['negative', 'negative', 'negative']","['management', 'management', None]","[False, False, True]",3,True,False
acos_train_00783,acos,train,never fails to please .,['RESTAURANT#GENERAL'],['General'],['positive'],[None],[True],1,True,False
acos_train_00784,acos,train,"delicious bagels , especially when right out of the oven .",['FOOD#QUALITY'],['Food'],['positive'],['bagels'],[False],1,False,False
acos_train_00785,acos,train,spreads and toppings are great - though a bit pricey .,"['FOOD#QUALITY', 'FOOD#PRICES', 'FOOD#QUALITY', 'FOOD#PRICES']","['Food', 'Price', 'Food', 'Price']","['positive', 'negative', 'positive', 'negative']","['spreads', 'spreads', 'toppings', 'toppings']","[False, False, False, False]",4,False,True
acos_train_00786,acos,train,service is fast and friendly .,"['SERVICE#GENERAL', 'SERVICE#GENERAL']","['Service', 'Service']","['positive', 'positive']","['service', 'service']","[False, False]",2,False,False
acos_train_00787,acos,train,"only drawback - they wo n ' t toast your bagel , and they do n ' t make eggs for the bagel .",['SERVICE#GENERAL'],['Service'],['negative'],[None],[True],1,True,False
acos_train_00788,acos,train,but that is highly forgivable .,['RESTAURANT#MISCELLANEOUS'],['General'],['positive'],[None],[True],1,True,False
acos_train_00789,acos,train,"been there , done that , and new york , it ' s not that big a deal .",['RESTAURANT#GENERAL'],['General'],['neutral'],[None],[True],1,True,False
acos_train_00790,acos,train,"the food is decent at best , and the ambience , well , it ' s a matter of opinion , some may consider it to be a sweet thing , i thought it was just annoying .","['FOOD#QUALITY', 'AMBIENCE#GENERAL']","['Food', 'Ambience']","['negative', 'negative']","['food', 'ambience']","[False, False]",2,False,False
acos_train_00791,acos,train,"if celebrities make you sweat , then your in for a ride , but if your like most around these parts then you ' ll just yawn and wonder whats with all the hype .",['RESTAURANT#MISCELLANEOUS'],['General'],['negative'],[None],[True],1,True,False
acos_train_00792,acos,train,"rao is a good restaurant , but it ' s nothing special .","['RESTAURANT#GENERAL', 'RESTAURANT#GENERAL']","['General', 'General']","['neutral', 'neutral']","['rao', 'rao']","[False, False]",2,False,False
acos_train_00793,acos,train,"but after last night , spice grill is the only place i ' m eating indian cuisine .",['FOOD#QUALITY'],['Food'],['positive'],['indian cuisine'],[False],1,False,False
acos_train_00794,acos,train,you must try the shrimp appetizers .,['FOOD#QUALITY'],['Food'],['positive'],['shrimp appetizers'],[False],1,False,False
acos_train_00795,acos,train,even my indian friend could n ' t believe how good and tasty everything was .,"['FOOD#QUALITY', 'FOOD#QUALITY']","['Food', 'Food']","['positive', 'positive']","[None, None]","[True, True]",2,True,False
acos_train_00796,acos,train,this place has the the correct ambience and an excellent staff to make you feel like a guest and a friend at the same time .,"['AMBIENCE#GENERAL', 'SERVICE#GENERAL']","['Ambience', 'Service']","['positive', 'positive']","['ambience', 'staff']","[False, False]",2,False,False
acos_train_00797,acos,train,"great food , great prices , great service .","['FOOD#QUALITY', 'SERVICE#GENERAL', 'RESTAURANT#PRICES']","['Food', 'Service', 'Price']","['positive', 'positive', 'positive']","['food', 'service', None]","[False, False, True]",3,True,False
acos_train_00798,acos,train,"if you are looking for a good quality , cheap eats - this is the place .","['FOOD#QUALITY', 'FOOD#PRICES']","['Food', 'Price']","['positive', 'positive']","['eats', 'eats']","[False, False]",2,False,False
acos_train_00799,acos,train,it ' s a perfect place to have a amazing indian food .,['FOOD#QUALITY'],['Food'],['positive'],['indian food'],[False],1,False,False
acos_train_00800,acos,train,i really loved the different and inovated touch that ' s the cheff gives to the food .,"['FOOD#STYLE_OPTIONS', 'FOOD#STYLE_OPTIONS']","['Food', 'Food']","['positive', 'positive']","['cheff', 'cheff']","[False, False]",2,False,False
acos_train_00801,acos,train,"also it ' s great to have dinner in a very romantic and comfortable place , the service it ' s just perfect . . . they ' re so frendly that we never want to live the place !","['AMBIENCE#GENERAL', 'AMBIENCE#GENERAL', 'SERVICE#GENERAL']","['Ambience', 'Ambience', 'Service']","['positive', 'positive', 'positive']","['service', 'service', 'just']","[False, False, False]",3,False,False
acos_train_00802,acos,train,"their bagels are fine , but they are a little overcooked , and not really a ' special ' bagel experience .","['FOOD#QUALITY', 'FOOD#QUALITY']","['Food', 'Food']","['negative', 'negative']","['bagels', 'bagels']","[False, False]",2,False,False
acos_train_00803,acos,train,great bagels made the old - fashioned way .,"['FOOD#QUALITY', 'FOOD#STYLE_OPTIONS']","['Food', 'Food']","['positive', 'positive']","['bagels', 'bagels']","[False, False]",2,False,False
acos_train_00804,acos,train,drawbacks : service is slow and they do n ' t toast !,['SERVICE#GENERAL'],['Service'],['negative'],['service'],[False],1,False,False
acos_train_00805,acos,train,the food was absolutely amazing ! !,['FOOD#QUALITY'],['Food'],['positive'],['food'],[False],1,False,False
acos_train_00806,acos,train,the baked clams octopus we shared as appetizers were the best we ' ve ever had ! !,['FOOD#QUALITY'],['Food'],['positive'],['baked clams octopus'],[False],1,False,False
acos_train_00807,acos,train,"the lamb was tender so full of flavor , the dessert was divine ! !","['FOOD#QUALITY', 'FOOD#QUALITY', 'FOOD#QUALITY']","['Food', 'Food', 'Food']","['positive', 'positive', 'positive']","['lamb', 'lamb', 'dessert']","[False, False, False]",3,False,False
acos_train_00808,acos,train,the waiter was attentive .,['SERVICE#GENERAL'],['Service'],['positive'],['waiter'],[False],1,False,False
acos_train_00809,acos,train,the place itself is beautiful the bar scene seems to be happening .,"['AMBIENCE#GENERAL', 'AMBIENCE#GENERAL']","['Ambience', 'Ambience']","['positive', 'positive']","['place', 'bar scene']","[False, False]",2,False,False
acos_train_00810,acos,train,"downtown dinner 2002 - prixe fix : appetizers were ok , waiter gave me poor suggestion . . . try the potato stuff kanish best one .","['FOOD#QUALITY', 'SERVICE#GENERAL', 'SERVICE#GENERAL']","['Food', 'Service', 'Service']","['neutral', 'negative', 'negative']","['appetizers', 'waiter', 'waiter']","[False, False, False]",3,False,True
acos_train_00811,acos,train,dessert is a joke . . . dont bother,['FOOD#QUALITY'],['Food'],['negative'],['dessert'],[False],1,False,False
acos_train_00812,acos,train,"volare virgins or weekly regulars , everyone gets treated the same and you ca n ' t ask for more than that when the service is this friendly .",['SERVICE#GENERAL'],['Service'],['positive'],['service'],[False],1,False,False
acos_train_00813,acos,train,"the restaurant has a family feel , not least with regard to the portions which are enormous ; the veal alone could have single - handedly solved third world famine .","['AMBIENCE#GENERAL', 'FOOD#STYLE_OPTIONS', 'FOOD#STYLE_OPTIONS']","['Ambience', 'Food', 'Food']","['positive', 'positive', 'positive']","['restaurant', 'portions', 'veal']","[False, False, False]",3,False,False
acos_train_00814,acos,train,"the anti - pasta was excellent , especially the calamari , as were the filling pasta mains .","['FOOD#QUALITY', 'FOOD#QUALITY', 'FOOD#QUALITY', 'FOOD#STYLE_OPTIONS']","['Food', 'Food', 'Food', 'Food']","['positive', 'positive', 'positive', 'positive']","['anti - pasta', 'calamari', 'pasta mains', 'pasta mains']","[False, False, False, False]",4,False,False
acos_train_00815,acos,train,the wine list is extensive and can easily hike up an otherwise reasonably priced meal .,"['DRINKS#STYLE_OPTIONS', 'FOOD#PRICES']","['Food', 'Price']","['positive', 'positive']","['wine list', 'meal']","[False, False]",2,False,False
acos_train_00816,acos,train,"still , any quibbles about the bill were off - set by the pour - your - own measures of liquers which were courtesey of the house . . .","['DRINKS#STYLE_OPTIONS', 'DRINKS#STYLE_OPTIONS', 'RESTAURANT#PRICES']","['Food', 'Food', 'Price']","['positive', 'positive', 'neutral']","['measures of liquers', 'measures of liquers', None]","[False, False, True]",3,True,True
acos_train_00817,acos,train,fantastic place .,['RESTAURANT#GENERAL'],['General'],['positive'],['place'],[False],1,False,False
acos_train_00818,acos,train,a pleasant surprise .,['RESTAURANT#GENERAL'],['General'],['positive'],[None],[True],1,True,False
acos_train_00819,acos,train,go there to relax and feel like your somewhere else .,['AMBIENCE#GENERAL'],['Ambience'],['positive'],[None],[True],1,True,False
acos_train_00820,acos,train,lucky strike is a great casual place to just grab a bite to eat .,"['RESTAURANT#GENERAL', 'RESTAURANT#GENERAL']","['General', 'General']","['positive', 'positive']","['lucky strike', 'lucky strike']","[False, False]",2,False,False
acos_train_00821,acos,train,"great food , great decor , great service .","['FOOD#QUALITY', 'AMBIENCE#GENERAL', 'SERVICE#GENERAL']","['Food', 'Ambience', 'Service']","['positive', 'positive', 'positive']","['food', 'decor', 'service']","[False, False, False]",3,False,False
acos_train_00822,acos,train,i recommend it !,['RESTAURANT#GENERAL'],['General'],['positive'],[None],[True],1,True,False
acos_train_00823,acos,train,"this is the perfect spot for meeting friends , having lunch , dinner , pre - theatre or after - theatre drinks !",['RESTAURANT#MISCELLANEOUS'],['General'],['positive'],['spot'],[False],1,False,False
acos_train_00824,acos,train,( always ask the bartender for the seasonal beer ! ! !,['DRINKS#QUALITY'],['Food'],['positive'],['seasonal beer'],[False],1,False,False
acos_train_00825,acos,train,guaranteed to be a tasty experience ! ),['DRINKS#QUALITY'],['Food'],['positive'],[None],[True],1,True,False
acos_train_00826,acos,train,i have been doing all of the above at the heartland brewery for over 5 years now and i have never been disappointed !,['RESTAURANT#GENERAL'],['General'],['positive'],['heartland brewery'],[False],1,False,False
acos_train_00827,acos,train,all the people that i bring there go back on their own and bring their friends !,['RESTAURANT#MISCELLANEOUS'],['General'],['positive'],[None],[True],1,True,False
acos_train_00828,acos,train,go there once and oh yes . . . you will go back . . . you will . . .,['RESTAURANT#GENERAL'],['General'],['positive'],[None],[True],1,True,False
acos_train_00829,acos,train,"a cool bar with great food , and tons of excellent beer .","['AMBIENCE#GENERAL', 'FOOD#QUALITY', 'DRINKS#QUALITY', 'DRINKS#STYLE_OPTIONS']","['Ambience', 'Food', 'Food', 'Food']","['positive', 'positive', 'positive', 'positive']","['bar', 'food', 'beer', 'beer']","[False, False, False, False]",4,False,False
acos_train_00830,acos,train,and even with it ' s pub atmosphere they were great to my kids too !,['SERVICE#GENERAL'],['Service'],['positive'],[None],[True],1,True,False
acos_train_00831,acos,train,loved it !,['RESTAURANT#GENERAL'],['General'],['positive'],[None],[True],1,True,False
acos_train_00832,acos,train,the shrimp scampi was excellent and the antipasti were plentiful .,"['FOOD#QUALITY', 'FOOD#STYLE_OPTIONS']","['Food', 'Food']","['positive', 'positive']","['shrimp scampi', 'antipasti']","[False, False]",2,False,False
acos_train_00833,acos,train,it is expensive but well worth the money .,"['RESTAURANT#PRICES', 'RESTAURANT#GENERAL']","['Price', 'General']","['negative', 'positive']","[None, None]","[True, True]",2,True,True
acos_train_00834,acos,train,"if you venture off the island of manhattan and ca n ' t seem to find a great italian restaurant , drive to corona .",['RESTAURANT#GENERAL'],['General'],['positive'],['corona'],[False],1,False,False
acos_train_00835,acos,train,the only thing more wonderful than the food ( which is exceptional ) is the service .,"['FOOD#QUALITY', 'SERVICE#GENERAL']","['Food', 'Service']","['positive', 'positive']","['food', 'service']","[False, False]",2,False,False
acos_train_00836,acos,train,the only thing the waiters do n ' t do for you is wipe your chin when you leave .,['SERVICE#GENERAL'],['Service'],['positive'],['waiters'],[False],1,False,False
acos_train_00837,acos,train,wonderful at holiday time .,['RESTAURANT#MISCELLANEOUS'],['General'],['positive'],[None],[True],1,True,False
acos_train_00838,acos,train,cozy romantic atomosphere with only around 15 tables at most .,"['AMBIENCE#GENERAL', 'AMBIENCE#GENERAL']","['Ambience', 'Ambience']","['positive', 'positive']","['atomosphere', 'atomosphere']","[False, False]",2,False,False
acos_train_00839,acos,train,"food was very good , but not what i would consider out of this world .",['FOOD#QUALITY'],['Food'],['neutral'],['food'],[False],1,False,False
acos_train_00840,acos,train,go here for a romantic dinner but not for an all out wow dining experience .,"['AMBIENCE#GENERAL', 'RESTAURANT#MISCELLANEOUS']","['Ambience', 'General']","['positive', 'positive']","[None, None]","[True, True]",2,True,False
acos_train_00841,acos,train,my friend from milan and myself were pleasantly surprised when we arrived and everyone spoke italian .,['RESTAURANT#MISCELLANEOUS'],['General'],['positive'],[None],[True],1,True,False
acos_train_00842,acos,train,too bad the food was n ' t of the same heritage .,['FOOD#QUALITY'],['Food'],['negative'],['food'],[False],1,False,False
acos_train_00843,acos,train,"the porcini mushroom pasta special was tasteless , so was the seafood tagliatelle .","['FOOD#QUALITY', 'FOOD#QUALITY']","['Food', 'Food']","['negative', 'negative']","['porcini mushroom pasta special', 'seafood tagliatelle']","[False, False]",2,False,False
acos_train_00844,acos,train,a real dissapointment .,['FOOD#QUALITY'],['Food'],['negative'],[None],[True],1,True,False
acos_train_00845,acos,train,but that was n ' t the icing on the cake : a tiramisu that resembled nothing i have ever had .,['FOOD#QUALITY'],['Food'],['negative'],['tiramisu'],[False],1,False,False
acos_train_00846,acos,train,they should have called it mascarpone with chocolate chips - good but a far cry from what the name implies .,['FOOD#QUALITY'],['Food'],['negative'],[None],[True],1,True,False
acos_train_00847,acos,train,priced at upper intermediate range .,['RESTAURANT#PRICES'],['Price'],['negative'],[None],[True],1,True,False
acos_train_00848,acos,train,it was pretty inexpensive too .,['RESTAURANT#PRICES'],['Price'],['positive'],[None],[True],1,True,False
acos_train_00849,acos,train,this place has the best chinese style bbq ribs in the city .,"['FOOD#QUALITY', 'FOOD#STYLE_OPTIONS']","['Food', 'Food']","['positive', 'positive']","['bbq ribs', 'bbq ribs']","[False, False]",2,False,False
acos_train_00850,acos,train,it ' s great to go for a quick lunch either alone or with a friend .,['RESTAURANT#MISCELLANEOUS'],['General'],['positive'],[None],[True],1,True,False
acos_train_00851,acos,train,it ' s definately not a place to go if you want to impress someone .,['RESTAURANT#MISCELLANEOUS'],['General'],['negative'],['place'],[False],1,False,False
acos_train_00852,acos,train,"however , if you want great food at a great price and do n ' t mind the decor , you ca n ' t beat this place .","['FOOD#QUALITY', 'FOOD#PRICES', 'AMBIENCE#GENERAL']","['Food', 'Price', 'Ambience']","['positive', 'positive', 'neutral']","['food', 'food', 'decor']","[False, False, False]",3,False,True
acos_train_00853,acos,train,quick and friendly service .,"['SERVICE#GENERAL', 'SERVICE#GENERAL']","['Service', 'Service']","['positive', 'positive']","['service', 'service']","[False, False]",2,False,False
acos_train_00854,acos,train,this is one of the best comfort food places in the city .,"['RESTAURANT#GENERAL', 'RESTAURANT#GENERAL']","['General', 'General']","['positive', 'positive']","[None, None]","[True, True]",2,True,False
acos_train_00855,acos,train,it ' s somewhere you can eat and be happy .,['RESTAURANT#GENERAL'],['General'],['positive'],[None],[True],1,True,False
acos_train_00856,acos,train,"when you ' re sitting in their main dining room ( which has a spectacular , hand - painted high ceiling ) you ' d never know there was a world outside .","['AMBIENCE#GENERAL', 'AMBIENCE#GENERAL', 'AMBIENCE#GENERAL']","['Ambience', 'Ambience', 'Ambience']","['positive', 'positive', 'positive']","['main dining room', 'ceiling', 'ceiling']","[False, False, False]",3,False,False
acos_train_00857,acos,train,"the food is wonderful , tasty and filling , and the service is professional and friendly .","['FOOD#QUALITY', 'FOOD#QUALITY', 'FOOD#STYLE_OPTIONS', 'SERVICE#GENERAL', 'SERVICE#GENERAL']","['Food', 'Food', 'Food', 'Service', 'Service']","['positive', 'positive', 'positive', 'positive', 'positive']","['food', 'food', 'food', 'service', 'service']","[False, False, False, False, False]",5,False,False
acos_train_00858,acos,train,"i ca n ' t wait for summer , when they serve outside on their gigantic patio .",['AMBIENCE#GENERAL'],['Ambience'],['positive'],['patio'],[False],1,False,False
acos_train_00859,acos,train,this little place definitely exceeded my expectations and you sure get a lot of food for your money .,"['FOOD#STYLE_OPTIONS', 'FOOD#PRICES', 'RESTAURANT#GENERAL']","['Food', 'Price', 'General']","['positive', 'positive', 'positive']","['food', 'food', 'place']","[False, False, False]",3,False,False
acos_train_00860,acos,train,the service was fast and friendly and the food was very tasty and they had the best hot sauce to add to your meals .,"['SERVICE#GENERAL', 'SERVICE#GENERAL', 'FOOD#QUALITY', 'FOOD#QUALITY']","['Service', 'Service', 'Food', 'Food']","['positive', 'positive', 'positive', 'positive']","['service', 'service', 'food', 'hot sauce']","[False, False, False, False]",4,False,False
acos_train_00861,acos,train,i have to say that i am pleasantly suprised and i will most likely stop in again if i am in the neighborhood .,['RESTAURANT#GENERAL'],['General'],['positive'],[None],[True],1,True,False
acos_train_00862,acos,train,they all know you .,['SERVICE#GENERAL'],['Service'],['positive'],[None],[True],1,True,False
acos_train_00863,acos,train,good food .,['FOOD#QUALITY'],['Food'],['positive'],['food'],[False],1,False,False
acos_train_00864,acos,train,good drink .,['DRINKS#QUALITY'],['Food'],['positive'],['drink'],[False],1,False,False
acos_train_00865,acos,train,how do you rate home ?,['RESTAURANT#MISCELLANEOUS'],['General'],['positive'],[None],[True],1,True,False
acos_train_00866,acos,train,i have never had cheescake like this .,['FOOD#QUALITY'],['Food'],['positive'],['cheescake'],[False],1,False,False
acos_train_00867,acos,train,i thought i had died and gone to heaven .,['FOOD#QUALITY'],['Food'],['positive'],[None],[True],1,True,False
acos_train_00868,acos,train,"great spot , whether looking for a couple of drinks or quiet dinner .","['RESTAURANT#GENERAL', 'RESTAURANT#MISCELLANEOUS']","['General', 'General']","['positive', 'positive']","['spot', 'spot']","[False, False]",2,False,False
acos_train_00869,acos,train,warm and friendly in the winter and terrific outdoor seating in the warmer months .,"['AMBIENCE#GENERAL', 'AMBIENCE#GENERAL', 'AMBIENCE#GENERAL']","['Ambience', 'Ambience', 'Ambience']","['positive', 'positive', 'positive']","['outdoor seating', None, None]","[False, True, True]",3,True,False
acos_train_00870,acos,train,the food is great and they have a good selection of wines at reasonable prices .,"['FOOD#QUALITY', 'DRINKS#STYLE_OPTIONS', 'DRINKS#PRICES']","['Food', 'Food', 'Price']","['positive', 'positive', 'positive']","['food', 'wines', 'wines']","[False, False, False]",3,False,False
acos_train_00871,acos,train,we were less than impressed .,['RESTAURANT#GENERAL'],['General'],['negative'],[None],[True],1,True,False
acos_train_00872,acos,train,"while the ambiance and atmosphere were great , the food and service could have been a lot better .","['AMBIENCE#GENERAL', 'AMBIENCE#GENERAL', 'FOOD#QUALITY', 'SERVICE#GENERAL']","['Ambience', 'Ambience', 'Food', 'Service']","['positive', 'positive', 'negative', 'negative']","['ambiance', 'atmosphere', 'food', 'service']","[False, False, False, False]",4,False,True
acos_train_00873,acos,train,"we ordered the chicken casserole , but what we got were a few small pieces of chicken , all dark meat and on the bone .","['FOOD#QUALITY', 'FOOD#STYLE_OPTIONS']","['Food', 'Food']","['negative', 'negative']","['chicken casserole', 'chicken casserole']","[False, False]",2,False,False
acos_train_00874,acos,train,probably would not go again . . .,['RESTAURANT#GENERAL'],['General'],['negative'],[None],[True],1,True,False
acos_train_00875,acos,train,"i ' ve been to sapphire twice and both times the food was fine , if not good .",['FOOD#QUALITY'],['Food'],['positive'],['food'],[False],1,False,False
acos_train_00876,acos,train,"stick with the chicken , beef , and lamb dishes .","['FOOD#QUALITY', 'FOOD#QUALITY', 'FOOD#QUALITY']","['Food', 'Food', 'Food']","['positive', 'positive', 'positive']","['chicken', 'beef', 'lamb dishes']","[False, False, False]",3,False,False
acos_train_00877,acos,train,"service is friendly , and never had a problem walking in and getting a table .","['SERVICE#GENERAL', 'RESTAURANT#MISCELLANEOUS']","['Service', 'General']","['positive', 'positive']","['service', None]","[False, True]",2,True,False
acos_train_00878,acos,train,skip dessert .,['FOOD#QUALITY'],['Food'],['negative'],['dessert'],[False],1,False,False
acos_train_00879,acos,train,best reuben sandwich ever !,['FOOD#QUALITY'],['Food'],['positive'],['reuben sandwich'],[False],1,False,False
acos_train_00880,acos,train,a classic !,['FOOD#QUALITY'],['Food'],['positive'],[None],[True],1,True,False
acos_train_00881,acos,train,do n ' t miss bloom ' s on your next trip to manhatten .,['RESTAURANT#GENERAL'],['General'],['negative'],"[""bloom ' s""]",[False],1,False,False
acos_train_00882,acos,train,"it was the first place we ate on our first trip to new york , and it will be the last place we stop as we head out of town on our next trip to new york .",['RESTAURANT#MISCELLANEOUS'],['General'],['positive'],['place'],[False],1,False,False
acos_train_00883,acos,train,thanks bloom ' s for a lovely trip .,['RESTAURANT#GENERAL'],['General'],['positive'],"[""bloom ' s""]",[False],1,False,False
acos_train_00884,acos,train,"the food was not fresh , the sauces were bland and very oily .","['FOOD#QUALITY', 'FOOD#QUALITY', 'FOOD#QUALITY']","['Food', 'Food', 'Food']","['negative', 'negative', 'negative']","['food', 'sauces', 'sauces']","[False, False, False]",3,False,False
acos_train_00885,acos,train,it just was n ' t thai .,['FOOD#QUALITY'],['Food'],['negative'],[None],[True],1,True,False
acos_train_00886,acos,train,was surprisingly disappointed .,['FOOD#QUALITY'],['Food'],['negative'],[None],[True],1,True,False
acos_train_00887,acos,train,pizza was a little soggy .,['FOOD#QUALITY'],['Food'],['negative'],['pizza'],[False],1,False,False
acos_train_00888,acos,train,ravioli was good . . . but i have to say that i found everything a bit overpriced .,"['FOOD#QUALITY', 'FOOD#PRICES']","['Food', 'Price']","['positive', 'negative']","['ravioli', None]","[False, True]",2,True,True
acos_train_00889,acos,train,not enough wines by the glass either .,['DRINKS#STYLE_OPTIONS'],['Food'],['negative'],['wines by the glass'],[False],1,False,False
acos_train_00890,acos,train,"service , however , was excellent . . . and i liked the setting / atmosphere a lot .","['SERVICE#GENERAL', 'AMBIENCE#GENERAL']","['Service', 'Ambience']","['positive', 'positive']","['service', 'setting / atmosphere']","[False, False]",2,False,False
acos_train_00891,acos,train,"food was just average . . . if they lowered the prices just a bit , it would be a bigger draw .","['FOOD#QUALITY', 'RESTAURANT#PRICES']","['Food', 'Price']","['neutral', 'negative']","['food', None]","[False, True]",2,True,True
acos_train_00892,acos,train,authentic pakistani food .,['FOOD#QUALITY'],['Food'],['positive'],['pakistani food'],[False],1,False,False
acos_train_00893,acos,train,"just straight up cheap , good food .","['FOOD#QUALITY', 'FOOD#PRICES']","['Food', 'Price']","['positive', 'positive']","['food', 'food']","[False, False]",2,False,False
acos_train_00894,acos,train,faan is sooo good .,['RESTAURANT#GENERAL'],['General'],['positive'],['faan'],[False],1,False,False
acos_train_00895,acos,train,the design and atmosphere is just as good .,"['AMBIENCE#GENERAL', 'AMBIENCE#GENERAL']","['Ambience', 'Ambience']","['positive', 'positive']","['design', 'atmosphere']","[False, False]",2,False,False
acos_train_00896,acos,train,bottles of wine are cheap and good .,"['DRINKS#PRICES', 'DRINKS#QUALITY']","['Price', 'Food']","['positive', 'positive']","['bottles of wine', 'bottles of wine']","[False, False]",2,False,False
acos_train_00897,acos,train,what more could you want ?,['RESTAURANT#GENERAL'],['General'],['positive'],[None],[True],1,True,False
acos_train_00898,acos,train,the food was actually aweful .,['FOOD#QUALITY'],['Food'],['negative'],['food'],[False],1,False,False
acos_train_00899,acos,train,i ' m not picky - but it was actually gross .,['FOOD#QUALITY'],['Food'],['negative'],[None],[True],1,True,False
acos_train_00900,acos,train,"the mussles were the fishiest things i ' ve ever tasted , the seabass was bland , the goat cheese salad was missing the goat cheese , the penne w / chicken had bones in it . . . it was disgusting .","['FOOD#QUALITY', 'FOOD#QUALITY', 'FOOD#QUALITY', 'FOOD#QUALITY', 'FOOD#QUALITY']","['Food', 'Food', 'Food', 'Food', 'Food']","['negative', 'negative', 'negative', 'negative', 'negative']","['mussles', 'seabass', 'goat cheese salad', 'penne w / chicken', None]","[False, False, False, False, True]",5,True,False
acos_train_00901,acos,train,"nice atmosphere , the service was very pleasant and the desert was good .","['AMBIENCE#GENERAL', 'SERVICE#GENERAL', 'FOOD#QUALITY']","['Ambience', 'Service', 'Food']","['positive', 'positive', 'positive']","['atmosphere', 'service', 'desert']","[False, False, False]",3,False,False
acos_train_00902,acos,train,this is the perfect date spot for williamsburg couples .,['RESTAURANT#MISCELLANEOUS'],['General'],['positive'],[None],[True],1,True,False
acos_train_00903,acos,train,the jukebox plays everything from italian opera to the strokes .,['AMBIENCE#GENERAL'],['Ambience'],['positive'],['jukebox'],[False],1,False,False
acos_train_00904,acos,train,"the food is amazing , rich pastas and fresh doughy pizza .","['FOOD#QUALITY', 'FOOD#STYLE_OPTIONS', 'FOOD#QUALITY', 'FOOD#QUALITY']","['Food', 'Food', 'Food', 'Food']","['positive', 'positive', 'positive', 'positive']","['food', 'pastas', 'pizza', 'pizza']","[False, False, False, False]",4,False,False
acos_train_00905,acos,train,"best of all is the warm vibe , the owner is super friendly and service is fast .","['AMBIENCE#GENERAL', 'SERVICE#GENERAL', 'SERVICE#GENERAL']","['Ambience', 'Service', 'Service']","['positive', 'positive', 'positive']","['vibe', 'owner', 'service']","[False, False, False]",3,False,False
acos_train_00906,acos,train,"if only they delivered , they ' d make a mint !",['RESTAURANT#MISCELLANEOUS'],['General'],['neutral'],[None],[True],1,True,False
acos_train_00907,acos,train,go here for the drinks !,['DRINKS#QUALITY'],['Food'],['positive'],['drinks'],[False],1,False,False
acos_train_00908,acos,train,the drinks are amazing and half off till 8pm .,"['DRINKS#QUALITY', 'DRINKS#PRICES']","['Food', 'Price']","['positive', 'positive']","['drinks', 'drinks']","[False, False]",2,False,False
acos_train_00909,acos,train,my fav was the sassy lassi . . .,['DRINKS#QUALITY'],['Food'],['positive'],['sassy lassi'],[False],1,False,False
acos_train_00910,acos,train,this is an amazing place to try some roti rolls .,['FOOD#QUALITY'],['Food'],['positive'],['roti rolls'],[False],1,False,False
acos_train_00911,acos,train,i really recommend the very simple unda ( egg ) rolls .,"['FOOD#QUALITY', 'FOOD#QUALITY']","['Food', 'Food']","['positive', 'positive']","['unda ( egg ) rolls', 'unda ( egg ) rolls']","[False, False]",2,False,False
acos_train_00912,acos,train,"delicate spices , onions , eggs and a kick - ass roti .","['FOOD#QUALITY', 'FOOD#QUALITY', 'FOOD#QUALITY', 'FOOD#QUALITY']","['Food', 'Food', 'Food', 'Food']","['positive', 'positive', 'positive', 'positive']","['spices', 'onions', 'eggs', 'roti']","[False, False, False, False]",4,False,False
acos_train_00913,acos,train,amazing !,['FOOD#QUALITY'],['Food'],['positive'],[None],[True],1,True,False
acos_train_00914,acos,train,"toons has recently been redone , so it ' s now a very attractive space .",['AMBIENCE#GENERAL'],['Ambience'],['positive'],['toons'],[False],1,False,False
acos_train_00915,acos,train,"in an area sadly lacking in decent thai food , this is one of the best spots .",['FOOD#QUALITY'],['Food'],['positive'],['thai food'],[False],1,False,False
acos_train_00916,acos,train,"went here last night - nice decor , good service , but the food was surprisingly excellent .","['AMBIENCE#GENERAL', 'SERVICE#GENERAL', 'FOOD#QUALITY']","['Ambience', 'Service', 'Food']","['positive', 'positive', 'positive']","['decor', 'service', 'food']","[False, False, False]",3,False,False
acos_train_00917,acos,train,"the portions are huge , so it might be good to order three things to split ( rather than one appetizer and entree per person ) for two people .",['FOOD#STYLE_OPTIONS'],['Food'],['neutral'],['portions'],[False],1,False,False
acos_train_00918,acos,train,ca n ' t wait to go back .,['RESTAURANT#GENERAL'],['General'],['positive'],[None],[True],1,True,False
acos_train_00919,acos,train,beef noodle soup is good as well .,['FOOD#QUALITY'],['Food'],['positive'],['beef noodle soup'],[False],1,False,False
acos_train_00920,acos,train,the service is good and the resturant is clean .,"['SERVICE#GENERAL', 'AMBIENCE#GENERAL']","['Service', 'Ambience']","['positive', 'positive']","['service', 'resturant']","[False, False]",2,False,False
acos_train_00921,acos,train,best taiwanese food in ny !,['FOOD#QUALITY'],['Food'],['positive'],['taiwanese food'],[False],1,False,False
acos_train_00922,acos,train,i have been to rao ' s probably 15 times the past 3 years and it keeps getting better .,['RESTAURANT#GENERAL'],['General'],['positive'],"[""rao ' s""]",[False],1,False,False
acos_train_00923,acos,train,rao ' s has the best service and atmosphere in nyc .,"['SERVICE#GENERAL', 'AMBIENCE#GENERAL']","['Service', 'Ambience']","['positive', 'positive']","['service', 'atmosphere']","[False, False]",2,False,False
acos_train_00924,acos,train,good luck getting a table .,['RESTAURANT#MISCELLANEOUS'],['General'],['negative'],[None],[True],1,True,False
acos_train_00925,acos,train,my roommate and i love this place .,['RESTAURANT#GENERAL'],['General'],['positive'],['place'],[False],1,False,False
acos_train_00926,acos,train,"we recently decided to try this location , and to our delight , they have outdoor seating , perfect since i had my yorkie with me .","['AMBIENCE#GENERAL', 'AMBIENCE#GENERAL']","['Ambience', 'Ambience']","['positive', 'positive']","['outdoor seating', 'outdoor seating']","[False, False]",2,False,False
acos_train_00927,acos,train,indoor was very cozy and cute .,"['AMBIENCE#GENERAL', 'AMBIENCE#GENERAL']","['Ambience', 'Ambience']","['positive', 'positive']","['indoor', 'indoor']","[False, False]",2,False,False
acos_train_00928,acos,train,"the portion sizes here are huge , and the sushi is good .","['FOOD#STYLE_OPTIONS', 'FOOD#QUALITY']","['Food', 'Food']","['positive', 'positive']","['portion sizes', 'sushi']","[False, False]",2,False,False
acos_train_00929,acos,train,staff is very accomodating .,['SERVICE#GENERAL'],['Service'],['positive'],['staff'],[False],1,False,False
acos_train_00930,acos,train,"excellent dumplings served amid clean , chic decor .","['FOOD#QUALITY', 'AMBIENCE#GENERAL', 'AMBIENCE#GENERAL']","['Food', 'Ambience', 'Ambience']","['positive', 'positive', 'positive']","['dumplings', 'decor', 'decor']","[False, False, False]",3,False,False
acos_train_00931,acos,train,"i got the $ 10 10 - piece dim sum combo , every bite of which was great .",['FOOD#QUALITY'],['Food'],['positive'],['$ 10 10 - piece dim sum combo'],[False],1,False,False
acos_train_00932,acos,train,but $ 1 for each small piece ? ? ?,['FOOD#PRICES'],['Price'],['negative'],[None],[True],1,True,False
acos_train_00933,acos,train,i wo n ' t go back unless someone else is footing the bill .,['RESTAURANT#PRICES'],['Price'],['negative'],[None],[True],1,True,False
acos_train_00934,acos,train,the decor is very simple but comfortable .,"['AMBIENCE#GENERAL', 'AMBIENCE#GENERAL']","['Ambience', 'Ambience']","['positive', 'positive']","['decor', 'decor']","[False, False]",2,False,False
acos_train_00935,acos,train,the food was delicious but do not come here on a empty stomach .,['FOOD#QUALITY'],['Food'],['negative'],['food'],[False],1,False,False
acos_train_00936,acos,train,the portions are small but being that the food was so good makes up for that .,"['FOOD#STYLE_OPTIONS', 'FOOD#QUALITY']","['Food', 'Food']","['negative', 'positive']","['portions', 'food']","[False, False]",2,False,True
acos_train_00937,acos,train,you must have the crabmeat lasagna which is out of this world and the chocolate bread pudding for dessert .,"['FOOD#QUALITY', 'FOOD#QUALITY']","['Food', 'Food']","['positive', 'positive']","['crabmeat lasagna', 'chocolate bread pudding']","[False, False]",2,False,False
acos_train_00938,acos,train,the staff there is very attentive and down to earth .,"['SERVICE#GENERAL', 'SERVICE#GENERAL']","['Service', 'Service']","['positive', 'positive']","['staff', 'staff']","[False, False]",2,False,False
acos_train_00939,acos,train,i loved it and would go again .,['RESTAURANT#GENERAL'],['General'],['positive'],[None],[True],1,True,False
acos_train_00940,acos,train,great indian food and the service is incredible .,"['FOOD#QUALITY', 'SERVICE#GENERAL']","['Food', 'Service']","['positive', 'positive']","['indian food', 'service']","[False, False]",2,False,False
acos_train_00941,acos,train,the owner truly caters to all your needs .,['SERVICE#GENERAL'],['Service'],['positive'],['owner'],[False],1,False,False
acos_train_00942,acos,train,"when family came in he gave them apps to test their palets , and then ordered for them .",['SERVICE#GENERAL'],['Service'],['positive'],[None],[True],1,True,False
acos_train_00943,acos,train,everyone was more then happy with his choices .,['SERVICE#GENERAL'],['Service'],['positive'],[None],[True],1,True,False
acos_train_00944,acos,train,great food and the prices are very reasonable .,"['FOOD#QUALITY', 'RESTAURANT#PRICES']","['Food', 'Price']","['positive', 'positive']","['food', None]","[False, True]",2,True,False
acos_train_00945,acos,train,the food here does a great service to the name ( cantonese that is . . . ) .,['FOOD#QUALITY'],['Food'],['positive'],['food'],[False],1,False,False
acos_train_00946,acos,train,i fell in love with the egg noodles in the beef broth with shrimp dumplings and slices of bbq roast pork .,['FOOD#QUALITY'],['Food'],['positive'],['egg noodles in the beef broth with shrimp dumplings and slices of bbq roast pork'],[False],1,False,False
acos_train_00947,acos,train,"try the congee and the donut like deep fried dough they call ow ley soh , a delicious and sweet tasting bread .","['FOOD#QUALITY', 'FOOD#QUALITY', 'FOOD#QUALITY']","['Food', 'Food', 'Food']","['positive', 'positive', 'positive']","['congee', 'ow ley soh', 'ow ley soh']","[False, False, False]",3,False,False
acos_train_00948,acos,train,simply some good tasting chinese food at incredible prices . . .,"['FOOD#QUALITY', 'FOOD#PRICES']","['Food', 'Price']","['positive', 'positive']","['chinese food', 'chinese food']","[False, False]",2,False,False
acos_train_00949,acos,train,service is not what you are coming here for . . .,['SERVICE#GENERAL'],['Service'],['negative'],['service'],[False],1,False,False
acos_train_00950,acos,train,"whoever the jazz duo was , they were on point .",['AMBIENCE#GENERAL'],['Ambience'],['positive'],['jazz duo'],[False],1,False,False
acos_train_00951,acos,train,"good music , great food , speedy service affordable prices .","['AMBIENCE#GENERAL', 'FOOD#QUALITY', 'SERVICE#GENERAL', 'RESTAURANT#PRICES']","['Ambience', 'Food', 'Service', 'Price']","['positive', 'positive', 'positive', 'positive']","['music', 'food', 'service', None]","[False, False, False, True]",4,True,False
acos_train_00952,acos,train,even the wine by the glass was good .,['DRINKS#QUALITY'],['Food'],['positive'],['wine by the glass'],[False],1,False,False
acos_train_00953,acos,train,"its a little out of the way if you do n ' t live in the neighborhood , but definitely worth the trip from wherever you are .","['LOCATION#GENERAL', 'RESTAURANT#GENERAL']","['General', 'General']","['negative', 'positive']","[None, None]","[True, True]",2,True,True
acos_train_00954,acos,train,consistently good japanese tapas .,['FOOD#QUALITY'],['Food'],['positive'],['japanese tapas'],[False],1,False,False
acos_train_00955,acos,train,always good drinks and service is pretty good ;,"['DRINKS#QUALITY', 'SERVICE#GENERAL']","['Food', 'Service']","['positive', 'positive']","['drinks', 'service']","[False, False]",2,False,False
acos_train_00956,acos,train,atmosphere is nice and relaxed too . . .,"['AMBIENCE#GENERAL', 'AMBIENCE#GENERAL']","['Ambience', 'Ambience']","['positive', 'positive']","['atmosphere', 'atmosphere']","[False, False]",2,False,False
acos_train_00957,acos,train,a great place to meet up for some food and drinks . . .,['RESTAURANT#MISCELLANEOUS'],['General'],['positive'],['place'],[False],1,False,False
acos_train_00958,acos,train,yakitori ( bbq meats ) is tasty too .,['FOOD#QUALITY'],['Food'],['positive'],['yakitori ( bbq meats )'],[False],1,False,False
acos_train_00959,acos,train,"if you do n ' t mind pre - sliced low quality fish , unfriendly staff and a sushi chef that looks like he is miserable then this is your place .","['FOOD#QUALITY', 'SERVICE#GENERAL', 'RESTAURANT#MISCELLANEOUS']","['Food', 'Service', 'General']","['negative', 'negative', 'negative']","['fish', 'staff', 'sushi chef']","[False, False, False]",3,False,False
acos_train_00960,acos,train,price and quality of fish alone will keep us from making a return visit .,"['RESTAURANT#GENERAL', 'FOOD#PRICES', 'FOOD#QUALITY']","['General', 'Price', 'Food']","['negative', 'negative', 'negative']","[None, 'fish', 'fish']","[True, False, False]",3,True,False
acos_train_00961,acos,train,was n ' t going to share but i feel obligated . . . while sitting at the sushi bar dining we watched the chef accidentally drop a piece of unagi on the floor and upon retrieving it from the floor proceed to use the piece in the delivery order he was preparing .,['FOOD#QUALITY'],['Food'],['negative'],['chef'],[False],1,False,False
acos_train_00962,acos,train,no thanks ! ! !,['RESTAURANT#GENERAL'],['General'],['negative'],[None],[True],1,True,False
acos_train_00963,acos,train,"this place , which is only a few months old , is perhaps queens ' biggest secret !",['RESTAURANT#GENERAL'],['General'],['positive'],['place'],[False],1,False,False
acos_train_00964,acos,train,"fabulous decor - makes you feel like you ' re in a trendy manhattan restaurant , very very good food , cheaply - priced , generally friendly staff , and if you ' re a manhattanite , or spend most of your time in manhattan , rice avenue will make you feel at home . . . . . very soho / village / upper west side minus the expensive prices and pretentious clientele . . . . . all on roosevelt avenue !","['AMBIENCE#GENERAL', 'FOOD#QUALITY', 'FOOD#PRICES', 'SERVICE#GENERAL', 'AMBIENCE#GENERAL', 'LOCATION#GENERAL', 'RESTAURANT#PRICES']","['Ambience', 'Food', 'Price', 'Service', 'Ambience', 'General', 'Price']","['positive', 'positive', 'positive', 'positive', 'positive', 'positive', 'positive']","['decor', 'food', 'food', 'staff', 'rice avenue', 'rice avenue', 'rice avenue']","[False, False, False, False, False, False, False]",7,False,False
acos_train_00965,acos,train,we were seated outside and the waiter spilled red wine and hot tea on myself and my date .,['SERVICE#GENERAL'],['Service'],['negative'],['waiter'],[False],1,False,False
acos_train_00966,acos,train,we were then shooed inside .,['SERVICE#GENERAL'],['Service'],['negative'],[None],[True],1,True,False
acos_train_00967,acos,train,"one would think we ' d get an apology or complimentary drinks - instead , we got a snobby waiter would n ' t even take our order for 15 minutes and gave us lip when we asked him to do so .",['SERVICE#GENERAL'],['Service'],['negative'],['waiter'],[False],1,False,False
acos_train_00968,acos,train,"we left , never to return .",['RESTAURANT#GENERAL'],['General'],['negative'],[None],[True],1,True,False
acos_train_00969,acos,train,"with so many good restaurants on the uws , i do n ' t need overpriced food , absurdly arrogant wait - staff who do n ' t recognize they work at a glorified diner , clumsy service , and management that does n ' t care .","['FOOD#PRICES', 'SERVICE#GENERAL', 'SERVICE#GENERAL', 'SERVICE#GENERAL']","['Price', 'Service', 'Service', 'Service']","['negative', 'negative', 'negative', 'negative']","['food', 'wait - staff', 'service', 'management']","[False, False, False, False]",4,False,False
acos_train_00970,acos,train,i am relatively new to the area and tried pick a bgel on 2nd and was disappointed with the service and i thought the food was overated and on the pricey side .,"['SERVICE#GENERAL', 'FOOD#PRICES', 'FOOD#QUALITY']","['Service', 'Price', 'Food']","['negative', 'negative', 'negative']","['service', 'food', 'food']","[False, False, False]",3,False,False
acos_train_00971,acos,train,baluchi ' s has solid food and a nice decor at reasonable prices .,"['RESTAURANT#PRICES', 'FOOD#QUALITY', 'AMBIENCE#GENERAL']","['Price', 'Food', 'Ambience']","['positive', 'positive', 'positive']","[""baluchi ' s"", 'food', 'decor']","[False, False, False]",3,False,False
acos_train_00972,acos,train,the only problem is that the manager is a complete incompetent .,['SERVICE#GENERAL'],['Service'],['negative'],['manager'],[False],1,False,False
acos_train_00973,acos,train,he offers subpar service and has no personality .,['SERVICE#GENERAL'],['Service'],['negative'],['service'],[False],1,False,False
acos_train_00974,acos,train,"in fact , it appears he is going to go postal at any moment .",['SERVICE#GENERAL'],['Service'],['negative'],[None],[True],1,True,False
acos_train_00975,acos,train,there is no excuse for such lousy service !,['SERVICE#GENERAL'],['Service'],['negative'],['service'],[False],1,False,False
acos_train_00976,acos,train,i have never before eaten 40 pieces of relatively good nigiri .,['FOOD#QUALITY'],['Food'],['neutral'],['nigiri'],[False],1,False,False
acos_train_00977,acos,train,you can do it here .,['FOOD#STYLE_OPTIONS'],['Food'],['positive'],[None],[True],1,True,False
acos_train_00978,acos,train,$ 20 for all you can eat sushi can not be beaten .,['FOOD#PRICES'],['Price'],['positive'],['all you can eat sushi'],[False],1,False,False
acos_train_00979,acos,train,"i went to areo on a sunday afternoon with four of my girlfriends , and spent three enjoyable hours there .",['RESTAURANT#GENERAL'],['General'],['positive'],['areo'],[False],1,False,False
acos_train_00980,acos,train,"most of the servers are very attentive , friendly and quite attractive .","['SERVICE#GENERAL', 'SERVICE#GENERAL', 'SERVICE#GENERAL']","['Service', 'Service', 'Service']","['positive', 'positive', 'positive']","['servers', 'servers', 'servers']","[False, False, False]",3,False,False
acos_train_00981,acos,train,"the vibe is very relaxed and cozy , service was great and the food was excellent !","['AMBIENCE#GENERAL', 'AMBIENCE#GENERAL', 'SERVICE#GENERAL', 'FOOD#QUALITY']","['Ambience', 'Ambience', 'Service', 'Food']","['positive', 'positive', 'positive', 'positive']","['vibe', 'vibe', 'service', 'food']","[False, False, False, False]",4,False,False
acos_train_00982,acos,train,food was good and the view of the new york city skiline was terrific even on a foggy rainy day like that of when i went .,"['FOOD#QUALITY', 'LOCATION#GENERAL']","['Food', 'General']","['positive', 'positive']","['food', 'view of the new york city skiline']","[False, False]",2,False,False
acos_train_00983,acos,train,i would highly recommand requesting a table by the window .,['LOCATION#GENERAL'],['General'],['positive'],['table by the window'],[False],1,False,False
acos_train_00984,acos,train,although they do the typical what kind of water would you like questions the service was good and overall very relaxing to place to eat .,"['SERVICE#GENERAL', 'AMBIENCE#GENERAL']","['Service', 'Ambience']","['positive', 'positive']","['service', 'place']","[False, False]",2,False,False
acos_train_00985,acos,train,personal pans are the perfect size for those hungry nights .,['FOOD#STYLE_OPTIONS'],['Food'],['positive'],['personal pans'],[False],1,False,False
acos_train_00986,acos,train,i heartily recommend .,['RESTAURANT#GENERAL'],['General'],['positive'],[None],[True],1,True,False
acos_train_00987,acos,train,there is a downside if you ' re ordering in - - the delivery guys have major attitude .,['SERVICE#GENERAL'],['Service'],['negative'],['delivery guys'],[False],1,False,False
acos_train_00988,acos,train,never have i had such dramatic delivery guys ( a lot of huffing and panting and muttering under breath b / c i live in a walkup ) who always seem disappointed with their tips .,['SERVICE#GENERAL'],['Service'],['negative'],['delivery guys'],[False],1,False,False
acos_train_00989,acos,train,"love the scene first off - the place has a character and nice light to it . . very fortunate , location wise .","['AMBIENCE#GENERAL', 'AMBIENCE#GENERAL', 'LOCATION#GENERAL']","['Ambience', 'Ambience', 'General']","['positive', 'positive', 'positive']","['scene', 'place', 'location']","[False, False, False]",3,False,False
acos_train_00990,acos,train,the pizza was pretty good and huge .,"['FOOD#QUALITY', 'FOOD#STYLE_OPTIONS']","['Food', 'Food']","['positive', 'positive']","['pizza', 'pizza']","[False, False]",2,False,False
acos_train_00991,acos,train,the price very reasonable .,['RESTAURANT#PRICES'],['Price'],['positive'],[None],[True],1,True,False
acos_train_00992,acos,train,we were 4 and got the family size penne a la vodka which was tremendously gigantic portion . . . a bucket of food literally .,['FOOD#STYLE_OPTIONS'],['Food'],['positive'],['penne a la vodka'],[False],1,False,False
acos_train_00993,acos,train,i would say that all was fine and tasty but the heaviness on my stomach someting that i ca n ' t not mention or undermine .,['FOOD#QUALITY'],['Food'],['negative'],[None],[True],1,True,False
acos_train_00994,acos,train,"the pasta penne was pretty extra buttery , creamy which means a big task to diggest . . tasty at first but i would say that i was full with a slice of pizza and 7 to count , penne . . . got a little moody afterwards cause was stuffed . . . lol","['FOOD#QUALITY', 'FOOD#STYLE_OPTIONS']","['Food', 'Food']","['negative', 'negative']","['pasta penne', 'pasta penne']","[False, False]",2,False,False
acos_train_00995,acos,train,i love it .,['RESTAURANT#GENERAL'],['General'],['positive'],[None],[True],1,True,False
acos_train_00996,acos,train,i plan on stopping by next week as well .,['RESTAURANT#GENERAL'],['General'],['positive'],[None],[True],1,True,False
acos_train_00997,acos,train,"i found it on a cold night , the perfect spot to warm up .",['RESTAURANT#MISCELLANEOUS'],['General'],['positive'],['spot'],[False],1,False,False
acos_train_00998,acos,train,i recieved prompt service with a smile .,['SERVICE#GENERAL'],['Service'],['positive'],['service'],[False],1,False,False
acos_train_00999,acos,train,"to me it exemplifies soho , cute , artsy , interesting .","['AMBIENCE#GENERAL', 'AMBIENCE#GENERAL', 'AMBIENCE#GENERAL']","['Ambience', 'Ambience', 'Ambience']","['positive', 'positive', 'positive']","[None, None, None]","[True, True, True]",3,True,False
acos_train_01000,acos,train,definately check it out ! ! !,['RESTAURANT#GENERAL'],['General'],['positive'],[None],[True],1,True,False
acos_train_01001,acos,train,this place blew me away . . . by far my new favorite restaurant on the uppereast side .,['RESTAURANT#GENERAL'],['General'],['positive'],['place'],[False],1,False,False
acos_train_01002,acos,train,the wine list is extensive and impressive .,"['DRINKS#STYLE_OPTIONS', 'DRINKS#STYLE_OPTIONS']","['Food', 'Food']","['positive', 'positive']","['wine list', 'wine list']","[False, False]",2,False,False
acos_train_01003,acos,train,love the atmosphere - felt like i was in paris .,['AMBIENCE#GENERAL'],['Ambience'],['positive'],['atmosphere'],[False],1,False,False
acos_train_01004,acos,train,the mussels were fantastic and so was the dessert . . . definitely going to be back very soon .,"['FOOD#QUALITY', 'FOOD#QUALITY', 'RESTAURANT#GENERAL']","['Food', 'Food', 'General']","['positive', 'positive', 'positive']","['mussels', 'dessert', None]","[False, False, True]",3,True,False
acos_train_01005,acos,train,i have been coming here for years and have nothing but good things to say about the service and the great staff at la lanterna .,"['SERVICE#GENERAL', 'SERVICE#GENERAL']","['Service', 'Service']","['positive', 'positive']","['service', 'staff']","[False, False]",2,False,False
acos_train_01006,acos,train,"over the years the host , vittorio , and his crew , have always treated me as family - - although with all the business this not - so - little gem does , it amazing he ' s even able to remember a consistent but not - so - frequent visitor .","['SERVICE#GENERAL', 'SERVICE#GENERAL']","['Service', 'Service']","['positive', 'positive']","['host', 'crew']","[False, False]",2,False,False
acos_train_01007,acos,train,"i ' ve also been amazed at all the new additions in the past few years : a new jazz bar , the most fantastic dining garden , the best thin crust pizzas , and now a lasagna menu which is to die for ( these are not your average lasagnas ) !","['AMBIENCE#GENERAL', 'AMBIENCE#GENERAL', 'FOOD#QUALITY', 'FOOD#QUALITY']","['Ambience', 'Ambience', 'Food', 'Food']","['positive', 'positive', 'positive', 'positive']","['dining garden', 'jazz bar', 'thin crust pizzas', 'lasagna menu']","[False, False, False, False]",4,False,False
acos_train_01008,acos,train,i love this place !,['RESTAURANT#GENERAL'],['General'],['positive'],['place'],[False],1,False,False
acos_train_01009,acos,train,keep up the good work guys !,['RESTAURANT#GENERAL'],['General'],['positive'],[None],[True],1,True,False
acos_train_01010,acos,train,i have to say i have never had a disapointing meal here .,['FOOD#QUALITY'],['Food'],['positive'],['meal'],[False],1,False,False
acos_train_01011,acos,train,we could have made a meal of the yummy dumplings from the dumpling menu .,['FOOD#QUALITY'],['Food'],['positive'],['dumplings'],[False],1,False,False
acos_train_01012,acos,train,"luckily we saved room for the bbq salmon , sea bass and crispy duck .","['FOOD#QUALITY', 'FOOD#QUALITY', 'FOOD#QUALITY']","['Food', 'Food', 'Food']","['positive', 'positive', 'positive']","['bbq salmon', 'sea bass', 'crispy duck']","[False, False, False]",3,False,False
acos_train_01013,acos,train,love al di la,['RESTAURANT#GENERAL'],['General'],['positive'],['al di la'],[False],1,False,False
acos_train_01014,acos,train,i recommend this place to everyone .,['RESTAURANT#GENERAL'],['General'],['positive'],['place'],[False],1,False,False
acos_train_01015,acos,train,great food .,['FOOD#QUALITY'],['Food'],['positive'],['food'],[False],1,False,False
acos_train_01016,acos,train,one of my favorite places in brooklyn .,['RESTAURANT#GENERAL'],['General'],['positive'],[None],[True],1,True,False
acos_train_01017,acos,train,"the pastas are incredible , the risottos ( particularly the sepia ) are fantastic and the braised rabbit is amazing .","['FOOD#QUALITY', 'FOOD#QUALITY', 'FOOD#QUALITY', 'FOOD#QUALITY']","['Food', 'Food', 'Food', 'Food']","['positive', 'positive', 'positive', 'positive']","['pastas', 'risottos', 'sepia', 'braised rabbit']","[False, False, False, False]",4,False,False
acos_train_01018,acos,train,overpriced and not tasty,"['FOOD#PRICES', 'FOOD#QUALITY']","['Price', 'Food']","['negative', 'negative']","[None, None]","[True, True]",2,True,False
acos_train_01019,acos,train,it was totally overpriced - fish and chips was about $ 15 . . . .,"['FOOD#PRICES', 'FOOD#PRICES']","['Price', 'Price']","['negative', 'negative']","[None, 'fish and chips']","[True, False]",2,True,False
acos_train_01020,acos,train,tasty dog !,['FOOD#QUALITY'],['Food'],['positive'],['dog'],[False],1,False,False
acos_train_01021,acos,train,"an awesome organic dog , and a conscious eco friendly establishment .","['FOOD#QUALITY', 'FOOD#QUALITY', 'RESTAURANT#MISCELLANEOUS']","['Food', 'Food', 'General']","['positive', 'positive', 'positive']","['dog', 'dog', 'establishment']","[False, False, False]",3,False,False
acos_train_01022,acos,train,one of the best hot dogs i have ever eaten .,['FOOD#QUALITY'],['Food'],['positive'],[None],[True],1,True,False
acos_train_01023,acos,train,ca n ' t wait to go back .,['RESTAURANT#GENERAL'],['General'],['positive'],[None],[True],1,True,False
acos_train_01024,acos,train,but the best pork souvlaki i ever had is the main thing .,['FOOD#QUALITY'],['Food'],['positive'],['pork souvlaki'],[False],1,False,False
acos_train_01025,acos,train,run do n ' t walk .,['RESTAURANT#GENERAL'],['General'],['positive'],[None],[True],1,True,False
acos_train_01026,acos,train,super yummy pizza !,['FOOD#QUALITY'],['Food'],['positive'],['pizza'],[False],1,False,False
acos_train_01027,acos,train,i was visiting new york city with a friend and we discovered this really warm and inviting restaurant .,"['AMBIENCE#GENERAL', 'AMBIENCE#GENERAL']","['Ambience', 'Ambience']","['positive', 'positive']","['restaurant', 'restaurant']","[False, False]",2,False,False
acos_train_01028,acos,train,"i looove their eggplant pizza , as well as their pastas !",['FOOD#QUALITY'],['Food'],['positive'],['eggplant pizza'],[False],1,False,False
acos_train_01029,acos,train,"we had half / half pizza , mine was eggplant and my friend had the buffalo and it was sooo huge for a small size pizza !",['FOOD#STYLE_OPTIONS'],['Food'],['positive'],['half / half pizza'],[False],1,False,False
acos_train_01030,acos,train,"we had fun eating in there , we were there like around 3 a . m . in the morning !",['RESTAURANT#GENERAL'],['General'],['positive'],[None],[True],1,True,False
acos_train_01031,acos,train,"excellent food , although the interior could use some help .","['FOOD#QUALITY', 'AMBIENCE#GENERAL']","['Food', 'Ambience']","['positive', 'negative']","['food', 'interior']","[False, False]",2,False,True
acos_train_01032,acos,train,great sake !,['DRINKS#QUALITY'],['Food'],['positive'],['sake'],[False],1,False,False
acos_train_01033,acos,train,"reliable , fresh sushi","['FOOD#QUALITY', 'FOOD#QUALITY']","['Food', 'Food']","['positive', 'positive']","['sushi', 'sushi']","[False, False]",2,False,False
acos_train_01034,acos,train,the sashimi is always fresh and the rolls are innovative and delicious .,"['FOOD#QUALITY', 'FOOD#STYLE_OPTIONS', 'FOOD#QUALITY']","['Food', 'Food', 'Food']","['positive', 'positive', 'positive']","['sashimi', 'rolls', 'rolls']","[False, False, False]",3,False,False
acos_train_01035,acos,train,have never had a problem with service save a missing rice once .,['SERVICE#GENERAL'],['Service'],['positive'],['service'],[False],1,False,False
acos_train_01036,acos,train,delivery can be spot on or lacking depending on the weather and the day of the week .,['SERVICE#GENERAL'],['Service'],['negative'],['delivery'],[False],1,False,False
acos_train_01037,acos,train,delivery guy sometimes get upset if you do n ' t tip more than 10 % .,['SERVICE#GENERAL'],['Service'],['negative'],['delivery guy'],[False],1,False,False
acos_train_01038,acos,train,best . sushi . ever .,['FOOD#QUALITY'],['Food'],['positive'],['sushi'],[False],1,False,False
acos_train_01039,acos,train,this place has ruined me for neighborhood sushi .,['FOOD#QUALITY'],['Food'],['positive'],['sushi'],[False],1,False,False
acos_train_01040,acos,train,"creative , consistent , fresh .","['FOOD#QUALITY', 'FOOD#STYLE_OPTIONS', 'FOOD#STYLE_OPTIONS']","['Food', 'Food', 'Food']","['positive', 'positive', 'positive']","[None, None, None]","[True, True, True]",3,True,False
acos_train_01041,acos,train,"excellent sashimi , and the millennium roll is beyond delicious .","['FOOD#QUALITY', 'FOOD#QUALITY']","['Food', 'Food']","['positive', 'positive']","['sashimi', 'millennium roll']","[False, False]",2,False,False
acos_train_01042,acos,train,not cheap but very yummy .,"['FOOD#PRICES', 'FOOD#QUALITY']","['Price', 'Food']","['negative', 'positive']","[None, None]","[True, True]",2,True,True
acos_train_01043,acos,train,"very , very nice",['RESTAURANT#GENERAL'],['General'],['positive'],[None],[True],1,True,False
acos_train_01044,acos,train,not only is the food,"['RESTAURANT#GENERAL', 'FOOD#QUALITY']","['General', 'Food']","['positive', 'positive']","[None, 'food']","[True, False]",2,True,False
acos_train_01045,acos,train,loved it,['RESTAURANT#GENERAL'],['General'],['positive'],[None],[True],1,True,False
acos_train_01046,acos,train,we had a very nice time .,['RESTAURANT#GENERAL'],['General'],['positive'],[None],[True],1,True,False
acos_train_01047,acos,train,"the waiter was attentive , the food was delicious and the views of the city were great .","['SERVICE#GENERAL', 'FOOD#QUALITY', 'LOCATION#GENERAL']","['Service', 'Food', 'General']","['positive', 'positive', 'positive']","['waiter', 'food', 'views of the city']","[False, False, False]",3,False,False
acos_train_01048,acos,train,i ' d definitely go back again .,['RESTAURANT#GENERAL'],['General'],['positive'],[None],[True],1,True,False
acos_train_01049,acos,train,great place to relax and enjoy your dinner,['AMBIENCE#GENERAL'],['Ambience'],['positive'],['place'],[False],1,False,False
acos_train_01050,acos,train,there is something about their atmosphere that makes me come back nearly every week .,['AMBIENCE#GENERAL'],['Ambience'],['positive'],['atmosphere'],[False],1,False,False
acos_train_01051,acos,train,"place is open till late , no dress code .",['RESTAURANT#MISCELLANEOUS'],['General'],['positive'],['place'],[False],1,False,False
acos_train_01052,acos,train,good food : my favorite is the seafood spaghetti .,"['FOOD#QUALITY', 'FOOD#QUALITY']","['Food', 'Food']","['positive', 'positive']","['food', 'seafood spaghetti']","[False, False]",2,False,False
acos_train_01053,acos,train,excellent food for great prices,"['FOOD#QUALITY', 'FOOD#PRICES']","['Food', 'Price']","['positive', 'positive']","['food', 'food']","[False, False]",2,False,False
acos_train_01054,acos,train,my husband and i have been sold on this from the first visit .,['RESTAURANT#GENERAL'],['General'],['positive'],[None],[True],1,True,False
acos_train_01055,acos,train,the wait staff is very courteous and accomodating .,"['SERVICE#GENERAL', 'SERVICE#GENERAL']","['Service', 'Service']","['positive', 'positive']","['wait staff', 'wait staff']","[False, False]",2,False,False
acos_train_01056,acos,train,"the space is limited so be prepared to wait up to 45 minutes - 1 hour , but be richly rewarded when you savor the delicious indo - chinese food .","['AMBIENCE#GENERAL', 'FOOD#QUALITY']","['Ambience', 'Food']","['negative', 'positive']","['space', 'indo - chinese food']","[False, False]",2,False,True
acos_train_01057,acos,train,there are no negatives to speak of .,['RESTAURANT#GENERAL'],['General'],['positive'],[None],[True],1,True,False
acos_train_01058,acos,train,the bestt !,['RESTAURANT#GENERAL'],['General'],['positive'],[None],[True],1,True,False
acos_train_01059,acos,train,my favorite place lol,['RESTAURANT#GENERAL'],['General'],['positive'],['place'],[False],1,False,False
acos_train_01060,acos,train,its alright,['RESTAURANT#GENERAL'],['General'],['neutral'],[None],[True],1,True,False
acos_train_01061,acos,train,"im not necessarily fanatical about this place , but it was a fun time for low pirces .","['RESTAURANT#GENERAL', 'RESTAURANT#PRICES']","['General', 'Price']","['positive', 'positive']","['place', 'place']","[False, False]",2,False,False
acos_train_01062,acos,train,"lobster was good , nothing spectacular .","['FOOD#QUALITY', 'FOOD#QUALITY']","['Food', 'Food']","['neutral', 'neutral']","['lobster', 'lobster']","[False, False]",2,False,False
acos_train_01063,acos,train,"its just a fun place to go , not a five star restaraunt .",['RESTAURANT#GENERAL'],['General'],['neutral'],['restaraunt'],[False],1,False,False
acos_train_01064,acos,train,had no flavor and the staff is rude and not attentive .,"['SERVICE#GENERAL', 'SERVICE#GENERAL', 'FOOD#QUALITY']","['Service', 'Service', 'Food']","['negative', 'negative', 'negative']","['staff', 'staff', None]","[False, False, True]",3,True,False
acos_train_01065,acos,train,would never go back,['RESTAURANT#GENERAL'],['General'],['negative'],[None],[True],1,True,False
acos_train_01066,acos,train,i was n ' t here for the pizza so i ca n ' t comment on that yet but what i had was very good .,['FOOD#QUALITY'],['Food'],['positive'],[None],[True],1,True,False
acos_train_01067,acos,train,everyone was smiling so that made me feel welcome .,['SERVICE#GENERAL'],['Service'],['positive'],[None],[True],1,True,False
acos_train_01068,acos,train,i ordered the vitello alla marsala and i was pretty impressed .,['FOOD#QUALITY'],['Food'],['positive'],['vitello alla marsala'],[False],1,False,False
acos_train_01069,acos,train,the veal and the mushrooms were cooked perfectly .,"['FOOD#QUALITY', 'FOOD#QUALITY']","['Food', 'Food']","['positive', 'positive']","['veal', 'mushrooms']","[False, False]",2,False,False
acos_train_01070,acos,train,the potato balls were not dry at all . . . in fact it was buttery .,"['FOOD#QUALITY', 'FOOD#QUALITY']","['Food', 'Food']","['positive', 'positive']","['potato balls', 'potato balls']","[False, False]",2,False,False
acos_train_01071,acos,train,the only downside . . . they only take cash which is ok if you know about it ahead of time .,['RESTAURANT#MISCELLANEOUS'],['General'],['negative'],[None],[True],1,True,False
acos_train_01072,acos,train,i ' ll be back for sure .,['RESTAURANT#GENERAL'],['General'],['positive'],[None],[True],1,True,False
acos_train_01073,acos,train,worst place on smith street in brooklyn,['RESTAURANT#GENERAL'],['General'],['negative'],['place'],[False],1,False,False
acos_train_01074,acos,train,"very immature bartender , didnt know how to make specific drinks , service was so slowwwww , the food was not fresh or warm , waitresses were busy flirting with men at the bar and werent very attentive to all the customers .","['SERVICE#GENERAL', 'SERVICE#GENERAL', 'FOOD#QUALITY', 'SERVICE#GENERAL']","['Service', 'Service', 'Food', 'Service']","['negative', 'negative', 'negative', 'negative']","['bartender', 'service', 'food', 'waitresses']","[False, False, False, False]",4,False,False
acos_train_01075,acos,train,i would never recommend this place to anybody even for a casual dinner .,"['RESTAURANT#GENERAL', 'RESTAURANT#MISCELLANEOUS']","['General', 'General']","['negative', 'negative']","['place', 'place']","[False, False]",2,False,False
acos_train_01076,acos,train,awesome,['RESTAURANT#GENERAL'],['General'],['positive'],[None],[True],1,True,False
acos_train_01077,acos,train,the food is always fresh . . .,['FOOD#QUALITY'],['Food'],['positive'],['food'],[False],1,False,False
acos_train_01078,acos,train,overpriced japanese food with mediocre service,"['FOOD#PRICES', 'SERVICE#GENERAL']","['Price', 'Service']","['negative', 'neutral']","['japanese food', 'service']","[False, False]",2,False,True
acos_train_01079,acos,train,went here on sat 1 / 26 and was disappointed .,['RESTAURANT#GENERAL'],['General'],['negative'],[None],[True],1,True,False
acos_train_01080,acos,train,food was luke warm .,['FOOD#QUALITY'],['Food'],['negative'],['food'],[False],1,False,False
acos_train_01081,acos,train,i was looking for banana tempura for dessert and they dont have .,['FOOD#STYLE_OPTIONS'],['Food'],['negative'],['dessert'],[False],1,False,False
acos_train_01082,acos,train,not because you are ` ` the four seasons ` ` . . . – you are allowed to charge an arm and a leg for a romatic dinner .,['RESTAURANT#PRICES'],['Price'],['negative'],['the four seasons'],[False],1,False,False
acos_train_01083,acos,train,"the food was excellent as well as service , however , i left the four seasons very dissappointed .","['FOOD#QUALITY', 'SERVICE#GENERAL', 'RESTAURANT#GENERAL']","['Food', 'Service', 'General']","['positive', 'positive', 'negative']","['food', 'service', 'the four seasons']","[False, False, False]",3,False,True
acos_train_01084,acos,train,i do not think dinner in manhattan should cost $ 400 . 00 where i am not swept off my feet .,['FOOD#PRICES'],['Price'],['negative'],['dinner'],[False],1,False,False
acos_train_01085,acos,train,"red dragon roll - my favorite thing to eat , of any food group - hands down",['FOOD#QUALITY'],['Food'],['positive'],['red dragon roll'],[False],1,False,False
acos_train_01086,acos,train,"if you do n ' t like it , i do n ' t know what to tell you .",['FOOD#QUALITY'],['Food'],['positive'],[None],[True],1,True,False
acos_train_01087,acos,train,the seafood dynamite is also otherworldly .,['FOOD#QUALITY'],['Food'],['positive'],['seafood dynamite'],[False],1,False,False
acos_train_01088,acos,train,i ' m not even going to bother to describe it ; it speaks for itself .,['FOOD#QUALITY'],['Food'],['positive'],[None],[True],1,True,False
acos_train_01089,acos,train,"an unpretentious spot in park slope , the sushi is consistently good , the service is pleasant , effective and unassuming .","['AMBIENCE#GENERAL', 'FOOD#QUALITY', 'SERVICE#GENERAL', 'SERVICE#GENERAL', 'SERVICE#GENERAL']","['Ambience', 'Food', 'Service', 'Service', 'Service']","['positive', 'positive', 'positive', 'positive', 'positive']","['spot', 'sushi', 'service', 'service', 'service']","[False, False, False, False, False]",5,False,False
acos_train_01090,acos,train,"in the summer months , the back garden area is really nice .",['AMBIENCE#GENERAL'],['Ambience'],['positive'],['back garden area'],[False],1,False,False
acos_train_01091,acos,train,"the dancing , white river and millenium rolls are musts .",['FOOD#QUALITY'],['Food'],['positive'],"['dancing , white river and millenium rolls']",[False],1,False,False
acos_train_01092,acos,train,so good,['RESTAURANT#GENERAL'],['General'],['positive'],[None],[True],1,True,False
acos_train_01093,acos,train,i can eat here every day of the week really lol love this place . . . ),['RESTAURANT#GENERAL'],['General'],['positive'],['place'],[False],1,False,False
acos_train_01094,acos,train,gross food – wow -,['FOOD#QUALITY'],['Food'],['negative'],['food'],[False],1,False,False
acos_train_01095,acos,train,i ca n ' t remember the last time i had such gross food in new york .,['FOOD#QUALITY'],['Food'],['negative'],['food'],[False],1,False,False
acos_train_01096,acos,train,and $ 11 for a plate of bland guacamole ?,"['FOOD#QUALITY', 'FOOD#PRICES']","['Food', 'Price']","['negative', 'negative']","['guacamole', 'guacamole']","[False, False]",2,False,False
acos_train_01097,acos,train,"do n ' t get me started on the margaritas , either .",['DRINKS#QUALITY'],['Food'],['negative'],['margaritas'],[False],1,False,False
acos_train_01098,acos,train,mine tasted like the bartender had forgotten to add the tequila .,['DRINKS#QUALITY'],['Food'],['negative'],[None],[True],1,True,False
acos_train_01099,acos,train,"oh , and i never write reviews - - i just was so moved by how bad this place was , i felt it was my duty to spread the word .",['RESTAURANT#GENERAL'],['General'],['negative'],['place'],[False],1,False,False
acos_train_01100,acos,train,great indian food !,['FOOD#QUALITY'],['Food'],['positive'],['indian food'],[False],1,False,False
acos_train_01101,acos,train,when i got there the place was packed but they made sure to seat me quickly .,['SERVICE#GENERAL'],['Service'],['positive'],[None],[True],1,True,False
acos_train_01102,acos,train,"the food was good , the place was clean and affordable .","['FOOD#QUALITY', 'AMBIENCE#GENERAL', 'RESTAURANT#PRICES']","['Food', 'Ambience', 'Price']","['positive', 'positive', 'positive']","['food', 'place', 'place']","[False, False, False]",3,False,False
acos_train_01103,acos,train,i noticed alot of indian people eatting there which is a great sign for an indian place !,['RESTAURANT#MISCELLANEOUS'],['General'],['positive'],['indian place'],[False],1,False,False
acos_train_01104,acos,train,"this is one of my favorite spot , very relaxing the food is great all the times , celebrated my engagement and my wedding here , it was very well organized .","['FOOD#QUALITY', 'RESTAURANT#GENERAL', 'AMBIENCE#GENERAL']","['Food', 'General', 'Ambience']","['positive', 'positive', 'positive']","['food', None, None]","[False, True, True]",3,True,False
acos_train_01105,acos,train,the staff is very good .,['SERVICE#GENERAL'],['Service'],['positive'],['staff'],[False],1,False,False
acos_train_01106,acos,train,love their drink menu .,['DRINKS#STYLE_OPTIONS'],['Food'],['positive'],['drink menu'],[False],1,False,False
acos_train_01107,acos,train,i highly recommend this beautiful place .,"['AMBIENCE#GENERAL', 'AMBIENCE#GENERAL', 'RESTAURANT#GENERAL', 'RESTAURANT#GENERAL']","['Ambience', 'Ambience', 'General', 'General']","['positive', 'positive', 'positive', 'positive']","['place', 'place', 'place', 'place']","[False, False, False, False]",4,False,False
acos_train_01108,acos,train,nice for one time special occasion .,['RESTAURANT#MISCELLANEOUS'],['General'],['positive'],[None],[True],1,True,False
acos_train_01109,acos,train,they honored reservation on sunday afternoon very well .,['SERVICE#GENERAL'],['Service'],['positive'],[None],[True],1,True,False
acos_train_01110,acos,train,we were offered water for the table but were not told the voss bottles of water were $ 8 a piece .,['DRINKS#PRICES'],['Price'],['negative'],['voss bottles of water'],[False],1,False,False
acos_train_01111,acos,train,food was ok .,['FOOD#QUALITY'],['Food'],['neutral'],['food'],[False],1,False,False
acos_train_01112,acos,train,nice view of river and nyc .,['LOCATION#GENERAL'],['General'],['positive'],['view of river and nyc'],[False],1,False,False
acos_train_01113,acos,train,i come here enjoy very much with husband .,['RESTAURANT#GENERAL'],['General'],['positive'],[None],[True],1,True,False
acos_train_01114,acos,train,remind me of home .,['RESTAURANT#MISCELLANEOUS'],['General'],['positive'],[None],[True],1,True,False
acos_train_01115,acos,train,great survice,['SERVICE#GENERAL'],['Service'],['positive'],['survice'],[False],1,False,False
acos_train_01116,acos,train,mmmmmmmmmmmmmmm so delicious,['FOOD#QUALITY'],['Food'],['positive'],[None],[True],1,True,False
acos_train_01117,acos,train,a beautifully designed dreamy egyptian restaurant that gets sceney at night .,"['AMBIENCE#GENERAL', 'AMBIENCE#GENERAL']","['Ambience', 'Ambience']","['positive', 'positive']","['egyptian restaurant', 'egyptian restaurant']","[False, False]",2,False,False
acos_train_01118,acos,train,watch the talented belly dancers as you enjoy delicious baba ganoush that ' s more lemony than smoky .,"['FOOD#QUALITY', 'AMBIENCE#GENERAL']","['Food', 'Ambience']","['positive', 'positive']","['baba ganoush', 'belly dancers']","[False, False]",2,False,False
acos_train_01119,acos,train,"oh , and there ' s hookah .",['AMBIENCE#GENERAL'],['Ambience'],['positive'],['hookah'],[False],1,False,False
acos_train_01120,acos,train,raymond the bartender rocks !,['SERVICE#GENERAL'],['Service'],['positive'],['raymond'],[False],1,False,False
acos_train_01121,acos,train,pacifico is a great place to casually hang out .,['RESTAURANT#MISCELLANEOUS'],['General'],['positive'],['pacifico'],[False],1,False,False
acos_train_01122,acos,train,"the drinks are great , especially when made by raymond .","['DRINKS#QUALITY', 'SERVICE#GENERAL']","['Food', 'Service']","['positive', 'positive']","['drinks', 'raymond']","[False, False]",2,False,False
acos_train_01123,acos,train,the omlette for brunch is great . . .,['FOOD#QUALITY'],['Food'],['positive'],['omlette for brunch'],[False],1,False,False
acos_train_01124,acos,train,"quacamole at pacifico is yummy , as are the wings with chimmichuri .","['FOOD#QUALITY', 'FOOD#QUALITY']","['Food', 'Food']","['positive', 'positive']","['quacamole', 'wings with chimmichuri']","[False, False]",2,False,False
acos_train_01125,acos,train,a weakness is the chicken in the salads .,['FOOD#QUALITY'],['Food'],['negative'],['chicken in the salads'],[False],1,False,False
acos_train_01126,acos,train,"it ' s just average , just shredded , no seasoning on it .",['FOOD#QUALITY'],['Food'],['negative'],[None],[True],1,True,False
acos_train_01127,acos,train,"also , i personally was n ' t a fan of the portobello and asparagus mole .",['FOOD#QUALITY'],['Food'],['negative'],['portobello and asparagus mole'],[False],1,False,False
acos_train_01128,acos,train,"overall , decent food at a good price , with friendly people .","['FOOD#QUALITY', 'SERVICE#GENERAL']","['Food', 'Service']","['positive', 'positive']","['food', 'people']","[False, False]",2,False,False
acos_train_01129,acos,train,best indian restaurant in the city,['RESTAURANT#GENERAL'],['General'],['positive'],['indian restaurant'],[False],1,False,False
acos_train_01130,acos,train,this small astoria souvlaki spot makes what many consider the best gyros in new york .,['FOOD#QUALITY'],['Food'],['positive'],['gyros'],[False],1,False,False
acos_train_01131,acos,train,"what really makes it shine is the food , which is aggressively seasoned with cyrpriot spices , and all made in - house ( even the gyro meat and sausages ) , and made of much higher quality ingredients that might otherwise be expected .","['FOOD#QUALITY', 'FOOD#QUALITY', 'FOOD#QUALITY', 'FOOD#QUALITY']","['Food', 'Food', 'Food', 'Food']","['positive', 'positive', 'positive', 'positive']","['food', 'gyro meat', 'sausages', 'ingredients']","[False, False, False, False]",4,False,False
acos_train_01132,acos,train,"all the various greek and cypriot dishes are excellent , but the gyro is the reason to come - - if you do n ' t eat one your trip was wasted .","['FOOD#QUALITY', 'FOOD#QUALITY']","['Food', 'Food']","['positive', 'positive']","['greek and cypriot dishes', 'gyro']","[False, False]",2,False,False
acos_train_01133,acos,train,best restaurant in brooklyn,['RESTAURANT#GENERAL'],['General'],['positive'],['restaurant'],[False],1,False,False
acos_train_01134,acos,train,the best !,['RESTAURANT#GENERAL'],['General'],['positive'],[None],[True],1,True,False
acos_train_01135,acos,train,"great food , amazing service , this place is a class act .","['FOOD#QUALITY', 'SERVICE#GENERAL', 'RESTAURANT#GENERAL']","['Food', 'Service', 'General']","['positive', 'positive', 'positive']","['food', 'service', 'place']","[False, False, False]",3,False,False
acos_train_01136,acos,train,the veal was incredible last night .,['FOOD#QUALITY'],['Food'],['positive'],['veal'],[False],1,False,False
acos_train_01137,acos,train,"fresh , mind blowing flavors .","['FOOD#QUALITY', 'FOOD#QUALITY']","['Food', 'Food']","['positive', 'positive']","[None, None]","[True, True]",2,True,False
acos_train_01138,acos,train,this place is a must visit !,['RESTAURANT#GENERAL'],['General'],['positive'],['place'],[False],1,False,False
acos_train_01139,acos,train,"delicious , creative and fun .","['FOOD#QUALITY', 'FOOD#STYLE_OPTIONS', 'FOOD#STYLE_OPTIONS']","['Food', 'Food', 'Food']","['positive', 'positive', 'positive']","[None, None, None]","[True, True, True]",3,True,False
acos_train_01140,acos,train,got a date ? go here !,['RESTAURANT#GENERAL'],['General'],['positive'],[None],[True],1,True,False
acos_train_01141,acos,train,every time i have a special occasion with my boyfriend i have a hard time going anywhere else .,['RESTAURANT#MISCELLANEOUS'],['General'],['positive'],[None],[True],1,True,False
acos_train_01142,acos,train,it is so romantic .,['AMBIENCE#GENERAL'],['Ambience'],['positive'],[None],[True],1,True,False
acos_train_01143,acos,train,"its dark , and cozy . . there is always jazz music playing when we go .","['AMBIENCE#GENERAL', 'AMBIENCE#GENERAL']","['Ambience', 'Ambience']","['positive', 'positive']","[None, None]","[True, True]",2,True,False
acos_train_01144,acos,train,most of the booths allow you to sit next to eachother without looking like ' that ' couple .,['AMBIENCE#GENERAL'],['Ambience'],['positive'],['booths'],[False],1,False,False
acos_train_01145,acos,train,the food is all shared so we get to order together and eat together .,['FOOD#STYLE_OPTIONS'],['Food'],['positive'],['food'],[False],1,False,False
acos_train_01146,acos,train,i ' ve enjoyed 99 % of the dishes we ' ve ordered with the only exceptions being the occasional too - authentic - for - me dish ( i ' m a daring eater but not that daring ) .,"['FOOD#QUALITY', 'FOOD#QUALITY']","['Food', 'Food']","['positive', 'negative']","['dishes', 'dish']","[False, False]",2,False,True
acos_train_01147,acos,train,once you try it for a special occasion beware . . you ca n ' t stop !,['RESTAURANT#MISCELLANEOUS'],['General'],['positive'],[None],[True],1,True,False
acos_train_01148,acos,train,"you ' ll be there for every anniversary , birthday , valentines day . . .",['RESTAURANT#MISCELLANEOUS'],['General'],['positive'],[None],[True],1,True,False
acos_train_01149,acos,train,for a fabulous wedding !,['RESTAURANT#MISCELLANEOUS'],['General'],['positive'],[None],[True],1,True,False
acos_train_01150,acos,train,everyone raved about the atmosphere ( elegant rooms and absolutely incomparable views ) and the fabulous food !,"['AMBIENCE#GENERAL', 'AMBIENCE#GENERAL', 'LOCATION#GENERAL', 'FOOD#QUALITY']","['Ambience', 'Ambience', 'General', 'Food']","['positive', 'positive', 'positive', 'positive']","['atmosphere', 'rooms', 'views', 'food']","[False, False, False, False]",4,False,False
acos_train_01151,acos,train,service was wonderful ;,['SERVICE#GENERAL'],['Service'],['positive'],['service'],[False],1,False,False
acos_train_01152,acos,train,everyone was cheerfully cooperative and helpful .,"['SERVICE#GENERAL', 'SERVICE#GENERAL']","['Service', 'Service']","['positive', 'positive']","[None, None]","[True, True]",2,True,False
acos_train_01153,acos,train,"paul , the maitre d ' , was totally professional and always on top of things .",['SERVICE#GENERAL'],['Service'],['positive'],['paul'],[False],1,False,False
acos_train_01154,acos,train,thank you everyone at water ' s edge .,['RESTAURANT#GENERAL'],['General'],['positive'],"[""water ' s edge""]",[False],1,False,False
acos_train_01155,acos,train,would not go back .,['RESTAURANT#GENERAL'],['General'],['negative'],[None],[True],1,True,False
acos_train_01156,acos,train,"service ok but unfriendly , filthy bathroom .","['SERVICE#GENERAL', 'SERVICE#GENERAL', 'AMBIENCE#GENERAL']","['Service', 'Service', 'Ambience']","['negative', 'negative', 'negative']","['service', 'service', 'bathroom']","[False, False, False]",3,False,False
acos_train_01157,acos,train,"the bar drinks were eh , ok to say the least .",['DRINKS#QUALITY'],['Food'],['negative'],['bar drinks'],[False],1,False,False
acos_train_01158,acos,train,the stuff tilapia was horrid . . . tasted like cardboard .,['FOOD#QUALITY'],['Food'],['negative'],['stuff tilapia'],[False],1,False,False
acos_train_01159,acos,train,"we thought the dessert would be better , wrong !",['FOOD#QUALITY'],['Food'],['negative'],['dessert'],[False],1,False,False
acos_train_01160,acos,train,$ 170 down the toilet . . .,"['RESTAURANT#GENERAL', 'RESTAURANT#PRICES']","['General', 'Price']","['negative', 'negative']","[None, None]","[True, True]",2,True,False
acos_train_01161,acos,train,"oh speaking of bathroom , the mens bathroom was disgusting .",['AMBIENCE#GENERAL'],['Ambience'],['negative'],['mens bathroom'],[False],1,False,False
acos_train_01162,acos,train,"the floor was wet , the trash can filled with hand towels n all over the floor , no soap , and no hand towels left .",['AMBIENCE#GENERAL'],['Ambience'],['negative'],[None],[True],1,True,False
acos_train_01163,acos,train,good experience,['RESTAURANT#GENERAL'],['General'],['positive'],[None],[True],1,True,False
acos_train_01164,acos,train,the wine list was extensive - though the staff did not seem knowledgeable about wine pairings .,"['DRINKS#STYLE_OPTIONS', 'SERVICE#GENERAL']","['Food', 'Service']","['positive', 'negative']","['wine list', 'staff']","[False, False]",2,False,True
acos_train_01165,acos,train,the bread we received was horrible - rock hard and cold - and the ` ` free ' ' appetizer of olives was disappointing .,"['FOOD#QUALITY', 'FOOD#QUALITY', 'FOOD#QUALITY', 'FOOD#QUALITY']","['Food', 'Food', 'Food', 'Food']","['negative', 'negative', 'negative', 'neutral']","['bread', 'bread', 'bread', 'appetizer of olives']","[False, False, False, False]",4,False,True
acos_train_01166,acos,train,"however , our main course was wonderful .",['FOOD#QUALITY'],['Food'],['positive'],['main course'],[False],1,False,False
acos_train_01167,acos,train,i had fish and my husband had the filet - both of which exceeded our expectations .,"['FOOD#QUALITY', 'FOOD#QUALITY']","['Food', 'Food']","['positive', 'positive']","['fish', 'filet']","[False, False]",2,False,False
acos_train_01168,acos,train,"the dessert ( we had a pear torte ) was good - but , once again , the staff was unable to provide appropriate drink suggestions .","['FOOD#QUALITY', 'SERVICE#GENERAL']","['Food', 'Service']","['positive', 'negative']","['pear torte', 'staff']","[False, False]",2,False,True
acos_train_01169,acos,train,when we inquired about ports - the waitress listed off several but did not know taste variations or cost .,['SERVICE#GENERAL'],['Service'],['negative'],['waitress'],[False],1,False,False
acos_train_01170,acos,train,"all in all , i would return - as it was a beautiful restaurant - but i hope the staff pays more attention to the little details in the future .","['RESTAURANT#GENERAL', 'AMBIENCE#GENERAL', 'SERVICE#GENERAL']","['General', 'Ambience', 'Service']","['positive', 'positive', 'negative']","['restaurant', 'restaurant', 'staff']","[False, False, False]",3,False,True
acos_train_01171,acos,train,"short and sweet – seating is great : it ' s romantic , cozy and private .","['AMBIENCE#GENERAL', 'AMBIENCE#GENERAL', 'AMBIENCE#GENERAL', 'AMBIENCE#GENERAL', 'AMBIENCE#GENERAL', 'AMBIENCE#GENERAL']","['Ambience', 'Ambience', 'Ambience', 'Ambience', 'Ambience', 'Ambience']","['positive', 'positive', 'positive', 'positive', 'positive', 'positive']","['seating', 'seating', 'seating', 'seating', 'seating', 'seating']","[False, False, False, False, False, False]",6,False,False
acos_train_01172,acos,train,the boths are not as small as some of the reviews make them out to look they ' re perfect for 2 people .,"['AMBIENCE#GENERAL', 'AMBIENCE#GENERAL']","['Ambience', 'Ambience']","['positive', 'positive']","['boths', 'boths']","[False, False]",2,False,False
acos_train_01173,acos,train,the service was extremely fast and attentive ( thanks to the service button on your table ) but i barely understood 1 word when the waiter took our order .,"['SERVICE#GENERAL', 'SERVICE#GENERAL', 'SERVICE#GENERAL', 'SERVICE#GENERAL']","['Service', 'Service', 'Service', 'Service']","['positive', 'positive', 'positive', 'negative']","['service', 'service', 'service button', 'waiter']","[False, False, False, False]",4,False,True
acos_train_01174,acos,train,over all the looks of the place exceeds the actual meals .,"['AMBIENCE#GENERAL', 'FOOD#QUALITY']","['Ambience', 'Food']","['positive', 'negative']","['looks', 'meals']","[False, False]",2,False,True
acos_train_01175,acos,train,so what you really end up paying for is the restaurant not the food .,"['RESTAURANT#PRICES', 'AMBIENCE#GENERAL', 'FOOD#QUALITY']","['Price', 'Ambience', 'Food']","['negative', 'neutral', 'negative']","['restaurant', 'restaurant', 'food']","[False, False, False]",3,False,True
acos_train_01176,acos,train,will prob . not return but it is a great dinning experience to try at least once .,"['RESTAURANT#GENERAL', 'RESTAURANT#GENERAL']","['General', 'General']","['negative', 'positive']","[None, None]","[True, True]",2,True,True
acos_train_01177,acos,train,noodle pudding is exactly the type of service and food i enjoy .,"['SERVICE#GENERAL', 'FOOD#QUALITY']","['Service', 'Food']","['positive', 'positive']","['service', 'food']","[False, False]",2,False,False
acos_train_01178,acos,train,"servers are all different , greg is my favorite .",['SERVICE#GENERAL'],['Service'],['positive'],['greg'],[False],1,False,False
acos_train_01179,acos,train,"sometimes tables do n ' t understand his sense of humor but it ' s refreshing to have a server who has personality , professionalism , and respects the privacy of your dinner .",['SERVICE#GENERAL'],['Service'],['positive'],['server'],[False],1,False,False
acos_train_01180,acos,train,this is the first place i ' ve been that a runner remembers my order . . . hope he likes his job because i have half a mind to steal him for my restaurant .,['SERVICE#GENERAL'],['Service'],['positive'],['runner'],[False],1,False,False
acos_train_01181,acos,train,prices are fair across the board for both food and bev .,"['FOOD#PRICES', 'DRINKS#PRICES']","['Price', 'Price']","['positive', 'positive']","['food', 'bev']","[False, False]",2,False,False
acos_train_01182,acos,train,"i go out to eat and like my courses , servers are patient and never rush courses or force another drink .",['SERVICE#GENERAL'],['Service'],['positive'],['servers'],[False],1,False,False
acos_train_01183,acos,train,amazing fresh dogs but best of all endless toppings ! ! !,"['FOOD#QUALITY', 'FOOD#QUALITY', 'FOOD#STYLE_OPTIONS', 'FOOD#STYLE_OPTIONS']","['Food', 'Food', 'Food', 'Food']","['positive', 'positive', 'positive', 'positive']","['dogs', 'dogs', 'toppings', 'toppings']","[False, False, False, False]",4,False,False
acos_train_01184,acos,train,this place had all the trimmings and i mean all .,['FOOD#STYLE_OPTIONS'],['Food'],['positive'],['trimmings'],[False],1,False,False
acos_train_01185,acos,train,"peppers , onions , relish , chilli , cheeses , you name it .",['FOOD#STYLE_OPTIONS'],['Food'],['positive'],[None],[True],1,True,False
acos_train_01186,acos,train,amazing fun for hot dog lovers of all ages please do yourself a favor and check this place out ! ! ! !,"['FOOD#QUALITY', 'RESTAURANT#GENERAL']","['Food', 'General']","['positive', 'positive']","['hot dog', 'place']","[False, False]",2,False,False
acos_train_01187,acos,train,best dining experience in the west village !,['RESTAURANT#GENERAL'],['General'],['positive'],[None],[True],1,True,False
acos_train_01188,acos,train,stepping into casa la femme last night was a true experience unlike any other in new york !,['RESTAURANT#GENERAL'],['General'],['positive'],['casa la femme'],[False],1,False,False
acos_train_01189,acos,train,highly impressed from the decor to the food to the hospitality to the great night i had !,"['AMBIENCE#GENERAL', 'FOOD#QUALITY', 'SERVICE#GENERAL', 'RESTAURANT#GENERAL']","['Ambience', 'Food', 'Service', 'General']","['positive', 'positive', 'positive', 'positive']","['decor', 'food', None, None]","[False, False, True, True]",4,True,False
acos_train_01190,acos,train,the have a great cocktail with citrus vodka and lemon and lime juice and mint leaves that is to die for !,['DRINKS#QUALITY'],['Food'],['positive'],['cocktail with citrus vodka and lemon and lime juice and mint leaves'],[False],1,False,False
acos_train_01191,acos,train,we were drawn into the belly dancing show that captivated the crowd .,['AMBIENCE#GENERAL'],['Ambience'],['positive'],['belly dancing show'],[False],1,False,False
acos_train_01192,acos,train,i never write on these sites but this restaurant is def worth commending !,['RESTAURANT#GENERAL'],['General'],['positive'],['restaurant'],[False],1,False,False
acos_train_01193,acos,train,maggot in the food !,['FOOD#QUALITY'],['Food'],['negative'],['food'],[False],1,False,False
acos_train_01194,acos,train,"the menu looked great , and the waiter was very nice , but when the food came , it was average .","['FOOD#STYLE_OPTIONS', 'SERVICE#GENERAL', 'FOOD#QUALITY']","['Food', 'Service', 'Food']","['positive', 'positive', 'neutral']","['menu', 'waiter', 'food']","[False, False, False]",3,False,True
acos_train_01195,acos,train,"nevertheless , i finished my plate , and that ' s when i found a maggot in mushroom sauce at the bottom .",['FOOD#QUALITY'],['Food'],['negative'],['mushroom sauce'],[False],1,False,False
acos_train_01196,acos,train,"i showed it to the manager , and he smilingly apologized and brought us two free desserts ( but did not ask us what we wanted and so brought the last two desserts we would have asked for ) .","['SERVICE#GENERAL', 'SERVICE#GENERAL']","['Service', 'Service']","['negative', 'positive']","['manager', 'manager']","[False, False]",2,False,True
acos_train_01197,acos,train,"the manager finally said he would com # # p the two glasses of wine ( which cost less than the food ) , and made it seem like a big concession .",['SERVICE#GENERAL'],['Service'],['negative'],['manager'],[False],1,False,False
acos_train_01198,acos,train,we paid and left because we did n ' t feel like arguing any more .,['SERVICE#GENERAL'],['Service'],['negative'],[None],[True],1,True,False
acos_train_01199,acos,train,"i have worked in restaurants and cook a lot , and there is no way a maggot should be able to get into well prepared food .",['FOOD#QUALITY'],['Food'],['negative'],['food'],[False],1,False,False
acos_train_01200,acos,train,"for a restaurant with such a good reputation and that is usually so packed , there was no reason for such a lack of intelligent customer service .","['RESTAURANT#MISCELLANEOUS', 'SERVICE#GENERAL']","['General', 'Service']","['positive', 'negative']","['restaurant', 'customer service']","[False, False]",2,False,True
acos_train_01201,acos,train,unhygienic,['FOOD#QUALITY'],['Food'],['negative'],[None],[True],1,True,False
acos_train_01202,acos,train,i do not recommend .,['RESTAURANT#GENERAL'],['General'],['negative'],[None],[True],1,True,False
acos_train_01203,acos,train,i got hair in my food 2 times of then !,['FOOD#QUALITY'],['Food'],['negative'],['food'],[False],1,False,False
acos_train_01204,acos,train,"great place , great value .","['RESTAURANT#GENERAL', 'RESTAURANT#PRICES']","['General', 'Price']","['positive', 'positive']","['place', 'place']","[False, False]",2,False,False
acos_train_01205,acos,train,"the food is flavorful , plentiful and reasonably priced .","['FOOD#QUALITY', 'FOOD#STYLE_OPTIONS', 'FOOD#PRICES']","['Food', 'Food', 'Price']","['positive', 'positive', 'positive']","['food', 'food', 'food']","[False, False, False]",3,False,False
acos_train_01206,acos,train,the atmosphere is relaxed and casual .,"['AMBIENCE#GENERAL', 'AMBIENCE#GENERAL']","['Ambience', 'Ambience']","['positive', 'positive']","['atmosphere', 'atmosphere']","[False, False]",2,False,False
acos_train_01207,acos,train,it ' s a great place to order from or sit - in .,['RESTAURANT#MISCELLANEOUS'],['General'],['positive'],['place'],[False],1,False,False
acos_train_01208,acos,train,awesome,['RESTAURANT#GENERAL'],['General'],['positive'],[None],[True],1,True,False
acos_train_01209,acos,train,"inexpensive , unassuming , great time !","['RESTAURANT#PRICES', 'AMBIENCE#GENERAL', 'RESTAURANT#GENERAL']","['Price', 'Ambience', 'General']","['positive', 'positive', 'positive']","[None, None, None]","[True, True, True]",3,True,False
acos_train_01210,acos,train,sushi experience was unbelievable with my fiance .,['FOOD#QUALITY'],['Food'],['positive'],['sushi'],[False],1,False,False
acos_train_01211,acos,train,try it !,['RESTAURANT#GENERAL'],['General'],['positive'],[None],[True],1,True,False
acos_train_01212,acos,train,very pleased,['RESTAURANT#GENERAL'],['General'],['positive'],[None],[True],1,True,False
acos_train_01213,acos,train,good creative rolls !,"['FOOD#QUALITY', 'FOOD#STYLE_OPTIONS']","['Food', 'Food']","['positive', 'positive']","['rolls', 'rolls']","[False, False]",2,False,False
acos_train_01214,acos,train,"yamato is an excellent place to go if youre not into sashimi , or if you have friends who doesnt like sushi much .",['RESTAURANT#MISCELLANEOUS'],['General'],['positive'],['yamato'],[False],1,False,False
acos_train_01215,acos,train,"they have great rolls , the triple color and norwegetan rolls , are awesome and filling .","['FOOD#QUALITY', 'FOOD#QUALITY', 'FOOD#STYLE_OPTIONS']","['Food', 'Food', 'Food']","['positive', 'positive', 'positive']","['rolls', 'triple color and norwegetan rolls', 'triple color and norwegetan rolls']","[False, False, False]",3,False,False
acos_train_01216,acos,train,"one special roll and one regular roll is enough to fill you up , but save room for dessert !","['FOOD#QUALITY', 'FOOD#STYLE_OPTIONS', 'FOOD#STYLE_OPTIONS']","['Food', 'Food', 'Food']","['positive', 'positive', 'positive']","['dessert', 'special roll', 'regular roll']","[False, False, False]",3,False,False
acos_train_01217,acos,train,"they have a delicious banana chocolate dessert , as well as a great green tea tempura .","['FOOD#QUALITY', 'FOOD#QUALITY']","['Food', 'Food']","['positive', 'positive']","['banana chocolate dessert', 'green tea tempura']","[False, False]",2,False,False
acos_train_01218,acos,train,the appetizers are also delicious !,['FOOD#QUALITY'],['Food'],['positive'],['appetizers'],[False],1,False,False
acos_train_01219,acos,train,mazing interior .,['AMBIENCE#GENERAL'],['Ambience'],['negative'],['interior'],[False],1,False,False
acos_train_01220,acos,train,great food !,['FOOD#QUALITY'],['Food'],['positive'],['food'],[False],1,False,False
acos_train_01221,acos,train,i ' ve had my fair share of modern japanese and this spot delivers .,['FOOD#QUALITY'],['Food'],['positive'],['modern japanese'],[False],1,False,False
acos_train_01222,acos,train,"the atmosphere was pretty nice but had a bit lacking , which it tries to make up for with a crazy scheme of mirrors .","['AMBIENCE#GENERAL', 'AMBIENCE#GENERAL', 'AMBIENCE#GENERAL']","['Ambience', 'Ambience', 'Ambience']","['positive', 'negative', 'negative']","['atmosphere', 'atmosphere', 'scheme of mirrors']","[False, False, False]",3,False,True
acos_train_01223,acos,train,"if you ' re into being lost when you ' re just five feet from your table then hey , that ' s a good thing .",['AMBIENCE#GENERAL'],['Ambience'],['negative'],[None],[True],1,True,False
acos_train_01224,acos,train,despite the confusing mirrors this will likely be my go - to for modern japanese food for the foreseeable future .,"['FOOD#QUALITY', 'AMBIENCE#GENERAL']","['Food', 'Ambience']","['positive', 'negative']","['modern japanese food', 'mirrors']","[False, False]",2,False,True
acos_train_01225,acos,train,"indo chinese food , pretty good . . .",['FOOD#QUALITY'],['Food'],['positive'],['indo chinese food'],[False],1,False,False
acos_train_01226,acos,train,not a very fancy place but very good chinese style indian food .,"['AMBIENCE#GENERAL', 'FOOD#QUALITY']","['Ambience', 'Food']","['neutral', 'positive']","['place', 'chinese style indian food']","[False, False]",2,False,True
acos_train_01227,acos,train,"the chicken lollipop is my favorite , most of the dishes ( i have to agree with a previous reviewer ) are quite oily and very spicy , espeically the chilli chicken .","['FOOD#QUALITY', 'FOOD#QUALITY', 'FOOD#QUALITY', 'FOOD#QUALITY', 'FOOD#QUALITY']","['Food', 'Food', 'Food', 'Food', 'Food']","['positive', 'negative', 'negative', 'negative', 'negative']","['chicken lollipop', 'dishes', 'dishes', 'chilli chicken', 'chilli chicken']","[False, False, False, False, False]",5,False,True
acos_train_01228,acos,train,"my mom originally introduced me to this place , but even she ( being indian ) feels the food can be somewhat over the top spicy and far too oily .","['FOOD#QUALITY', 'FOOD#QUALITY']","['Food', 'Food']","['negative', 'negative']","['food', 'food']","[False, False]",2,False,False
acos_train_01229,acos,train,still we keep going back : ),['RESTAURANT#GENERAL'],['General'],['positive'],[None],[True],1,True,False
acos_train_01230,acos,train,i was speechless by the horrible food .,['FOOD#QUALITY'],['Food'],['negative'],['food'],[False],1,False,False
acos_train_01231,acos,train,"i attended a holiday dinner at the restaurant , and the food was majorly disappointing .",['FOOD#QUALITY'],['Food'],['negative'],['food'],[False],1,False,False
acos_train_01232,acos,train,"i was so stunned , and i left the dinner hungry and majorly disappointing .",['RESTAURANT#GENERAL'],['General'],['negative'],[None],[True],1,True,False
acos_train_01233,acos,train,this place survives on reputation alone .,['RESTAURANT#MISCELLANEOUS'],['General'],['negative'],['place'],[False],1,False,False
acos_train_01234,acos,train,i will never return .,['RESTAURANT#GENERAL'],['General'],['negative'],[None],[True],1,True,False
acos_train_01235,acos,train,best in all of nyc,['RESTAURANT#GENERAL'],['General'],['positive'],[None],[True],1,True,False
acos_train_01236,acos,train,"this is the most wonderful restaurant in all of new york city , not just brooklyn . . .",['RESTAURANT#GENERAL'],['General'],['positive'],['restaurant'],[False],1,False,False
acos_train_01237,acos,train,"for 7 years they have put out the most tasty , most delicious food and kept it that way . . .","['FOOD#QUALITY', 'FOOD#QUALITY']","['Food', 'Food']","['positive', 'positive']","['food', 'food']","[False, False]",2,False,False
acos_train_01238,acos,train,"never swaying , never a bad meal , never bad service . . .","['FOOD#QUALITY', 'SERVICE#GENERAL', 'RESTAURANT#GENERAL']","['Food', 'Service', 'General']","['positive', 'positive', 'positive']","['meal', 'service', None]","[False, False, True]",3,True,False
acos_train_01239,acos,train,you should travel from the bronx to try it . . .,['RESTAURANT#GENERAL'],['General'],['positive'],[None],[True],1,True,False
acos_train_01240,acos,train,"great food , great wine list , great service in a great neighborhood . . .","['FOOD#QUALITY', 'DRINKS#STYLE_OPTIONS', 'SERVICE#GENERAL', 'LOCATION#GENERAL']","['Food', 'Food', 'Service', 'General']","['positive', 'positive', 'positive', 'positive']","['food', 'wine list', 'service', 'neighborhood']","[False, False, False, False]",4,False,False
acos_train_01241,acos,train,so delicious ! ! ! ! ! !,['FOOD#QUALITY'],['Food'],['positive'],[None],[True],1,True,False
acos_train_01242,acos,train,patsy ' s pizza = true love,['RESTAURANT#GENERAL'],['General'],['positive'],"[""patsy ' s pizza""]",[False],1,False,False
acos_train_01243,acos,train,hands down the best pizza on the planet .,['FOOD#QUALITY'],['Food'],['positive'],['pizza'],[False],1,False,False
acos_train_01244,acos,train,"in about 12 minutes , the thing is gone .",['FOOD#QUALITY'],['Food'],['positive'],[None],[True],1,True,False
acos_train_01245,acos,train,the hot dogs were juicy and tender inside and had plenty of crunch and snap on the outside .,"['FOOD#QUALITY', 'FOOD#QUALITY']","['Food', 'Food']","['positive', 'positive']","['hot dogs', 'hot dogs']","[False, False]",2,False,False
acos_train_01246,acos,train,great toppings definitely a place you need to check out for late night munchies or a mid day boost !,"['FOOD#QUALITY', 'RESTAURANT#MISCELLANEOUS']","['Food', 'General']","['positive', 'positive']","['toppings', 'place']","[False, False]",2,False,False
acos_train_01247,acos,train,great taste,['FOOD#QUALITY'],['Food'],['positive'],[None],[True],1,True,False
acos_train_01248,acos,train,"great , original taste .","['FOOD#QUALITY', 'FOOD#QUALITY']","['Food', 'Food']","['positive', 'positive']","[None, None]","[True, True]",2,True,False
acos_train_01249,acos,train,"for me dishes a little oily , but overall dining experience good .","['FOOD#QUALITY', 'RESTAURANT#GENERAL']","['Food', 'General']","['negative', 'positive']","['dishes', None]","[False, True]",2,True,True
acos_train_01250,acos,train,helpful service and average price per dish $ 10 .,"['SERVICE#GENERAL', 'FOOD#PRICES']","['Service', 'Price']","['positive', 'neutral']","['service', 'dish']","[False, False]",2,False,True
acos_train_01251,acos,train,great food,['FOOD#QUALITY'],['Food'],['positive'],['food'],[False],1,False,False
acos_train_01252,acos,train,this place has great indian chinese food .,['FOOD#QUALITY'],['Food'],['positive'],['indian chinese food'],[False],1,False,False
acos_train_01253,acos,train,the flavors are amazing and the value is phenomenal .,"['FOOD#QUALITY', 'FOOD#PRICES']","['Food', 'Price']","['positive', 'positive']","[None, None]","[True, True]",2,True,False
acos_train_01254,acos,train,"be prepared to wait , because the place is pretty tiny .","['RESTAURANT#MISCELLANEOUS', 'AMBIENCE#GENERAL']","['General', 'Ambience']","['negative', 'negative']","['place', 'place']","[False, False]",2,False,False
acos_train_01255,acos,train,"also , they do not take credit card so come with cash !",['RESTAURANT#MISCELLANEOUS'],['General'],['neutral'],[None],[True],1,True,False
acos_train_01256,acos,train,"even though the place is not beautiful , the food speaks for itself .","['AMBIENCE#GENERAL', 'FOOD#QUALITY']","['Ambience', 'Food']","['negative', 'positive']","['place', 'food']","[False, False]",2,False,True
acos_train_01257,acos,train,"best indian chinese in the city , by far !",['FOOD#QUALITY'],['Food'],['positive'],['indian chinese'],[False],1,False,False
acos_train_01258,acos,train,amazing my favorite ! ! !,"['RESTAURANT#GENERAL', 'RESTAURANT#GENERAL']","['General', 'General']","['positive', 'positive']","[None, None]","[True, True]",2,True,False
acos_train_01259,acos,train,"i came across village underground by accident , now i go there all the time .",['RESTAURANT#GENERAL'],['General'],['positive'],['village underground'],[False],1,False,False
acos_train_01260,acos,train,"the service is amazing , i ' ve had different waiters and they were all nice , which is a rare thing in nyc .","['SERVICE#GENERAL', 'SERVICE#GENERAL']","['Service', 'Service']","['positive', 'positive']","['service', 'waiters']","[False, False]",2,False,False
acos_train_01261,acos,train,"the dj is awesome , i have been there for my birthday and a bunch of other times with friends and i keep going back .","['AMBIENCE#GENERAL', 'RESTAURANT#GENERAL']","['Ambience', 'General']","['positive', 'positive']","['dj', None]","[False, True]",2,True,False
acos_train_01262,acos,train,you can get a table without a reservation if you get there early i they do n ' t make you by bottles .,['SERVICE#GENERAL'],['Service'],['positive'],[None],[True],1,True,False
acos_train_01263,acos,train,which lets face it . . . . at times it ' s a good thing .,['SERVICE#GENERAL'],['Service'],['positive'],[None],[True],1,True,False
acos_train_01264,acos,train,in the end you end up with a fair tab and nothing but a great time ! ! !,"['RESTAURANT#PRICES', 'RESTAURANT#GENERAL']","['Price', 'General']","['positive', 'positive']","[None, None]","[True, True]",2,True,False
acos_train_01265,acos,train,highly recommended !,['RESTAURANT#GENERAL'],['General'],['positive'],[None],[True],1,True,False
acos_train_01266,acos,train,"one of the best , if not the best , restaurants in park slope ( and ny in general )",['RESTAURANT#GENERAL'],['General'],['positive'],[None],[True],1,True,False
acos_train_01267,acos,train,everything on the menu is great .,['FOOD#QUALITY'],['Food'],['positive'],['menu'],[False],1,False,False
acos_train_01268,acos,train,this establishment is the real deal .,['RESTAURANT#GENERAL'],['General'],['positive'],['establishment'],[False],1,False,False
acos_train_01269,acos,train,"wish ny had more of these kind of places : intimate , superb food , homey , top notch all the way around , certainly worth the wait .","['FOOD#QUALITY', 'FOOD#QUALITY', 'AMBIENCE#GENERAL', 'RESTAURANT#GENERAL']","['Food', 'Food', 'Ambience', 'General']","['positive', 'positive', 'positive', 'positive']","['food', 'food', None, None]","[False, False, True, True]",4,True,False
acos_train_01270,acos,train,but $ 500 for a dinner for two that did n ' t include wine ?,['FOOD#PRICES'],['Price'],['negative'],['dinner for two'],[False],1,False,False
acos_train_01271,acos,train,"look , the appetizers were really good .",['FOOD#QUALITY'],['Food'],['positive'],['appetizers'],[False],1,False,False
acos_train_01272,acos,train,the entree was also very good .,['FOOD#QUALITY'],['Food'],['positive'],['entree'],[False],1,False,False
acos_train_01273,acos,train,"ca n ' t argue about that , but they are clearly over priced .",['FOOD#PRICES'],['Price'],['negative'],[None],[True],1,True,False
acos_train_01274,acos,train,what you are paying for is the environment and the name .,"['AMBIENCE#GENERAL', 'RESTAURANT#MISCELLANEOUS', 'RESTAURANT#PRICES']","['Ambience', 'General', 'Price']","['neutral', 'neutral', 'negative']","['environment', None, None]","[False, True, True]",3,True,True
acos_train_01275,acos,train,"yes , the place is classy and beautiful , but they most certainly target the uber whealthy not the common joe that wants to go all out every once in a while .","['AMBIENCE#GENERAL', 'AMBIENCE#GENERAL']","['Ambience', 'Ambience']","['negative', 'negative']","['place', 'place']","[False, False]",2,False,False
acos_train_01276,acos,train,which of course is not real kobe but wagyu beef .,['FOOD#QUALITY'],['Food'],['negative'],[None],[True],1,True,False
acos_train_01277,acos,train,surprised that a place of this caliber would advertise it as kobe .,['RESTAURANT#MISCELLANEOUS'],['General'],['negative'],[None],[True],1,True,False
acos_train_01278,acos,train,vanison was good but not amazing .,"['FOOD#QUALITY', 'FOOD#QUALITY']","['Food', 'Food']","['positive', 'neutral']","['vanison', 'vanison']","[False, False]",2,False,True
acos_train_01279,acos,train,bison was quite excellent however .,['FOOD#QUALITY'],['Food'],['positive'],['bison'],[False],1,False,False
acos_train_01280,acos,train,dessert : pure disaster .,['FOOD#QUALITY'],['Food'],['negative'],['dessert'],[False],1,False,False
acos_train_01281,acos,train,just not good at all .,['FOOD#QUALITY'],['Food'],['negative'],[None],[True],1,True,False
acos_train_01282,acos,train,some pineapple covered in a glaze of some kind and some pear tart thing not impressive at all .,"['FOOD#STYLE_OPTIONS', 'FOOD#QUALITY']","['Food', 'Food']","['negative', 'negative']","[None, None]","[True, True]",2,True,False
acos_train_01283,acos,train,"i read reviews that called the restaurant too expensive and i thought to myself , but may be it is worth it .","['RESTAURANT#PRICES', 'RESTAURANT#GENERAL']","['Price', 'General']","['negative', 'negative']","['restaurant', 'restaurant']","[False, False]",2,False,False
acos_train_01284,acos,train,"the four seasons has history and it is a sort of landmark of new york city restaurants , but trust me , they will charge you through the nose just so that you can say ` ` i ' ve been to the four seasons restaurant ' ' .","['RESTAURANT#MISCELLANEOUS', 'RESTAURANT#PRICES']","['General', 'Price']","['neutral', 'negative']","['the four seasons', 'the four seasons']","[False, False]",2,False,True
acos_train_01285,acos,train,"all in all , the food was great ( except for the dessserts ) .","['FOOD#QUALITY', 'FOOD#QUALITY']","['Food', 'Food']","['positive', 'negative']","['food', 'dessserts']","[False, False]",2,False,True
acos_train_01286,acos,train,"if you are going for the food , it will not be worth it .",['FOOD#QUALITY'],['Food'],['negative'],['food'],[False],1,False,False
acos_train_01287,acos,train,"you would think they would make up for it with service , sadly , no .",['SERVICE#GENERAL'],['Service'],['negative'],['service'],[False],1,False,False
acos_train_01288,acos,train,"service was just ok , it is not what you ' d expect for $ 500 .","['SERVICE#GENERAL', 'RESTAURANT#PRICES']","['Service', 'Price']","['negative', 'negative']","['service', None]","[False, True]",2,True,False
acos_train_01289,acos,train,terrible waste of money . . scammers,"['RESTAURANT#GENERAL', 'RESTAURANT#PRICES']","['General', 'Price']","['negative', 'negative']","[None, None]","[True, True]",2,True,False
acos_train_01290,acos,train,i agree that dining at casa la femme is like no other dining experience !,['RESTAURANT#GENERAL'],['General'],['negative'],['casa la femme'],[False],1,False,False
acos_train_01291,acos,train,i am actually offended to have spent so much money on such a bad experience .,"['RESTAURANT#GENERAL', 'RESTAURANT#PRICES']","['General', 'Price']","['negative', 'negative']","[None, None]","[True, True]",2,True,False
acos_train_01292,acos,train,i literally just got back home after visiting casa la femme and was so offended by my visit felt it necessary to try and warn other diners who value their money and time .,"['RESTAURANT#GENERAL', 'RESTAURANT#PRICES']","['General', 'Price']","['negative', 'negative']","['casa la femme', 'casa la femme']","[False, False]",2,False,False
acos_train_01293,acos,train,"our visit their to say the least , was an unpleasant and costly experience !","['RESTAURANT#GENERAL', 'RESTAURANT#PRICES']","['General', 'Price']","['negative', 'negative']","[None, None]","[True, True]",2,True,False
acos_train_01294,acos,train,and even more so unpleasant because it was so costly for such an unpleasant experience .,"['RESTAURANT#GENERAL', 'RESTAURANT#GENERAL', 'RESTAURANT#PRICES']","['General', 'General', 'Price']","['negative', 'negative', 'negative']","[None, None, None]","[True, True, True]",3,True,False
acos_train_01295,acos,train,we did arrive late for our reservation so i can not complain too much about the wait for a table .,['SERVICE#GENERAL'],['Service'],['neutral'],['wait'],[False],1,False,False
acos_train_01296,acos,train,although we were told 10 - 15 minutes and it was more like 45 minutes .,['SERVICE#GENERAL'],['Service'],['negative'],[None],[True],1,True,False
acos_train_01297,acos,train,we were ushered to the bar to wait momentarily and upon arrival were so excited .,['RESTAURANT#GENERAL'],['General'],['positive'],[None],[True],1,True,False
acos_train_01298,acos,train,the place is beautiful !,['AMBIENCE#GENERAL'],['Ambience'],['positive'],['place'],[False],1,False,False
acos_train_01299,acos,train,the hostess was very pleasant .,['SERVICE#GENERAL'],['Service'],['positive'],['hostess'],[False],1,False,False
acos_train_01300,acos,train,our experience did not ever get any better .,['RESTAURANT#GENERAL'],['General'],['negative'],[None],[True],1,True,False
acos_train_01301,acos,train,for each course we waited over 1 / 2 hour to 45 minutes and were never offered a drink .,['SERVICE#GENERAL'],['Service'],['negative'],[None],[True],1,True,False
acos_train_01302,acos,train,we also asked for hooka six times and the waiter kept telling us one minute and never returning with the hooka .,['SERVICE#GENERAL'],['Service'],['negative'],['waiter'],[False],1,False,False
acos_train_01303,acos,train,after the 4th time i asked again and the waiter than said after our dinner .,['SERVICE#GENERAL'],['Service'],['negative'],['waiter'],[False],1,False,False
acos_train_01304,acos,train,we asked for beverages and never received them .,['SERVICE#GENERAL'],['Service'],['negative'],[None],[True],1,True,False
acos_train_01305,acos,train,we asked for sides which the waiter than admitted that he forgot to put in that part of our order .,['SERVICE#GENERAL'],['Service'],['negative'],['waiter'],[False],1,False,False
acos_train_01306,acos,train,my chicken was inedible as there were so many fatty lumps which i had to keep spitting out into my napkin .,['FOOD#QUALITY'],['Food'],['negative'],['chicken'],[False],1,False,False
acos_train_01307,acos,train,i would not expect this for a $ 55 dinner .,"['FOOD#QUALITY', 'FOOD#PRICES']","['Food', 'Price']","['negative', 'negative']","['dinner', 'dinner']","[False, False]",2,False,False
acos_train_01308,acos,train,by the time we finished our dinner we still had not received one beverage nor hooka !,['SERVICE#GENERAL'],['Service'],['negative'],[None],[True],1,True,False
acos_train_01309,acos,train,what we did do was waste 3 hours being trapped in a table waiting and waiting for food and drinks and hooka . . some of which we never received !,['SERVICE#GENERAL'],['Service'],['negative'],[None],[True],1,True,False
acos_train_01310,acos,train,the only beverage we did receive was water in dirty glasses !,['SERVICE#GENERAL'],['Service'],['negative'],[None],[True],1,True,False
acos_train_01311,acos,train,to top it all off . . the main reason we came to your restaurant was for the belly dancers and missed the first show as we were not seated yet and the 2nd belly dancer only danced at two tables in the back of the restaurant and never made it around to the other half of the restaurant .,"['SERVICE#GENERAL', 'RESTAURANT#MISCELLANEOUS']","['Service', 'General']","['negative', 'negative']","[None, None]","[True, True]",2,True,False
acos_train_01312,acos,train,"by the time we left our wallets were empty and so were our stomachs and we missed the show we were supposed to see following our dinner , which would have been acceptable if we got to enjoy the experience of good food and belly dancers !","['RESTAURANT#PRICES', 'RESTAURANT#MISCELLANEOUS']","['Price', 'General']","['negative', 'negative']","[None, None]","[True, True]",2,True,False
acos_train_01313,acos,train,if it seemed possible to do so while there i would have fought my bill since my dinner portion of my meal was inedible !,"['FOOD#QUALITY', 'RESTAURANT#PRICES']","['Food', 'Price']","['negative', 'negative']","['meal', None]","[False, True]",2,True,False
acos_train_01314,acos,train,"i have never left a restaurant feeling as if i was abused , and wasted my hard earned money .","['RESTAURANT#GENERAL', 'RESTAURANT#PRICES']","['General', 'Price']","['negative', 'negative']","['restaurant', 'restaurant']","[False, False]",2,False,False
acos_train_01315,acos,train,my husbands birthday and my sons was not as it was intended . . . and we drove two hours to spend too much money to be treated terribly !,"['RESTAURANT#GENERAL', 'RESTAURANT#PRICES', 'SERVICE#GENERAL']","['General', 'Price', 'Service']","['negative', 'negative', 'negative']","[None, None, None]","[True, True, True]",3,True,False
acos_train_01316,acos,train,i wish i could be refunded !,['RESTAURANT#GENERAL'],['General'],['negative'],[None],[True],1,True,False
acos_train_01317,acos,train,do n ' t go with a larger group than 4 !,['RESTAURANT#MISCELLANEOUS'],['General'],['negative'],[None],[True],1,True,False
acos_train_01318,acos,train,"at first we were a little taken aback , as this seemed to present a problem , although the restaurant looked fairly empty , but they hastily put the table together for us .",['SERVICE#GENERAL'],['Service'],['positive'],[None],[True],1,True,False
acos_train_01319,acos,train,the menu is fairly simple without much descriptions .,['FOOD#STYLE_OPTIONS'],['Food'],['neutral'],['menu'],[False],1,False,False
acos_train_01320,acos,train,"there was no tap beer that evening , which was a disappointment .",['DRINKS#STYLE_OPTIONS'],['Food'],['negative'],['beer'],[False],1,False,False
acos_train_01321,acos,train,"not much of a selection of bottled beer either , we went with brahma .",['DRINKS#STYLE_OPTIONS'],['Food'],['negative'],['selection of bottled beer'],[False],1,False,False
acos_train_01322,acos,train,the appetizers we ordered were served quickly - an order of fried oysters and clams were delicious but a tiny portion ( maybe 3 of each ) .,"['FOOD#QUALITY', 'FOOD#STYLE_OPTIONS', 'SERVICE#GENERAL']","['Food', 'Food', 'Service']","['positive', 'negative', 'positive']","['fried oysters and clams', 'fried oysters and clams', None]","[False, False, True]",3,True,True
acos_train_01323,acos,train,"the lobster knuckles ( special of the day ) were ok , but pretty tasteless .","['FOOD#STYLE_OPTIONS', 'FOOD#STYLE_OPTIONS']","['Food', 'Food']","['negative', 'negative']","['lobster knuckles', 'lobster knuckles']","[False, False]",2,False,False
acos_train_01324,acos,train,i believe there were 2 shrimp in the ` ` salt encrusted shrimp ' ' appetizer .,['FOOD#STYLE_OPTIONS'],['Food'],['negative'],"[""` ` salt encrusted shrimp ' ' appetizer""]",[False],1,False,False
acos_train_01325,acos,train,"she replied ` ` well it would be more convenient for us if you ordered now , since you are a larger party , and it might get crowded . ' '",['SERVICE#GENERAL'],['Service'],['negative'],[None],[True],1,True,False
acos_train_01326,acos,train,the food arrived in about 15 minutes .,['SERVICE#GENERAL'],['Service'],['neutral'],[None],[True],1,True,False
acos_train_01327,acos,train,i had the thai style fried sea bass . . . which was very good .,['FOOD#QUALITY'],['Food'],['positive'],['thai style fried sea bass'],[False],1,False,False
acos_train_01328,acos,train,"everyone seemed generally happy with their food , except my brother who had the grilled mahi mahi , seemingly drenched in grapfruit juice !","['FOOD#QUALITY', 'FOOD#QUALITY', 'FOOD#STYLE_OPTIONS']","['Food', 'Food', 'Food']","['positive', 'negative', 'negative']","['food', 'grilled mahi mahi', 'grilled mahi mahi']","[False, False, False]",3,False,True
acos_train_01329,acos,train,i heard the lobster roll was excellent .,['FOOD#QUALITY'],['Food'],['positive'],['lobster roll'],[False],1,False,False
acos_train_01330,acos,train,"they seemed to continue to rush us along , taking plates without asking if we were done ( my sister still had her fork in hand ) .",['SERVICE#GENERAL'],['Service'],['negative'],[None],[True],1,True,False
acos_train_01331,acos,train,"all in all the food was good - a little on the expensive side , but fresh .","['FOOD#QUALITY', 'FOOD#PRICES', 'FOOD#QUALITY']","['Food', 'Price', 'Food']","['positive', 'negative', 'positive']","['food', 'food', 'food']","[False, False, False]",3,False,True
acos_train_01332,acos,train,service not the friendliest to our ` ` large party ' ' !,['SERVICE#GENERAL'],['Service'],['negative'],['service'],[False],1,False,False
acos_train_01333,acos,train,probably would not go back here .,['RESTAURANT#GENERAL'],['General'],['negative'],[None],[True],1,True,False
acos_train_01334,acos,train,great indian food,['FOOD#QUALITY'],['Food'],['positive'],['indian food'],[False],1,False,False
acos_train_01335,acos,train,"food was amazing - i love indian food and eat it quite regularly , but i can say this is one of the best i ' ve had .","['FOOD#QUALITY', 'FOOD#QUALITY', 'FOOD#QUALITY']","['Food', 'Food', 'Food']","['positive', 'positive', 'positive']","['food', 'food', 'food']","[False, False, False]",3,False,False
acos_train_01336,acos,train,"very ` ` normal indian food ' ' , but done really well .","['FOOD#STYLE_OPTIONS', 'FOOD#QUALITY']","['Food', 'Food']","['neutral', 'positive']","['indian food', 'indian food']","[False, False]",2,False,True
acos_train_01337,acos,train,"also , waiters try to push more food on you , like suggest things as if they are complimentary when they actually cost $ .",['SERVICE#GENERAL'],['Service'],['negative'],['waiters'],[False],1,False,False
acos_train_01338,acos,train,"but if you ' re prepared to spend some $ and remember to ask if something they offer is complimentary , then this is the place to go for indian food","['RESTAURANT#PRICES', 'FOOD#QUALITY']","['Price', 'Food']","['negative', 'positive']","['place', 'indian food']","[False, False]",2,False,True
acos_train_01339,acos,train,one of the best,['RESTAURANT#GENERAL'],['General'],['positive'],[None],[True],1,True,False
acos_train_01340,acos,train,"bukhara grill , the tagline says it all . . ` ` indian spice rave ' '",['RESTAURANT#GENERAL'],['General'],['positive'],['bukhara grill'],[False],1,False,False
acos_train_01341,acos,train,the lunch buffet is expensive but is deff worth it .,"['FOOD#PRICES', 'FOOD#PRICES']","['Price', 'Price']","['positive', 'positive']","['lunch buffet', 'lunch buffet']","[False, False]",2,False,False
acos_train_01342,acos,train,we have gone for dinner only a few times but the same great quality and service is given .,"['FOOD#QUALITY', 'SERVICE#GENERAL']","['Food', 'Service']","['positive', 'positive']","['dinner', 'service']","[False, False]",2,False,False
acos_train_01343,acos,train,bukhara is on my top 5 indian places in nyc,['RESTAURANT#GENERAL'],['General'],['positive'],['bukhara'],[False],1,False,False
acos_train_01344,acos,train,wretched and retching,"['RESTAURANT#GENERAL', 'RESTAURANT#GENERAL']","['General', 'General']","['negative', 'negative']","[None, None]","[True, True]",2,True,False
acos_train_01345,acos,train,i have never been so disgusted by both food an service .,"['FOOD#QUALITY', 'SERVICE#GENERAL']","['Food', 'Service']","['negative', 'negative']","['food', 'service']","[False, False]",2,False,False
acos_train_01346,acos,train,for starters they delivered us someone else ' s order .,['SERVICE#GENERAL'],['Service'],['negative'],[None],[True],1,True,False
acos_train_01347,acos,train,"however , once i received my predictably mediocre order of what dokebi thinks passes as korean fair , ( sometimes you have to settle when it ' s your only option ) , i got through about half my kimchee before i found a piece of random lettuce accompanied by a far more disgusting , slimy , clearly bad piece of fish skin .","['FOOD#QUALITY', 'FOOD#QUALITY', 'FOOD#QUALITY', 'FOOD#QUALITY']","['Food', 'Food', 'Food', 'Food']","['negative', 'negative', 'negative', 'negative']","['kimchee', 'kimchee', 'kimchee', 'korean fair']","[False, False, False, False]",4,False,False
acos_train_01348,acos,train,"my main concern was the sanity of the food that was being sent out to myself and others , but i would be lying is i said that as someone who has worked in restaurants since the age of fifteen i was expecting at least a minimal effort on the part of the restaurant to amend the situation .","['FOOD#QUALITY', 'SERVICE#GENERAL']","['Food', 'Service']","['negative', 'negative']","['food', None]","[False, True]",2,True,False
acos_train_01349,acos,train,none was made so i hung up .,['SERVICE#GENERAL'],['Service'],['negative'],[None],[True],1,True,False
acos_train_01350,acos,train,less than three minutes passed before i found myself doubled over the toilet .,['FOOD#QUALITY'],['Food'],['negative'],[None],[True],1,True,False
acos_train_01351,acos,train,"my girlfriend , being slightly more aggressive , and having been equally disgusted causing her to throw out the remainder of her barely eaten meal , called back only to be informed that i was probably wrong and that it was most likely an oyster , and that we were also blacklisted from their restaurant .","['FOOD#QUALITY', 'SERVICE#GENERAL']","['Food', 'Service']","['negative', 'negative']","['meal', None]","[False, True]",2,True,False
acos_train_01352,acos,train,"it was n ' t as if this restaurant had any major bragging points before hand , but now it ' s simply repulsive .",['RESTAURANT#GENERAL'],['General'],['negative'],['restaurant'],[False],1,False,False
acos_train_01353,acos,train,gorgeous place ideal for a romantic dinner,"['AMBIENCE#GENERAL', 'AMBIENCE#GENERAL', 'RESTAURANT#MISCELLANEOUS', 'RESTAURANT#MISCELLANEOUS']","['Ambience', 'Ambience', 'General', 'General']","['positive', 'positive', 'positive', 'positive']","['place', 'place', 'place', 'place']","[False, False, False, False]",4,False,False
acos_train_01354,acos,train,i book a gorgeous white organza tent which included a four course prix fix menu which we enjoyed a lot .,"['FOOD#QUALITY', 'AMBIENCE#GENERAL']","['Food', 'Ambience']","['positive', 'positive']","['four course prix fix menu', 'white organza tent']","[False, False]",2,False,False
acos_train_01355,acos,train,i completely recommend casa la femme for any special occasion and to really impress your date .,['RESTAURANT#MISCELLANEOUS'],['General'],['positive'],['casa la femme'],[False],1,False,False
acos_train_01356,acos,train,more williamsburg garbage,['RESTAURANT#GENERAL'],['General'],['negative'],[None],[True],1,True,False
acos_train_01357,acos,train,the dishes came out around 5 minutes apart .,['SERVICE#GENERAL'],['Service'],['negative'],[None],[True],1,True,False
acos_train_01358,acos,train,"the bibimbap was average , but the stone bowl was n ' t even close to sizzling .","['FOOD#QUALITY', 'FOOD#QUALITY']","['Food', 'Food']","['neutral', 'negative']","['bibimbap', 'stone bowl']","[False, False]",2,False,True
acos_train_01359,acos,train,too bad i had paid an extra $ 2 for the stone bowl .,['FOOD#PRICES'],['Price'],['negative'],['stone bowl'],[False],1,False,False
acos_train_01360,acos,train,the nakgi - bokum was horrible .,['FOOD#QUALITY'],['Food'],['negative'],['nakgi - bokum'],[False],1,False,False
acos_train_01361,acos,train,easily the worst stir - fried squid i ' ve ever tasted .,['FOOD#QUALITY'],['Food'],['negative'],['stir - fried squid'],[False],1,False,False
acos_train_01362,acos,train,the sauce tasted more like chinese fast food than decent korean .,['FOOD#QUALITY'],['Food'],['negative'],['sauce'],[False],1,False,False
acos_train_01363,acos,train,"the side dishes were passable , and i did get a refill upon request .",['FOOD#QUALITY'],['Food'],['positive'],['side dishes'],[False],1,False,False
acos_train_01364,acos,train,the real problem i had with this place was the complete lack of service .,['SERVICE#GENERAL'],['Service'],['negative'],['service'],[False],1,False,False
acos_train_01365,acos,train,she just nodded and walked off .,['SERVICE#GENERAL'],['Service'],['negative'],[None],[True],1,True,False
acos_train_01366,acos,train,"as to my comment about the food , no apology or acknowledgment was made .",['SERVICE#GENERAL'],['Service'],['negative'],[None],[True],1,True,False
acos_train_01367,acos,train,my wife had barely touched that mess of a dish .,['FOOD#QUALITY'],['Food'],['negative'],['dish'],[False],1,False,False
acos_train_01368,acos,train,we were charged full price .,['SERVICE#GENERAL'],['Service'],['negative'],[None],[True],1,True,False
acos_train_01369,acos,train,lives up to the hype,['RESTAURANT#GENERAL'],['General'],['positive'],[None],[True],1,True,False
acos_train_01370,acos,train,we ' ve tried before but it always packed and does n ' t take reservations .,['RESTAURANT#MISCELLANEOUS'],['General'],['neutral'],[None],[True],1,True,False
acos_train_01371,acos,train,it was well worth the wait .,['RESTAURANT#GENERAL'],['General'],['positive'],[None],[True],1,True,False
acos_train_01372,acos,train,the wife had the risotto which was amazing .,['FOOD#QUALITY'],['Food'],['positive'],['risotto'],[False],1,False,False
acos_train_01373,acos,train,"it does n ' t look appetizing as it ' s covered in squid ink and it turns your lips and teeth black , but the taste was phenomenal .","['FOOD#STYLE_OPTIONS', 'FOOD#QUALITY']","['Food', 'Food']","['negative', 'positive']","[None, None]","[True, True]",2,True,True
acos_train_01374,acos,train,the farro salad and the mashed yukon potatoes were also extremely tasty .,"['FOOD#QUALITY', 'FOOD#QUALITY']","['Food', 'Food']","['positive', 'positive']","['farro salad', 'mashed yukon potatoes']","[False, False]",2,False,False
acos_train_01375,acos,train,i love margherita pizza – i looove east village pizza,"['RESTAURANT#GENERAL', 'FOOD#QUALITY']","['General', 'Food']","['positive', 'positive']","['margherita pizza', 'east village pizza']","[False, False]",2,False,False
acos_train_01376,acos,train,"love this place , every time we are in the city this is one of the places we always go .",['RESTAURANT#GENERAL'],['General'],['positive'],['place'],[False],1,False,False
acos_train_01377,acos,train,a quintessential slice of nyc pizza .,['FOOD#QUALITY'],['Food'],['neutral'],['slice of nyc pizza'],[False],1,False,False
acos_train_01378,acos,train,"the crust has a great bite and a good chew , the sauce is light with a nice acidity to it , the salt from the cheese is great , really heightens the flavor of all the other components .","['FOOD#QUALITY', 'FOOD#QUALITY', 'FOOD#QUALITY', 'FOOD#QUALITY', 'FOOD#QUALITY']","['Food', 'Food', 'Food', 'Food', 'Food']","['positive', 'positive', 'positive', 'positive', 'positive']","['crust', 'crust', 'sauce', 'sauce', 'cheese']","[False, False, False, False, False]",5,False,False
acos_train_01379,acos,train,"personally i like the margherita pizza better , but they are all good .","['FOOD#QUALITY', 'FOOD#QUALITY', 'FOOD#QUALITY']","['Food', 'Food', 'Food']","['positive', 'positive', 'positive']","['margherita pizza', 'margherita pizza', None]","[False, False, True]",3,True,False
acos_train_01380,acos,train,possibly the most romantic restaurant in the city,['AMBIENCE#GENERAL'],['Ambience'],['positive'],['restaurant'],[False],1,False,False
acos_train_01381,acos,train,"this is undoubtedly my favorite modern japanese brasserie ( that don ’ t serve sushi ) , and in my opinion , one of the most romantic restaurants in the city !","['RESTAURANT#GENERAL', 'RESTAURANT#GENERAL', 'AMBIENCE#GENERAL', 'AMBIENCE#GENERAL']","['General', 'General', 'Ambience', 'Ambience']","['positive', 'positive', 'positive', 'positive']","['modern japanese brasserie', 'modern japanese brasserie', 'modern japanese brasserie', 'modern japanese brasserie']","[False, False, False, False]",4,False,False
acos_train_01382,acos,train,"not only is it an adventure getting to this somewhat hidden spot , once you enter the unmarked wooden doors , the zen and intimate decor will make you feel like you ’ re no longer in the city .","['LOCATION#GENERAL', 'AMBIENCE#GENERAL', 'AMBIENCE#GENERAL']","['General', 'Ambience', 'Ambience']","['neutral', 'positive', 'positive']","['spot', 'unmarked wooden doors', 'decor']","[False, False, False]",3,False,True
acos_train_01383,acos,train,"if you ’ re planning to come here , make sure that your date is someone whom you really like since you ’ ll be ushered to private booths where there will be no people or food watching ( choose the ones on the ground level that have glass ceilings so you may see the stars in the sky ! ) .","['AMBIENCE#GENERAL', 'AMBIENCE#GENERAL']","['Ambience', 'Ambience']","['positive', 'positive']","['private booths', 'glass ceilings']","[False, False]",2,False,False
acos_train_01384,acos,train,it ’ s just you and your date and an occasional cute ‘ excuse me ’ before the waiter opens the little curtain to your booth !,"['AMBIENCE#GENERAL', 'SERVICE#GENERAL']","['Ambience', 'Service']","['positive', 'positive']","[None, 'waiter']","[True, False]",2,True,False
acos_train_01385,acos,train,"my party had the bbe $ 29 fixe prix menu , which was such a wonderful deal since it also came with a flight of sake !","['FOOD#PRICES', 'FOOD#STYLE_OPTIONS']","['Price', 'Food']","['positive', 'positive']","['bbe $ 29 fixe prix menu', 'bbe $ 29 fixe prix menu']","[False, False]",2,False,False
acos_train_01386,acos,train,we started off with a delightful sashimi amuse bouche .,['FOOD#QUALITY'],['Food'],['positive'],['sashimi amuse bouche'],[False],1,False,False
acos_train_01387,acos,train,"i picked the grilled black cod as my entree , which i absolutely devoured while someone commented that the grilled salmon dish was better .","['FOOD#QUALITY', 'FOOD#QUALITY']","['Food', 'Food']","['positive', 'positive']","['grilled black cod', 'grilled salmon dish']","[False, False]",2,False,False
acos_train_01388,acos,train,the entrees were served with miso soup and rice .,['FOOD#STYLE_OPTIONS'],['Food'],['neutral'],['entrees'],[False],1,False,False
acos_train_01389,acos,train,"for desserts , we tried the frozen black sesame mousse ( interesting but not extraordinary ) and matcha ( powdered green tea ) and blueberry cheesecake , which was phenomenal .","['FOOD#QUALITY', 'FOOD#QUALITY', 'FOOD#QUALITY']","['Food', 'Food', 'Food']","['neutral', 'neutral', 'positive']","['frozen black sesame mousse', 'frozen black sesame mousse', 'matcha ( powdered green tea ) and blueberry cheesecake']","[False, False, False]",3,False,True
acos_train_01390,acos,train,"i do n ' t usually visit the same establishment more than once , what more twice , but i ' ll come to zenkichi anytime for a quiet , unhurried and memorable dinner .","['AMBIENCE#GENERAL', 'AMBIENCE#GENERAL', 'RESTAURANT#GENERAL']","['Ambience', 'Ambience', 'General']","['positive', 'positive', 'positive']","['zenkichi', 'zenkichi', 'zenkichi']","[False, False, False]",3,False,False
acos_train_01391,acos,train,terrible would be a compliment !,['RESTAURANT#GENERAL'],['General'],['negative'],[None],[True],1,True,False
acos_train_01392,acos,train,"the service leaves much to be desired , from feeling like you are rushed the place your order , to being ignored the rest of the night .",['SERVICE#GENERAL'],['Service'],['negative'],['service'],[False],1,False,False
acos_train_01393,acos,train,we paid a fixed pricce but got nothing ! !,['SERVICE#GENERAL'],['Service'],['negative'],[None],[True],1,True,False
acos_train_01394,acos,train,we never ate because by close to 2 in the monring we were not served and were too upset ad tired to start eating .,"['SERVICE#GENERAL', 'SERVICE#GENERAL']","['Service', 'Service']","['negative', 'negative']","[None, None]","[True, True]",2,True,False
acos_train_01395,acos,train,"they are extremely rude , not even apologizing for the horrible service we got and handing us a bill well over $ 500 for some drinks adn their pita bread !","['SERVICE#GENERAL', 'DRINKS#PRICES', 'FOOD#PRICES', 'SERVICE#GENERAL']","['Service', 'Price', 'Price', 'Service']","['negative', 'negative', 'negative', 'negative']","['service', 'drinks', 'pita bread', None]","[False, False, False, True]",4,True,False
acos_train_01396,acos,train,stay away,['RESTAURANT#GENERAL'],['General'],['negative'],[None],[True],1,True,False
acos_train_01397,acos,train,great shabu shabu,['FOOD#QUALITY'],['Food'],['positive'],['shabu shabu'],[False],1,False,False
acos_train_01398,acos,train,i love it .,['RESTAURANT#GENERAL'],['General'],['positive'],[None],[True],1,True,False
acos_train_01399,acos,train,"but for the shabu shabu , you wo n ' t find much better in ny .",['FOOD#QUALITY'],['Food'],['positive'],['shabu shabu'],[False],1,False,False
acos_train_01400,acos,train,"the meat is fresh , the sauces are great , you get kimchi and a salad free with your meal and service is good too .","['FOOD#QUALITY', 'FOOD#QUALITY', 'FOOD#PRICES', 'FOOD#PRICES', 'FOOD#STYLE_OPTIONS', 'SERVICE#GENERAL']","['Food', 'Food', 'Price', 'Price', 'Food', 'Service']","['positive', 'positive', 'positive', 'positive', 'positive', 'positive']","['meat', 'sauces', 'kimchi', 'salad', 'meal', 'service']","[False, False, False, False, False, False]",6,False,False
acos_train_01401,acos,train,dokebi gives williamsburg the right one - two punch of classic korean food and fusion twists like pork belly tacos .,"['FOOD#QUALITY', 'FOOD#QUALITY', 'FOOD#QUALITY']","['Food', 'Food', 'Food']","['positive', 'positive', 'positive']","['korean food', 'fusion twists', 'pork belly tacos']","[False, False, False]",3,False,False
acos_train_01402,acos,train,"the hot dogs are good , yes , but the reason to get over here is the fantastic pork croquette sandwich , perfect on its supermarket squishy bun .","['FOOD#QUALITY', 'FOOD#QUALITY', 'FOOD#QUALITY']","['Food', 'Food', 'Food']","['positive', 'positive', 'positive']","['hot dogs', 'pork croquette sandwich', 'bun']","[False, False, False]",3,False,False
acos_train_01403,acos,train,restaurant with a view,['LOCATION#GENERAL'],['General'],['neutral'],['view'],[False],1,False,False
acos_train_01404,acos,train,the food tasted very good .,['FOOD#QUALITY'],['Food'],['positive'],['food'],[False],1,False,False
acos_train_01405,acos,train,the main entree was also very good .,['FOOD#QUALITY'],['Food'],['positive'],['main entree'],[False],1,False,False
acos_train_01406,acos,train,"price is high but the food is good , so i would come back again .","['FOOD#QUALITY', 'FOOD#PRICES', 'RESTAURANT#GENERAL']","['Food', 'Price', 'General']","['positive', 'negative', 'positive']","['food', 'food', None]","[False, False, True]",3,True,True
acos_train_01407,acos,train,this place does n ' t make any sense,['RESTAURANT#GENERAL'],['General'],['negative'],['place'],[False],1,False,False
acos_train_01408,acos,train,just want to warn you all - do n ' t waste your time and money .,['RESTAURANT#GENERAL'],['General'],['negative'],[None],[True],1,True,False
acos_train_01409,acos,train,"this place has totally weird decor , stairs going up with mirrored walls - i am surprised how no one yet broke their head or fall off the stairs - mirrored walls make you dizzy and delusional . . .","['AMBIENCE#GENERAL', 'AMBIENCE#GENERAL', 'AMBIENCE#GENERAL']","['Ambience', 'Ambience', 'Ambience']","['negative', 'negative', 'negative']","['decor', 'mirrored walls', 'mirrored walls']","[False, False, False]",3,False,False
acos_train_01410,acos,train,this place is not inviting and the food is totally weird .,"['AMBIENCE#GENERAL', 'FOOD#QUALITY']","['Ambience', 'Food']","['negative', 'negative']","['place', 'food']","[False, False]",2,False,False
acos_train_01411,acos,train,the concept of japanese tapas is newly created and clearly does n ' t work .,['FOOD#STYLE_OPTIONS'],['Food'],['negative'],['japanese tapas'],[False],1,False,False
acos_train_01412,acos,train,good food,['FOOD#QUALITY'],['Food'],['positive'],['food'],[False],1,False,False
acos_train_01413,acos,train,"the food was great and tasty , but the sitting space was too small , i do n ' t like being cramp in a corner .","['FOOD#QUALITY', 'FOOD#QUALITY', 'AMBIENCE#GENERAL']","['Food', 'Food', 'Ambience']","['positive', 'positive', 'negative']","['food', 'food', 'sitting space']","[False, False, False]",3,False,True
acos_train_01414,acos,train,over all it was a very nice romantic place .,"['RESTAURANT#GENERAL', 'AMBIENCE#GENERAL']","['General', 'Ambience']","['positive', 'positive']","['place', 'place']","[False, False]",2,False,False
acos_train_01415,acos,train,loved it,['RESTAURANT#GENERAL'],['General'],['positive'],[None],[True],1,True,False
acos_train_01416,acos,train,a coworker and i tried pacifico after work a few fridays and loved it .,['RESTAURANT#GENERAL'],['General'],['positive'],['pacifico'],[False],1,False,False
acos_train_01417,acos,train,the atmosphere was great .,['AMBIENCE#GENERAL'],['Ambience'],['positive'],['atmosphere'],[False],1,False,False
acos_train_01418,acos,train,"the food we ordered was excellent , although i would n ' t say the margaritas were anything to write home about .","['FOOD#QUALITY', 'DRINKS#QUALITY']","['Food', 'Food']","['positive', 'neutral']","['food', 'margaritas']","[False, False]",2,False,True
acos_train_01419,acos,train,"our waitress was n ' t mean , but not especially warm or attentive either .","['SERVICE#GENERAL', 'SERVICE#GENERAL']","['Service', 'Service']","['neutral', 'neutral']","['waitress', 'waitress']","[False, False]",2,False,False
acos_train_01420,acos,train,"i must say i am surprised by the bad reviews of the restaurant earlier in the year , though .",['RESTAURANT#GENERAL'],['General'],['positive'],['restaurant'],[False],1,False,False
acos_train_01421,acos,train,"regardless , we ' ll be back and ca n ' t wait to visit in the summer to take advantage of the patio .","['AMBIENCE#GENERAL', 'RESTAURANT#GENERAL']","['Ambience', 'General']","['positive', 'positive']","['patio', None]","[False, True]",2,True,False
acos_train_01422,acos,train,dumbfoundingly poor,['RESTAURANT#GENERAL'],['General'],['negative'],[None],[True],1,True,False
acos_train_01423,acos,train,"this was , from start to finish , a mind - bogglingly uncomfortable experience .",['RESTAURANT#GENERAL'],['General'],['negative'],[None],[True],1,True,False
acos_train_01424,acos,train,lexicographers take note : a new and fascinating definition of rudeness is alive and flourishing right here in brooklyn .,['SERVICE#GENERAL'],['Service'],['negative'],[None],[True],1,True,False
acos_train_01425,acos,train,the servers at flatbush farm appear to have perfected that ghastly technique of making you feel guilty and ashamed for deigning to attract their attention .,['SERVICE#GENERAL'],['Service'],['negative'],['servers'],[False],1,False,False
acos_train_01426,acos,train,polite acknowledgement is out ;,['SERVICE#GENERAL'],['Service'],['negative'],[None],[True],1,True,False
acos_train_01427,acos,train,"and how many times can you pick up the same perfectly aligned set of napkins , inspect them vapidly and plonk them down in exactly the same place instead of venturing a glance at people who are there to help you make the rent ?",['SERVICE#GENERAL'],['Service'],['negative'],[None],[True],1,True,False
acos_train_01428,acos,train,"a different server enhanced the fun , dumping our entrees in front of us halfway through our appetizer ( which was delicious ) .","['SERVICE#GENERAL', 'FOOD#QUALITY']","['Service', 'Food']","['negative', 'positive']","['server', 'appetizer']","[False, False]",2,False,True
acos_train_01429,acos,train,"overall the food quality was pretty good , though i hear the salmon is much better when it has n ' t sat cooling in front of the guest .","['FOOD#QUALITY', 'SERVICE#GENERAL']","['Food', 'Service']","['positive', 'negative']","['food', None]","[False, True]",2,True,True
acos_train_01430,acos,train,"the place has a nice fit - out , some attractive furnishings and , from what i could tell , a reasonable wine list ( i was given the food menu when i asked for the carte des vins )","['AMBIENCE#GENERAL', 'AMBIENCE#GENERAL', 'DRINKS#STYLE_OPTIONS', 'SERVICE#GENERAL']","['Ambience', 'Ambience', 'Food', 'Service']","['positive', 'positive', 'positive', 'negative']","['fit - out', 'furnishings', 'wine list', None]","[False, False, False, True]",4,True,True
acos_train_01431,acos,train,"at $ 120 for two people , however , this in no way represents value , unless you ' re looking to pay by the hour for passive - aggressive torture .","['RESTAURANT#PRICES', 'RESTAURANT#GENERAL', 'SERVICE#GENERAL']","['Price', 'General', 'Service']","['negative', 'negative', 'negative']","[None, None, None]","[True, True, True]",3,True,False
acos_train_01432,acos,train,"on that scale , it ' s a world - beater .",['RESTAURANT#GENERAL'],['General'],['negative'],[None],[True],1,True,False
acos_train_01433,acos,train,how is this palce still open ?,['RESTAURANT#GENERAL'],['General'],['negative'],['palce'],[False],1,False,False
acos_train_01434,acos,train,i honestly do n ' t even know where to begin .,['RESTAURANT#GENERAL'],['General'],['negative'],[None],[True],1,True,False
acos_train_01435,acos,train,"we arrived and were seated immediately , which made us both happy .",['SERVICE#GENERAL'],['Service'],['positive'],[None],[True],1,True,False
acos_train_01436,acos,train,everything was going good until we got our meals .,"['FOOD#QUALITY', 'RESTAURANT#GENERAL']","['Food', 'General']","['negative', 'positive']","['meals', None]","[False, True]",2,True,True
acos_train_01437,acos,train,i took one look at the chicken and i was appalled .,['FOOD#STYLE_OPTIONS'],['Food'],['negative'],['chicken'],[False],1,False,False
acos_train_01438,acos,train,"it was served with skin , over a bed of extremely undercooked spinach and mashed potatoes .","['FOOD#QUALITY', 'FOOD#STYLE_OPTIONS']","['Food', 'Food']","['negative', 'negative']","['spinach', None]","[False, True]",2,True,False
acos_train_01439,acos,train,"i took one bite from the $ 24 salmon , and i have never , in the 17 years i have been going to restaurants tasted salmon as fishy , as dry , and as bland as the one in flatbush farms .","['FOOD#PRICES', 'FOOD#QUALITY', 'FOOD#QUALITY', 'FOOD#QUALITY']","['Price', 'Food', 'Food', 'Food']","['negative', 'negative', 'negative', 'negative']","['salmon', 'salmon', 'salmon', 'salmon']","[False, False, False, False]",4,False,False
acos_train_01440,acos,train,"at this point , the waitress comes over and asks us if everything was okay , i was literally so shocked that i was speechless and did n ' t say anything , and guess what , the waitress walked away .",['SERVICE#GENERAL'],['Service'],['negative'],['waitress'],[False],1,False,False
acos_train_01441,acos,train,"so , i switch with my boyfriend again to see if maybe i could stomach the meat and spinach again , but the spinach was so undercooked that i just could not bite through it .",['FOOD#QUALITY'],['Food'],['negative'],['spinach'],[False],1,False,False
acos_train_01442,acos,train,i could n ' t even enjoy the mashed potatoes because it was hidden completely under the chicken and spinach .,['FOOD#STYLE_OPTIONS'],['Food'],['negative'],[None],[True],1,True,False
acos_train_01443,acos,train,so i decide to report back to the waitress because it was completely inedible .,['FOOD#QUALITY'],['Food'],['negative'],[None],[True],1,True,False
acos_train_01444,acos,train,"guess what , i waited for twenty minutes before she came over and when she finally did , she says , ` ` oh well , i wish you would have said something earlier ' ' no apology , nothing .",['SERVICE#GENERAL'],['Service'],['negative'],[None],[True],1,True,False
acos_train_01445,acos,train,"after that she simply took our plates , walked away , came back another twenty minutes later with the bill and the chicken on it ! ! ! ! ! ! ! ! ! ! ! !",['SERVICE#GENERAL'],['Service'],['negative'],[None],[True],1,True,False
acos_train_01446,acos,train,"no desert menu , no apology , nothing ! ! ! ! ! !",['SERVICE#GENERAL'],['Service'],['negative'],[None],[True],1,True,False
acos_train_01447,acos,train,"this is where it really really gets bad : the manager said , there is absolutely nothing we can do , it ' s a matter of taste that she did n ' t like it , and i can not comp it .",['SERVICE#GENERAL'],['Service'],['negative'],['manager'],[False],1,False,False
acos_train_01448,acos,train,"again , no apology , no is there anything else i can get you , no can i get you a drink to make up for it , nothing ! ! ! !",['SERVICE#GENERAL'],['Service'],['negative'],[None],[True],1,True,False
acos_train_01449,acos,train,the level of rudeness was preposterous .,['SERVICE#GENERAL'],['Service'],['negative'],[None],[True],1,True,False
acos_train_01450,acos,train,"the manager came to the table and said we can do what we want , so we paid for what we did enjoy , the drinks and appetizers , and walked out .","['SERVICE#GENERAL', 'DRINKS#QUALITY', 'FOOD#QUALITY']","['Service', 'Food', 'Food']","['negative', 'positive', 'positive']","['manager', 'drinks', 'appetizers']","[False, False, False]",3,False,True
acos_train_01451,acos,train,i have never ever had such an unpleasant experience .,['RESTAURANT#GENERAL'],['General'],['negative'],[None],[True],1,True,False
acos_train_01452,acos,train,this staff should be fired .,['SERVICE#GENERAL'],['Service'],['negative'],['staff'],[False],1,False,False
acos_train_01453,acos,train,cirspy crust margherita pizza,"['FOOD#QUALITY', 'FOOD#QUALITY']","['Food', 'Food']","['positive', 'positive']","['margherita pizza', 'margherita pizza']","[False, False]",2,False,False
acos_train_01454,acos,train,it was really good pizza .,['FOOD#QUALITY'],['Food'],['positive'],['pizza'],[False],1,False,False
acos_train_01455,acos,train,the crust was imazingly cooked well and pizza was fully loaded : ) : ) : ),"['FOOD#QUALITY', 'FOOD#STYLE_OPTIONS']","['Food', 'Food']","['positive', 'positive']","['crust', 'pizza']","[False, False]",2,False,False
acos_train_01456,acos,train,you know what i mean all the positives things happening there made mw write this review .,['RESTAURANT#GENERAL'],['General'],['positive'],[None],[True],1,True,False
acos_train_01457,acos,train,"i ' ll being with a couple of positives : cool decor , good pita and hummus , and grilled octopus that was actually pretty tasty .","['AMBIENCE#GENERAL', 'FOOD#QUALITY', 'FOOD#QUALITY', 'FOOD#QUALITY']","['Ambience', 'Food', 'Food', 'Food']","['positive', 'positive', 'positive', 'positive']","['decor', 'pita', 'hummus', 'grilled octopus']","[False, False, False, False]",4,False,False
acos_train_01458,acos,train,if i could give 0 stars i would do so for this place .,['RESTAURANT#GENERAL'],['General'],['negative'],['place'],[False],1,False,False
acos_train_01459,acos,train,the reason there are 4 different results on citysearch for the same place is because they keep trying to start a new thread so they can stock it with positive reviews .,['RESTAURANT#MISCELLANEOUS'],['General'],['negative'],[None],[True],1,True,False
acos_train_01460,acos,train,well . . . they can run but they ca n ' t hide .,['RESTAURANT#GENERAL'],['General'],['negative'],[None],[True],1,True,False
acos_train_01461,acos,train,this place . . . god where do i begin .,['RESTAURANT#GENERAL'],['General'],['negative'],['place'],[False],1,False,False
acos_train_01462,acos,train,the decor however seems to be the distraction so you wo n ' t notice that you just payed 300 bucks for some cold eggplant that took 2 frickin hours to come ! ! ! !,"['AMBIENCE#GENERAL', 'FOOD#QUALITY', 'FOOD#PRICES', 'SERVICE#GENERAL']","['Ambience', 'Food', 'Price', 'Service']","['neutral', 'negative', 'negative', 'negative']","['decor', 'eggplant', 'eggplant', None]","[False, False, False, True]",4,True,True
acos_train_01463,acos,train,great hot dogs !,['FOOD#QUALITY'],['Food'],['positive'],['hot dogs'],[False],1,False,False
acos_train_01464,acos,train,"the hot dogs are top notch , and they ' re slamwich is amazing !","['FOOD#QUALITY', 'FOOD#QUALITY']","['Food', 'Food']","['positive', 'positive']","['hot dogs', 'slamwich']","[False, False]",2,False,False
acos_train_01465,acos,train,"going to bark is always worth the train ride , and will make your tongue and belly very happy !","['RESTAURANT#GENERAL', 'FOOD#QUALITY']","['General', 'Food']","['positive', 'positive']","['bark', None]","[False, True]",2,True,False
acos_train_01466,acos,train,only complaint is the pricing - - i believe it would be more reasonable to pay a dollar less on each item listed on the menu .,['FOOD#PRICES'],['Price'],['negative'],['menu'],[False],1,False,False
acos_train_01467,acos,train,fabulous food - if the front of house staff do n ' t put you off –,"['FOOD#QUALITY', 'SERVICE#GENERAL']","['Food', 'Service']","['positive', 'negative']","['food', 'front of house staff']","[False, False]",2,False,True
acos_train_01468,acos,train,"it ' s a little out of our price range for dining there except on special occasions , but we ' ve eaten there 6 times in the last 2 years .",['RESTAURANT#PRICES'],['Price'],['negative'],[None],[True],1,True,False
acos_train_01469,acos,train,"each time we ' ve been , the front of house staff ( not the waiters - they ' re fantastic - but the people who greet and seat you ) has been so hideous to us that were it not for the exceptional fish dishes i would never return .","['SERVICE#GENERAL', 'SERVICE#GENERAL', 'FOOD#QUALITY']","['Service', 'Service', 'Food']","['positive', 'negative', 'positive']","['waiters', 'front of house staff', 'fish dishes']","[False, False, False]",3,False,True
acos_train_01470,acos,train,"as bfc does n ' t take reservations you almost always have to wait by the bar - and be abused by the front of house staff until you are seated , which can be over an hour later !","['RESTAURANT#MISCELLANEOUS', 'SERVICE#GENERAL', 'SERVICE#GENERAL']","['General', 'Service', 'Service']","['negative', 'negative', 'negative']","['bfc', 'front of house staff', None]","[False, False, True]",3,True,False
acos_train_01471,acos,train,the frizzy retro girl ( with winged / dame edna glasses ) will yell at you if you try to order a drink .,['SERVICE#GENERAL'],['Service'],['negative'],['girl'],[False],1,False,False
acos_train_01472,acos,train,i was almost amused by the fact that she was turning away customers at 9pm on a friday night because she ` ` had a bbq to go to ' ' that night - wtf ? ?,['SERVICE#GENERAL'],['Service'],['negative'],[None],[True],1,True,False
acos_train_01473,acos,train,i ' d be horrified if my staff were turning away customers so early and so rudely !,['SERVICE#GENERAL'],['Service'],['negative'],['staff'],[False],1,False,False
acos_train_01474,acos,train,"there ' s another girl who i ca n ' t describe , she is about 5 ' 6 ' ' with brown hair , who eavesdrops on your conversation and chimes in - except she only hears the last part of what you said , so her uninvited opinions are often out of context and nothing to do with what you ' re * really * talking about .",['SERVICE#GENERAL'],['Service'],['negative'],['girl'],[False],1,False,False
acos_train_01475,acos,train,"i ' m a friendly person , so i would n ' t mind had she not been so nasty and gotten so personal .",['SERVICE#GENERAL'],['Service'],['negative'],[None],[True],1,True,False
acos_train_01476,acos,train,"again , i ' d be super upset if that were my employee .",['SERVICE#GENERAL'],['Service'],['negative'],[None],[True],1,True,False
acos_train_01477,acos,train,"considering you will spend at least $ 60 a head , i expect better service .","['SERVICE#GENERAL', 'RESTAURANT#PRICES']","['Service', 'Price']","['negative', 'negative']","['service', None]","[False, True]",2,True,False
acos_train_01478,acos,train,"so , if you ' re walking by and thinking about dining , you might want to see who ' s going to be seating you first . . .",['SERVICE#GENERAL'],['Service'],['negative'],[None],[True],1,True,False
acos_train_01479,acos,train,maitre - d - ' ' eat and get out ' ',['SERVICE#GENERAL'],['Service'],['negative'],['maitre - d'],[False],1,False,False
acos_train_01480,acos,train,"while finishing our meals which included a high - end bottle of wine , our son ' s fiance joined us for a glass of wine and dessert .",['DRINKS#QUALITY'],['Food'],['positive'],['bottle of wine'],[False],1,False,False
acos_train_01481,acos,train,"this guy refused to seat her and she left , followed shortly by the four of us , but not before i told him that in my 40 years of world travel , including paris , that i had never seen such a display of bad behavior by a frontman in a restaurant .",['SERVICE#GENERAL'],['Service'],['negative'],['frontman'],[False],1,False,False
acos_train_01482,acos,train,"his response was smug , arrogant , and condescending , totally consistent with his deportment on display all evening .","['SERVICE#GENERAL', 'SERVICE#GENERAL', 'SERVICE#GENERAL']","['Service', 'Service', 'Service']","['negative', 'negative', 'negative']","[None, None, None]","[True, True, True]",3,True,False
acos_train_01483,acos,train,"if you go here , do it on his off - night .",['SERVICE#GENERAL'],['Service'],['negative'],[None],[True],1,True,False
acos_train_01484,acos,train,best meal in a long time !,['FOOD#QUALITY'],['Food'],['positive'],['meal'],[False],1,False,False
acos_train_01485,acos,train,mussles and calamari were superb saturday evening .,"['FOOD#QUALITY', 'FOOD#QUALITY']","['Food', 'Food']","['positive', 'positive']","['mussles', 'calamari']","[False, False]",2,False,False
acos_train_01486,acos,train,"my father had the flank steak which was very good , and my mother had the swordfish .",['FOOD#QUALITY'],['Food'],['positive'],['flank steak'],[False],1,False,False
acos_train_01487,acos,train,the four seasons restaurant is a great experience .,['RESTAURANT#GENERAL'],['General'],['positive'],['the four seasons restaurant'],[False],1,False,False
acos_train_01488,acos,train,the food is great and the environment is even better .,"['FOOD#QUALITY', 'AMBIENCE#GENERAL']","['Food', 'Ambience']","['positive', 'positive']","['food', 'environment']","[False, False]",2,False,False
acos_train_01489,acos,train,everyone must come here at least once .,['RESTAURANT#GENERAL'],['General'],['positive'],[None],[True],1,True,False
acos_train_01490,acos,train,highly recommend it !,['RESTAURANT#GENERAL'],['General'],['positive'],[None],[True],1,True,False
acos_train_01491,acos,train,taking hot dogs to the next level,['FOOD#QUALITY'],['Food'],['positive'],['hot dogs'],[False],1,False,False
acos_train_01492,acos,train,"at first glance this place seems a bit pricey for a hot dog joint , but at bark you do n ' t just get your average hot dog .","['FOOD#QUALITY', 'RESTAURANT#PRICES']","['Food', 'Price']","['positive', 'negative']","['hot dog', 'bark']","[False, False]",2,False,True
acos_train_01493,acos,train,here the hot dog is elevated to the level of a real entree with numerous variations available .,"['FOOD#QUALITY', 'FOOD#STYLE_OPTIONS']","['Food', 'Food']","['positive', 'positive']","['hot dog', 'hot dog']","[False, False]",2,False,False
acos_train_01494,acos,train,great atmosphere,['AMBIENCE#GENERAL'],['Ambience'],['positive'],['atmosphere'],[False],1,False,False
acos_train_01495,acos,train,"i highly recommend the fish tacos , everything else was ok .","['FOOD#QUALITY', 'FOOD#QUALITY']","['Food', 'Food']","['positive', 'neutral']","['fish tacos', None]","[False, True]",2,True,True
acos_train_01496,acos,train,"cool atmosphere , the fire place in the back really ads to it but needs a bit more heat throughout on a cold night .","['AMBIENCE#GENERAL', 'AMBIENCE#GENERAL', 'AMBIENCE#GENERAL']","['Ambience', 'Ambience', 'Ambience']","['positive', 'positive', 'negative']","['atmosphere', 'fire place', None]","[False, False, True]",3,True,True
acos_train_01497,acos,train,poor service and management,"['SERVICE#GENERAL', 'SERVICE#GENERAL']","['Service', 'Service']","['negative', 'negative']","['service', 'management']","[False, False]",2,False,False
acos_train_01498,acos,train,had an awful experience at casa la femme on a saturday dinner .,['RESTAURANT#GENERAL'],['General'],['negative'],['casa la femme'],[False],1,False,False
acos_train_01499,acos,train,appetizers took nearly an hour .,['SERVICE#GENERAL'],['Service'],['negative'],[None],[True],1,True,False
acos_train_01500,acos,train,never got an explanation as to what was going on .,['SERVICE#GENERAL'],['Service'],['negative'],[None],[True],1,True,False
acos_train_01501,acos,train,the manager was rude and handled the situation extremely poorly .,"['SERVICE#GENERAL', 'SERVICE#GENERAL']","['Service', 'Service']","['negative', 'negative']","['manager', 'manager']","[False, False]",2,False,False
acos_train_01502,acos,train,"on the way out , we heard of other guests complaining about similar issues .",['SERVICE#GENERAL'],['Service'],['negative'],[None],[True],1,True,False
acos_train_01503,acos,train,can ’ t believe how an expensive nyc restaurant can be so disrespectful to its clients .,"['RESTAURANT#PRICES', 'SERVICE#GENERAL']","['Price', 'Service']","['negative', 'negative']","['restaurant', None]","[False, True]",2,True,False
acos_train_01504,acos,train,what a hassle !,['RESTAURANT#GENERAL'],['General'],['negative'],[None],[True],1,True,False
acos_train_01505,acos,train,"the food is very good , but not outstanding .","['FOOD#QUALITY', 'FOOD#QUALITY']","['Food', 'Food']","['positive', 'neutral']","['food', 'food']","[False, False]",2,False,True
acos_train_01506,acos,train,"there is no way it justifies the accolades it receives , the attitude of the staff or the wait for a table .","['SERVICE#GENERAL', 'SERVICE#GENERAL', 'FOOD#QUALITY']","['Service', 'Service', 'Food']","['negative', 'negative', 'negative']","['staff', 'wait', None]","[False, False, True]",3,True,False
acos_train_01507,acos,train,"on our last visit , they skipped over our name on the list , leaving us waiting an extra hour for a table .",['SERVICE#GENERAL'],['Service'],['negative'],[None],[True],1,True,False
acos_train_01508,acos,train,"mistakes happen , but they are usually accompanied by an apology , perhaps even a glass of wine . . . but not the grunt that we received from the al di la staff .",['SERVICE#GENERAL'],['Service'],['negative'],['staff'],[False],1,False,False
acos_train_01509,acos,train,expensive,['RESTAURANT#PRICES'],['Price'],['negative'],[None],[True],1,True,False
acos_train_01510,acos,train,"the pasta was well cooked , did n ' t have enough sauce though or flavor .",['FOOD#QUALITY'],['Food'],['negative'],['pasta'],[False],1,False,False
acos_train_01511,acos,train,so rude ! ! !,['SERVICE#GENERAL'],['Service'],['negative'],[None],[True],1,True,False
acos_train_01512,acos,train,i was one of the people that went for this horrible experience .,['RESTAURANT#GENERAL'],['General'],['negative'],[None],[True],1,True,False
acos_train_01513,acos,train,the hostess was rude and i got a distinct feeling that they did not want to serve us .,"['SERVICE#GENERAL', 'SERVICE#GENERAL']","['Service', 'Service']","['negative', 'negative']","['hostess', None]","[False, True]",2,True,False
acos_train_01514,acos,train,the only thing that my friend left out is that when we sat down at the bar the bartender disappeared .,['SERVICE#GENERAL'],['Service'],['negative'],['bartender'],[False],1,False,False
acos_train_01515,acos,train,i asked for a menu and the same waitress looked at my like i was insane .,['SERVICE#GENERAL'],['Service'],['negative'],['waitress'],[False],1,False,False
acos_train_01516,acos,train,"i was shocked that my friends wanted to stay after the waitress said , ` ` can i help you ' ' and ` ` how many are in your party . ' '",['SERVICE#GENERAL'],['Service'],['negative'],['waitress'],[False],1,False,False
acos_train_01517,acos,train,the three of us standing in front of her should have been an indication of how many of us there were .,['SERVICE#GENERAL'],['Service'],['negative'],[None],[True],1,True,False
acos_train_01518,acos,train,we did n ' t look like the other patrons in there so unfortunately i think that may have been part of the problem .,['RESTAURANT#MISCELLANEOUS'],['General'],['negative'],[None],[True],1,True,False
acos_train_01519,acos,train,bad staff,['SERVICE#GENERAL'],['Service'],['negative'],['staff'],[False],1,False,False
acos_train_01520,acos,train,i generally like this place .,['RESTAURANT#GENERAL'],['General'],['positive'],['place'],[False],1,False,False
acos_train_01521,acos,train,the design of the space is good .,['AMBIENCE#GENERAL'],['Ambience'],['positive'],['space'],[False],1,False,False
acos_train_01522,acos,train,but the service is horrid !,['SERVICE#GENERAL'],['Service'],['negative'],['service'],[False],1,False,False
acos_train_01523,acos,train,"i was there for brunch recently , and we were tag teamed by a waitress and a waiter .","['SERVICE#GENERAL', 'SERVICE#GENERAL']","['Service', 'Service']","['negative', 'negative']","['waitress', 'waiter']","[False, False]",2,False,False
acos_train_01524,acos,train,the waiter delivered our food while holding what appeared to be a plastic bag of garbage in one hand .,['SERVICE#GENERAL'],['Service'],['negative'],['waiter'],[False],1,False,False
acos_train_01525,acos,train,"i ca n ' t believe that it was , but please put the bag down before delivering food !",['SERVICE#GENERAL'],['Service'],['negative'],[None],[True],1,True,False
acos_train_01526,acos,train,"the waitress came to check in on us every few minutes , and began to clear the plates while half of us were still eating ( a big pet peeve of mine that happens almost everywhere , so i try to ignore it ) .",['SERVICE#GENERAL'],['Service'],['negative'],['waitress'],[False],1,False,False
acos_train_01527,acos,train,"i could n ' t ignore the fact that she reach over the plate of one of my friends , who was in mid bite , to clear the table .",['SERVICE#GENERAL'],['Service'],['negative'],[None],[True],1,True,False
acos_train_01528,acos,train,"she then put the check down without asking if we were done , and came to check on the bill every two minutes , even though we were one of three occupied tables .",['SERVICE#GENERAL'],['Service'],['negative'],[None],[True],1,True,False
acos_train_01529,acos,train,"i wish i could like this place more , and i wish someone would retrain the staff .","['RESTAURANT#GENERAL', 'SERVICE#GENERAL']","['General', 'Service']","['negative', 'negative']","['place', 'staff']","[False, False]",2,False,False
