sample_id,source,split,text,categories_fine,categories_coarse,sentiments,aspect_terms,is_implicit_flags,num_aspects,has_implicit,has_conflict
mams_train_00000,mams,train,"It might be the best sit down food I've had in the area, so if you are going to the upright citizen brigade, or the garden, it could be just the place for you.","['food', 'place']","['Food', 'General']","['positive', 'neutral']","[None, None]","[False, False]",2,False,True
mams_train_00001,mams,train,Hostess was extremely accommodating when we arrived an hour early for our reservation.,"['staff', 'miscellaneous']","['Service', 'General']","['positive', 'neutral']","[None, None]","[False, False]",2,False,True
mams_train_00002,mams,train,"We were a couple of minutes late for our reservation and minus one guest, but we didn't think we deserved the attitude we got from the hostess.","['miscellaneous', 'staff']","['General', 'Service']","['neutral', 'negative']","[None, None]","[False, False]",2,False,True
mams_train_00003,mams,train,"Though the service might be a little slow, the waitresses are very friendly.","['service', 'staff']","['Service', 'Service']","['negative', 'positive']","[None, None]","[False, False]",2,False,True
mams_train_00004,mams,train,"Although we arrived at the restaurant 10 min late, the hostess did not have a table for us.","['staff', 'miscellaneous']","['Service', 'General']","['negative', 'neutral']","[None, None]","[False, False]",2,False,True
mams_train_00005,mams,train,I like the smaller portion size for dinner.,"['miscellaneous', 'food']","['General', 'Food']","['negative', 'neutral']","[None, None]","[False, False]",2,False,True
mams_train_00006,mams,train,"The bill was surprisingly inexpensive considering we each had appetizers, an entree, dessert and drinks (alcoholic and non) we also had 3 rounds of shots for the entire table.","['food', 'price', 'miscellaneous']","['Food', 'Price', 'General']","['neutral', 'positive', 'neutral']","[None, None, None]","[False, False, False]",3,False,True
mams_train_00007,mams,train,") other food is served in too-small portions, but at least it leaves room for dessert.","['miscellaneous', 'food']","['General', 'Food']","['negative', 'neutral']","[None, None]","[False, False]",2,False,True
mams_train_00008,mams,train,"It was very loud, I felt too crowded, the man chair's next to me made it impossible for the waiters to pass.","['miscellaneous', 'staff']","['General', 'Service']","['neutral', 'negative']","[None, None]","[False, False]",2,False,True
mams_train_00009,mams,train,"After ordering drinks, we both decided on the Paella Vallenciana, brought out on hot plates.","['food', 'miscellaneous']","['Food', 'General']","['neutral', 'positive']","[None, None]","[False, False]",2,False,True
mams_train_00010,mams,train,Portions are fairly generous and the staff brings out multiple little bites and treats throughout dinner.,"['miscellaneous', 'staff', 'food']","['General', 'Service', 'Food']","['positive', 'positive', 'neutral']","[None, None, None]","[False, False, False]",3,False,True
mams_train_00011,mams,train,I had to ask for bread for the table (several times).,"['food', 'miscellaneous']","['Food', 'General']","['negative', 'neutral']","[None, None]","[False, False]",2,False,True
mams_train_00012,mams,train,"Specialty drinks--alcoholic and non--arrive in skull mugs or mini-canteens, nifty take-home souvenirs.","['food', 'miscellaneous']","['Food', 'General']","['neutral', 'positive']","[None, None]","[False, False]",2,False,True
mams_train_00013,mams,train,After reading other reviews I was expecting poor service and ambience but was pleasantly surprised by our more than helpful waiter.,"['service', 'staff']","['Service', 'Service']","['negative', 'positive']","[None, None]","[False, False]",2,False,True
mams_train_00014,mams,train,I was told by the hostess that a specific table would be mine once the customers left and I waited 45 minutes for that to happen.,"['staff', 'miscellaneous']","['Service', 'General']","['negative', 'neutral']","[None, None]","[False, False]",2,False,True
mams_train_00015,mams,train,"Towards the end of our meal, a server came out, apparently our orders had been double-filled.","['food', 'staff']","['Food', 'Service']","['neutral', 'negative']","[None, None]","[False, False]",2,False,True
mams_train_00016,mams,train,"The Food The casual Middle Eastern menu looks familar, but the food--made to order in the open kitchen--is a notch above its peers.","['menu', 'place']","['General', 'General']","['positive', 'neutral']","[None, None]","[False, False]",2,False,True
mams_train_00017,mams,train,"Upon entering, I was impressed by the room while the food on other peoples' tables seemed enticing.","['food', 'place']","['Food', 'General']","['neutral', 'positive']","[None, None]","[False, False]",2,False,True
mams_train_00018,mams,train,"The beginning of the meal wasnt bad, the hostess was very nice, we got our drinks about every 10 minutes and the appetizers we good.","['staff', 'food']","['Service', 'Food']","['positive', 'neutral']","[None, None]","[False, False]",2,False,True
mams_train_00019,mams,train,"I found that the food variety was great, and the waitress was very accommodating to my vegan boyfriend describing all items' ingredients and how you may request more of what YOU like, creating a unique experience.","['food', 'staff', 'ambience']","['Food', 'Service', 'Ambience']","['positive', 'positive', 'neutral']","[None, None, None]","[False, False, False]",3,False,True
mams_train_00020,mams,train,"Came recommended to us, but we found the food to be so-so, the service good, but we were told we could not order desert since the table we were at had a reservation waiting.","['food', 'service']","['Food', 'Service']","['negative', 'neutral']","[None, None]","[False, False]",2,False,True
mams_train_00021,mams,train,"Our waitress couldn't tell us what was in the seafood special, forgot to put in our oyster order so it came at the same time as the main meals, wasn't able to provide a confident recommendation from the menu, and had to be flagged several times for drinks.","['staff', 'food', 'menu']","['Service', 'Food', 'General']","['negative', 'neutral', 'neutral']","[None, None, None]","[False, False, False]",3,False,True
mams_train_00022,mams,train,I went back (with my cold soups) They said they would have to make me another dish since they couldn't scrape off the unwanted ingredients.,"['food', 'ambience']","['Food', 'Ambience']","['neutral', 'negative']","[None, None]","[False, False]",2,False,True
mams_train_00023,mams,train,"Server's were extremely nice, yet were socializing too much with friends that were having drinks at the bar and it was difficult to get their attention.","['staff', 'place']","['Service', 'General']","['positive', 'neutral']","[None, None]","[False, False]",2,False,True
mams_train_00024,mams,train,"And there wasn't much room for the people at the bar to stand either, as the restaurant attempted to squeeze as many tables into the restaurant as they could, forcing those dining to have to shift in their chairs every time a waiter attempted to get by.","['place', 'food', 'miscellaneous', 'staff']","['General', 'Food', 'General', 'Service']","['neutral', 'neutral', 'neutral', 'negative']","[None, None, None, None]","[False, False, False, False]",4,False,True
mams_train_00025,mams,train,"Went for an early V-Day dinner, only to be highly disappointed by the service.","['food', 'service']","['Food', 'Service']","['neutral', 'negative']","[None, None]","[False, False]",2,False,True
mams_train_00026,mams,train,Before our food arrived I asked our waitress if we could be moved and she just stared blankly at me.,"['food', 'staff']","['Food', 'Service']","['neutral', 'negative']","[None, None]","[False, False]",2,False,True
mams_train_00027,mams,train,The service is excellent -- the staff is attentive and the waitress was well-informed about the menu.,"['service', 'staff', 'menu']","['Service', 'Service', 'General']","['positive', 'positive', 'neutral']","[None, None, None]","[False, False, False]",3,False,True
mams_train_00028,mams,train,"I still go often, but the prices went up a little and the service is even slower now that they're always full during dinner hours.","['price', 'food']","['Price', 'Food']","['negative', 'neutral']","[None, None]","[False, False]",2,False,True
mams_train_00029,mams,train,"It is the only all Austrian wine list in the country and the waitress gladly broke it down for me, so I could find just the right wine for my meal.","['food', 'staff']","['Food', 'Service']","['neutral', 'positive']","[None, None]","[False, False]",2,False,True
mams_train_00030,mams,train,its a cool place to come with a bunch of people or with a date for maybe a mild dinner or some drinks.,"['place', 'food']","['General', 'Food']","['positive', 'neutral']","[None, None]","[False, False]",2,False,True
mams_train_00031,mams,train,The final blow was when the waiter brought us the check before we had even finished dessert--never mind that the only reason we were taking a long time to finish the meal was because of the extreme delay in the service of our food.,"['staff', 'food', 'service']","['Service', 'Food', 'Service']","['negative', 'neutral', 'negative']","[None, None, None]","[False, False, False]",3,False,True
mams_train_00032,mams,train,"worst margaritas in town,if you are going to order a battle of (white wine)they served hot.","['food', 'service']","['Food', 'Service']","['negative', 'neutral']","[None, None]","[False, False]",2,False,True
mams_train_00033,mams,train,"They served the main course before the appetizers eventhough we asked for the latter first, to which our waiter responded that they don't serve them separately without telling us beforehand while ordering.","['food', 'staff']","['Food', 'Service']","['neutral', 'negative']","[None, None]","[False, False]",2,False,True
mams_train_00034,mams,train,"After requesting to be seated at an empty table, the waitress (who was so terribly burdened when we asked to move from the bar to the table to have dinner) asked us to get up from our seats and wait for a smaller table because a party of 3 just walked in.","['staff', 'place', 'food']","['Service', 'General', 'Food']","['negative', 'neutral', 'neutral']","[None, None, None]","[False, False, False]",3,False,True
mams_train_00035,mams,train,"The place wasn't at all busy, and we were shown a table in the back, given our menus, and promptly forgotten about.","['place', 'menu']","['General', 'General']","['negative', 'neutral']","[None, None]","[False, False]",2,False,True
mams_train_00036,mams,train,"Although the service can be a bit brusque at times, the food is always good, hearty and hot.","['service', 'food']","['Service', 'Food']","['negative', 'positive']","[None, None]","[False, False]",2,False,True
mams_train_00037,mams,train,"The Food Despite a menu that seems larger than the restaurant, great care goes into the preparation of every dish.","['food', 'menu']","['Food', 'General']","['positive', 'neutral']","[None, None]","[False, False]",2,False,True
mams_train_00038,mams,train,Cornelia Street looks like a Broadway set for West Side Story and the inside of Po is so cool quaint you really can't top the setting for a romantic dinner in NYC.,"['ambience', 'food']","['Ambience', 'Food']","['neutral', 'positive']","[None, None]","[False, False]",2,False,True
mams_train_00039,mams,train,"Be warned that this place can get pretty crowded, though the $3 bloody mary's at the bar and the killer DJ make the wait more than bearable.","['place', 'staff']","['General', 'Service']","['neutral', 'negative']","[None, None]","[False, False]",2,False,True
mams_train_00040,mams,train,"As if that wasnt enough, after another in the group mentioned that a portion of the sushi on her plate was not what she had ordered, the waiter came back with chopsticks and started to remove it (as she was eating!)","['miscellaneous', 'food', 'staff']","['General', 'Food', 'Service']","['neutral', 'neutral', 'negative']","[None, None, None]","[False, False, False]",3,False,True
mams_train_00041,mams,train,We started with the guacamole and this is by far the best I've ever had bar none.,"['food', 'place']","['Food', 'General']","['positive', 'neutral']","[None, None]","[False, False]",2,False,True
mams_train_00042,mams,train,"If you eat here, just keep in mind that the specials are much higher than the regular menu when ordering.","['food', 'menu']","['Food', 'General']","['positive', 'neutral']","[None, None]","[False, False]",2,False,True
mams_train_00043,mams,train,The waiter was just throwing our dishes on the table without even clearing the appetizer plates and then they started clearing the food when we weren't even finished yet.,"['staff', 'food', 'miscellaneous']","['Service', 'Food', 'General']","['negative', 'neutral', 'neutral']","[None, None, None]","[False, False, False]",3,False,True
mams_train_00044,mams,train,"Before we can even order desert, the waitress comes and tells us we have to leave because the host wanted our table.","['staff', 'miscellaneous']","['Service', 'General']","['negative', 'neutral']","[None, None]","[False, False]",2,False,True
mams_train_00045,mams,train,the tables are in the back and the ambience was less to be desired.,"['place', 'ambience']","['General', 'Ambience']","['neutral', 'negative']","[None, None]","[False, False]",2,False,True
mams_train_00046,mams,train,"While service is still ok, the food has been not up to par on my last few visits.","['service', 'food']","['Service', 'Food']","['positive', 'negative']","[None, None]","[False, False]",2,False,True
mams_train_00047,mams,train,"After the wine experience, I actually expected worse than what was served.","['food', 'service']","['Food', 'Service']","['neutral', 'negative']","[None, None]","[False, False]",2,False,True
mams_train_00048,mams,train,I dined in the Main Dining Room which is surrounded by authentic Spanish decorations.,"['place', 'ambience']","['General', 'Ambience']","['neutral', 'positive']","[None, None]","[False, False]",2,False,True
mams_train_00049,mams,train,"Our server did not check on us, ask if we needed anything, refill our water or get our dessert order right.","['staff', 'food']","['Service', 'Food']","['negative', 'neutral']","[None, None]","[False, False]",2,False,True
mams_train_00050,mams,train,"On ouor visit, our reservation was ignored and then we were asked to move from our seats at the bar, where we were told to wait, because we were not drinking enough.","['miscellaneous', 'place']","['General', 'General']","['negative', 'neutral']","[None, None]","[False, False]",2,False,True
mams_train_00051,mams,train,"The food at Cafe Asean is to die for, and the prices are unmatchable.","['food', 'price']","['Food', 'Price']","['positive', 'negative']","[None, None]","[False, False]",2,False,True
mams_train_00052,mams,train,"The Scene The entrance leads into a dim, narrow bar decorated with sake bottles, exposed brick and a beautiful arched wooden ceiling.","['miscellaneous', 'place', 'food']","['General', 'General', 'Food']","['positive', 'negative', 'neutral']","[None, None, None]","[False, False, False]",3,False,True
mams_train_00053,mams,train,It also has great ice cream and spumoni ices.,"['food', 'miscellaneous']","['Food', 'General']","['positive', 'neutral']","[None, None]","[False, False]",2,False,True
mams_train_00054,mams,train,"However, the drinks are very good and this place is alright for brunch, if you don't mind sitting in a very cramped spot and/or waiting on line.","['food', 'miscellaneous', 'service']","['Food', 'General', 'Service']","['positive', 'negative', 'negative']","[None, None, None]","[False, False, False]",3,False,True
mams_train_00055,mams,train,The ONLY negative was when we asked the waiter to secretly bring birthday cake and some other desserts for the table.,"['staff', 'miscellaneous']","['Service', 'General']","['negative', 'neutral']","[None, None]","[False, False]",2,False,True
mams_train_00056,mams,train,"Sometimes, the take-out and seating lines can be long, but the staff help move things along.","['food', 'miscellaneous', 'staff']","['Food', 'General', 'Service']","['neutral', 'neutral', 'positive']","[None, None, None]","[False, False, False]",3,False,True
mams_train_00057,mams,train,"I went to Sushiden on a Friday night around 8:00, the place was pretty empty, we had reservations, but we didnt need them.","['place', 'miscellaneous']","['General', 'General']","['negative', 'neutral']","[None, None]","[False, False]",2,False,True
mams_train_00058,mams,train,THE DECOR HAS BEEN UPDATED TO A FULL BLOWN RESTAURANT BUT THE QUALITY AND THE QUANTITY HASN'T CHANGED.,"['ambience', 'miscellaneous']","['Ambience', 'General']","['positive', 'negative']","[None, None]","[False, False]",2,False,True
mams_train_00059,mams,train,"A+  was planning a party for my staff, and was treated rudely by another restaurant when trying to add more people to reservation (a simple no would have worked).","['staff', 'miscellaneous']","['Service', 'General']","['negative', 'neutral']","[None, None]","[False, False]",2,False,True
mams_train_00060,mams,train,"The Food Regulars swear by the tamales, which are spongy, well-seasoned and pulled from steaming crocks on the counter.","['food', 'place']","['Food', 'General']","['positive', 'neutral']","[None, None]","[False, False]",2,False,True
mams_train_00061,mams,train,"Unfortunately, the food along with the unhelpful service doesn't make up for the atmosphere.","['food', 'service', 'ambience']","['Food', 'Service', 'Ambience']","['neutral', 'negative', 'neutral']","[None, None, None]","[False, False, False]",3,False,True
mams_train_00062,mams,train,"They expanded the seating with a cozy new back section, added some great new dishes (I had the most fantastic j erk Shrimp and exciting maize crusted salmon) but kept everything that was good (amazing staff and Mac Jack!)","['place', 'food', 'staff']","['General', 'Food', 'Service']","['neutral', 'positive', 'positive']","[None, None, None]","[False, False, False]",3,False,True
mams_train_00063,mams,train,Not to mention that the busboy spilled 2 glasses of water on my back and the Manager was NOWHERE TO BE SEEN.,"['staff', 'food']","['Service', 'Food']","['negative', 'neutral']","[None, None]","[False, False]",2,False,True
mams_train_00064,mams,train,"Smiling servers quiz diners with movie trivia, but forget to fill their water glasses.","['staff', 'price', 'miscellaneous']","['Service', 'Price', 'General']","['positive', 'neutral', 'neutral']","[None, None, None]","[False, False, False]",3,False,True
mams_train_00065,mams,train,"The waiter was miffed when we decided to order dessert (and I must say we were eating the courses as they arrived, no lingering).","['staff', 'food']","['Service', 'Food']","['negative', 'neutral']","[None, None]","[False, False]",2,False,True
mams_train_00066,mams,train,"Heck even if they had awful service and atmosphere I would still come to this place for their dumplings, luckly that is not the case.","['service', 'ambience', 'food']","['Service', 'Ambience', 'Food']","['negative', 'negative', 'positive']","[None, None, None]","[False, False, False]",3,False,True
mams_train_00067,mams,train,Chef Anthony is warm and is always fixing up something unique and tasty in the kitchen to send to your table.,"['staff', 'miscellaneous']","['Service', 'General']","['positive', 'neutral']","[None, None]","[False, False]",2,False,True
mams_train_00068,mams,train,"The menu features classic French bistro fare, like steamed mussels with French fries and hangar steak with a green peppercorn sauce.","['menu', 'food']","['General', 'Food']","['neutral', 'positive']","[None, None]","[False, False]",2,False,True
mams_train_00069,mams,train,"Had an after-work drink at the bar with a date, loved the place so much we came back for brunch the next morning.","['food', 'place']","['Food', 'General']","['neutral', 'positive']","[None, None]","[False, False]",2,False,True
mams_train_00070,mams,train,The food was served promptly and was really hot.,"['food', 'service']","['Food', 'Service']","['positive', 'neutral']","[None, None]","[False, False]",2,False,True
mams_train_00071,mams,train,"The kitchen is open and surrounded by bar seating (the only kind of seating), and they have a nice set-up where the waitress stays behind the bar and the chefs deliver your food after you have watched them prepare it.","['place', 'service', 'staff', 'food']","['General', 'Service', 'Service', 'Food']","['positive', 'neutral', 'positive', 'neutral']","[None, None, None, None]","[False, False, False, False]",4,False,True
mams_train_00072,mams,train,I had been to Blue Fin previously for drinks and appetizers and thought the atmosphere was very good (expecially for people watching).,"['food', 'ambience']","['Food', 'Ambience']","['neutral', 'positive']","[None, None]","[False, False]",2,False,True
mams_train_00073,mams,train,"The bar downstairs is a lot of fun, so if you get stuck waiting, just have drink.","['service', 'food']","['Service', 'Food']","['negative', 'neutral']","[None, None]","[False, False]",2,False,True
mams_train_00074,mams,train,"The atmosphere was nice (tables were a bit too close together) and trendy, but waiters seemed rushed.","['ambience', 'place']","['Ambience', 'General']","['positive', 'negative']","[None, None]","[False, False]",2,False,True
mams_train_00075,mams,train,We recently had brunch at this establishment with two other couples and I have to say I was majorly dissapointed with the service and how we were treated.,"['food', 'service']","['Food', 'Service']","['neutral', 'negative']","[None, None]","[False, False]",2,False,True
mams_train_00076,mams,train,"Although our waitress was pleasant and accomdating, the overpriced food was quite the opposite.","['staff', 'food']","['Service', 'Food']","['positive', 'negative']","[None, None]","[False, False]",2,False,True
mams_train_00077,mams,train,Their desserts were limited - I mean REALLY limited to 2 items (nothing like the online menu).,"['food', 'menu']","['Food', 'General']","['negative', 'neutral']","[None, None]","[False, False]",2,False,True
mams_train_00078,mams,train,"My group got charged an outrageuos $63/person for a family-style dinner, including a 23% tip added for the horrible service.","['food', 'service']","['Food', 'Service']","['neutral', 'negative']","[None, None]","[False, False]",2,False,True
mams_train_00079,mams,train,Bartenders look like model wannabes and threw out my friend's beer before he was finished (about 1/4 left).,"['staff', 'food']","['Service', 'Food']","['negative', 'neutral']","[None, None]","[False, False]",2,False,True
mams_train_00080,mams,train,Perhaps if the owner manager would concentrate more on service then acting as a dj this restaurant would run better.,"['staff', 'service']","['Service', 'Service']","['neutral', 'negative']","[None, None]","[False, False]",2,False,True
mams_train_00081,mams,train,"The food at Parish was tasy and well-prepared, but the portions were absurdly miniscule, especially in proportion to the prices.","['food', 'miscellaneous', 'price']","['Food', 'General', 'Price']","['positive', 'negative', 'negative']","[None, None, None]","[False, False, False]",3,False,True
mams_train_00082,mams,train,There is actually space to breathe and the decor sets the tone for an intimate dinner.,"['place', 'ambience', 'food']","['General', 'Ambience', 'Food']","['neutral', 'positive', 'positive']","[None, None, None]","[False, False, False]",3,False,True
mams_train_00083,mams,train,The atmosphere was really nice and inviting but our waiter was awful!,"['ambience', 'staff']","['Ambience', 'Service']","['positive', 'negative']","[None, None]","[False, False]",2,False,True
mams_train_00084,mams,train,"I always listen to the waiters' recommendations, because they're always awesome - either a special or just one of their faves off the menu.","['staff', 'menu']","['Service', 'General']","['positive', 'neutral']","[None, None]","[False, False]",2,False,True
mams_train_00085,mams,train,"The decor is sparse and elegant, the service warm (though my waitress was occasionally difficult to find), and the sushi fresh.","['ambience', 'service', 'staff']","['Ambience', 'Service', 'Service']","['positive', 'positive', 'negative']","[None, None, None]","[False, False, False]",3,False,True
mams_train_00086,mams,train,I waited 15 minutes for the waiter to take the bill from me and finally I got fed up with him walking past our table I had to start waving the bill in the air and finally some other waitress took our bill.,"['staff', 'ambience']","['Service', 'Ambience']","['negative', 'neutral']","[None, None]","[False, False]",2,False,True
mams_train_00087,mams,train,"Yes, the wait is long and ridiculous as times, especially as you watch others gobble down their food.","['service', 'food']","['Service', 'Food']","['negative', 'neutral']","[None, None]","[False, False]",2,False,True
mams_train_00088,mams,train,"considering the prices on the menu, i'd rather go somewhere else where they know how to refill water and real chairs for everyone, something you can even get at mcdonald's.","['price', 'menu', 'food', 'miscellaneous']","['Price', 'General', 'Food', 'General']","['neutral', 'neutral', 'neutral', 'positive']","[None, None, None, None]","[False, False, False, False]",4,False,True
mams_train_00089,mams,train,It was practically impossible to get the waitstaff's attention to order another bottle of wine.,"['staff', 'food']","['Service', 'Food']","['negative', 'neutral']","[None, None]","[False, False]",2,False,True
mams_train_00090,mams,train,"After spending over $500 on a business dinner, a manager knelt down at our table and asked us to quote, wrap it up and move to the bar.","['food', 'staff', 'miscellaneous', 'place']","['Food', 'Service', 'General', 'General']","['neutral', 'negative', 'neutral', 'neutral']","[None, None, None, None]","[False, False, False, False]",4,False,True
mams_train_00091,mams,train,"Friendly staff happily accepted a reservation (for 10), and when only 6 showed up, they couldn't have been more understanding!","['staff', 'miscellaneous']","['Service', 'General']","['positive', 'neutral']","[None, None]","[False, False]",2,False,True
mams_train_00092,mams,train,"At our table we didn't get any bread until 30 minutes into the seating, which may I emphasize the waiter took really long to come to our table, about 20 minutes.","['place', 'staff']","['General', 'Service']","['neutral', 'negative']","[None, None]","[False, False]",2,False,True
mams_train_00093,mams,train,"Recently I purchased a dish to go, and found that all of my meal contained just one large piece of ginger root.","['food', 'miscellaneous']","['Food', 'General']","['neutral', 'negative']","[None, None]","[False, False]",2,False,True
mams_train_00094,mams,train,The numbness in your lower legs from sitting on old wood chairs is more than compensated by the wonderful food.,"['miscellaneous', 'food']","['General', 'Food']","['negative', 'positive']","[None, None]","[False, False]",2,False,True
mams_train_00095,mams,train,"We were able to reserve a spot at the chef tasting bar with Morimoto who actually called in sick that night, but we were still charged full price.","['place', 'price']","['General', 'Price']","['positive', 'negative']","[None, None]","[False, False]",2,False,True
mams_train_00096,mams,train,Went here for a casual Sunday night dinner at 7:45pm; dinner was served at 10:15pm!,"['miscellaneous', 'service']","['General', 'Service']","['neutral', 'negative']","[None, None]","[False, False]",2,False,True
mams_train_00097,mams,train,"Then, the waitress gave my wife coffee with regular milk in it even though my wife specifically requested Soy Milk.","['staff', 'food']","['Service', 'Food']","['negative', 'neutral']","[None, None]","[False, False]",2,False,True
mams_train_00098,mams,train,I thought I'd give the new place a try since it had an expanded menu and a more legit look.,"['place', 'menu']","['General', 'General']","['neutral', 'positive']","[None, None]","[False, False]",2,False,True
mams_train_00099,mams,train,*There is a pre-theatre dinner menu for early diners that is of great value.,"['menu', 'price']","['General', 'Price']","['positive', 'neutral']","[None, None]","[False, False]",2,False,True
mams_train_00100,mams,train,"The prixe fix menu was a deal to boost downtown restaurants, atleast we didn't pay the full price.","['menu', 'price']","['General', 'Price']","['positive', 'negative']","[None, None]","[False, False]",2,False,True
mams_train_00101,mams,train,"The steak au poivre certainly lives up to its lofty reputation, but it shuoldn't overshadow many of the other delicacies on the menu, such as the crab cakes and the frisee salad.","['food', 'menu']","['Food', 'General']","['positive', 'neutral']","[None, None]","[False, False]",2,False,True
mams_train_00102,mams,train,"Waiter was a strange bird and when told we wanted to enjoy our dining experience and not be rushed through dinner, he assured us it takes 30 minutes to get entrees once food was ordered.","['staff', 'food']","['Service', 'Food']","['negative', 'positive']","[None, None]","[False, False]",2,False,True
mams_train_00103,mams,train,"This is not haute cuisine, but that' part of what I love about it - it has an honest, intimate feel with no pretensions, just like eating in an Italian family's home.","['food', 'miscellaneous']","['Food', 'General']","['negative', 'positive']","[None, None]","[False, False]",2,False,True
mams_train_00104,mams,train,"The food was so-so and you would think it was a french resturant, the portions were so tiny.","['food', 'miscellaneous']","['Food', 'General']","['neutral', 'negative']","[None, None]","[False, False]",2,False,True
mams_train_00105,mams,train,Eventually another waiter cleaned up the table and allowed us to sit there.,"['staff', 'miscellaneous']","['Service', 'General']","['positive', 'neutral']","[None, None]","[False, False]",2,False,True
mams_train_00106,mams,train,"However the hostess completely ignored us, we waited 40 min at the bar (even with reservation), our waitress was incredibly uninterested in us (never even offered dessert menus) and the somelier could have taken a look at the label before he made a mistake about his favorite wine.","['staff', 'place', 'miscellaneous']","['Service', 'General', 'General']","['negative', 'neutral', 'neutral']","[None, None, None]","[False, False, False]",3,False,True
mams_train_00107,mams,train,seems everyone ordered sushi there were tons of delivery orders (we can tell as we sat near the back).,"['food', 'service']","['Food', 'Service']","['neutral', 'positive']","[None, None]","[False, False]",2,False,True
mams_train_00108,mams,train,small price to pay to have dinner on a Saturday night in downtown Manhattan.,"['price', 'food']","['Price', 'Food']","['positive', 'neutral']","[None, None]","[False, False]",2,False,True
mams_train_00109,mams,train,"The Scene Flanked by a diner-style bar on one side and glass cases of sweets on the other, General Store resembles a cozy mom-and-pop rest stop on the way through Pennsylvania Dutch country--minus the cheesy gift shop.","['miscellaneous', 'place']","['General', 'General']","['positive', 'neutral']","[None, None]","[False, False]",2,False,True
mams_train_00110,mams,train,"Since it's a small place, it's best to get there early for dinner as the wait can be quite long if you don't make a reservation.","['service', 'miscellaneous']","['Service', 'General']","['negative', 'neutral']","[None, None]","[False, False]",2,False,True
mams_train_00111,mams,train,The interior is understated making it special enough to take a date but easy enough to stop in anytime for dinner or snack.,"['place', 'food']","['General', 'Food']","['positive', 'neutral']","[None, None]","[False, False]",2,False,True
mams_train_00112,mams,train,"The prices are incredibly reasonable, especially considering the HUGE portions - by noodle soup could have fed both my husband and myself.","['miscellaneous', 'food']","['General', 'Food']","['positive', 'neutral']","[None, None]","[False, False]",2,False,True
mams_train_00113,mams,train,"There is a huge line, usually a 45 minute wait; they take no reservations and no tables of more than five people.","['service', 'miscellaneous', 'place']","['Service', 'General', 'General']","['neutral', 'negative', 'negative']","[None, None, None]","[False, False, False]",3,False,True
mams_train_00114,mams,train,"The pizzas are a MUST TRY, hence the name.","['food', 'miscellaneous']","['Food', 'General']","['positive', 'neutral']","[None, None]","[False, False]",2,False,True
mams_train_00115,mams,train,The situation was verified by taking 3 dishes that were over an hour late off the bill and free desserts and coffee but the experience left most of us never wanting to go to the supposed hip cool 66 ever again.,"['food', 'price']","['Food', 'Price']","['positive', 'neutral']","[None, None]","[False, False]",2,False,True
mams_train_00116,mams,train,"I went there with family and even though we had reservations, we were seated 30 minutes late, the food took 45 minutes to arrive and when I got the wrong order, I had a hard time trying to find the server.","['miscellaneous', 'food', 'staff']","['General', 'Food', 'Service']","['neutral', 'neutral', 'negative']","[None, None, None]","[False, False, False]",3,False,True
mams_train_00117,mams,train,"The wait was much shorter than the hostess quoted, which was great.","['service', 'staff']","['Service', 'Service']","['positive', 'neutral']","[None, None]","[False, False]",2,False,True
mams_train_00118,mams,train,"Though the menu is brief, entrees range from a deeply satisfying, wintry seared calf's liver with oven-dried tomatoes to a much lighter striped bass drizzled with textbook perfect beurre blanc.","['menu', 'food']","['General', 'Food']","['neutral', 'positive']","[None, None]","[False, False]",2,False,True
mams_train_00119,mams,train,"When we got our food, the waitress barely said a word as she placed our take-out on the table and grabbed the check.","['food', 'staff', 'price']","['Food', 'Service', 'Price']","['neutral', 'negative', 'neutral']","[None, None, None]","[False, False, False]",3,False,True
mams_train_00120,mams,train,Dropped in for a quick bite with a friend -- like the previous reviewer it took more than 15 minutes for any kind of service at all (including getting water) and then another 45 minutes to get a burger (which admittedly was good).,"['service', 'food']","['Service', 'Food']","['negative', 'neutral']","[None, None]","[False, False]",2,False,True
mams_train_00121,mams,train,"However, it takes ages to get seated (even with a reservation), and the waiters don't seem very knowledgeable about the menu (or receptive to questions).","['miscellaneous', 'staff']","['General', 'Service']","['neutral', 'negative']","[None, None]","[False, False]",2,False,True
mams_train_00122,mams,train,"The only complaint I have is that the tables for 2 along the booth are very close together so it wasn't as romantic a dinner as we wanted but all in all, we were in our own world, more like in heaven.","['place', 'food']","['General', 'Food']","['neutral', 'negative']","[None, None]","[False, False]",2,False,True
mams_train_00123,mams,train,"Ok the manager did stand at the bar the whole time looking like his wife left him, he lost all his money at the track and had been drinking the rest of the day.","['staff', 'place']","['Service', 'General']","['negative', 'neutral']","[None, None]","[False, False]",2,False,True
mams_train_00124,mams,train,"We complained to our waiter serveral times about this and the stares continued and to top it all off as the manager walked around to each table asking if they enjoyed their dinner, he conveniently did not ask us!","['staff', 'miscellaneous', 'food']","['Service', 'General', 'Food']","['neutral', 'neutral', 'positive']","[None, None, None]","[False, False, False]",3,False,True
mams_train_00125,mams,train,He is a gracious chef who comes to the table and greets the guests.,"['staff', 'miscellaneous']","['Service', 'General']","['positive', 'neutral']","[None, None]","[False, False]",2,False,True
mams_train_00126,mams,train,"By dessert, I gave up and sat there hopelessly watching as my rice pudding was snatched away half eaten, only to be replaced immediately with a hefty bill.","['food', 'price']","['Food', 'Price']","['neutral', 'negative']","[None, None]","[False, False]",2,False,True
mams_train_00127,mams,train,The waiter said they mixed it up because there were three similar things on the menu.,"['staff', 'menu']","['Service', 'General']","['negative', 'neutral']","[None, None]","[False, False]",2,False,True
mams_train_00128,mams,train,") Scores of employees walking around, but no one seems to clear a plate or offer more drinks.","['staff', 'food']","['Service', 'Food']","['negative', 'neutral']","[None, None]","[False, False]",2,False,True
mams_train_00129,mams,train,"The manager also managed to insult one of my dining partners, even using an expletive to mock his last name when returning his credit card.","['staff', 'food']","['Service', 'Food']","['negative', 'neutral']","[None, None]","[False, False]",2,False,True
mams_train_00130,mams,train,Once we were seated our water order was taken promptly but they never came back with a menu.,"['miscellaneous', 'menu']","['General', 'General']","['positive', 'negative']","[None, None]","[False, False]",2,False,True
mams_train_00131,mams,train,"The waiter told us that he had checked with the kitchen because he noticed that we had not gotten our dinners and they said it would be out shortly, shouldn't someone have said something to us?","['staff', 'food']","['Service', 'Food']","['negative', 'neutral']","[None, None]","[False, False]",2,False,True
mams_train_00132,mams,train,"First of all, I think our service person was miffed that we couldn't order much for apps or drinks since we had already started at the bar.","['service', 'food', 'place']","['Service', 'Food', 'General']","['negative', 'neutral', 'neutral']","[None, None, None]","[False, False, False]",3,False,True
mams_train_00133,mams,train,"You have to be comfortable eating with your hands, sharing the same plate with your friends and be able to handle spicy food (not as spicy as some thai dishes though).","['miscellaneous', 'food']","['General', 'Food']","['neutral', 'positive']","[None, None]","[False, False]",2,False,True
mams_train_00134,mams,train,"however, we went for lunch and were the only ones eating there and yet the service seemed eager for us to be done and to get out.","['food', 'service']","['Food', 'Service']","['neutral', 'negative']","[None, None]","[False, False]",2,False,True
mams_train_00135,mams,train,"Although the service was top notch, all of the food was disappointing: burnt octopus, bland ravioli, odd tasting mint love letters.","['service', 'food']","['Service', 'Food']","['positive', 'negative']","[None, None]","[False, False]",2,False,True
mams_train_00136,mams,train,The portions were overly generous for both the apps and entrees without sacrificing the quality.,"['miscellaneous', 'food']","['General', 'Food']","['negative', 'positive']","[None, None]","[False, False]",2,False,True
mams_train_00137,mams,train,"We arrived on a Thursday night at 6:30 and were seated immediately (they don't take reservations), but, this small place filled up very quickly, and the bar was overflowing with people when we left.","['miscellaneous', 'place']","['General', 'General']","['neutral', 'negative']","[None, None]","[False, False]",2,False,True
mams_train_00138,mams,train,"The place was packed, but it didn't effect our service or getting our food/drinks promptly.","['place', 'service']","['General', 'Service']","['negative', 'positive']","[None, None]","[False, False]",2,False,True
mams_train_00139,mams,train,"The menu is slightly different from downtown, but they still have my favorites -- madai salad with hot sesame oil, shrimp kanzuri, the diamond roll, the crispy shrimp roll.","['menu', 'food']","['General', 'Food']","['neutral', 'positive']","[None, None]","[False, False]",2,False,True
mams_train_00140,mams,train,"But servers, attentive if slightly unpolished, gladly direct inquisitors to menu strengths--like rum-flambeed dessert bananas foster--and allow leisurely enjoyment.","['staff', 'menu']","['Service', 'General']","['positive', 'neutral']","[None, None]","[False, False]",2,False,True
mams_train_00141,mams,train,"SO I ASKED, TO SPEAK TO THE MANAGER, AND ONE OF THE OWNER WHO MANAGES THE PLACE CAME TO MY TABLE, TOLD ME THAT THE CEVICHE WAS FRESH.","['staff', 'food']","['Service', 'Food']","['neutral', 'positive']","[None, None]","[False, False]",2,False,True
mams_train_00142,mams,train,"It is far more popular as a bar than as a restaurant, with only a few tables and the waiter being the bartender, but we greatly enjoyed the unobtrusive atmosphere.","['place', 'ambience']","['General', 'Ambience']","['neutral', 'positive']","[None, None]","[False, False]",2,False,True
mams_train_00143,mams,train,"Spoke with the manager about comping a round, after we had already paid for 2 rounds waiting for the table.","['staff', 'service', 'miscellaneous']","['Service', 'Service', 'General']","['negative', 'neutral', 'neutral']","[None, None, None]","[False, False, False]",3,False,True
mams_train_00144,mams,train,"For example, we had ordered a 2nd bottle of red wine, the waitress gave me a new glass to taste the wine, but filled up my existing glass (mixing two different bottles in one glass).","['food', 'staff']","['Food', 'Service']","['neutral', 'negative']","[None, None]","[False, False]",2,False,True
mams_train_00145,mams,train,"As for the main attraction, the pies are known for their crisp outer edge and gooey middle, and feature the unorthodox layering of sauce over mozzarella.","['miscellaneous', 'food']","['General', 'Food']","['positive', 'neutral']","[None, None]","[False, False]",2,False,True
mams_train_00146,mams,train,The high prices and small portions reflect the hype of a new Battali restaurant as well as the cache that comes with having to make a reservation a week in advance only to wait to be seated.,"['price', 'miscellaneous']","['Price', 'General']","['negative', 'neutral']","[None, None]","[False, False]",2,False,True
mams_train_00147,mams,train,"I've never been during the dinner rush, whence I think most of the service complaints originate.","['food', 'service']","['Food', 'Service']","['neutral', 'negative']","[None, None]","[False, False]",2,False,True
mams_train_00148,mams,train,"the atmosphere is trendy, i think it's better to come here for a drink rather than dinner.","['ambience', 'food']","['Ambience', 'Food']","['positive', 'neutral']","[None, None]","[False, False]",2,False,True
mams_train_00149,mams,train,Our dinner took over two hours because of the slow service.,"['food', 'service']","['Food', 'Service']","['neutral', 'negative']","[None, None]","[False, False]",2,False,True
mams_train_00150,mams,train,Weekday lunch is less crowded and the staff cheerfully tolerated a 3-year-old.,"['food', 'staff']","['Food', 'Service']","['neutral', 'positive']","[None, None]","[False, False]",2,False,True
mams_train_00151,mams,train,"Although the prices is a bit on the high, you do get big portions for it.","['price', 'miscellaneous']","['Price', 'General']","['negative', 'positive']","[None, None]","[False, False]",2,False,True
mams_train_00152,mams,train,"It was my birthday and although they came out with of a bottle of bub, I felt embarrassed about the lack of service.","['miscellaneous', 'service']","['General', 'Service']","['neutral', 'negative']","[None, None]","[False, False]",2,False,True
mams_train_00153,mams,train,"Favorites include the Curry Shrimp w/ Mushrooms, Watercress Salad (not listed on menu), and Kao Soy noodle soup with chicken.","['food', 'menu']","['Food', 'General']","['positive', 'neutral']","[None, None]","[False, False]",2,False,True
mams_train_00154,mams,train,"The staff beginning with the tall gentleman at the door, waiters, etc.","['staff', 'miscellaneous']","['Service', 'General']","['negative', 'neutral']","[None, None]","[False, False]",2,False,True
mams_train_00155,mams,train,"The food and service was top notch, only the complain is that this place is so small that some seats are not made for a big guy.","['food', 'service', 'miscellaneous', 'staff']","['Food', 'Service', 'General', 'Service']","['positive', 'positive', 'negative', 'negative']","[None, None, None, None]","[False, False, False, False]",4,False,True
mams_train_00156,mams,train,No bar only a waiting area with about 10 tables where you can have drinks prior to dinner.,"['place', 'food']","['General', 'Food']","['negative', 'neutral']","[None, None]","[False, False]",2,False,True
mams_train_00157,mams,train,"The hostess was condescending and the waiter was somewhat absent and unaccomodating (sure, we made a reservation to sit outside but when I asked to be moved indoors after I heard thunder he didn't even try to make it happen, giving me a blank stare and a shrug when I asked what we would do if it rained).","['staff', 'miscellaneous']","['Service', 'General']","['negative', 'neutral']","[None, None]","[False, False]",2,False,True
mams_train_00158,mams,train,The pieces were small but the fish was good quality and there wasn't a lot of rice to mess with.,"['food', 'miscellaneous']","['Food', 'General']","['negative', 'positive']","[None, None]","[False, False]",2,False,True
mams_train_00159,mams,train,"Miyagi is my sushi restaurant of choice in the Village; it's never insanely crowded, the service is very sweet (I've never experienced any of the nastiness described in prior reviews), and the tabs are small.","['service', 'miscellaneous']","['Service', 'General']","['positive', 'negative']","[None, None]","[False, False]",2,False,True
mams_train_00160,mams,train,"although the food was good, the wait was so long; extremely snobby about seating you, we waited 45 min + for our reservation.","['food', 'place']","['Food', 'General']","['positive', 'negative']","[None, None]","[False, False]",2,False,True
mams_train_00161,mams,train,"I was told(very snottily) no, but then not even 10 minutes later another group of people came in, asked the same thing and because the same woman waiter knew them she gave them regular menus!","['staff', 'menu']","['Service', 'General']","['negative', 'neutral']","[None, None]","[False, False]",2,False,True
mams_train_00162,mams,train,It's so out there that it works--black-clad raver waiters and all--and even the most normal of groups love getting together for dinner and popular brunching on the palm-lined backyard patio spread.,"['staff', 'food']","['Service', 'Food']","['positive', 'neutral']","[None, None]","[False, False]",2,False,True
mams_train_00163,mams,train,The waitress came to our table and told us about their tempting specials.,"['staff', 'miscellaneous', 'food']","['Service', 'General', 'Food']","['positive', 'neutral', 'positive']","[None, None, None]","[False, False, False]",3,False,True
mams_train_00164,mams,train,We asked the server for two glasses with a splash of Southern Comfort and Grand Marnier.,"['staff', 'food']","['Service', 'Food']","['neutral', 'positive']","[None, None]","[False, False]",2,False,True
mams_train_00165,mams,train,"throughout the whole meal, all I kept thinking was AVERAGE, AVERAGE, AVERAGE until the bill came, which was a little more than average,to say the least.","['food', 'price']","['Food', 'Price']","['neutral', 'negative']","[None, None]","[False, False]",2,False,True
mams_train_00166,mams,train,"We hung out by the bar mostly to ourselves, not an overwelming social crowd, but there were some georgous groups of hipsters looking like it was their meeting up before going out to the clubs (a few of the girls looked like top models), but the vibe was real chill.","['place', 'miscellaneous']","['General', 'General']","['neutral', 'negative']","[None, None]","[False, False]",2,False,True
mams_train_00167,mams,train,"The food is right out of heaven, arrive hungry because the portions are huge but not the prices.","['food', 'miscellaneous', 'price']","['Food', 'General', 'Price']","['positive', 'positive', 'negative']","[None, None, None]","[False, False, False]",3,False,True
mams_train_00168,mams,train,Went to celebrate my sisters birthday on 9/11 was 1st taken back on the waiters rude answering of a question we had about the menu.,"['staff', 'menu']","['Service', 'General']","['negative', 'neutral']","[None, None]","[False, False]",2,False,True
mams_train_00169,mams,train,There is no bar so therefore no place to wait except the lounge that was packed so after wondering where to stand the hostess grabbed us.,"['place', 'staff']","['General', 'Service']","['neutral', 'negative']","[None, None]","[False, False]",2,False,True
mams_train_00170,mams,train,Before leaving the server gave us takeout menus.,"['staff', 'menu']","['Service', 'General']","['positive', 'neutral']","[None, None]","[False, False]",2,False,True
mams_train_00171,mams,train,Service is one thing but a restaurant like Craft needs to have much better quality food for the price they charge.,"['service', 'food']","['Service', 'Food']","['neutral', 'positive']","[None, None]","[False, False]",2,False,True
mams_train_00172,mams,train,I would recommend going at off-times (before 7 perhaps) to avoid the crowds as it gets packed and there isn't much room by the bar.,"['miscellaneous', 'place']","['General', 'General']","['negative', 'neutral']","[None, None]","[False, False]",2,False,True
mams_train_00173,mams,train,"The service was polite, friendly and prompt, the characters walking around entertained the kids but werent intrusive to our meal.","['service', 'food']","['Service', 'Food']","['positive', 'neutral']","[None, None]","[False, False]",2,False,True
mams_train_00174,mams,train,"If you've been out partying and have a yen for quality Korean food at 3:00am, there's a table waiting for you at Kang Suh Restaurant.","['food', 'service']","['Food', 'Service']","['positive', 'neutral']","[None, None]","[False, False]",2,False,True
mams_train_00175,mams,train,And that is a shame as the restaurant is a pizzeria with a very limited menu outside of pizza.,"['menu', 'food']","['General', 'Food']","['negative', 'neutral']","[None, None]","[False, False]",2,False,True
mams_train_00176,mams,train,The waiter just slapped my food down and then never returned until he slapped my check down.,"['staff', 'food']","['Service', 'Food']","['negative', 'neutral']","[None, None]","[False, False]",2,False,True
mams_train_00177,mams,train,The bartenders could have been a lot nicer but the drinks they shook up kind of made up for their poor attitude.,"['staff', 'food', 'service']","['Service', 'Food', 'Service']","['negative', 'positive', 'negative']","[None, None, None]","[False, False, False]",3,False,True
mams_train_00178,mams,train,there's always people waiting to be seated and the chairs are not comfortable.,"['service', 'miscellaneous']","['Service', 'General']","['neutral', 'negative']","[None, None]","[False, False]",2,False,True
mams_train_00179,mams,train,"Hillarious lighting and ecclectic side dishes make you want to love the place, but the meal on the whole was abyssmal.","['place', 'food']","['General', 'Food']","['positive', 'negative']","[None, None]","[False, False]",2,False,True
mams_train_00180,mams,train,The waiter returned seconds later to complain that dozens of people wanted our table then poured her beer into a paper cup-- presumably to encourage us to leave faster.,"['staff', 'miscellaneous']","['Service', 'General']","['negative', 'neutral']","[None, None]","[False, False]",2,False,True
mams_train_00181,mams,train,"The Food The menu ably pulls off Bistro 101: The generous cheese plate makes a big enough starter for at least three people to share, and French onion soup is rich and decadent.","['food', 'menu']","['Food', 'General']","['positive', 'neutral']","[None, None]","[False, False]",2,False,True
mams_train_00182,mams,train,"However for the price I paid to have dinner there, you would have thought I ate a horse.","['price', 'food']","['Price', 'Food']","['negative', 'neutral']","[None, None]","[False, False]",2,False,True
mams_train_00183,mams,train,All this Asian fusion craze leaves one feeling like they should've went to an authentic Thai or Indian restaurant for probably 1/3 of the price of Spice Market.,"['food', 'price']","['Food', 'Price']","['positive', 'neutral']","[None, None]","[False, False]",2,False,True
mams_train_00184,mams,train,I went with a friend from out the town - the best thing on the menu was the Veal.,"['menu', 'food']","['General', 'Food']","['neutral', 'positive']","[None, None]","[False, False]",2,False,True
mams_train_00185,mams,train,The waitstaff is helpful and they'll get your favorite meats to circle your table more often if you just ask.,"['staff', 'food', 'miscellaneous']","['Service', 'Food', 'General']","['positive', 'positive', 'neutral']","[None, None, None]","[False, False, False]",3,False,True
mams_train_00186,mams,train,One server came and gave us food that turned out to be someone else's.,"['staff', 'food']","['Service', 'Food']","['negative', 'neutral']","[None, None]","[False, False]",2,False,True
mams_train_00187,mams,train,The food is not large and I could have had a few slices of pizza after I left.,"['food', 'miscellaneous']","['Food', 'General']","['negative', 'neutral']","[None, None]","[False, False]",2,False,True
mams_train_00188,mams,train,Our experience consistently reflected a lazy attitude by the house towards cooking technique and customer care.,"['service', 'food']","['Service', 'Food']","['positive', 'neutral']","[None, None]","[False, False]",2,False,True
mams_train_00189,mams,train,"It appeared that they used a cheese pizza cooked earlier that day or the day before and just added the raw topping to it, then delivered it.","['food', 'miscellaneous']","['Food', 'General']","['neutral', 'negative']","[None, None]","[False, False]",2,False,True
mams_train_00190,mams,train,The wine did not come until we were half way through our entree and the waitress overcharged us by a bottle of wine.,"['food', 'staff']","['Food', 'Service']","['neutral', 'negative']","[None, None]","[False, False]",2,False,True
mams_train_00191,mams,train,"service is good although a bit in your face, we were asked every five mins if food was ok, but better that than being ignored.","['service', 'food']","['Service', 'Food']","['positive', 'neutral']","[None, None]","[False, False]",2,False,True
mams_train_00192,mams,train,"Enjoy the food, because it is remarkable, but don't be too willing to be gratuitis to a server that does not deserve it.","['food', 'staff']","['Food', 'Service']","['positive', 'negative']","[None, None]","[False, False]",2,False,True
mams_train_00193,mams,train,The waiter placed the wrong entree in front of us each time.,"['staff', 'food']","['Service', 'Food']","['neutral', 'negative']","[None, None]","[False, False]",2,False,True
mams_train_00194,mams,train,"The Romano family is very hands on with the father supervising the kitchen and Santo, the son, running the room with a high degree of personal attention.","['miscellaneous', 'place']","['General', 'General']","['positive', 'neutral']","[None, None]","[False, False]",2,False,True
mams_train_00195,mams,train,Gia Lam I' s service is not much better but the food was.,"['service', 'food']","['Service', 'Food']","['negative', 'positive']","[None, None]","[False, False]",2,False,True
mams_train_00196,mams,train,"The atmosphere was warm, sexy, and very romantic but the lighting wasn't good for reading the menu.","['ambience', 'menu']","['Ambience', 'General']","['positive', 'neutral']","[None, None]","[False, False]",2,False,True
mams_train_00197,mams,train,"Forget the phony yuppies of Areos and The Pearl Room, and ENJOY the down home service and OUTSTANDING food here.","['place', 'service', 'food']","['General', 'Service', 'Food']","['neutral', 'positive', 'positive']","[None, None, None]","[False, False, False]",3,False,True
mams_train_00198,mams,train,"The wait was long which is understandable but the waiters were rude to us while we waited, rushed us to order, ignored us while we ate and needed more drinks, and rushed us when they wanted the table for another couple.","['staff', 'food', 'miscellaneous']","['Service', 'Food', 'General']","['negative', 'neutral', 'neutral']","[None, None, None]","[False, False, False]",3,False,True
mams_train_00199,mams,train,"The Chinese menu is gone, along with most of the good dishes.","['menu', 'food']","['General', 'Food']","['neutral', 'positive']","[None, None]","[False, False]",2,False,True
mams_train_00200,mams,train,the waiter was unable to identify whether certain cheeses from the cheese course were cow or goat milk.,"['staff', 'food']","['Service', 'Food']","['negative', 'neutral']","[None, None]","[False, False]",2,False,True
mams_train_00201,mams,train,"Ziti Bolognese is baked in a similar sauce, with ground meat mixed in and cheese melted on top--the menu offers many variations on this theme.","['food', 'menu']","['Food', 'General']","['neutral', 'positive']","[None, None]","[False, False]",2,False,True
mams_train_00202,mams,train,I just got back from dinner from this UES hotspot - it is like a home away from home - delicious meals and a salad dressing that sometimes they let me have a tiny container of for my lunch at work salads - the price/ atmosphere/ cocktails (FULL BAR!!!,"['food', 'ambience', 'place']","['Food', 'Ambience', 'General']","['positive', 'positive', 'neutral']","[None, None, None]","[False, False, False]",3,False,True
mams_train_00203,mams,train,"Food was served very promptly, but our wait for drinks was surprisingly long.","['service', 'food']","['Service', 'Food']","['negative', 'neutral']","[None, None]","[False, False]",2,False,True
mams_train_00204,mams,train,While waiting there was no room for standing and the bar staff and their drinks were horrendous.,"['service', 'staff', 'food']","['Service', 'Service', 'Food']","['neutral', 'negative', 'negative']","[None, None, None]","[False, False, False]",3,False,True
mams_train_00205,mams,train,The word chicken was barely out of my mouth when the waiter rushed away from my table without asking me about side orders or a drink.,"['food', 'staff']","['Food', 'Service']","['neutral', 'negative']","[None, None]","[False, False]",2,False,True
mams_train_00206,mams,train,"The scene is pretty cool and the drinks are OK, but the food and service were pretty weak.","['miscellaneous', 'food', 'service']","['General', 'Food', 'Service']","['positive', 'positive', 'negative']","[None, None, None]","[False, False, False]",3,False,True
mams_train_00207,mams,train,"The decor maybe great for young kids but as an adult this place was an horrible experiance, it didn't bring the kid in me.","['ambience', 'place']","['Ambience', 'General']","['positive', 'negative']","[None, None]","[False, False]",2,False,True
mams_train_00208,mams,train,"Del Frisco's is pricey and I was seated in a leper locker room area, but the food was totally fantastic.","['place', 'food']","['General', 'Food']","['negative', 'positive']","[None, None]","[False, False]",2,False,True
mams_train_00209,mams,train,"The waitress was no where to be found at all throughout the course of the meal, did not refill a single drink nor did she bother to inquire about my satisfaction with the food or even bring the check at the conclusion of the meal.","['staff', 'food']","['Service', 'Food']","['negative', 'neutral']","[None, None]","[False, False]",2,False,True
mams_train_00210,mams,train,"The four of us were seated in the outdoors patio(not requested) and suffered through a muddled menu, indifferent food, a below average waiter, as well as excessive noise, wind and cold.","['menu', 'staff', 'ambience', 'miscellaneous']","['General', 'Service', 'Ambience', 'General']","['negative', 'negative', 'negative', 'neutral']","[None, None, None, None]","[False, False, False, False]",4,False,True
mams_train_00211,mams,train,The waiter was rude to my friend when she asked for a small plate to share an appetizer.,"['staff', 'food']","['Service', 'Food']","['negative', 'neutral']","[None, None]","[False, False]",2,False,True
mams_train_00212,mams,train,The service was slow (10 minutes for drinks??),"['service', 'food']","['Service', 'Food']","['negative', 'neutral']","[None, None]","[False, False]",2,False,True
mams_train_00213,mams,train,"True, the menu doesn't offer a wide range of choices and portions are not la all-you-can-eat, buffet style (but is that a negative thing after all?","['menu', 'miscellaneous']","['General', 'General']","['neutral', 'negative']","[None, None]","[False, False]",2,False,True
mams_train_00214,mams,train,"Our waiter, though he was charming,was too busy to truly take care of us properly and the food was over priced.","['staff', 'food']","['Service', 'Food']","['positive', 'negative']","[None, None]","[False, False]",2,False,True
mams_train_00215,mams,train,The staff forgot my girlfriend's food altogether as she waited for half an hour.,"['staff', 'food']","['Service', 'Food']","['negative', 'neutral']","[None, None]","[False, False]",2,False,True
mams_train_00216,mams,train,We decided to get out of there and go to a safe place with bigger portions and normal food.,"['miscellaneous', 'food']","['General', 'Food']","['positive', 'neutral']","[None, None]","[False, False]",2,False,True
mams_train_00217,mams,train,"One oversight: the gf wanted tea to go along with the plate of yummies they gave me, but the server forgot to bring it since we took our time to finish the wine.","['miscellaneous', 'staff', 'food']","['General', 'Service', 'Food']","['neutral', 'negative', 'neutral']","[None, None, None]","[False, False, False]",3,False,True
mams_train_00218,mams,train,"I have tried everything available on the AYCE menu, it has all been quite good (although I am not one to be especially particular with food, sushi in particular.","['menu', 'food']","['General', 'Food']","['neutral', 'positive']","[None, None]","[False, False]",2,False,True
mams_train_00219,mams,train,"The service was not the greatest, but the place is huge and it has a nice setting.","['service', 'place', 'ambience']","['Service', 'General', 'Ambience']","['negative', 'positive', 'positive']","[None, None, None]","[False, False, False]",3,False,True
mams_train_00220,mams,train,"The service is not very good, but I find that we try Atlantic Grill at least once a year.","['service', 'food']","['Service', 'Food']","['negative', 'positive']","[None, None]","[False, False]",2,False,True
mams_train_00221,mams,train,"straining to read the menu under the low-lighting-tag-sale-chandelier motif, we were able to order a salad, tapas, and entrees from the first of several waiters, none of whom were able to introduce themselves, recommend dishes, present silverware, remove plates, or deliver water when asked.","['menu', 'food', 'staff', 'miscellaneous']","['General', 'Food', 'Service', 'General']","['neutral', 'neutral', 'negative', 'neutral']","[None, None, None, None]","[False, False, False, False]",4,False,True
mams_train_00222,mams,train,I came here b/c someone gave a trashy review to my favorite coffee place (Grey Dog's) and compared it to this place so I had to see for myself what was so great about 71.,"['place', 'miscellaneous']","['General', 'General']","['positive', 'neutral']","[None, None]","[False, False]",2,False,True
mams_train_00223,mams,train,"One night we landed at the bar for a late night dinner, and the hanger steak and frites w/ marjoram aioli was the BEST.","['place', 'food']","['General', 'Food']","['neutral', 'positive']","[None, None]","[False, False]",2,False,True
mams_train_00224,mams,train,"I have to agree with the previous review that the atmosphere isn't much, but Mister Falafel can't be beat for quick, delicious, cheap takeout.","['ambience', 'food']","['Ambience', 'Food']","['negative', 'positive']","[None, None]","[False, False]",2,False,True
mams_train_00225,mams,train,"However, you don't even really need the menu, because the daily specials are always tempting and delicious.","['menu', 'food']","['General', 'Food']","['neutral', 'positive']","[None, None]","[False, False]",2,False,True
mams_train_00226,mams,train,The service is ok since it is new and the staff didn't know the food items too well.,"['service', 'staff', 'food']","['Service', 'Service', 'Food']","['positive', 'negative', 'neutral']","[None, None, None]","[False, False, False]",3,False,True
mams_train_00227,mams,train,Another hostess came by and told us that since we were now 5 we were a different table and couldnt' stay.,"['staff', 'miscellaneous']","['Service', 'General']","['negative', 'neutral']","[None, None]","[False, False]",2,False,True
mams_train_00228,mams,train,We were even able to call in advance to make sure there was space at the bar because I was on crutches and the owner reserved the seats til we got there.,"['place', 'staff', 'miscellaneous']","['General', 'Service', 'General']","['neutral', 'negative', 'neutral']","[None, None, None]","[False, False, False]",3,False,True
mams_train_00229,mams,train,Charming atmosphere that seats probably no moroe than 35.,"['ambience', 'miscellaneous']","['Ambience', 'General']","['positive', 'neutral']","[None, None]","[False, False]",2,False,True
mams_train_00230,mams,train,"We orderes and our food took about 1 hour to get it, after the long wait.","['food', 'service']","['Food', 'Service']","['neutral', 'negative']","[None, None]","[False, False]",2,False,True
mams_train_00231,mams,train,Be warned - between the pizza and spumoni the place is packed nightly in the summer.,"['food', 'place']","['Food', 'General']","['neutral', 'negative']","[None, None]","[False, False]",2,False,True
mams_train_00232,mams,train,"We had hot buffalo tenders for an appetizer, and the waitress didn't bother to come back to check on how we were doing on drinks.","['food', 'staff']","['Food', 'Service']","['neutral', 'negative']","[None, None]","[False, False]",2,False,True
mams_train_00233,mams,train,The actors try to draw your attention away from the better stuff that is happening below.,"['miscellaneous', 'staff']","['General', 'Service']","['neutral', 'positive']","[None, None]","[False, False]",2,False,True
mams_train_00234,mams,train,"The small single room--wood panelling, large mirrors, white tablecloths, dim lighting--has few frills.","['place', 'miscellaneous']","['General', 'General']","['negative', 'positive']","[None, None]","[False, False]",2,False,True
mams_train_00235,mams,train,our waiter forgot a dish and we were constantly checked on afterwards and treated to a complimentary dessert for the mix up.,"['staff', 'food', 'miscellaneous']","['Service', 'Food', 'General']","['negative', 'neutral', 'neutral']","[None, None, None]","[False, False, False]",3,False,True
mams_train_00236,mams,train,The staff had apparently booked the room for 2 groups with a 30 minute overlap.,"['staff', 'place', 'miscellaneous']","['Service', 'General', 'General']","['negative', 'neutral', 'neutral']","[None, None, None]","[False, False, False]",3,False,True
mams_train_00237,mams,train,And price is over value for two persons dinner $ 90.,"['price', 'food']","['Price', 'Food']","['negative', 'neutral']","[None, None]","[False, False]",2,False,True
mams_train_00238,mams,train,"The owners are incredibly nice too, comping pitchers of margaritas if you sit there and eat for a couple of hours.","['staff', 'food']","['Service', 'Food']","['positive', 'neutral']","[None, None]","[False, False]",2,False,True
mams_train_00239,mams,train,The atmosphere would have been almost perfect if it werent for the fact that we were seat right naext to the noisy kitchen but I guess the speedy service comes with a price.,"['place', 'service']","['General', 'Service']","['negative', 'positive']","[None, None]","[False, False]",2,False,True
mams_train_00240,mams,train,"After my friend and I were seated, we were greeted by a gorgeous waitress, who helped us make our way through the large selection of choices on the menu.","['staff', 'menu']","['Service', 'General']","['positive', 'neutral']","[None, None]","[False, False]",2,False,True
mams_train_00241,mams,train,Our waiter was completely unfamiliar with the menu and did not bother to tell us that they were out of several items (even though we arrived at 7 pm on a Saturday night!),"['staff', 'menu']","['Service', 'General']","['negative', 'neutral']","[None, None]","[False, False]",2,False,True
mams_train_00242,mams,train,"Food was at best, mediocre and when the bill finally came they had nerve to add on 20% gratuity even though there was nothing stated on the menu or anywhere that gratuity was included for a party of 5 (usually a party of 6 is gratuity inclusive).","['price', 'menu', 'food']","['Price', 'General', 'Food']","['neutral', 'neutral', 'negative']","[None, None, None]","[False, False, False]",3,False,True
mams_train_00243,mams,train,"The service is sweet and attentive, the wine is delicious and the new wine bar around the corner has the most amazing selection, as well as cheeses and tapas.","['service', 'place', 'miscellaneous', 'food']","['Service', 'General', 'General', 'Food']","['positive', 'neutral', 'positive', 'positive']","[None, None, None, None]","[False, False, False, False]",4,False,True
mams_train_00244,mams,train,"The Food The Portuguese knack for exploration couldn't be more apparent on the expansive menu, which moves beyond classics like bacalhau to encompass a world of former colonies along with the motherland.","['menu', 'miscellaneous']","['General', 'General']","['positive', 'neutral']","[None, None]","[False, False]",2,False,True
mams_train_00245,mams,train,"And when I received my $9 glass of wine, I had to ask the waitress if she planned on putting more in -- there was hardly any liquid in the glass!","['food', 'staff']","['Food', 'Service']","['neutral', 'negative']","[None, None]","[False, False]",2,False,True
mams_train_00246,mams,train,"We were seated next to some obnoxious women who bogarted the server's time and attention, so he bought us drinks.","['staff', 'food']","['Service', 'Food']","['negative', 'neutral']","[None, None]","[False, False]",2,False,True
mams_train_00247,mams,train,"From chicken wings and smoked beef brisket to pulled pork and Texas links, the menu features many barbecue favorites.","['food', 'menu']","['Food', 'General']","['positive', 'neutral']","[None, None]","[False, False]",2,False,True
mams_train_00248,mams,train,"The Food The menu seems quirky, but upon a closer look ingredients are familiar and made into appealing combinations, with influences from Maine to the Mediterranean.","['food', 'menu', 'ambience']","['Food', 'General', 'Ambience']","['positive', 'positive', 'neutral']","[None, None, None]","[False, False, False]",3,False,True
mams_train_00249,mams,train,"While admitably, the seating is a bit cramped, and the menu a tad pricey, the staff does its best to remedy concerns.","['place', 'staff']","['General', 'Service']","['negative', 'positive']","[None, None]","[False, False]",2,False,True
mams_train_00250,mams,train,I couple of weeks ago we went to Supper in the east village and it was so bad that we got up and left and the only way to save the evening of horrible food was to go to Blue Ribbon Bakery and have at least one thing off the menu.,"['food', 'menu']","['Food', 'General']","['negative', 'neutral']","[None, None]","[False, False]",2,False,True
mams_train_00251,mams,train,employees not fighting with each other in front of clients 3 having ALL the ingredients for the meals they have on there menue.,"['staff', 'ambience']","['Service', 'Ambience']","['negative', 'neutral']","[None, None]","[False, False]",2,False,True
mams_train_00252,mams,train,"A hard-drinking, upscale crowd, holding conversations over loud Latin jazz music, packs the small, open dining room and attached bar.","['ambience', 'place']","['Ambience', 'General']","['negative', 'neutral']","[None, None]","[False, False]",2,False,True
mams_train_00253,mams,train,"The decor reminds me of Miami nightclubs, and we sat in a cool communal strip, where you share your table with people.","['ambience', 'miscellaneous']","['Ambience', 'General']","['positive', 'neutral']","[None, None]","[False, False]",2,False,True
mams_train_00254,mams,train,"Beautifull people, and a dj that was making me just want to stay and drink more!","['staff', 'food']","['Service', 'Food']","['positive', 'neutral']","[None, None]","[False, False]",2,False,True
mams_train_00255,mams,train,Good place for groups of four or large parties but it is not a cozy/intimate setting for 2 although the jazz helps!,"['place', 'ambience']","['General', 'Ambience']","['positive', 'negative']","[None, None]","[False, False]",2,False,True
mams_train_00256,mams,train,"We got seated right away, We got a nice starter from the kitchen, unfortunately the waiter that brought it could not explain what it was, it was delicious though.","['food', 'place', 'staff']","['Food', 'General', 'Service']","['positive', 'neutral', 'negative']","[None, None, None]","[False, False, False]",3,False,True
mams_train_00257,mams,train,"Her attitude put a damper on the evening, as did the stares from some servers when we took a peek into the cheese cellar.","['staff', 'food']","['Service', 'Food']","['negative', 'neutral']","[None, None]","[False, False]",2,False,True
mams_train_00258,mams,train,After a short 30 minutes of chatting and enjoying our drinks we were approached by the very pretentious Maitre D' who RUDELY demanded we order as our table was needed.,"['staff', 'miscellaneous']","['Service', 'General']","['negative', 'neutral']","[None, None]","[False, False]",2,False,True
mams_train_00259,mams,train,"We had to ask the busboy if bread came with our meal, which it did and we received after waiting about 30 minutes.","['staff', 'food', 'service']","['Service', 'Food', 'Service']","['neutral', 'neutral', 'negative']","[None, None, None]","[False, False, False]",3,False,True
mams_train_00260,mams,train,Yet the maitre d still sat us next to the bar.,"['staff', 'place']","['Service', 'General']","['negative', 'neutral']","[None, None]","[False, False]",2,False,True
mams_train_00261,mams,train,"We arrived, were greeeted and sked by the hostess I think if we were there for the Brunch, that was starting up again on today(3/12) the cost $25 per person.","['staff', 'food']","['Service', 'Food']","['positive', 'neutral']","[None, None]","[False, False]",2,False,True
mams_train_00262,mams,train,"The menu includes the usual Chinese restaurant staples, but also includes a fairly diverse selection of other dishes not typically found in your average noodle house.","['menu', 'food', 'miscellaneous']","['General', 'Food', 'General']","['neutral', 'positive', 'neutral']","[None, None, None]","[False, False, False]",3,False,True
mams_train_00263,mams,train,"And once the bill was paid, the bartender kept on giving us drinks.","['price', 'staff', 'food']","['Price', 'Service', 'Food']","['neutral', 'positive', 'neutral']","[None, None, None]","[False, False, False]",3,False,True
mams_train_00264,mams,train,The bartender had offered us ONE beer on the house for our troubles.,"['staff', 'food']","['Service', 'Food']","['positive', 'neutral']","[None, None]","[False, False]",2,False,True
mams_train_00265,mams,train,We had to request water and chips (tostades) and salsa three times (the third time my date had to go and track down the waitress) before finally being served (by the busser) and the place wasn't even a quarter full.,"['food', 'staff', 'service', 'place']","['Food', 'Service', 'Service', 'General']","['neutral', 'negative', 'neutral', 'negative']","[None, None, None, None]","[False, False, False, False]",4,False,True
mams_train_00266,mams,train,"When we ordered our Margaritas, the waiter said $10, so we gave him a 20 and waited, and when he didn't give us our change, we asked and he said - Happy Hour's over, they're $10 each.","['food', 'staff']","['Food', 'Service']","['neutral', 'negative']","[None, None]","[False, False]",2,False,True
mams_train_00267,mams,train,We objected at the ill flavor of the drinks and the manager was not understanding at all.,"['ambience', 'food', 'staff']","['Ambience', 'Food', 'Service']","['negative', 'neutral', 'negative']","[None, None, None]","[False, False, False]",3,False,True
mams_train_00268,mams,train,"Great tasting meat, intimate if slightly noisy ambience and the service is slightly less attentive than it could be but is done with charm.","['food', 'service']","['Food', 'Service']","['positive', 'negative']","[None, None]","[False, False]",2,False,True
mams_train_00269,mams,train,This pizza shop is one o fhte best places ever and is a hiden gem in a small community.,"['food', 'miscellaneous']","['Food', 'General']","['positive', 'negative']","[None, None]","[False, False]",2,False,True
mams_train_00270,mams,train,"Tasting menu a mixed bag: lobster soup amuse with grapefruit intriguing, but marred by excess bitterness as prepared.","['menu', 'miscellaneous', 'food']","['General', 'General', 'Food']","['positive', 'neutral', 'neutral']","[None, None, None]","[False, False, False]",3,False,True
mams_train_00271,mams,train,"In addition, I've always found the waiters helpful with the wine selection, and there is always a good selection of wines by the glass.","['staff', 'food', 'miscellaneous']","['Service', 'Food', 'General']","['positive', 'positive', 'neutral']","[None, None, None]","[False, False, False]",3,False,True
mams_train_00272,mams,train,"I STRONGLY recommend to try something other than typical menu items and go for the short ribs over rice, black cod, sea bass, or duck (there are two dishes that are great).","['menu', 'food']","['General', 'Food']","['neutral', 'positive']","[None, None]","[False, False]",2,False,True
mams_train_00273,mams,train,"Although the portions seemed a little diminutive at first, they turned out to be the perfect size once the dinner was over.","['miscellaneous', 'food']","['General', 'Food']","['negative', 'neutral']","[None, None]","[False, False]",2,False,True
mams_train_00274,mams,train,The food was great but the music was loud and hip-hop and the wait was ridiculous and the prices were out of this world.,"['food', 'service']","['Food', 'Service']","['positive', 'negative']","[None, None]","[False, False]",2,False,True
mams_train_00275,mams,train,"Invited by friends to discuss business, I checked out the bar first, and didn't give my nme which was known to the owners Scott Heather.","['place', 'staff']","['General', 'Service']","['neutral', 'negative']","[None, None]","[False, False]",2,False,True
mams_train_00276,mams,train,There were a lot of scensters who couldnt afford dinner hanging in the waiting area so we got bumped around a lot.,"['food', 'place']","['Food', 'General']","['negative', 'neutral']","[None, None]","[False, False]",2,False,True
mams_train_00277,mams,train,"I had high hopes for this high-ranked wonder, only to be let down by inattentive service doubled by LONG food and drink wait times.","['food', 'service']","['Food', 'Service']","['neutral', 'negative']","[None, None]","[False, False]",2,False,True
mams_train_00278,mams,train,"In any case, the food was quite yummy and on monday nights, they have a prix fixe $25 dinner which is definitely a deal.","['food', 'price']","['Food', 'Price']","['positive', 'neutral']","[None, None]","[False, False]",2,False,True
mams_train_00279,mams,train,The menu might have well been written in a foreign language and the wait staff didnt have a translation dictionary!,"['menu', 'staff']","['General', 'Service']","['neutral', 'negative']","[None, None]","[False, False]",2,False,True
mams_train_00280,mams,train,The Food There's something for fish fans of every stripe on the lengthy menu.,"['food', 'menu']","['Food', 'General']","['positive', 'neutral']","[None, None]","[False, False]",2,False,True
mams_train_00281,mams,train,"At one point, we tried to get our waitresses attention and she ignored us and than we asked for more biscuits and never got them.","['staff', 'food']","['Service', 'Food']","['negative', 'neutral']","[None, None]","[False, False]",2,False,True
mams_train_00282,mams,train,"One would think we'd get an apology or complimentary drinks - instead, we got a snobby waiter wouldn't even take our order for 15 minutes and gave us lip when we asked him to do so.","['food', 'staff']","['Food', 'Service']","['neutral', 'negative']","[None, None]","[False, False]",2,False,True
mams_train_00283,mams,train,Staff would not change a meal to accomadidate food allegeries.,"['staff', 'food']","['Service', 'Food']","['negative', 'neutral']","[None, None]","[False, False]",2,False,True
mams_train_00284,mams,train,The food will eventually make you outweigh Anna Nicole Smith.,"['food', 'miscellaneous']","['Food', 'General']","['neutral', 'negative']","[None, None]","[False, False]",2,False,True
mams_train_00285,mams,train,The manager finally came by to apologize and offered to give us a greek salad on the house.,"['staff', 'food']","['Service', 'Food']","['positive', 'neutral']","[None, None]","[False, False]",2,False,True
mams_train_00286,mams,train,"Helpings are HUGE and most come with choice of rice and beans, or salad and plantains.","['service', 'food']","['Service', 'Food']","['positive', 'neutral']","[None, None]","[False, False]",2,False,True
mams_train_00287,mams,train,Sometimes when I come home from work I stop at the bar to have a plate of oysters and something delicious for dinner.,"['place', 'food']","['General', 'Food']","['neutral', 'positive']","[None, None]","[False, False]",2,False,True
mams_train_00288,mams,train,"The waiter was pretty anxious to get us in-and-out, although there were ample tables and my friend and I opted to sit at the bar.","['staff', 'place']","['Service', 'General']","['negative', 'neutral']","[None, None]","[False, False]",2,False,True
mams_train_00289,mams,train,The waitress waited until I went to the bathroom to ask my friend to order more food.,"['staff', 'food']","['Service', 'Food']","['negative', 'neutral']","[None, None]","[False, False]",2,False,True
mams_train_00290,mams,train,I was NOT told this before when I made the reservation and explained to the manager RICHARD who has the poorest customer service ever and rude and said he didn't believe me.,"['miscellaneous', 'staff', 'service']","['General', 'Service', 'Service']","['neutral', 'negative', 'negative']","[None, None, None]","[False, False, False]",3,False,True
mams_train_00291,mams,train,The food is decent but small portions so expect to order a lot.,"['food', 'miscellaneous']","['Food', 'General']","['positive', 'negative']","[None, None]","[False, False]",2,False,True
mams_train_00292,mams,train,"Everything on the menu is worth trying at least once, from the calamari/zucchini appetizer, to the homemade cavatelli, to the rib eye steak (like butter!)","['menu', 'food']","['General', 'Food']","['positive', 'neutral']","[None, None]","[False, False]",2,False,True
mams_train_00293,mams,train,"For the high price you would pay (dinner for the two could run $80), you sure do get alot.","['price', 'food']","['Price', 'Food']","['negative', 'neutral']","[None, None]","[False, False]",2,False,True
mams_train_00294,mams,train,"This time, the service was decent and the food was mediocre at best.","['service', 'food']","['Service', 'Food']","['positive', 'negative']","[None, None]","[False, False]",2,False,True
mams_train_00295,mams,train,"The garden is lovely, too, but the staff seems a bit condescending.","['place', 'staff']","['General', 'Service']","['positive', 'negative']","[None, None]","[False, False]",2,False,True
mams_train_00296,mams,train,The advertised unlimited mimosas and bloody marys is too good to be true until you realize that they keep down your drink count because the service is so slow.,"['food', 'service']","['Food', 'Service']","['positive', 'negative']","[None, None]","[False, False]",2,False,True
mams_train_00297,mams,train,I have seen the crowd go from ultra hip to BT and I still love it becuause of the food.,"['miscellaneous', 'food']","['General', 'Food']","['neutral', 'positive']","[None, None]","[False, False]",2,False,True
mams_train_00298,mams,train,"finally, onto dessert, wherebv the waiter told us he would have to scrape the bottom to give us any ice cream.","['food', 'staff']","['Food', 'Service']","['neutral', 'negative']","[None, None]","[False, False]",2,False,True
mams_train_00299,mams,train,"Great place for either appetizers and drinks at the bar, a romantic dinner or late night partying.","['food', 'place']","['Food', 'General']","['positive', 'neutral']","[None, None]","[False, False]",2,False,True
mams_train_00300,mams,train,Not ony did our waiter impose on the dessert we were trying to enjoy to take the money -- he didn't even ask us if we wanted change -- nor did he bring us back any!!!,"['staff', 'food', 'price']","['Service', 'Food', 'Price']","['negative', 'neutral', 'neutral']","[None, None, None]","[False, False, False]",3,False,True
mams_train_00301,mams,train,"The scene is a bit much some time, but the food is worth it.","['miscellaneous', 'food']","['General', 'Food']","['negative', 'positive']","[None, None]","[False, False]",2,False,True
mams_train_00302,mams,train,"18 has a cozy romantic atmosphere that's very comfortable to enjoy myself in; whether I want to have a drink at the bar or get together with a group of friends for dinner, suitable accomodations are available.","['ambience', 'place']","['Ambience', 'General']","['positive', 'neutral']","[None, None]","[False, False]",2,False,True
mams_train_00303,mams,train,"As well, I haven't eaten animal products in over 6 years and the waiter was not sure which dishes had honey or casien in the food.","['staff', 'food']","['Service', 'Food']","['negative', 'neutral']","[None, None]","[False, False]",2,False,True
mams_train_00304,mams,train,"Even with reservation, it might take up to one hour to get a table and the staff might not even say a word about it.","['miscellaneous', 'staff']","['General', 'Service']","['neutral', 'negative']","[None, None]","[False, False]",2,False,True
mams_train_00305,mams,train,"When you crave comfort food, make a reservation and head to Piccolo Angolo, they never dissappoint.","['food', 'miscellaneous']","['Food', 'General']","['positive', 'neutral']","[None, None]","[False, False]",2,False,True
mams_train_00306,mams,train,My dinner partner ordered the angel hair with seafood - the portion was easily big enough for two.,"['food', 'miscellaneous']","['Food', 'General']","['neutral', 'positive']","[None, None]","[False, False]",2,False,True
mams_train_00307,mams,train,We were however seated right away and was immediately told by our waiter that they were out of sparking mineral water.,"['staff', 'food']","['Service', 'Food']","['negative', 'neutral']","[None, None]","[False, False]",2,False,True
mams_train_00308,mams,train,"The limited number of toppings prevented the sogginess described by other reviewers and allowed the intense flavors from the fresh ingredients; sauce, mozarella, basil and black olives to really shine through, without being watered down from too many extra toppings.","['ambience', 'food']","['Ambience', 'Food']","['positive', 'neutral']","[None, None]","[False, False]",2,False,True
mams_train_00309,mams,train,"We went on a Monday night around 6:30pm and were seated right away in the backroom, which is dimly-lit, casual, cozy--kind of felt like you were sitting in a spacious dining galley of a ship or a cabin.","['service', 'food']","['Service', 'Food']","['neutral', 'positive']","[None, None]","[False, False]",2,False,True
mams_train_00310,mams,train,All dishes are an incredible dining experience.,"['food', 'miscellaneous']","['Food', 'General']","['neutral', 'positive']","[None, None]","[False, False]",2,False,True
mams_train_00311,mams,train,"The service can be lacking at times, but the desserts and overall experience certainly counter this flaw.","['service', 'food']","['Service', 'Food']","['negative', 'positive']","[None, None]","[False, False]",2,False,True
mams_train_00312,mams,train,"The Scene Strictly Roots, which opened more than a decade ago as a dietary alternative to Harlem's more cholesterol- and fat-heavy fare, wears its philosophy on its facade: We serve nothing that crawls, walks, swims or flies.","['miscellaneous', 'price']","['General', 'Price']","['neutral', 'negative']","[None, None]","[False, False]",2,False,True
mams_train_00313,mams,train,"ONE OF THE BEST PIZZA IN BROOKLYN , NEED AN AC FOR SUMMER.","['food', 'miscellaneous']","['Food', 'General']","['positive', 'neutral']","[None, None]","[False, False]",2,False,True
mams_train_00314,mams,train,"As for the menu, I've never been disappointed, but the Margarita chicken salad is my favorite.","['menu', 'food']","['General', 'Food']","['neutral', 'positive']","[None, None]","[False, False]",2,False,True
mams_train_00315,mams,train,"At this level, I want my servers to know more than me about the food and I didn't get that sense.","['staff', 'food']","['Service', 'Food']","['negative', 'neutral']","[None, None]","[False, False]",2,False,True
mams_train_00316,mams,train,"Well i asked the server to describe a certain wine for me,he seemed like he knew what he was talking about,till i tasted it,it was totally the opposite of what he described.","['staff', 'food']","['Service', 'Food']","['negative', 'neutral']","[None, None]","[False, False]",2,False,True
mams_train_00317,mams,train,"The menu is limited: chicken, rice beans, frozen fish (shrimp, whiting, crab sticks), and french fries, but one receives EXCELLENT value for the money and it is SO WORTH walking down the block for.","['menu', 'food', 'miscellaneous', 'price']","['General', 'Food', 'General', 'Price']","['negative', 'neutral', 'positive', 'neutral']","[None, None, None, None]","[False, False, False, False]",4,False,True
mams_train_00318,mams,train,As to the fact that everyone else's sushi looked better: the waitresses are not responsible for offering you what is CLEARLY written on the menu as Omakase - Chef's Choice.,"['food', 'staff', 'menu']","['Food', 'Service', 'General']","['positive', 'negative', 'neutral']","[None, None, None]","[False, False, False]",3,False,True
mams_train_00319,mams,train,Owner Mary Redding keeps things fish camp-y with rod-and-reel rental prices and a list of rules on the backs of the menus.,"['staff', 'food', 'price', 'menu']","['Service', 'Food', 'Price', 'General']","['neutral', 'neutral', 'positive', 'neutral']","[None, None, None, None]","[False, False, False, False]",4,False,True
mams_train_00320,mams,train,"The other steaks on the menu were $30-$40, so the waiter really should have told them the price of the special.","['menu', 'staff', 'price']","['General', 'Service', 'Price']","['neutral', 'negative', 'neutral']","[None, None, None]","[False, False, False]",3,False,True
mams_train_00321,mams,train,"their Stella on tap was almost flat, i saw the bartender whisking our beers to give them any sort of head.","['miscellaneous', 'staff']","['General', 'Service']","['neutral', 'negative']","[None, None]","[False, False]",2,False,True
mams_train_00322,mams,train,"When I questioned the purpose of waiting on this line, I was asked to leave the bar.","['service', 'place']","['Service', 'General']","['neutral', 'negative']","[None, None]","[False, False]",2,False,True
mams_train_00323,mams,train,We waited forever for our bill but did have a nice conversation with one of our waitstaff during our meal.,"['price', 'staff']","['Price', 'Service']","['negative', 'positive']","[None, None]","[False, False]",2,False,True
mams_train_00324,mams,train,"I managed to get the last reservation at 11:15pm during the week, and, upon entering the restaurant, my boyfriend and I were seated next to each other, hardly a romantic atmosphere!","['miscellaneous', 'ambience']","['General', 'Ambience']","['neutral', 'positive']","[None, None]","[False, False]",2,False,True
mams_train_00325,mams,train,"Do not use this place unless you want to waste your money on horrible stale cheese and food, service which takes your drinks away from the table once you've placed it on the table, waiters that eat your desert while its on the table, non working faucets in the bathroom, and overall very unporfessional service and food.","['food', 'staff', 'place']","['Food', 'Service', 'General']","['negative', 'negative', 'neutral']","[None, None, None]","[False, False, False]",3,False,True
mams_train_00326,mams,train,Then the food came- TINY portions and plates came out in 15 min intervals.,"['food', 'miscellaneous']","['Food', 'General']","['neutral', 'negative']","[None, None]","[False, False]",2,False,True
mams_train_00327,mams,train,Later two waiters decided to bodyguard our table; when my fork hits the plate it's snatched away.,"['staff', 'miscellaneous']","['Service', 'General']","['negative', 'neutral']","[None, None]","[False, False]",2,False,True
mams_train_00328,mams,train,The dramatic space complements the food and will wow out-of-towners.,"['place', 'food']","['General', 'Food']","['neutral', 'positive']","[None, None]","[False, False]",2,False,True
mams_train_00329,mams,train,"The ambiance is nice, but the wait staff was rude and unattentive.","['ambience', 'staff']","['Ambience', 'Service']","['positive', 'negative']","[None, None]","[False, False]",2,False,True
mams_train_00330,mams,train,"Management or one of the many busboys should have been monitoring the tables more closely to ensure consistency - we had to ask for olive oil for the flatbread, when it was on nearly every other table as well as salt and pepper.","['staff', 'food']","['Service', 'Food']","['negative', 'neutral']","[None, None]","[False, False]",2,False,True
mams_train_00331,mams,train,The waiter comes over and says You changed the salad and made us throw it out!,"['staff', 'food']","['Service', 'Food']","['positive', 'neutral']","[None, None]","[False, False]",2,False,True
mams_train_00332,mams,train,"We were a party of four, and after a long wait, were seated in a freezing corner.","['service', 'place']","['Service', 'General']","['neutral', 'negative']","[None, None]","[False, False]",2,False,True
mams_train_00333,mams,train,"Husband and Wife owners are always pleasent and accomidating, food is top notch quality made with care, and now, recently renovated to accomidate more tables and a young fresh feel.","['staff', 'food', 'place']","['Service', 'Food', 'General']","['positive', 'positive', 'neutral']","[None, None, None]","[False, False, False]",3,False,True
mams_train_00334,mams,train,They overfill the reservation sheet so that the check is dropped off nearly with your food and they are rushing you out of your booth before you are finished.,"['miscellaneous', 'food', 'place']","['General', 'Food', 'General']","['neutral', 'neutral', 'negative']","[None, None, None]","[False, False, False]",3,False,True
mams_train_00335,mams,train,"The waitress came to our table once for our order, but then we were tended to by who I thought was the hostess.","['staff', 'miscellaneous']","['Service', 'General']","['negative', 'neutral']","[None, None]","[False, False]",2,False,True
mams_train_00336,mams,train,"It took 1 1/4 hours to get our appetizers (how long does salad take) and when we complained to the manager, he barely listened.","['food', 'staff']","['Food', 'Service']","['neutral', 'negative']","[None, None]","[False, False]",2,False,True
mams_train_00337,mams,train,"For such an expensive place, you can find much, much better in Manhattan; heck, you can find much better food for a lot cheaper!","['place', 'food']","['General', 'Food']","['negative', 'positive']","[None, None]","[False, False]",2,False,True
mams_train_00338,mams,train,Went there for a dinner; nice little place.,"['food', 'place']","['Food', 'General']","['neutral', 'positive']","[None, None]","[False, False]",2,False,True
mams_train_00339,mams,train,the peanut sauce came in a tiny plastic cup smaller than a shot glass.,"['food', 'miscellaneous']","['Food', 'General']","['negative', 'neutral']","[None, None]","[False, False]",2,False,True
mams_train_00340,mams,train,"Service was friendly, but not terribly attentive, took 30 minutes after dinner to clear our plates, and another 20 to get our check.","['service', 'food', 'miscellaneous']","['Service', 'Food', 'General']","['positive', 'neutral', 'neutral']","[None, None, None]","[False, False, False]",3,False,True
mams_train_00341,mams,train,Try Le Madeleine for a similar price but much better food.,"['price', 'food']","['Price', 'Food']","['neutral', 'positive']","[None, None]","[False, False]",2,False,True
mams_train_00342,mams,train,"Our server, Ben, was perhaps the best waiter I've ever had--he walked us through the menu to design our meal, and suggested what textures, tastes, and wines would complement each other.","['staff', 'menu']","['Service', 'General']","['positive', 'neutral']","[None, None]","[False, False]",2,False,True
mams_train_00343,mams,train,"There is almost always an hour wait at dinner time, but this may be the best Japanese Sushi restaurant in NYC.","['food', 'miscellaneous']","['Food', 'General']","['neutral', 'positive']","[None, None]","[False, False]",2,False,True
mams_train_00344,mams,train,"The service was okay, fast seating (for two), looked like a group nearby had been there a long time.","['place', 'miscellaneous']","['General', 'General']","['positive', 'negative']","[None, None]","[False, False]",2,False,True
mams_train_00345,mams,train,"Nothing wrong with the service, either, but don't we all want something more from a dining experience than just average for above-average prices?","['service', 'price']","['Service', 'Price']","['positive', 'negative']","[None, None]","[False, False]",2,False,True
mams_train_00346,mams,train,Our bill total was only $30 and our waiter threw in a side of linguini (no charge) since the entrees don't come with pasta sides.,"['price', 'staff', 'food']","['Price', 'Service', 'Food']","['neutral', 'negative', 'negative']","[None, None, None]","[False, False, False]",3,False,True
mams_train_00347,mams,train,If you like a cleaner (more generic) flavor then other places may provide the norm.,"['ambience', 'miscellaneous']","['Ambience', 'General']","['positive', 'neutral']","[None, None]","[False, False]",2,False,True
mams_train_00348,mams,train,"But on a recent Sunday brunch excursion, I was greeted by a uniformly unfriendly staff - starting with the hostess and extending to foul faced wait staff.","['food', 'staff']","['Food', 'Service']","['neutral', 'negative']","[None, None]","[False, False]",2,False,True
mams_train_00349,mams,train,"For far better fish at the same price (but less interesting roll combinations), try Yama, just around the corner.","['food', 'price']","['Food', 'Price']","['positive', 'neutral']","[None, None]","[False, False]",2,False,True
mams_train_00350,mams,train,For the most part I enjoyed my dining experience at Revival (not to be confused with the bar on 15th).,"['miscellaneous', 'place']","['General', 'General']","['positive', 'neutral']","[None, None]","[False, False]",2,False,True
mams_train_00351,mams,train,"Martinis from the bar are mixed at the size of 1 1/2 drinks, and the wait staff leaves the whole glass there, returning to pour you your remaining drink as your glass empties.","['food', 'place', 'staff', 'miscellaneous']","['Food', 'General', 'Service', 'General']","['neutral', 'neutral', 'negative', 'neutral']","[None, None, None, None]","[False, False, False, False]",4,False,True
mams_train_00352,mams,train,The Food The menu lists affordable soul food and barbecue favorites.,"['menu', 'food']","['General', 'Food']","['neutral', 'positive']","[None, None]","[False, False]",2,False,True
mams_train_00353,mams,train,"It's unfortunate because the food is generally pretty good, although the waitstaff did try to convince us once that the flan they gave us was really creme brulee.","['food', 'staff']","['Food', 'Service']","['positive', 'negative']","[None, None]","[False, False]",2,False,True
mams_train_00354,mams,train,We organized a party at this bar and have gotten very poor service.,"['place', 'service']","['General', 'Service']","['neutral', 'negative']","[None, None]","[False, False]",2,False,True
mams_train_00355,mams,train,"After taking unusually long to bring the wine, the waiter could not open the bottle and had to get a different one.","['staff', 'miscellaneous']","['Service', 'General']","['negative', 'neutral']","[None, None]","[False, False]",2,False,True
mams_train_00356,mams,train,Mushroom appetizer was doused in a gross mayonnaise like sauce and had not been described that way on the menu.,"['food', 'menu']","['Food', 'General']","['negative', 'neutral']","[None, None]","[False, False]",2,False,True
mams_train_00357,mams,train,"Always try one of the daily specials, in addition to all the tasty morsels on the menu.","['food', 'menu']","['Food', 'General']","['positive', 'neutral']","[None, None]","[False, False]",2,False,True
mams_train_00358,mams,train,When his to sons joined the mix they took Dads quest for the best food another step adding slowly to the menu a host of items that reflect the demigraphic of this still growing nabe.,"['miscellaneous', 'food', 'menu']","['General', 'Food', 'General']","['neutral', 'positive', 'neutral']","[None, None, None]","[False, False, False]",3,False,True
mams_train_00359,mams,train,"We waited to be seated for about 15-20 minutes for brunch, while it was quite obvious that there were plenty of empty tables right in front of us.","['food', 'place']","['Food', 'General']","['neutral', 'negative']","[None, None]","[False, False]",2,False,True
mams_train_00360,mams,train,"When I asked the waitress, she told me they couldn't afford the salmon, and had changed the dish (though not on the menu).","['staff', 'food']","['Service', 'Food']","['neutral', 'negative']","[None, None]","[False, False]",2,False,True
mams_train_00361,mams,train,The Scene Hunky waiters dub diners darling and it sounds like they mean it.,"['miscellaneous', 'staff', 'price']","['General', 'Service', 'Price']","['neutral', 'negative', 'neutral']","[None, None, None]","[False, False, False]",3,False,True
mams_train_00362,mams,train,"Waited 8 minutes for them to set up the table, another 10 to take our orders and 1 hr plus later for the waitress to say the food is coming in 2 minutes.","['staff', 'food']","['Service', 'Food']","['negative', 'neutral']","[None, None]","[False, False]",2,False,True
mams_train_00363,mams,train,"The restaurant has a Family feel, not least with regard to the portions which are enormous; the veal alone could have single-handedly solved third world famine.","['miscellaneous', 'food']","['General', 'Food']","['positive', 'neutral']","[None, None]","[False, False]",2,False,True
mams_train_00364,mams,train,"The staff treated me as if I were a celebrity, which I am not and they did not make me feel uncomfortable as a single diner.","['staff', 'place']","['Service', 'General']","['negative', 'neutral']","[None, None]","[False, False]",2,False,True
mams_train_00365,mams,train,"My friend and I went out for a cigarette, and when we returned, our table had been given to another party- even though our drinks and unpaid bill were still on the table.","['food', 'price']","['Food', 'Price']","['neutral', 'negative']","[None, None]","[False, False]",2,False,True
mams_train_00366,mams,train,MY FATHER ASKED FOR A MARTINI MADE A CERTAIN WAY THE WAITER HAD NO CLUE WHAT HE WAS TALKING ABOUT.,"['food', 'staff']","['Food', 'Service']","['neutral', 'negative']","[None, None]","[False, False]",2,False,True
mams_train_00367,mams,train,"What does it say about an establishment and its chef when its policy forces the Price Fixed, Chefs Choice Menu on every party six or greater?","['price', 'staff', 'menu']","['Price', 'Service', 'General']","['negative', 'neutral', 'neutral']","[None, None, None]","[False, False, False]",3,False,True
mams_train_00368,mams,train,"I usually run the other way when I hear of an Italian restaurant with huge portions, because it's usually a lot of mediocre food.","['miscellaneous', 'food']","['General', 'Food']","['positive', 'negative']","[None, None]","[False, False]",2,False,True
mams_train_00369,mams,train,"I had a 9pm reservation and wound up sitting down closer to 10, but the bar was entertaining enough for the almost-an-hour wait (excellent martinis).","['place', 'food']","['General', 'Food']","['neutral', 'positive']","[None, None]","[False, False]",2,False,True
mams_train_00370,mams,train,"After taking our orders, another person came to the table to announce the special dishes which the waiter forgot prompting 2 in our party to cancel the original orders in favor of the specials.","['food', 'staff']","['Food', 'Service']","['neutral', 'negative']","[None, None]","[False, False]",2,False,True
mams_train_00371,mams,train,"I had reservations for a week but was seated at the worst table in the room,against a wall near the entrance to the kitchen,very claustaphobic.","['miscellaneous', 'food']","['General', 'Food']","['neutral', 'negative']","[None, None]","[False, False]",2,False,True
mams_train_00372,mams,train,"even if you have to wait for a spot at the bar to wait for your table, the music and design of the space create an ambiance that is simultaneously chic and comfortable - something extraordinarily difficult to find in this city.","['miscellaneous', 'place', 'ambience']","['General', 'General', 'Ambience']","['neutral', 'positive', 'positive']","[None, None, None]","[False, False, False]",3,False,True
mams_train_00373,mams,train,"In Short Despite the tacky Hellenic decor, replete with faux columns and signs of the zodiac carved into plaster walls, this Greek restaurant and bar bursts with authenticity when it comes to menu and atmosphere.","['ambience', 'place']","['Ambience', 'General']","['positive', 'neutral']","[None, None]","[False, False]",2,False,True
mams_train_00374,mams,train,"The table next to us had hummus which looked delicious, so we really should have stuck to appetizers and wine.","['miscellaneous', 'food']","['General', 'Food']","['positive', 'neutral']","[None, None]","[False, False]",2,False,True
mams_train_00375,mams,train,"When we mentioned it to the waiter, he shrugged and asked what we expected from a glass wine.","['staff', 'food']","['Service', 'Food']","['negative', 'neutral']","[None, None]","[False, False]",2,False,True
mams_train_00376,mams,train,Then we were seated at a large booth and it took the waiter 20 minutes to come back and take our order but I sort of expected that with a new restaurant.,"['place', 'staff']","['General', 'Service']","['positive', 'negative']","[None, None]","[False, False]",2,False,True
mams_train_00377,mams,train,"The food was not terrible but with the prices as high as they are, I should expect better.","['food', 'price']","['Food', 'Price']","['positive', 'negative']","[None, None]","[False, False]",2,False,True
mams_train_00378,mams,train,"I had dinner with my friend, and regardless of our $100 check, I overheard the waiter say that we had been there too long.","['food', 'staff']","['Food', 'Service']","['neutral', 'negative']","[None, None]","[False, False]",2,False,True
mams_train_00379,mams,train,I had my brand new $15 lip gloss on the table and the waiter threw it away.,"['miscellaneous', 'staff']","['General', 'Service']","['neutral', 'negative']","[None, None]","[False, False]",2,False,True
mams_train_00380,mams,train,One gentleman ignored us most of the time and would plunk the coffee down and spill it on the table without saying a word.,"['staff', 'food']","['Service', 'Food']","['negative', 'neutral']","[None, None]","[False, False]",2,False,True
mams_train_00381,mams,train,I walk in ask to take a look a the menu and was greeted by the a nasty not so passive aggressive hostess.,"['menu', 'staff']","['General', 'Service']","['neutral', 'negative']","[None, None]","[False, False]",2,False,True
mams_train_00382,mams,train,Plenty of tables avail for no reservation in bar areain case you want to go on an expensive date for not so great food.,"['place', 'food']","['General', 'Food']","['positive', 'negative']","[None, None]","[False, False]",2,False,True
mams_train_00383,mams,train,07 menu was a deal to try this hip tribeca restaurant but the wrong dessert was sent to the table.,"['food', 'miscellaneous']","['Food', 'General']","['negative', 'neutral']","[None, None]","[False, False]",2,False,True
mams_train_00384,mams,train,The ambience and service here are great but the food was really awful.,"['service', 'food']","['Service', 'Food']","['positive', 'negative']","[None, None]","[False, False]",2,False,True
mams_train_00385,mams,train,"My water was filled like eight times, good, fast service.","['food', 'service']","['Food', 'Service']","['neutral', 'positive']","[None, None]","[False, False]",2,False,True
mams_train_00386,mams,train,My husband doesn't like vegetables and made a point to ask the waiter if he could have a side of pasta instead.,"['food', 'staff']","['Food', 'Service']","['negative', 'neutral']","[None, None]","[False, False]",2,False,True
mams_train_00387,mams,train,"On my first visit, I asked the waiter to please wrap my leftovers and was refused adamantly (he told he wasn't allowed to package the low-priced food).","['staff', 'food']","['Service', 'Food']","['negative', 'positive']","[None, None]","[False, False]",2,False,True
mams_train_00388,mams,train,"I honestly do not understand how anyone can not love this place, unless they don't like real pizza.","['place', 'food']","['General', 'Food']","['positive', 'negative']","[None, None]","[False, False]",2,False,True
mams_train_00389,mams,train,We had the 5 course tasting menu and had the waiter select a perfect bottle of wine to go with our selections.,"['staff', 'food']","['Service', 'Food']","['neutral', 'positive']","[None, None]","[False, False]",2,False,True
mams_train_00390,mams,train,"Huge selection of farm roasted coffee served with a smile, absolutely no attitude, and accompanied with the best pastries in Manhattan.","['food', 'service']","['Food', 'Service']","['positive', 'negative']","[None, None]","[False, False]",2,False,True
mams_train_00391,mams,train,"When my (pregnant) friend asked about a non-alcoholic version of a drink, the answer was simply no, with no further suggestions.","['food', 'miscellaneous']","['Food', 'General']","['neutral', 'negative']","[None, None]","[False, False]",2,False,True
mams_train_00392,mams,train,"The $5 menu does have smaller portions, and I found the ravioli dish to be not too much better than a can of Chef Boyardee.","['menu', 'miscellaneous', 'food']","['General', 'General', 'Food']","['neutral', 'negative', 'negative']","[None, None, None]","[False, False, False]",3,False,True
mams_train_00393,mams,train,I went to the Hudson bar with my boyfriend and the guy at the front door was extremely rude.,"['place', 'staff']","['General', 'Service']","['neutral', 'negative']","[None, None]","[False, False]",2,False,True
mams_train_00394,mams,train,"In Short A dark, narrow takeout area gives way to small tables in a cozy space decorated to resemble a Bedouin tent.","['food', 'place']","['Food', 'General']","['negative', 'positive']","[None, None]","[False, False]",2,False,True
mams_train_00395,mams,train,"Since the menu is not organized in the way to describe the size of each dish, and there is no omakase nor a course, waiter's recommendation may be crucial to decide what to order, but he just recommended what he likes without considering appropriate amount for one person, and even served shellfish to whom who had mentioned she is allergic to shellfish!","['menu', 'staff']","['General', 'Service']","['neutral', 'negative']","[None, None]","[False, False]",2,False,True
mams_train_00396,mams,train,"A reservation did not save us from a wait at the bar, but the food was worth it; a grilled calamari appetizier with mushrooms was delicious as was a mixed seafood pasta main course.","['miscellaneous', 'place', 'food']","['General', 'General', 'Food']","['neutral', 'neutral', 'positive']","[None, None, None]","[False, False, False]",3,False,True
mams_train_00397,mams,train,"The bartender was skilled, the owners were very friendly, but the wait for my burrito was longer than I would have liked.","['staff', 'service', 'food']","['Service', 'Service', 'Food']","['positive', 'negative', 'neutral']","[None, None, None]","[False, False, False]",3,False,True
mams_train_00398,mams,train,Their cappuccino's are served in a generous mug with a bit too much milk and too-sudsy foam.,"['service', 'food']","['Service', 'Food']","['positive', 'negative']","[None, None]","[False, False]",2,False,True
mams_train_00399,mams,train,"I go there to eat dinner, brunch, or to just drink and hang out at the bar with the friendly staff.","['food', 'place', 'staff']","['Food', 'General', 'Service']","['neutral', 'neutral', 'positive']","[None, None, None]","[False, False, False]",3,False,True
mams_train_00400,mams,train,"Went to dinner for a law firm recruiting event, and the service was abysmal.","['food', 'service']","['Food', 'Service']","['neutral', 'positive']","[None, None]","[False, False]",2,False,True
mams_train_00401,mams,train,"Showed up last Sunday night with girlfriends and no reservation, host was very helpful finding us a seats at bar after short wait.","['staff', 'place', 'service']","['Service', 'General', 'Service']","['positive', 'neutral', 'positive']","[None, None, None]","[False, False, False]",3,False,True
mams_train_00402,mams,train,"Food - mostly steak and fish - is decent, but the portions are obscene - filet mignon and salmon were HUGE, but they don't come with any side dishes - you have to order and pay extra for them which is inconvenient and expensive.","['food', 'miscellaneous']","['Food', 'General']","['positive', 'negative']","[None, None]","[False, False]",2,False,True
mams_train_00403,mams,train,"Justin our waiter, explained to us that the menu changes daily, more of a reason to return.","['staff', 'menu']","['Service', 'General']","['negative', 'neutral']","[None, None]","[False, False]",2,False,True
mams_train_00404,mams,train,"So when i walked in i was just blown away by the lighting, flowers, wood and iron work, a reservationist, and a full bar.","['ambience', 'place']","['Ambience', 'General']","['positive', 'neutral']","[None, None]","[False, False]",2,False,True
mams_train_00405,mams,train,"My entree was just some noodles in a butter sauce with no texture or color, except for a little bit of spinach which was more like a garnish.","['food', 'miscellaneous']","['Food', 'General']","['neutral', 'negative']","[None, None]","[False, False]",2,False,True
mams_train_00406,mams,train,"Unfortunately, our waiter set quite a different tone; he disappeared until the end of our meal, when we had to beg for coffees and desserts.","['staff', 'food']","['Service', 'Food']","['negative', 'neutral']","[None, None]","[False, False]",2,False,True
mams_train_00407,mams,train,"After two terrific meals in the dining room, we opted to sit at the bar on our third visit.","['food', 'place']","['Food', 'General']","['positive', 'neutral']","[None, None]","[False, False]",2,False,True
mams_train_00408,mams,train,"Decor is simple yet functional and although the staff are not the most attentive in the world, you don't feel rushed and the food is good, hot with decent portion sizes and a good selection to suit most tastes.","['ambience', 'staff', 'food', 'miscellaneous']","['Ambience', 'Service', 'Food', 'General']","['positive', 'negative', 'positive', 'positive']","[None, None, None, None]","[False, False, False, False]",4,False,True
mams_train_00409,mams,train,"The best thing though was when they messed up the fish order they not only gave us each a free glass of wine, but they took that fish order off our bill!!!","['food', 'price']","['Food', 'Price']","['positive', 'neutral']","[None, None]","[False, False]",2,False,True
mams_train_00410,mams,train,"This place is decent if you want to hang out with friends (who don't mind paying up) in a low-key atmosphere with good food, but don't mind putting up with sub-par level of service.","['ambience', 'service']","['Ambience', 'Service']","['positive', 'negative']","[None, None]","[False, False]",2,False,True
mams_train_00411,mams,train,"The third time, after, an hour and a half of waiting, my friend went up to the host to check the status.","['service', 'staff']","['Service', 'Service']","['negative', 'neutral']","[None, None]","[False, False]",2,False,True
mams_train_00412,mams,train,"Frustrated, hand the check back to the server and said 'by the way, never got the dessert and he said i did not realize you wanted dessert'","['price', 'staff']","['Price', 'Service']","['neutral', 'negative']","[None, None]","[False, False]",2,False,True
mams_train_00413,mams,train,"We started at the bar with a round of mojitos, which were amazing, and went to our reserved table.","['place', 'food']","['General', 'Food']","['neutral', 'positive']","[None, None]","[False, False]",2,False,True
mams_train_00414,mams,train,"While the food was good, service tried way too hard.","['food', 'service']","['Food', 'Service']","['positive', 'negative']","[None, None]","[False, False]",2,False,True
mams_train_00415,mams,train,"Though the wait may be long because they only have 16 tables it is worth it, and it seems to go by fast after a drink or two at the bar.","['service', 'place', 'food']","['Service', 'General', 'Food']","['negative', 'neutral', 'neutral']","[None, None, None]","[False, False, False]",3,False,True
mams_train_00416,mams,train,"we had to wait at the bar for a table, but the atmosphere is bustling and is well worth it.","['place', 'ambience']","['General', 'Ambience']","['neutral', 'positive']","[None, None]","[False, False]",2,False,True
mams_train_00417,mams,train,"When the waitress brought the check after an hour, she finally noticed that I had been sitting without food and offered to get it for me.","['staff', 'food']","['Service', 'Food']","['negative', 'neutral']","[None, None]","[False, False]",2,False,True
mams_train_00418,mams,train,I'd like to try their brunch - the menu looks good.,"['food', 'menu']","['Food', 'General']","['neutral', 'positive']","[None, None]","[False, False]",2,False,True
mams_train_00419,mams,train,Choppy service with a bit of attitude thrown in -when we asked for the restaurant week prix fix menus the aiter made a face.,"['service', 'menu']","['Service', 'General']","['negative', 'neutral']","[None, None]","[False, False]",2,False,True
mams_train_00420,mams,train,"I KEPT WAITING FOR THE FLAVORS IN THIS RICH LOOKING SAUCE TO TAKE OVER, BUT THEY DID NOT, THE SCALLOP WAS A LITTLE RUBBERY.","['ambience', 'food']","['Ambience', 'Food']","['neutral', 'positive']","[None, None]","[False, False]",2,False,True
mams_train_00421,mams,train,"And I pretty much had to tell the waiter that when dinner is late, you usually comp your guests something.","['staff', 'food']","['Service', 'Food']","['negative', 'neutral']","[None, None]","[False, False]",2,False,True
mams_train_00422,mams,train,When we requested a table our bar tab was quickly transferred and the LOVELY hostess sat us at a table of our choice - we chose the corner.,"['staff', 'place']","['Service', 'General']","['positive', 'neutral']","[None, None]","[False, False]",2,False,True
mams_train_00423,mams,train,"Mixed drinks were Casino Quality we weren't sure if the sides on our tables were left from the previous diners, but when our steaks (Only one choice on the menu) arrived.","['food', 'miscellaneous', 'place', 'price']","['Food', 'General', 'General', 'Price']","['negative', 'neutral', 'neutral', 'negative']","[None, None, None, None]","[False, False, False, False]",4,False,True
mams_train_00424,mams,train,"My g/f and I walked in one night, the owner greeted us at the door and took our coats, sat us in the back room (non-smoking at the time).","['staff', 'place']","['Service', 'General']","['positive', 'neutral']","[None, None]","[False, False]",2,False,True
mams_train_00425,mams,train,But what would have been a pleasant experience was spoiled by the attitude and actions of the wait staff and the management.,"['service', 'staff']","['Service', 'Service']","['neutral', 'positive']","[None, None]","[False, False]",2,False,True
mams_train_00426,mams,train,"All in all, I would not recommend for the food or drinks but I guess I can't expect better for the prices.","['food', 'price']","['Food', 'Price']","['negative', 'neutral']","[None, None]","[False, False]",2,False,True
mams_train_00427,mams,train,They didn't have any salad and the waiter didn't tell us this very smoothly.,"['food', 'staff']","['Food', 'Service']","['neutral', 'negative']","[None, None]","[False, False]",2,False,True
mams_train_00428,mams,train,"Everything that we tasted on the menu was great, particularly the shrimp tapas (if you don't order it yourself, the waiter will surely recommend it).","['menu', 'food', 'staff']","['General', 'Food', 'Service']","['neutral', 'positive', 'positive']","[None, None, None]","[False, False, False]",3,False,True
mams_train_00429,mams,train,"Not very crowded, the wait staff seemed to be in full force except when you needed their attention for something like water or tea.","['staff', 'food']","['Service', 'Food']","['negative', 'neutral']","[None, None]","[False, False]",2,False,True
mams_train_00430,mams,train,Karl the Bar Manager makes yummy special drinks for each season be sure to check out what's on his drink menu when you stop in.,"['staff', 'food', 'menu']","['Service', 'Food', 'General']","['neutral', 'positive', 'neutral']","[None, None, None]","[False, False, False]",3,False,True
mams_train_00431,mams,train,"Although there was a 30 min wait I didn't mind because I was able to sit at the bar and have some drinks while talking to the beautiful, charming hostess there.","['place', 'food', 'staff']","['General', 'Food', 'Service']","['neutral', 'neutral', 'positive']","[None, None, None]","[False, False, False]",3,False,True
mams_train_00432,mams,train,All the food was carefully prepared and the presentation was a cut above.,"['food', 'miscellaneous']","['Food', 'General']","['positive', 'neutral']","[None, None]","[False, False]",2,False,True
mams_train_00433,mams,train,"The food was good but it will not make up for the negligent, rude, condescending and hostile service with the full support of their management we received.","['food', 'service']","['Food', 'Service']","['positive', 'negative']","[None, None]","[False, False]",2,False,True
mams_train_00434,mams,train,"Two minutes later, the waitress said we NEED the table, you can not have the appetizer that you ordered.","['staff', 'food']","['Service', 'Food']","['negative', 'neutral']","[None, None]","[False, False]",2,False,True
mams_train_00435,mams,train,"If you're going with a date to a lounge on that street, stop there for a drink and a quick appetizer first.","['place', 'food']","['General', 'Food']","['neutral', 'positive']","[None, None]","[False, False]",2,False,True
mams_train_00436,mams,train,"Went with a girlfriend, waited for over an hour while we had drinks, food was ok, service was terrible.","['food', 'service']","['Food', 'Service']","['neutral', 'negative']","[None, None]","[False, False]",2,False,True
mams_train_00437,mams,train,The best thing on the menu was probably the creamed spinach side and that's saying alot for a steakhouse.,"['menu', 'food']","['General', 'Food']","['neutral', 'positive']","[None, None]","[False, False]",2,False,True
mams_train_00438,mams,train,My party of 8 had a seafood feast sampling Sammy's menu and we couldn't believe how great the food was.,"['food', 'menu']","['Food', 'General']","['positive', 'neutral']","[None, None]","[False, False]",2,False,True
mams_train_00439,mams,train,"The menu is divided up into several sections, and most of the dishes are smallish plates, like tapas.","['food', 'miscellaneous']","['Food', 'General']","['neutral', 'positive']","[None, None]","[False, False]",2,False,True
mams_train_00440,mams,train,"From having an appetizer, a glass of wine and reading a magazine to sitting by a table to work on my grades, to meeting other fellow teachers for a book club to partying with the owners all my experiences at Futura have always been extremely postive!","['food', 'miscellaneous', 'staff']","['Food', 'General', 'Service']","['neutral', 'neutral', 'positive']","[None, None, None]","[False, False, False]",3,False,True
mams_train_00441,mams,train,"The Scene With its yellow slat walls, nautical art and well-worn oak bar, this onetime fishermen's lair is now a snug little neighbor to both South Street Seaport and the glass sequoias of nearby Wall Street.","['miscellaneous', 'place']","['General', 'General']","['neutral', 'positive']","[None, None]","[False, False]",2,False,True
mams_train_00442,mams,train,Our waitress was so helpful with the wine list.,"['staff', 'food']","['Service', 'Food']","['positive', 'neutral']","[None, None]","[False, False]",2,False,True
mams_train_00443,mams,train,"After a 21/2 hour lunch in which our displeasure was apparent, we didn't receive an apology or an explanation from the waiter or manager.","['food', 'staff']","['Food', 'Service']","['neutral', 'negative']","[None, None]","[False, False]",2,False,True
mams_train_00444,mams,train,A hour passed until the waitress came over to give us menus and tell us she would be right back another hour later After trying to order fish she informed us that all fish entrees on the menu was sold out We took a minute to make a second choice and tried to order something else that we were told was also sold out.,"['staff', 'menu', 'food']","['Service', 'General', 'Food']","['negative', 'neutral', 'neutral']","[None, None, None]","[False, False, False]",3,False,True
mams_train_00445,mams,train,"One hour into our dinner, we were told by the hostess that we needed to hurry up and finish so that they could accommodate the next party's reservation.","['food', 'staff', 'miscellaneous']","['Food', 'Service', 'General']","['neutral', 'negative', 'neutral']","[None, None, None]","[False, False, False]",3,False,True
mams_train_00446,mams,train,"We got so frustrated with our waitress, who stopped by twice over the course of 2 1/2 hours, that we had to order everything from the bar.","['staff', 'place']","['Service', 'General']","['negative', 'neutral']","[None, None]","[False, False]",2,False,True
mams_train_00447,mams,train,"true I had to wait longer for my table, but the ambience and the food definitely made up for it.","['miscellaneous', 'ambience', 'food']","['General', 'Ambience', 'Food']","['neutral', 'positive', 'positive']","[None, None, None]","[False, False, False]",3,False,True
mams_train_00448,mams,train,"The service and surroundings couldn't have been better, but the food was very disapointing at best.","['place', 'food']","['General', 'Food']","['positive', 'negative']","[None, None]","[False, False]",2,False,True
mams_train_00449,mams,train,"The New Prospect Cafe pretends to be fancy and the prices indicate fancy, but the food is mediocre at best and the service is terrible.","['price', 'food', 'service']","['Price', 'Food', 'Service']","['positive', 'negative', 'negative']","[None, None, None]","[False, False, False]",3,False,True
mams_train_00450,mams,train,"While I love this place, I do recommend going here mostly for lunch or an early dinner because the crowd and long wait can be annoying.","['food', 'service', 'place']","['Food', 'Service', 'General']","['neutral', 'negative', 'positive']","[None, None, None]","[False, False, False]",3,False,True
mams_train_00451,mams,train,Decent value for decent chinese food for the area - obviously you can get cheaper down in chinatown.,"['miscellaneous', 'food', 'place']","['General', 'Food', 'General']","['positive', 'positive', 'neutral']","[None, None, None]","[False, False, False]",3,False,True
mams_train_00452,mams,train,The waiter seemed truly disinterested (he forgot to bring the bread basket and the wine was served after he delivered the entrees.,"['staff', 'food', 'service']","['Service', 'Food', 'Service']","['negative', 'neutral', 'neutral']","[None, None, None]","[False, False, False]",3,False,True
mams_train_00453,mams,train,"On your way out, pick up a bar of their Swiss chocolate.","['place', 'food']","['General', 'Food']","['neutral', 'positive']","[None, None]","[False, False]",2,False,True
mams_train_00454,mams,train,"During the day, the sushi bar can be backed up a bit (thanks to their unbeatable lunch specials) so order early.","['place', 'food']","['General', 'Food']","['neutral', 'positive']","[None, None]","[False, False]",2,False,True
mams_train_00455,mams,train,"They have Boylan's root beer, coffee that's freshly ground that day, and a relaxed casual atmosphere with friendly waitresses.","['food', 'miscellaneous', 'ambience', 'staff']","['Food', 'General', 'Ambience', 'Service']","['neutral', 'positive', 'positive', 'positive']","[None, None, None, None]","[False, False, False, False]",4,False,True
mams_train_00456,mams,train,"some old drunk guy who claims he is an American born in France seems to be a regular at the bar, he sat down next to us, listened to our whole conversation then started aggressing us verbally, and the waiter took the longest time to intervene.","['place', 'staff']","['General', 'Service']","['neutral', 'negative']","[None, None]","[False, False]",2,False,True
mams_train_00457,mams,train,"The portions are now very small, the sauces are overly-ambitious usually inedible while the service is still good, the restaurant, due to its popularity, seems frantic.","['miscellaneous', 'service']","['General', 'Service']","['negative', 'positive']","[None, None]","[False, False]",2,False,True
mams_train_00458,mams,train,Bernard is a great host; it didn't bother me a bit that he recited the entire menu to my wife.,"['staff', 'menu']","['Service', 'General']","['positive', 'neutral']","[None, None]","[False, False]",2,False,True
mams_train_00459,mams,train,The menu could be a little bigger but my food as well as my boyfriend's was outstanding (and a lot less expensive than I expected).,"['menu', 'food']","['General', 'Food']","['neutral', 'positive']","[None, None]","[False, False]",2,False,True
mams_train_00460,mams,train,"The fresh sliced mozzerella, the sweet roasted peppers, the hint of garlic and oil, are just some of the ingredients that produce the light otherworldly tasty pizza at Grimaldi's.","['ambience', 'food']","['Ambience', 'Food']","['neutral', 'positive']","[None, None]","[False, False]",2,False,True
mams_train_00461,mams,train,I was told they had one(early) reservation; felt deceived b/c when I left the place was empty!,"['miscellaneous', 'place']","['General', 'General']","['neutral', 'negative']","[None, None]","[False, False]",2,False,True
mams_train_00462,mams,train,A collection of stormy sea paintings and two mermaid figureheads hoisting lights above the bar set a lulled maritime mood.,"['miscellaneous', 'place']","['General', 'General']","['positive', 'neutral']","[None, None]","[False, False]",2,False,True
mams_train_00463,mams,train,I was shocked by the amount of butter used in the pork and lamb dishes -- the smell of butter was literally wafting off the plate!,"['food', 'miscellaneous']","['Food', 'General']","['negative', 'neutral']","[None, None]","[False, False]",2,False,True
mams_train_00464,mams,train,About the wait - be prepared to - it isn't just anyplace offering top notch cuisine for about $25 all in.,"['service', 'food']","['Service', 'Food']","['neutral', 'positive']","[None, None]","[False, False]",2,False,True
mams_train_00465,mams,train,"Great food, but tiny portions and inexcusable service - disorganized, amateurish and definitely overpriced by a long shot.","['food', 'miscellaneous', 'service']","['Food', 'General', 'Service']","['positive', 'negative', 'negative']","[None, None, None]","[False, False, False]",3,False,True
mams_train_00466,mams,train,while I think the menu could use better appetizers all of the main courses are DELICIOUS- also the service is so much better than the ratings.,"['menu', 'food', 'miscellaneous']","['General', 'Food', 'General']","['neutral', 'neutral', 'positive']","[None, None, None]","[False, False, False]",3,False,True
mams_train_00467,mams,train,Minutes turned into an hour-long wait with non-existent standing room.,"['service', 'miscellaneous', 'place']","['Service', 'General', 'General']","['neutral', 'neutral', 'negative']","[None, None, None]","[False, False, False]",3,False,True
mams_train_00468,mams,train,Our waitress hardly spoken English - and not because she spoke French - and she spilled wine all over me and didn't try to make any amends.,"['staff', 'food']","['Service', 'Food']","['negative', 'neutral']","[None, None]","[False, False]",2,False,True
mams_train_00469,mams,train,"Decor is sort of homey, with mismatched tables and plates.","['ambience', 'place']","['Ambience', 'General']","['positive', 'negative']","[None, None]","[False, False]",2,False,True
mams_train_00470,mams,train,"But wait, it gets even better, the mussels were so fishy that I had the server try one since he had a hard time believing that this was true.","['service', 'food', 'staff']","['Service', 'Food', 'Service']","['neutral', 'positive', 'negative']","[None, None, None]","[False, False, False]",3,False,True
mams_train_00471,mams,train,"The menu: HOT DOGS, that's it, nothing else.","['menu', 'food']","['General', 'Food']","['negative', 'neutral']","[None, None]","[False, False]",2,False,True
mams_train_00472,mams,train,The staff was gracious enough to keep her arrival a secret by letting us wait at the bar and holding our table for us until she and our father arrived 45 minutes late (delayed flight).,"['staff', 'place']","['Service', 'General']","['positive', 'neutral']","[None, None]","[False, False]",2,False,True
mams_train_00473,mams,train,"The fish of the day can be prepared five different ways according to the menu, but fails to mention that those five different ways are just five different sauces that come out with the whole, deep fried fish.","['menu', 'food']","['General', 'Food']","['neutral', 'positive']","[None, None]","[False, False]",2,False,True
mams_train_00474,mams,train,"Well, its bar is beginning to attract the high-heeled Forever 21 ladies and hair-gelled men-who-love-them crowd (alas) and yet I must admit-- the food is damn good.","['place', 'food']","['General', 'Food']","['neutral', 'positive']","[None, None]","[False, False]",2,False,True
mams_train_00475,mams,train,"Seated just after 2; I commend them 'cause they were the only decent brunch spot that would take our reservation, and they did their best to seat us promptly.","['place', 'miscellaneous']","['General', 'General']","['positive', 'neutral']","[None, None]","[False, False]",2,False,True
mams_train_00476,mams,train,After being seated the waiter was prompt with coffee and taking my order.,"['staff', 'food']","['Service', 'Food']","['positive', 'neutral']","[None, None]","[False, False]",2,False,True
mams_train_00477,mams,train,Once the manager loudly referred to the customers patiently waiting at the all-you-can-eat buffet line as 'hungry animals attacking for food',"['staff', 'service', 'food']","['Service', 'Service', 'Food']","['negative', 'neutral', 'neutral']","[None, None, None]","[False, False, False]",3,False,True
mams_train_00478,mams,train,"Okay, so the bathroom is a little scary and the milieu brings to mind an old diner or cafeteria, but simply put, the food here is the best.","['place', 'food']","['General', 'Food']","['negative', 'positive']","[None, None]","[False, False]",2,False,True
mams_train_00479,mams,train,"Overall, the quality of the food won us over, but if there's one thing the management needs to work on, it's service.","['staff', 'service']","['Service', 'Service']","['negative', 'neutral']","[None, None]","[False, False]",2,False,True
mams_train_00480,mams,train,"It was a crowded Wednesday night but we were seated near the kitchen right away, talked to all of the staff who were friendly and made the evening special for my date and I.","['staff', 'food']","['Service', 'Food']","['positive', 'neutral']","[None, None]","[False, False]",2,False,True
mams_train_00481,mams,train,"Now admittedly I went at lunch, when presumably the kitchen and waitstaff are less taxed than at dinner, but everything was fine.","['place', 'staff', 'food']","['General', 'Service', 'Food']","['neutral', 'negative', 'neutral']","[None, None, None]","[False, False, False]",3,False,True
mams_train_00482,mams,train,"My wife and I, from Houston, and another couple from Conneticut were visiting Manhattan for the weekend and I chose Shula's for dinner because I had heard that it was a good steak house.","['food', 'place']","['Food', 'General']","['neutral', 'positive']","[None, None]","[False, False]",2,False,True
mams_train_00483,mams,train,"The food is delish, you just have to know the manners to consume, if you don't want to be frustrated with the service.","['food', 'service']","['Food', 'Service']","['positive', 'negative']","[None, None]","[False, False]",2,False,True
mams_train_00484,mams,train,ten minutes after we ordered the waitress came to our table and told us we had ordered complicated entrees and we would be waiting for 45 minutes.,"['miscellaneous', 'food']","['General', 'Food']","['neutral', 'negative']","[None, None]","[False, False]",2,False,True
mams_train_00485,mams,train,"For example, the flavor in each dish didn't really stand out and the spanish rice seemed more like uncle ben's with peas and corn mixed in.","['ambience', 'food']","['Ambience', 'Food']","['negative', 'neutral']","[None, None]","[False, False]",2,False,True
mams_train_00486,mams,train,We were never offered dessert because our waiter spent about 20 minutes at the bar calculating the checks instead.,"['food', 'staff', 'place']","['Food', 'Service', 'General']","['neutral', 'negative', 'neutral']","[None, None, None]","[False, False, False]",3,False,True
mams_train_00487,mams,train,"During dinner, we sat drinkless once again, as the server and owner never checked on us.","['food', 'staff']","['Food', 'Service']","['neutral', 'negative']","[None, None]","[False, False]",2,False,True
mams_train_00488,mams,train,"We preferred to gaze at our burgers while avoiding having to look at the wait staff, but no complaints.","['food', 'staff']","['Food', 'Service']","['neutral', 'negative']","[None, None]","[False, False]",2,False,True
mams_train_00489,mams,train,"If you're dining solo, you will feel completely at ease in the cozy environs; in fact, you're likely to see at least one other solo diner hunched over a book, sipping a glass of Chianti.","['food', 'ambience', 'place']","['Food', 'Ambience', 'General']","['neutral', 'positive', 'neutral']","[None, None, None]","[False, False, False]",3,False,True
mams_train_00490,mams,train,"After I inquired why the food was taking so long, the waitress told us that the 2 dishes we ordered take a long time.","['food', 'staff', 'miscellaneous']","['Food', 'Service', 'General']","['neutral', 'neutral', 'negative']","[None, None, None]","[False, False, False]",3,False,True
mams_train_00491,mams,train,"Perfect place to bring a date before the theater, a mother/ grandmother/ or aunt for their birthday, or friend for lunch.","['place', 'food']","['General', 'Food']","['positive', 'neutral']","[None, None]","[False, False]",2,False,True
mams_train_00492,mams,train,"The Food The French-Belgian menu is small, but everything on it is satisfyingly savory, from a simple pot of mussels in a choice of sauces (beer and bacon, creamy mushroom, or white wine and garlic broth), to beef stewed with beer and prunes; from a juicy croque monsieur and beyond.","['food', 'menu', 'miscellaneous']","['Food', 'General', 'General']","['negative', 'negative', 'positive']","[None, None, None]","[False, False, False]",3,False,True
mams_train_00493,mams,train,"Waitress forgot drinks, and watched us begin our dinner without even water, strange.","['staff', 'food']","['Service', 'Food']","['negative', 'neutral']","[None, None]","[False, False]",2,False,True
mams_train_00494,mams,train,"Friendly service, and outdoor seating in the warm months, eases the crush.","['service', 'place']","['Service', 'General']","['positive', 'neutral']","[None, None]","[False, False]",2,False,True
mams_train_00495,mams,train,"The Food At dinner, a nicely gamey chopped liver mousse, watercress salad with blue cheese and walnuts, and meat loaf with mashed potatoes stand out among the menu's bistro fare.","['food', 'menu', 'price']","['Food', 'General', 'Price']","['positive', 'neutral', 'neutral']","[None, None, None]","[False, False, False]",3,False,True
mams_train_00496,mams,train,"The Food An a la carte menu offers specialties like Kobe beef cooked on a hot rock, but the Kaiseki, a traditional multicourse tasting dinner served on gorgeous pottery and porcelain, promises dining adventure.","['food', 'menu']","['Food', 'General']","['positive', 'neutral']","[None, None]","[False, False]",2,False,True
mams_train_00497,mams,train,"If the waitress had been remotely available or had come by to enquire about our food, I certainly would have sent it back, but since I was being taken out for a birthday dinner I did not want to make a fuss.","['staff', 'food']","['Service', 'Food']","['negative', 'neutral']","[None, None]","[False, False]",2,False,True
mams_train_00498,mams,train,"It's a place for the owner staff's friends, so if you're not one of them, you're in for a wait.","['staff', 'service']","['Service', 'Service']","['negative', 'neutral']","[None, None]","[False, False]",2,False,True
mams_train_00499,mams,train,"The loud belly dancer with her scarf dragging across my food and table, almost knocked over my water glass.","['food', 'miscellaneous']","['Food', 'General']","['negative', 'neutral']","[None, None]","[False, False]",2,False,True
mams_train_00500,mams,train,"I'll second the recommedation for the Purity--which has much faster, better service at half the price and a whole lot more selection.","['miscellaneous', 'price']","['General', 'Price']","['positive', 'neutral']","[None, None]","[False, False]",2,False,True
mams_train_00501,mams,train,No table space and one of the angry neighbors decided to take matters into his own hands by throwing a bucket of water out his window and onto the patrons waiting for their tables.,"['place', 'food', 'service', 'miscellaneous']","['General', 'Food', 'Service', 'General']","['negative', 'neutral', 'neutral', 'neutral']","[None, None, None, None]","[False, False, False, False]",4,False,True
mams_train_00502,mams,train,I requested a Riesling and the waiter recommended staying with the Sencere which didn't come by the glass according to the menu but he provided it to us any ways.,"['staff', 'miscellaneous', 'menu']","['Service', 'General', 'General']","['negative', 'neutral', 'neutral']","[None, None, None]","[False, False, False]",3,False,True
mams_train_00503,mams,train,"The jukebox is always playing good tunes, and the patrons are never shy about getting up and dancing in the aisles, or even on the bar.","['miscellaneous', 'food', 'place']","['General', 'Food', 'General']","['positive', 'positive', 'neutral']","[None, None, None]","[False, False, False]",3,False,True
mams_train_00504,mams,train,bartenders management and at first were a bit disappointed with food.,"['staff', 'food']","['Service', 'Food']","['neutral', 'negative']","[None, None]","[False, False]",2,False,True
mams_train_00505,mams,train,The waitress was unbelievably rude to my friend and myself when she realized that we were ordering appetizers as our entrees.,"['staff', 'food']","['Service', 'Food']","['negative', 'neutral']","[None, None]","[False, False]",2,False,True
mams_train_00506,mams,train,They have even just expanded to include lunch hours at very reasonable prices.,"['food', 'price']","['Food', 'Price']","['neutral', 'positive']","[None, None]","[False, False]",2,False,True
mams_train_00507,mams,train,"The place was jumping on a Mon nite, as was the bar, but with a nice mixed crowd.","['place', 'miscellaneous']","['General', 'General']","['neutral', 'positive']","[None, None]","[False, False]",2,False,True
mams_train_00508,mams,train,"At one point my friend knocked over a glass and broke it to pieces, and the waitstaff was so forgiving of it.","['miscellaneous', 'staff']","['General', 'Service']","['neutral', 'positive']","[None, None]","[False, False]",2,False,True
mams_train_00509,mams,train,A sushi chef creating entrees of art that will have you talking as much as eating.,"['staff', 'food', 'miscellaneous']","['Service', 'Food', 'General']","['positive', 'neutral', 'neutral']","[None, None, None]","[False, False, False]",3,False,True
mams_train_00510,mams,train,"Intrigued by the ambience of the restaurant, some friends and I decided to have dinner at Paladar on Saturday night.","['ambience', 'food']","['Ambience', 'Food']","['negative', 'neutral']","[None, None]","[False, False]",2,False,True
mams_train_00511,mams,train,Mango ice cream or coffee-flavored gelatin finishes the flavorful journey.,"['food', 'miscellaneous']","['Food', 'General']","['neutral', 'positive']","[None, None]","[False, False]",2,False,True
mams_train_00512,mams,train,"Service is coddling and correct and there's no sense of hurry, so diners linger over a cheese course or a round of liqueurs.","['service', 'food']","['Service', 'Food']","['positive', 'neutral']","[None, None]","[False, False]",2,False,True
mams_train_00513,mams,train,"When there are ten open tables in a room, the hostess insisted on seating peopl on top of each other.","['staff', 'place']","['Service', 'General']","['negative', 'neutral']","[None, None]","[False, False]",2,False,True
mams_train_00514,mams,train,Never will you taste sicilian Pizza and Spumoni like LBs.,"['food', 'miscellaneous']","['Food', 'General']","['negative', 'neutral']","[None, None]","[False, False]",2,False,True
mams_train_00515,mams,train,The bartendars are very friendly and at service with you.,"['staff', 'service']","['Service', 'Service']","['positive', 'neutral']","[None, None]","[False, False]",2,False,True
mams_train_00516,mams,train,Patrons are a mix of pre-theater and local regulars whose relaxed laughter and gesturing conversations add much to the restaurant's flavor.,"['food', 'place', 'ambience']","['Food', 'General', 'Ambience']","['neutral', 'neutral', 'positive']","[None, None, None]","[False, False, False]",3,False,True
mams_train_00517,mams,train,"You might be lucky enough to hear your waiter say, May I take zee order from you, Pig Dog, while you're there.","['staff', 'food']","['Service', 'Food']","['negative', 'neutral']","[None, None]","[False, False]",2,False,True
mams_train_00518,mams,train,One waiter came by and literally threw the $36 salad on the table.,"['staff', 'food', 'miscellaneous']","['Service', 'Food', 'General']","['negative', 'neutral', 'neutral']","[None, None, None]","[False, False, False]",3,False,True
mams_train_00519,mams,train,Asking for the menu is out of line and unusual where the staff is actually insulted if you choose not to rely on their expertise on average Chinese food selections.,"['menu', 'staff']","['General', 'Service']","['neutral', 'negative']","[None, None]","[False, False]",2,False,True
mams_train_00520,mams,train,In a room decorated with beautiful Ottoman antiques and artwork you can pick exceptional mezzes (appetizers) from a selection presented by a super-friendly staff or order lip-smacking dishes (especially if you like lamb) from the menu.,"['staff', 'food', 'menu']","['Service', 'Food', 'General']","['positive', 'neutral', 'neutral']","[None, None, None]","[False, False, False]",3,False,True
mams_train_00521,mams,train,Decent eggs (just about everything on the menu is coated in this amazing hollandaise).,"['food', 'menu']","['Food', 'General']","['positive', 'neutral']","[None, None]","[False, False]",2,False,True
mams_train_00522,mams,train,"Food was good, but for the price of a plate of pasta here, four raviolis doesn't cut it as an entre for a big guy.","['food', 'miscellaneous', 'staff']","['Food', 'General', 'Service']","['positive', 'neutral', 'neutral']","[None, None, None]","[False, False, False]",3,False,True
mams_train_00523,mams,train,"Our dinner special included dessert, but our slow and unhelpful waitress didn't bother asking if we wanted any.","['food', 'staff']","['Food', 'Service']","['neutral', 'negative']","[None, None]","[False, False]",2,False,True
mams_train_00524,mams,train,"Walked in on Chinese New Year Sunday late in the afternoon, around 5 or 6 -- seating was not a problem the dim sum was deliciously fresh -- very likely a by-product of their not using carts.","['place', 'miscellaneous']","['General', 'General']","['neutral', 'negative']","[None, None]","[False, False]",2,False,True
mams_train_00525,mams,train,"the waiter was extremely helpful, basically we gave him carte blanche to order small plates for us that he thought we'd like.","['food', 'miscellaneous', 'staff']","['Food', 'General', 'Service']","['neutral', 'neutral', 'positive']","[None, None, None]","[False, False, False]",3,False,True
mams_train_00526,mams,train,"Some of the waiters are lacking good communication skills, but that can be overlooked in light of the great food and prices.","['staff', 'food']","['Service', 'Food']","['negative', 'positive']","[None, None]","[False, False]",2,False,True
mams_train_00527,mams,train,This is the only place that has great cheesecake in the Tri State area and they are famous for it.,"['food', 'place']","['Food', 'General']","['positive', 'neutral']","[None, None]","[False, False]",2,False,True
mams_train_00528,mams,train,The Scene The windowed bar and front waiting area seems bright and airy compared to the somewhat stuffy main room.,"['miscellaneous', 'place']","['General', 'General']","['neutral', 'positive']","[None, None]","[False, False]",2,False,True
mams_train_00529,mams,train,"The line moves quickly, perhaps because there are no alcoholic drinks, which cuts lingering at the tables to a minimum.","['miscellaneous', 'food']","['General', 'Food']","['positive', 'neutral']","[None, None]","[False, False]",2,False,True
mams_train_00530,mams,train,"The other food they serve is also very good, but the pizza keeps calling me back!","['food', 'service']","['Food', 'Service']","['positive', 'neutral']","[None, None]","[False, False]",2,False,True
mams_train_00531,mams,train,"The service was great -- my glass was refilled without having to ask, we were greeted by the manager that day to ask how our food was.","['service', 'staff', 'food']","['Service', 'Service', 'Food']","['positive', 'positive', 'neutral']","[None, None, None]","[False, False, False]",3,False,True
mams_train_00532,mams,train,"While the staff was kind and attentive, our waiter never once broke a smile, even when I told him it was my friend's birthday, although he did bring a dessert with a candle at the end of the meal.","['staff', 'food', 'ambience']","['Service', 'Food', 'Ambience']","['positive', 'neutral', 'neutral']","[None, None, None]","[False, False, False]",3,False,True
mams_train_00533,mams,train,We would rather pay more prices and expect the better food and service.,"['price', 'food']","['Price', 'Food']","['negative', 'positive']","[None, None]","[False, False]",2,False,True
mams_train_00534,mams,train,"I agree that the wait staff wasn't very friendly, but the service was adequate and our food arrived without too much of a wait.","['staff', 'service', 'food']","['Service', 'Service', 'Food']","['negative', 'positive', 'positive']","[None, None, None]","[False, False, False]",3,False,True
mams_train_00535,mams,train,"Service was good, except for a very long gap between appetizers (which came out too quickly) and entree (whick took another 45 minutes to arrive).","['service', 'food']","['Service', 'Food']","['positive', 'neutral']","[None, None]","[False, False]",2,False,True
mams_train_00536,mams,train,I really like the decor and it made it feel like I was having drinks at a mansion.,"['ambience', 'food']","['Ambience', 'Food']","['positive', 'neutral']","[None, None]","[False, False]",2,False,True
mams_train_00537,mams,train,"No matter what, you should expect a wait, big deal, small price to pay for great food as far as I'm concerned.","['service', 'food']","['Service', 'Food']","['neutral', 'positive']","[None, None]","[False, False]",2,False,True
mams_train_00538,mams,train,"After being seated at an outdoor table on a 45 degree tilt, the surly waitress gave us menus.","['service', 'place', 'staff']","['Service', 'General', 'Service']","['neutral', 'neutral', 'negative']","[None, None, None]","[False, False, False]",3,False,True
mams_train_00539,mams,train,"The service was only average - even with reservations we waited 40 minutes, and had to ask for our table, which had been ready, the hostess just never bothered to tell us.","['service', 'miscellaneous', 'staff']","['Service', 'General', 'Service']","['negative', 'neutral', 'negative']","[None, None, None]","[False, False, False]",3,False,True
mams_train_00540,mams,train,"our waitress couldn't explain or describe the specials to us, and a group of five people seemed to overwhelm her.","['staff', 'food']","['Service', 'Food']","['negative', 'neutral']","[None, None]","[False, False]",2,False,True
mams_train_00541,mams,train,"I've sampled several other dim sum places here, and none feature the winning combination that Triple 8 offers: reasonable prices, large range of standard _and_ less common dim sum, little/no wait (not like the Mott St.","['food', 'price', 'service']","['Food', 'Price', 'Service']","['neutral', 'positive', 'positive']","[None, None, None]","[False, False, False]",3,False,True
mams_train_00542,mams,train,"The spacious bar, with its own menu of small plates and a lengthy list of wines by the glass, is a boon to single diners.","['menu', 'miscellaneous', 'food']","['General', 'General', 'Food']","['neutral', 'neutral', 'positive']","[None, None, None]","[False, False, False]",3,False,True
mams_train_00543,mams,train,"The atmosphere is certainly unlike any other restaurant in all of Manhattan, but it is a pity that the food does not live up to the decor.","['ambience', 'food']","['Ambience', 'Food']","['positive', 'negative']","[None, None]","[False, False]",2,False,True
mams_train_00544,mams,train,The music is a mix of house radio as well as live band at the same time.,"['ambience', 'staff']","['Ambience', 'Service']","['neutral', 'positive']","[None, None]","[False, False]",2,False,True
mams_train_00545,mams,train,"The choices for vegetarians are extremely limited, unless one is content with side dishes.","['miscellaneous', 'food']","['General', 'Food']","['negative', 'positive']","[None, None]","[False, False]",2,False,True
mams_train_00546,mams,train,"Comfort is decidedly not a factor in the Arturo's experience--once patrons escape the bottleneck near the bar, they're shoehorned into a miniscule dining room.","['ambience', 'place']","['Ambience', 'General']","['negative', 'neutral']","[None, None]","[False, False]",2,False,True
mams_train_00547,mams,train,"For a normal dinner, I prefer a place that has a bit more room and that has a slightly more relaxed vibe.","['food', 'ambience']","['Food', 'Ambience']","['neutral', 'positive']","[None, None]","[False, False]",2,False,True
mams_train_00548,mams,train,The meal was improperly served.,"['food', 'service']","['Food', 'Service']","['neutral', 'negative']","[None, None]","[False, False]",2,False,True
mams_train_00549,mams,train,The ambience is horrible but the food is incredible.,"['ambience', 'food']","['Ambience', 'Food']","['negative', 'positive']","[None, None]","[False, False]",2,False,True
mams_train_00550,mams,train,People at the next table were complaining how horrible their house wine was.,"['miscellaneous', 'food']","['General', 'Food']","['neutral', 'negative']","[None, None]","[False, False]",2,False,True
mams_train_00551,mams,train,The hostess was snooty since we did not have a reservation but the rest of the dining experience amply made up for it.,"['staff', 'food']","['Service', 'Food']","['negative', 'neutral']","[None, None]","[False, False]",2,False,True
mams_train_00552,mams,train,"Reserve a cozy window seat for more privacy, or hop onto a stool at the bar to dine solo.","['miscellaneous', 'place']","['General', 'General']","['positive', 'neutral']","[None, None]","[False, False]",2,False,True
mams_train_00553,mams,train,"It wasn't until we spoke with management that we were able to finish our meal and get out of the restaurant, but already one of our party had to leave early and the rest of us were late for our afternoon engagements.","['staff', 'food', 'miscellaneous']","['Service', 'Food', 'General']","['negative', 'neutral', 'neutral']","[None, None, None]","[False, False, False]",3,False,True
mams_train_00554,mams,train,The waitress let us taste three wines before deciding (we were only ordering glasses) and then we chose to eat at the bar (same menu) since it was so comfortable.,"['staff', 'place', 'menu']","['Service', 'General', 'General']","['positive', 'positive', 'neutral']","[None, None, None]","[False, False, False]",3,False,True
mams_train_00555,mams,train,"She asked for only a glass of water, and the waitress refused, to her face, twice.","['food', 'staff']","['Food', 'Service']","['neutral', 'negative']","[None, None]","[False, False]",2,False,True
mams_train_00556,mams,train,"Nostalgic lodgey bric-a-brac adorns the livelier front dining room and bar, while the dim, non-smoking back room is decorated with stained glass and modern, Mission-style chairs.","['place', 'ambience', 'miscellaneous']","['General', 'Ambience', 'General']","['neutral', 'neutral', 'positive']","[None, None, None]","[False, False, False]",3,False,True
mams_train_00557,mams,train,"To be fair, my husband's cheeseburger was quite good, but the waitress never apologized for the long wait or attempted to explain.","['food', 'staff']","['Food', 'Service']","['positive', 'negative']","[None, None]","[False, False]",2,False,True
mams_train_00558,mams,train,"though the portions were smaller than average, the flavor and sauces that accompany them (truffle honey, cherries and peaches in mustard sauce) were all really good.","['miscellaneous', 'food']","['General', 'Food']","['negative', 'positive']","[None, None]","[False, False]",2,False,True
mams_train_00559,mams,train,"The matre de ignored what I said about my girlfriend having to look for a waiter to refill her glass (twice), I mentioned about my rice, he said, You should have spoken up.","['staff', 'food']","['Service', 'Food']","['negative', 'neutral']","[None, None]","[False, False]",2,False,True
mams_train_00560,mams,train,I went with my sister and neither of us had wine so the final bill was a bit shocking.,"['food', 'price']","['Food', 'Price']","['neutral', 'negative']","[None, None]","[False, False]",2,False,True
mams_train_00561,mams,train,Needless to say I will rather go spend $400 on dinner somewhere else wirh better service.,"['food', 'service']","['Food', 'Service']","['neutral', 'positive']","[None, None]","[False, False]",2,False,True
mams_train_00562,mams,train,"i do agree with the comment about their waitstaff, they tend to make you feel like you have to rush through your meal.","['staff', 'food']","['Service', 'Food']","['negative', 'neutral']","[None, None]","[False, False]",2,False,True
mams_train_00563,mams,train,"The portions are not HUGE, but you are very full by the end of your meal.","['miscellaneous', 'food']","['General', 'Food']","['negative', 'neutral']","[None, None]","[False, False]",2,False,True
mams_train_00564,mams,train,While waiting we asked the bartender for at glass of red wine which he not only forgot to serve but when we asked him again 10min later he poured us white wine.,"['staff', 'food']","['Service', 'Food']","['negative', 'neutral']","[None, None]","[False, False]",2,False,True
mams_train_00565,mams,train,I didn't know what to expect from Frankie and Johnnie's when I made the reservation after my friend told me it was the best steak he had had.,"['miscellaneous', 'food']","['General', 'Food']","['neutral', 'positive']","[None, None]","[False, False]",2,False,True
mams_train_00566,mams,train,"The clean, sunny interior looks nothing like Jerry and the gang's dingy haunt, but it showcases fun ephemera like Seinfeld cast autographs and press clips on how the diner inspired the musical ode by Suzanne Vega.","['place', 'food']","['General', 'Food']","['positive', 'neutral']","[None, None]","[False, False]",2,False,True
mams_train_00567,mams,train,Did not get to dessert as it took a while to get the server's attention and we had a show to get to.,"['food', 'staff']","['Food', 'Service']","['neutral', 'negative']","[None, None]","[False, False]",2,False,True
mams_train_00568,mams,train,"The atmosphere was nice in the front room, but despite a reservation, we were relegated to the rear, where we were treated like stepchildren - we had to flag someone down to take our order, water with no ice, we had to ask for extras (as opposed to someone asking if we needed something else).","['ambience', 'miscellaneous']","['Ambience', 'General']","['positive', 'neutral']","[None, None]","[False, False]",2,False,True
mams_train_00569,mams,train,"We ordered off the restaurant week menu, which at other establishments means automatic second-rate service, but not here.","['menu', 'service']","['General', 'Service']","['neutral', 'negative']","[None, None]","[False, False]",2,False,True
mams_train_00570,mams,train,"While the food was good enough (if old-fashioned - my meal tasted like it was out of a fancy 1950s cookbook, all creamy and rich) the environment was sort of bizarre - rich tapestries, yucky corner-grocer roses on the tables, and a strange '80s mirrored wall, which we sat against at the back of the restaurant.","['food', 'ambience', 'place']","['Food', 'Ambience', 'General']","['positive', 'positive', 'neutral']","[None, None, None]","[False, False, False]",3,False,True
mams_train_00571,mams,train,it took forever for the waiter to take my order as he was too busy chatting at the bar.,"['staff', 'place']","['Service', 'General']","['negative', 'neutral']","[None, None]","[False, False]",2,False,True
mams_train_00572,mams,train,"Waitress we had appered to be very impatient, didn't know the name of the fish in English, apptizer came when we were having entree and she made no apology.","['staff', 'food']","['Service', 'Food']","['negative', 'neutral']","[None, None]","[False, False]",2,False,True
mams_train_00573,mams,train,The hostess did not verify/review the menu prices with us nor did they inform us of the logistics of the brunch.,"['staff', 'food']","['Service', 'Food']","['negative', 'neutral']","[None, None]","[False, False]",2,False,True
mams_train_00574,mams,train,"I waited 10 minutes to get change for a drink I ordered at the bar, my friend had one of her drinks dumped all over the floor by the same waitress above who took too long to get me my change, and it took forever for that much to happen.","['place', 'food', 'staff']","['General', 'Food', 'Service']","['neutral', 'neutral', 'negative']","[None, None, None]","[False, False, False]",3,False,True
mams_train_00575,mams,train,"The menu sounded good but the grilled eggplant roll was oversauced with a pile of mint, pork chop was leathery, and everything just tasted wrong.","['menu', 'food']","['General', 'Food']","['neutral', 'negative']","[None, None]","[False, False]",2,False,True
mams_train_00576,mams,train,"The waiter could not have been more patient with us as we (okay, my wife) made her decision on appetizers.","['staff', 'food']","['Service', 'Food']","['positive', 'neutral']","[None, None]","[False, False]",2,False,True
mams_train_00577,mams,train,We saw the waitress twice - once to tell us the night's specials and once to take our order.,"['staff', 'food']","['Service', 'Food']","['negative', 'neutral']","[None, None]","[False, False]",2,False,True
mams_train_00578,mams,train,i think that the second floor is better if you prefer a quieter environment for dinner.,"['ambience', 'food']","['Ambience', 'Food']","['positive', 'neutral']","[None, None]","[False, False]",2,False,True
mams_train_00579,mams,train,Ate at the bar and started with an amazing bowl of french onion soup with 3 cheeses (3!),"['place', 'food']","['General', 'Food']","['neutral', 'positive']","[None, None]","[False, False]",2,False,True
mams_train_00580,mams,train,"Sometimes service was a bit slow, and we had to ask for salads, water, etc a couple of times, but this was all done with good humor and no resentment.","['service', 'food']","['Service', 'Food']","['negative', 'neutral']","[None, None]","[False, False]",2,False,True
mams_train_00581,mams,train,"But, quickly all would realize that most items on the menu are grease-laden, and the portions are so big that you'd get tired of the flavors before you finish half a plate.","['menu', 'miscellaneous', 'ambience']","['General', 'General', 'Ambience']","['neutral', 'positive', 'negative']","[None, None, None]","[False, False, False]",3,False,True
mams_train_00582,mams,train,"The view is the reason to go to this restaurant, not the food nor the service.","['miscellaneous', 'food', 'service']","['General', 'Food', 'Service']","['positive', 'negative', 'negative']","[None, None, None]","[False, False, False]",3,False,True
mams_train_00583,mams,train,"My only gripe was that the food was all in big bins, but that's expected for a lunch rush hour type crowd.","['food', 'miscellaneous']","['Food', 'General']","['neutral', 'negative']","[None, None]","[False, False]",2,False,True
mams_train_00584,mams,train,one waiter couldn't remember what we had to drink and we were the only people in the place.,"['staff', 'food']","['Service', 'Food']","['negative', 'neutral']","[None, None]","[False, False]",2,False,True
mams_train_00585,mams,train,Great wine list with an extra expensive selection for all you big spenders.,"['food', 'miscellaneous']","['Food', 'General']","['positive', 'negative']","[None, None]","[False, False]",2,False,True
mams_train_00586,mams,train,After dinner and even a few times during the owner came upto us and asked us how we felt about the place and the food which doesn't happen often in Manhattan.,"['food', 'staff']","['Food', 'Service']","['neutral', 'positive']","[None, None]","[False, False]",2,False,True
mams_train_00587,mams,train,I expected there to be more options for tapas the food was mediocre but the service was pretty good.,"['food', 'service']","['Food', 'Service']","['neutral', 'positive']","[None, None]","[False, False]",2,False,True
mams_train_00588,mams,train,Only con was the cost -- our dinner for two was $400!,"['price', 'food']","['Price', 'Food']","['negative', 'neutral']","[None, None]","[False, False]",2,False,True
mams_train_00589,mams,train,"On top of that, the portions were hearty enough that we barely had any appetite left for dessert.","['miscellaneous', 'food']","['General', 'Food']","['positive', 'neutral']","[None, None]","[False, False]",2,False,True
mams_train_00590,mams,train,"Kids love the tabletop crayons and coloring books, but the real crowd-pleaser is raw pizza dough--lumps are available at the open kitchen window.","['food', 'place']","['Food', 'General']","['positive', 'neutral']","[None, None]","[False, False]",2,False,True
mams_train_00591,mams,train,"To both our surprise, this inquiry was interpreted as a personal offense by the waiter who told my wife to leave the store if she didnt want the pastries.","['staff', 'food']","['Service', 'Food']","['negative', 'neutral']","[None, None]","[False, False]",2,False,True
mams_train_00592,mams,train,"Po has the best food in NY, if you don't mind a wait.","['food', 'service']","['Food', 'Service']","['positive', 'neutral']","[None, None]","[False, False]",2,False,True
mams_train_00593,mams,train,The prices are up there without being over the top but the quality of the food commands it.,"['price', 'food']","['Price', 'Food']","['negative', 'positive']","[None, None]","[False, False]",2,False,True
mams_train_00594,mams,train,"We were a party of six and I had tried almost everything that was on the table, and had I been rich I would have hired the chef to cook only for me!","['miscellaneous', 'staff']","['General', 'Service']","['neutral', 'positive']","[None, None]","[False, False]",2,False,True
mams_train_00595,mams,train,"The Scene  With flickering sconces and rough-hewn brick walls, Crispo may look like an elegantly restored Italian farmhouse, but frenzied servers, tight tables and wait-list hopefuls at the marble bar make it feel like a city-slick hotspot.","['miscellaneous', 'staff', 'place']","['General', 'Service', 'General']","['neutral', 'negative', 'negative']","[None, None, None]","[False, False, False]",3,False,True
mams_train_00596,mams,train,"Their new style of all you can eat is: They bring barely enough food for the table, mostly just bread ,until you ask a waiter to bring some more.","['food', 'staff']","['Food', 'Service']","['neutral', 'negative']","[None, None]","[False, False]",2,False,True
mams_train_00597,mams,train,"some sweaty so frazzled, when we returned both an app and entree, the manager didn't even come to speak to us.","['food', 'staff']","['Food', 'Service']","['neutral', 'negative']","[None, None]","[False, False]",2,False,True
mams_train_00598,mams,train,The waitress was friendly but did not know the menu and had to run to the kitchen after each question.,"['staff', 'menu']","['Service', 'General']","['negative', 'neutral']","[None, None]","[False, False]",2,False,True
mams_train_00599,mams,train,When we asked the waiter for water - he gave us dirty looks and it took at least 15 minutes to get it.,"['staff', 'food']","['Service', 'Food']","['negative', 'neutral']","[None, None]","[False, False]",2,False,True
mams_train_00600,mams,train,also you dont mind waiting because theres such a buzz around the bar it makes you feel like you are out for drinks.,"['service', 'place', 'food']","['Service', 'General', 'Food']","['positive', 'neutral', 'neutral']","[None, None, None]","[False, False, False]",3,False,True
mams_train_00601,mams,train,"On each table there's a variety of sauces and spices, which you're encouraged to add to your dish; by the end of the meal you mind up with something completely different in your bowl from you started, but it will still be so satisfying.","['food', 'miscellaneous']","['Food', 'General']","['neutral', 'positive']","[None, None]","[False, False]",2,False,True
mams_train_00602,mams,train,The chef/owner is always walking around making sure everyone is having a good time.,"['staff', 'miscellaneous']","['Service', 'General']","['neutral', 'positive']","[None, None]","[False, False]",2,False,True
mams_train_00603,mams,train,"Once the waitress cursed our table for not tipping enough after we had waited an hour to order and another half an hour just to get a drink, on top of this I had to find my own cutlery.","['staff', 'miscellaneous', 'food']","['Service', 'General', 'Food']","['negative', 'neutral', 'neutral']","[None, None, None]","[False, False, False]",3,False,True
mams_train_00604,mams,train,I had to physically get out of my seat and find the waitress twice just to ask for more water.,"['miscellaneous', 'staff', 'food']","['General', 'Service', 'Food']","['neutral', 'negative', 'neutral']","[None, None, None]","[False, False, False]",3,False,True
mams_train_00605,mams,train,"The Food The free chips-and-salsa may suggest casual Tex-Mex cooking, but this menu is a couple notches above.","['food', 'menu']","['Food', 'General']","['neutral', 'negative']","[None, None]","[False, False]",2,False,True
mams_train_00606,mams,train,"After a couple of drinks upstairs before our meal, we slipped downstairs to a nice corner table that offered plenty of privacy in this 'loud' place.","['food', 'miscellaneous']","['Food', 'General']","['neutral', 'positive']","[None, None]","[False, False]",2,False,True
mams_train_00607,mams,train,"Chances are the garden out back is hopping, with happy Slopers sipping wines that start less than $20 per bottle and munching on more than a dozen kinds of pressed sandwiches.","['food', 'miscellaneous']","['Food', 'General']","['positive', 'neutral']","[None, None]","[False, False]",2,False,True
mams_train_00608,mams,train,the waitress was slow and forgot our drinks about 3 times.,"['staff', 'food']","['Service', 'Food']","['negative', 'neutral']","[None, None]","[False, False]",2,False,True
mams_train_00609,mams,train,"The other side of the menu offers chicken, veal, and seafood standards, including perfect saltimbocca and a huge, succulent veal chop.","['menu', 'food']","['General', 'Food']","['neutral', 'positive']","[None, None]","[False, False]",2,False,True
mams_train_00610,mams,train,"My steak looked worse than the grizzle and fat John Candy had to finish in the Great Outdoors and the service, while friendly, was incredibly slow even though we were one of only 4 other tables.","['food', 'place', 'service']","['Food', 'General', 'Service']","['negative', 'positive', 'positive']","[None, None, None]","[False, False, False]",3,False,True
mams_train_00611,mams,train,"Of course we went there with a large party and had to wait a bit to get seated (even with reservations), but we had all our dishes served at the same time and promptly.","['miscellaneous', 'service']","['General', 'Service']","['neutral', 'positive']","[None, None]","[False, False]",2,False,True
mams_train_00612,mams,train,"Denny's serves a better Grand Slam breakfast--and at a quarter of the price (I paid $21 w/o tip for b-fast--I went back a second time, because the restaurant was highly touted and I thought the first bad experience was a fluke.","['food', 'price']","['Food', 'Price']","['positive', 'neutral']","[None, None]","[False, False]",2,False,True
mams_train_00613,mams,train,Jackson Diner was my first intro to true Indian food and its been 10yrs since and I cannot go one month without some of this unbelievable food.,"['place', 'food']","['General', 'Food']","['neutral', 'positive']","[None, None]","[False, False]",2,False,True
mams_train_00614,mams,train,"Only reason to go is Eben, the most solicitious bartender in NYC (now) with drink knowledge and ability to spare.","['staff', 'food']","['Service', 'Food']","['positive', 'neutral']","[None, None]","[False, False]",2,False,True
mams_train_00615,mams,train,"The problem was that we waited for a long time to get our waitress, we had to ask the bus boy for refills for drinks, and we waited for a long time to pay for our check.","['staff', 'food']","['Service', 'Food']","['negative', 'neutral']","[None, None]","[False, False]",2,False,True
mams_train_00616,mams,train,The waitress took about 20 minutes to bring us the menu.,"['staff', 'menu']","['Service', 'General']","['negative', 'neutral']","[None, None]","[False, False]",2,False,True
mams_train_00617,mams,train,You cannot beat having the waiter spooning butter over your steak before you are served!!,"['staff', 'food']","['Service', 'Food']","['positive', 'neutral']","[None, None]","[False, False]",2,False,True
mams_train_00618,mams,train,The bar's waitresses seem to have a sixth sense for when customers have reached the bottom of a drink or are scratching their forks against empty plates.,"['place', 'staff', 'food']","['General', 'Service', 'Food']","['neutral', 'positive', 'neutral']","[None, None, None]","[False, False, False]",3,False,True
mams_train_00619,mams,train,they didn't have to change anything about the menu except add a leg of chicken seperatley and the guy mumbled very rudely that I had already ordered and I should've decided earlier.,"['menu', 'staff']","['General', 'Service']","['neutral', 'negative']","[None, None]","[False, False]",2,False,True
mams_train_00620,mams,train,"The staff were friendly, but the food just wasn't that great.","['staff', 'food']","['Service', 'Food']","['negative', 'positive']","[None, None]","[False, False]",2,False,True
mams_train_00621,mams,train,"There are no vegetarian items on the menu, but when I requested that the chef make something meat-free for me, he came through with a dish just as delicious and pretty as those my friends were eating.","['menu', 'staff', 'food']","['General', 'Service', 'Food']","['neutral', 'positive', 'positive']","[None, None, None]","[False, False, False]",3,False,True
mams_train_00622,mams,train,"To be honest, it cost $95 for two adults and a kid (including only two beers for the adults), and the only things worth eating were the raw oysters, information about which the staff was not too sure.","['food', 'staff']","['Food', 'Service']","['neutral', 'negative']","[None, None]","[False, False]",2,False,True
mams_train_00623,mams,train,Our oh-so-chic waitress obstained from half the items on the menu (give me a break) so she couldn't make subjective recommendations.,"['staff', 'menu']","['Service', 'General']","['negative', 'neutral']","[None, None]","[False, False]",2,False,True
mams_train_00624,mams,train,"The place is small, the host was friendly and communicative -- we had to wait 45 minutes for a table but they don't take reservations and clearly it's a popular spot.","['place', 'miscellaneous']","['General', 'General']","['negative', 'neutral']","[None, None]","[False, False]",2,False,True
mams_train_00625,mams,train,"Upon his arrival the staff checked in his bags and put them in the storage room, but when my bf asked for a check-in ticket, the host refused to give one and threw the bags back at us.","['staff', 'place']","['Service', 'General']","['negative', 'neutral']","[None, None]","[False, False]",2,False,True
mams_train_00626,mams,train,Little Italy-style hambone performances by the waiters (actually saying fugettaboutit 4 times during specials) was embarassing and did nothing to hide the fact of of being charged for 4 bottles of wine when we only ordered 3.,"['staff', 'food']","['Service', 'Food']","['negative', 'neutral']","[None, None]","[False, False]",2,False,True
mams_train_00627,mams,train,The best dish is not listed on their menu - it is a special - the flat pasta with truffle mushroom sauce.,"['food', 'menu']","['Food', 'General']","['positive', 'neutral']","[None, None]","[False, False]",2,False,True
mams_train_00628,mams,train,The waiter recommended I choose a bottle for the entire meal.,"['staff', 'food']","['Service', 'Food']","['negative', 'neutral']","[None, None]","[False, False]",2,False,True
mams_train_00629,mams,train,"when our server accidentally spilled some wine at our table, he cleaned it up offered us another glass right away.","['staff', 'food', 'miscellaneous']","['Service', 'Food', 'General']","['positive', 'neutral', 'neutral']","[None, None, None]","[False, False, False]",3,False,True
mams_train_00630,mams,train,"The waiter was knowledgable about the menu and spirits, and guided me to all the right items to order given my budget and occasion.","['staff', 'menu']","['Service', 'General']","['positive', 'neutral']","[None, None]","[False, False]",2,False,True
mams_train_00631,mams,train,"The small shrimp were dry and rubbery and when I sent the dish back to the kitchen, the waitress returned saying that they use 'frozen shrimp so that is wny they have that texture.","['food', 'place', 'staff']","['Food', 'General', 'Service']","['negative', 'neutral', 'negative']","[None, None, None]","[False, False, False]",3,False,True
mams_train_00632,mams,train,After the waiter finally took our order and gave us our food he never came back.,"['staff', 'food']","['Service', 'Food']","['negative', 'neutral']","[None, None]","[False, False]",2,False,True
mams_train_00633,mams,train,"Even though we complained several times, they brought us the bill before dessert and the manager came to our table to mention he was closing the place for the night.","['price', 'food', 'staff', 'miscellaneous']","['Price', 'Food', 'Service', 'General']","['neutral', 'neutral', 'negative', 'neutral']","[None, None, None, None]","[False, False, False, False]",4,False,True
mams_train_00634,mams,train,"While getting a reservation upstairs can be a pain, stopping by on Saturday night for a dinner by the window is a fun way to experience Babbo without the long term planning.","['miscellaneous', 'food']","['General', 'Food']","['neutral', 'positive']","[None, None]","[False, False]",2,False,True
mams_train_00635,mams,train,"We went at 1 am, we got food, fast service and Excellent drinks.","['food', 'service']","['Food', 'Service']","['neutral', 'positive']","[None, None]","[False, False]",2,False,True
mams_train_00636,mams,train,"I have been going to this restaurant for years, in the past the service was average and the food inconsistant.","['service', 'food']","['Service', 'Food']","['neutral', 'negative']","[None, None]","[False, False]",2,False,True
mams_train_00637,mams,train,"Service has improved drastically from the old days, you are now seated by a hostess instead of standing behind a nearby table waiting for them to finish.","['service', 'staff']","['Service', 'Service']","['positive', 'neutral']","[None, None]","[False, False]",2,False,True
mams_train_00638,mams,train,"Paying that high price, I could have dined at other places with better food and service.","['price', 'food']","['Price', 'Food']","['negative', 'positive']","[None, None]","[False, False]",2,False,True
mams_train_00639,mams,train,"Upon explaining, the waiter confronted us as we left and spewed a stream of profanities at us as we walked out the door.","['staff', 'miscellaneous']","['Service', 'General']","['negative', 'neutral']","[None, None]","[False, False]",2,False,True
mams_train_00640,mams,train,Everything from the salmon dip at the bar (while waiting for our table) to the dessert was perfect.,"['food', 'place']","['Food', 'General']","['positive', 'neutral']","[None, None]","[False, False]",2,False,True
mams_train_00641,mams,train,"The dinner lasted about 3 hours, that waiter continued to refill our water even though we finished the whole meal(including desserts) an hour and half before.","['food', 'staff']","['Food', 'Service']","['neutral', 'negative']","[None, None]","[False, False]",2,False,True
mams_train_00642,mams,train,"Setting aside the interminable wait for food, the cheese omelet opened up on the way from the kitchen to the table so that when it arrived, it looked like a large yellow pancake with a slab of uncooked cheese sitting in the middle.","['service', 'food', 'miscellaneous']","['Service', 'Food', 'General']","['negative', 'positive', 'neutral']","[None, None, None]","[False, False, False]",3,False,True
mams_train_00643,mams,train,"the filet came out and was absolutely delicious, on a bed of julienned vegetables in a balsamic vinagarette sauce.","['miscellaneous', 'food']","['General', 'Food']","['positive', 'neutral']","[None, None]","[False, False]",2,False,True
mams_train_00644,mams,train,The owner and staff are all Japanese as well and that adds to the entire ambiance.,"['staff', 'ambience']","['Service', 'Ambience']","['neutral', 'positive']","[None, None]","[False, False]",2,False,True
mams_train_00645,mams,train,"There was live music at the bar, which made our wait for a table wonderful (we didn't have reservations).","['ambience', 'place']","['Ambience', 'General']","['positive', 'neutral']","[None, None]","[False, False]",2,False,True
mams_train_00646,mams,train,We were not offered the dessert menu and that waiter was so rude!~ I was very offended after a good meal.,"['menu', 'staff']","['General', 'Service']","['neutral', 'negative']","[None, None]","[False, False]",2,False,True
mams_train_00647,mams,train,"I'm sorry, but the prices at Boi are outrageous for this type of cuisine.","['price', 'food']","['Price', 'Food']","['negative', 'neutral']","[None, None]","[False, False]",2,False,True
mams_train_00648,mams,train,"After the appetizers, which were the only saving grace (BBQ chips, spinach, fried bread), the servers descending and without asking started taking our plates away.","['food', 'staff']","['Food', 'Service']","['neutral', 'negative']","[None, None]","[False, False]",2,False,True
mams_train_00649,mams,train,"There isn't a huge selection of food, but there's something on the menu for everyone to really enjoy.","['food', 'menu']","['Food', 'General']","['negative', 'neutral']","[None, None]","[False, False]",2,False,True
mams_train_00650,mams,train,The waitress gave us attitude because we orderred the price fix and not the regular menu.,"['staff', 'price', 'menu']","['Service', 'Price', 'General']","['negative', 'neutral', 'neutral']","[None, None, None]","[False, False, False]",3,False,True
mams_train_00651,mams,train,"The waiter made a huge production over what order he should deliver the food, as we all agreed the miso should be eaten with the sushi to aid digestion.","['staff', 'food']","['Service', 'Food']","['positive', 'neutral']","[None, None]","[False, False]",2,False,True
mams_train_00652,mams,train,Would go back when I was ordering off the regular menu and give the steak a try.,"['menu', 'food']","['General', 'Food']","['neutral', 'positive']","[None, None]","[False, False]",2,False,True
mams_train_00653,mams,train,"Once we'd finished eating, it was another 15 minutes before we saw someone who would bring us the check - and after running my credit card, the waitress had the audacity to write cash only in the tip portion of the receipt!","['price', 'staff']","['Price', 'Service']","['neutral', 'negative']","[None, None]","[False, False]",2,False,True
mams_train_00654,mams,train,"The Scene You'll have to knock to enter this hidden dining room, a luxe windowless space featuring four wall-sized murals depicting famous landmarks throughout the seasons, as well as a handful of finery-laden tables.","['miscellaneous', 'place']","['General', 'General']","['neutral', 'positive']","[None, None]","[False, False]",2,False,True
mams_train_00655,mams,train,"If you consider throwing food at your when they remember good service, then go for it.","['food', 'service']","['Food', 'Service']","['neutral', 'positive']","[None, None]","[False, False]",2,False,True
mams_train_00656,mams,train,"While they adhere to a certain traditionality in serving their teas; eg: samovar for the russian, chinese tea sets for the green, the food labours under no such restrictions and there is nothing ordinary on the menu.","['service', 'food', 'menu']","['Service', 'Food', 'General']","['neutral', 'neutral', 'negative']","[None, None, None]","[False, False, False]",3,False,True
mams_train_00657,mams,train,The worst service I have ever had - entered the restaurant and waited at the door for 5 minutes before deciding to push our way past the extremely small bar to find a waitress.,"['service', 'place', 'staff']","['Service', 'General', 'Service']","['negative', 'negative', 'neutral']","[None, None, None]","[False, False, False]",3,False,True
mams_train_00658,mams,train,"Hostess finally brought it, saying if we wanted dessert, we could move to another table.","['staff', 'food']","['Service', 'Food']","['negative', 'neutral']","[None, None]","[False, False]",2,False,True
mams_train_00659,mams,train,The owner promised my party a table and bottle service and took care of it immediately as we all arrived.,"['staff', 'miscellaneous']","['Service', 'General']","['positive', 'neutral']","[None, None]","[False, False]",2,False,True
mams_train_00660,mams,train,"Ignoring the merits of the cuisine (which was par at best), I see no reason why one would pay Da Umberto prices for an okay meal and below average ambience.","['price', 'food']","['Price', 'Food']","['neutral', 'positive']","[None, None]","[False, False]",2,False,True
mams_train_00661,mams,train,"Though there are a handful of Japanese a la carte offerings on the menu, the prix fixe is most popular by far.","['menu', 'price']","['General', 'Price']","['neutral', 'positive']","[None, None]","[False, False]",2,False,True
mams_train_00662,mams,train,Get there before 7:30 for dinner or get ready for a really long wait - this place doesn't take reservations.,"['food', 'service']","['Food', 'Service']","['neutral', 'negative']","[None, None]","[False, False]",2,False,True
mams_train_00663,mams,train,"Our waiter was very prompt and friendly, but the worst part of the experience was actually after the meal when I was leaving.","['staff', 'food']","['Service', 'Food']","['positive', 'neutral']","[None, None]","[False, False]",2,False,True
mams_train_00664,mams,train,"The food was definitely good, but when all was said and done, I just couldn't justify it for the price (including 2 drinks, $100/person).","['price', 'food']","['Price', 'Food']","['negative', 'neutral']","[None, None]","[False, False]",2,False,True
mams_train_00665,mams,train,"Went for restaurant week and surprisingly on the menu were entree options of Mahi, Mahi, Kobe Beef ribs, Salmon and some other things in very reasonable portions.","['menu', 'food', 'miscellaneous']","['General', 'Food', 'General']","['neutral', 'neutral', 'positive']","[None, None, None]","[False, False, False]",3,False,True
mams_train_00666,mams,train,The waiter didn't go over the menu choices and at the end of the night we were so fed up we didn't even order dessert.,"['staff', 'menu', 'food']","['Service', 'General', 'Food']","['negative', 'neutral', 'neutral']","[None, None, None]","[False, False, False]",3,False,True
mams_train_00667,mams,train,"This place is good but food and service is presented for the masses, not much personalized service considering the price tag and that it is a  full-evening-out type of dinner place.","['food', 'place']","['Food', 'General']","['negative', 'neutral']","[None, None]","[False, False]",2,False,True
mams_train_00668,mams,train,"The menu reads well, and it sounds like the chef knows whats up.","['menu', 'staff']","['General', 'Service']","['neutral', 'positive']","[None, None]","[False, False]",2,False,True
mams_train_00669,mams,train,"the tasty food keeps luring me back, but after placing an order with who i assume must be the same rude sunday manager i keep hearing about, i'm not sure i will again.","['food', 'staff']","['Food', 'Service']","['positive', 'negative']","[None, None]","[False, False]",2,False,True
mams_train_00670,mams,train,Portions were certainly substantial for lunch.,"['miscellaneous', 'food']","['General', 'Food']","['negative', 'neutral']","[None, None]","[False, False]",2,False,True
mams_train_00671,mams,train,"The waiters do not pay any attention to the customers, instead sit at the bar and watch TV.","['staff', 'place']","['Service', 'General']","['negative', 'neutral']","[None, None]","[False, False]",2,False,True
mams_train_00672,mams,train,"Not 5 minutes passed before the server actually tapped us on the shoulder and, I swear to god, ASKED US TO LEAVE because they had a reservation.","['staff', 'miscellaneous']","['Service', 'General']","['negative', 'neutral']","[None, None]","[False, False]",2,False,True
mams_train_00673,mams,train,When we asked a waiter for an explanation of the long wait with some many empty tables he had no answer so we asked for the manager.,"['staff', 'place']","['Service', 'General']","['negative', 'neutral']","[None, None]","[False, False]",2,False,True
mams_train_00674,mams,train,You can spend $25 per entree at a much fancier place.,"['food', 'place']","['Food', 'General']","['neutral', 'positive']","[None, None]","[False, False]",2,False,True
mams_train_00675,mams,train,Space gets kind of crowded in there--because it's so popular--but it's worth the wait because the food is very good.,"['place', 'service', 'food']","['General', 'Service', 'Food']","['negative', 'positive', 'positive']","[None, None, None]","[False, False, False]",3,False,True
mams_train_00676,mams,train,"A few years ago I would have rated it much higher, but now - with other better choices such as Candle Cafe, Good Health Cafe and others, the dated menu, crowded atmosphere are spacey service is not the greatest choice.","['menu', 'ambience']","['General', 'Ambience']","['neutral', 'negative']","[None, None]","[False, False]",2,False,True
mams_train_00677,mams,train,"Grabbed a lunch here on a weekday and it was reasonably priced, well-portioned and generally well-prepared.","['food', 'price']","['Food', 'Price']","['neutral', 'positive']","[None, None]","[False, False]",2,False,True
mams_train_00678,mams,train,"The Setting The exposed brick and tangerine walls, flickering candles and tiny bar cast a formal mood across this cozy Park Slope trattoria, but the high ceiling fans and two glass walls (left open in warm weather) add a casual breeziness.","['ambience', 'food', 'place', 'miscellaneous']","['Ambience', 'Food', 'General', 'General']","['neutral', 'neutral', 'positive', 'positive']","[None, None, None, None]","[False, False, False, False]",4,False,True
mams_train_00679,mams,train,"great food, even better price, they also have a dj spinning great music, definitely a must try.","['food', 'price', 'staff', 'ambience']","['Food', 'Price', 'Service', 'Ambience']","['positive', 'positive', 'neutral', 'positive']","[None, None, None, None]","[False, False, False, False]",4,False,True
mams_train_00680,mams,train,The waiters didn't clean it up until they brought our dessert.,"['staff', 'food']","['Service', 'Food']","['negative', 'neutral']","[None, None]","[False, False]",2,False,True
mams_train_00681,mams,train,The wait staff is friendly and helpful and kudos to the sushi chef Hero who serves up great dishes on and off the menu and is always wearing a smile.,"['staff', 'food', 'menu']","['Service', 'Food', 'General']","['positive', 'positive', 'neutral']","[None, None, None]","[False, False, False]",3,False,True
mams_train_00682,mams,train,the most expensive dish on the menu was $14!!!,"['food', 'menu']","['Food', 'General']","['negative', 'neutral']","[None, None]","[False, False]",2,False,True
mams_train_00683,mams,train,"A very pretty setting to have a meal, but unfortunately the service and food don't match the atmosphere.","['service', 'food', 'ambience']","['Service', 'Food', 'Ambience']","['negative', 'negative', 'positive']","[None, None, None]","[False, False, False]",3,False,True
mams_train_00684,mams,train,"Although almost the entire back room had tables available, the owner made people wait to be seated while dragging waitresses around by the arm and loudly telling them they were doing things wrong.","['place', 'staff']","['General', 'Service']","['neutral', 'negative']","[None, None]","[False, False]",2,False,True
mams_train_00685,mams,train,"I visited the Park Slope location on Fifth Avenue, and was impressed with the menu, and that they offered chicken fried steak.","['menu', 'food']","['General', 'Food']","['positive', 'neutral']","[None, None]","[False, False]",2,False,True
mams_train_00686,mams,train,i had a horrible experience with a waiter while trying to have breakfast friday morning.,"['staff', 'food']","['Service', 'Food']","['negative', 'neutral']","[None, None]","[False, False]",2,False,True
mams_train_00687,mams,train,that the waiting is horrific but the food is great.,"['service', 'food']","['Service', 'Food']","['negative', 'positive']","[None, None]","[False, False]",2,False,True
mams_train_00688,mams,train,"He hooted and hollered -- and told every staff person at the bar, not to serve us.","['staff', 'place']","['Service', 'General']","['negative', 'neutral']","[None, None]","[False, False]",2,False,True
mams_train_00689,mams,train,"To finish, the cost of the dinner was over-priced.","['price', 'food']","['Price', 'Food']","['negative', 'neutral']","[None, None]","[False, False]",2,False,True
mams_train_00690,mams,train,"The caesar salad was a huge bowl of iceberg lettuce, a dressing that wasn't ceasar, 1 crouton and a few slices of thin chicken -- for $12.","['food', 'ambience']","['Food', 'Ambience']","['positive', 'neutral']","[None, None]","[False, False]",2,False,True
mams_train_00691,mams,train,"If you go for lunch as we did, get there when they open as seating is fairly limited.","['food', 'place']","['Food', 'General']","['neutral', 'negative']","[None, None]","[False, False]",2,False,True
mams_train_00692,mams,train,"The service isn't spectacular and neither is the ambience, but on a lunch hour, all you're looking for is a satisfied stomach.","['service', 'ambience', 'food']","['Service', 'Ambience', 'Food']","['negative', 'negative', 'neutral']","[None, None, None]","[False, False, False]",3,False,True
mams_train_00693,mams,train,"The problem is that if you want anything to continue the meal, if you need an extra minute to go over the menu, or if, horrors, you want the check, you might be in for a lengthy wait.","['menu', 'service']","['General', 'Service']","['neutral', 'negative']","[None, None]","[False, False]",2,False,True
mams_train_00694,mams,train,She also has to beg for water refills squeeze her smallish rear-end between crowded tables.,"['food', 'place']","['Food', 'General']","['neutral', 'negative']","[None, None]","[False, False]",2,False,True
mams_train_00695,mams,train,"If you are expecting big portions, go find a Cheesecake Factory.","['miscellaneous', 'food']","['General', 'Food']","['positive', 'neutral']","[None, None]","[False, False]",2,False,True
mams_train_00696,mams,train,"Pastas include shellfish-stocked linguine with tomato sauce, and an excellent homemade cheese ravioli--all are available in half portions.","['food', 'miscellaneous']","['Food', 'General']","['positive', 'negative']","[None, None]","[False, False]",2,False,True
mams_train_00697,mams,train,"Good location, but tourist-y and poor quality food.","['place', 'food']","['General', 'Food']","['positive', 'negative']","[None, None]","[False, False]",2,False,True
mams_train_00698,mams,train,The menu does not have much and what we did have - original pizza with pepperoni and sausage was not so great.,"['menu', 'food']","['General', 'Food']","['neutral', 'negative']","[None, None]","[False, False]",2,False,True
mams_train_00699,mams,train,Their menu has just been updated featuring new rolls and more choices.,"['menu', 'food']","['General', 'Food']","['neutral', 'positive']","[None, None]","[False, False]",2,False,True
mams_train_00700,mams,train,A popular diner in the Metro Tch Brooklyn area catering to local brooklyn ites or the wall street financial back office employees of Metrotech.,"['place', 'staff']","['General', 'Service']","['positive', 'neutral']","[None, None]","[False, False]",2,False,True
mams_train_00701,mams,train,"Although the pricing is on the more expensive side, this is a must try restaurant for its food.","['price', 'food']","['Price', 'Food']","['negative', 'positive']","[None, None]","[False, False]",2,False,True
mams_train_00702,mams,train,"although the food was well-prepared, it was not worth the price, especially when it does not include dessert!","['food', 'price']","['Food', 'Price']","['positive', 'negative']","[None, None]","[False, False]",2,False,True
mams_train_00703,mams,train,"Watch out for the sesame noodles, though, and leave the complimentary pickled cabbage and carrots sitting on the table for the next customer to enjoy.","['food', 'miscellaneous']","['Food', 'General']","['negative', 'neutral']","[None, None]","[False, False]",2,False,True
mams_train_00704,mams,train,"The menus took about 15 minutes to come, the menu were already set up for Valentines day the salad was good my dinner was a soup of about 2 or three shrimps, THAT'S IT!","['menu', 'miscellaneous', 'food']","['General', 'General', 'Food']","['neutral', 'neutral', 'positive']","[None, None, None]","[False, False, False]",3,False,True
mams_train_00705,mams,train,"Menu had several fish selections (snapper, salmon, cod) but all were around $30 despite the fact that the portions would hardly fill a child's belly and the sides were 3 pieces of lettuce (literally).","['menu', 'food', 'miscellaneous']","['General', 'Food', 'General']","['neutral', 'negative', 'negative']","[None, None, None]","[False, False, False]",3,False,True
mams_train_00706,mams,train,The service can be a bit spotty since they are sometimes busy taking phone orders to attend to the restaurant patrons so make sure you have a lot of time to spare when you go there for dinner.,"['service', 'food']","['Service', 'Food']","['negative', 'neutral']","[None, None]","[False, False]",2,False,True
mams_train_00707,mams,train,"I find the attitude of the managers to be appallingly superior, and the food below average, at sky-high prices.","['service', 'staff', 'food']","['Service', 'Service', 'Food']","['positive', 'positive', 'negative']","[None, None, None]","[False, False, False]",3,False,True
mams_train_00708,mams,train,"mistake on the check, overly salty morels stuffed with foie gras) but overall, Daniel's dishes are revelations in taste.","['price', 'food']","['Price', 'Food']","['neutral', 'positive']","[None, None]","[False, False]",2,False,True
mams_train_00709,mams,train,Particularly good is the chicken verde burrito with a refreshingly spicy salsa that avoids the heat overkill.,"['food', 'miscellaneous']","['Food', 'General']","['positive', 'negative']","[None, None]","[False, False]",2,False,True
mams_train_00710,mams,train,The food was pretty good but the portions were smaller than what I would expect for brunch.,"['food', 'miscellaneous']","['Food', 'General']","['positive', 'negative']","[None, None]","[False, False]",2,False,True
mams_train_00711,mams,train,"While there's a strong Asian influence behind many of the plates, you can't pigeonhole the food into a single genre, as there are Thai, Chinese, Japanese, Italian and American dishes incorporated into this creative menu.","['miscellaneous', 'food', 'menu']","['General', 'Food', 'General']","['neutral', 'neutral', 'positive']","[None, None, None]","[False, False, False]",3,False,True
mams_train_00712,mams,train,The mussels and fries at this place were amazing!,"['food', 'place']","['Food', 'General']","['positive', 'neutral']","[None, None]","[False, False]",2,False,True
mams_train_00713,mams,train,"I politely told our waitress about this and she was not only apologetic, but the manager came over a minute later and apologized and bought myself and my guest another round of drinks.","['staff', 'food']","['Service', 'Food']","['negative', 'neutral']","[None, None]","[False, False]",2,False,True
mams_train_00714,mams,train,The hostess SLOWLY walked by our table scribbing something on paper.,"['staff', 'miscellaneous']","['Service', 'General']","['negative', 'neutral']","[None, None]","[False, False]",2,False,True
mams_train_00715,mams,train,"Everything that could go wrong did starting with the set menu that I was not informed of at the time of the reservation, to trying to seat us 45 minutes late at a table that was not made up.","['menu', 'miscellaneous']","['General', 'General']","['neutral', 'negative']","[None, None]","[False, False]",2,False,True
mams_train_00716,mams,train,"Great decor, expensive drinks but worth the price, but the music is bland and the crowd is very cheezy.","['ambience', 'price']","['Ambience', 'Price']","['positive', 'negative']","[None, None]","[False, False]",2,False,True
mams_train_00717,mams,train,"Delivery wasn't the fastest, but the food was still hot so I won't complain.","['service', 'food']","['Service', 'Food']","['negative', 'positive']","[None, None]","[False, False]",2,False,True
mams_train_00718,mams,train,"Bins of fresh bagels rest behind the counter, and there are always a few customers sitting at one of the few tables inside or on one of two wooden benches out front.","['food', 'place']","['Food', 'General']","['positive', 'neutral']","[None, None]","[False, False]",2,False,True
mams_train_00719,mams,train,Ten minutes later: no burgers and no sign of our waiter.,"['food', 'staff']","['Food', 'Service']","['neutral', 'negative']","[None, None]","[False, False]",2,False,True
mams_train_00720,mams,train,Our waiter never once came by the table to ask us how our meal was.,"['staff', 'miscellaneous']","['Service', 'General']","['negative', 'neutral']","[None, None]","[False, False]",2,False,True
mams_train_00721,mams,train,"There is a bar right by the door, which is convenient while waiting in the long lines for a seat and be prepared to wait on the weekends.","['place', 'miscellaneous']","['General', 'General']","['neutral', 'negative']","[None, None]","[False, False]",2,False,True
mams_train_00722,mams,train,"Upon entering we were promptly seated and ordered a few minutes after ordering the waiter came out and said they are completely out of crab, crab legs, crab claws everything.","['staff', 'food']","['Service', 'Food']","['negative', 'neutral']","[None, None]","[False, False]",2,False,True
mams_train_00723,mams,train,"While the food is terrific, you must overlook the often apathetic service, and the sometimes downright rude Manager that seats people.","['food', 'service']","['Food', 'Service']","['positive', 'negative']","[None, None]","[False, False]",2,False,True
mams_train_00724,mams,train,As the waitress cleaned the table in a rush she knocked over a party bag containing a glass bottle with bath oil.,"['staff', 'miscellaneous']","['Service', 'General']","['negative', 'neutral']","[None, None]","[False, False]",2,False,True
mams_train_00725,mams,train,I went there for a late dinner last night with a friend and the service was aweful.,"['food', 'service']","['Food', 'Service']","['neutral', 'negative']","[None, None]","[False, False]",2,False,True
mams_train_00726,mams,train,"For the price and quality of the food, the service should have been a lot better than it was.","['price', 'food', 'service']","['Price', 'Food', 'Service']","['neutral', 'neutral', 'negative']","[None, None, None]","[False, False, False]",3,False,True
mams_train_00727,mams,train,Great place to get a good fulfilling meal but do not go for ambience or service.,"['food', 'ambience', 'service']","['Food', 'Ambience', 'Service']","['positive', 'negative', 'negative']","[None, None, None]","[False, False, False]",3,False,True
mams_train_00728,mams,train,"It's always exciting to see celebrities hiding in the corner banquettes or behind sunglasses at the bar, but the real draw is the chef's short ribs and the volumous wine list.","['place', 'staff', 'food']","['General', 'Service', 'Food']","['neutral', 'neutral', 'positive']","[None, None, None]","[False, False, False]",3,False,True
mams_train_00729,mams,train,Those waiting inside to get a free table and waitresses carlessly walking by only served to make matters worse.,"['service', 'miscellaneous']","['Service', 'General']","['neutral', 'positive']","[None, None]","[False, False]",2,False,True
mams_train_00730,mams,train,"So maybe I'm naive to the latest trends in dining, but I really didn't like it.","['miscellaneous', 'food']","['General', 'Food']","['negative', 'neutral']","[None, None]","[False, False]",2,False,True
mams_train_00731,mams,train,"), we were not given bread though the couple next to us was, we asked twice for our check and when it came, they forced us to pay the tip in cash so they could get out of paying taxes!","['food', 'price']","['Food', 'Price']","['negative', 'neutral']","[None, None]","[False, False]",2,False,True
mams_train_00732,mams,train,"The servers were prompt and attentive, but the food arrived lukewarm (maybe it was served so quickly because it was pre-cooked and had been sitting out for a while) and was not all that flavorful.","['food', 'service']","['Food', 'Service']","['negative', 'positive']","[None, None]","[False, False]",2,False,True
mams_train_00733,mams,train,"The Scene The space, fit with imported giant urinals, zinc-topped bar, large antique mirrors, mosaic floor tiles and mahogany trim, looks like it's been around forever.","['miscellaneous', 'place']","['General', 'General']","['neutral', 'positive']","[None, None]","[False, False]",2,False,True
mams_train_00734,mams,train,"We then waited until 7:35 before any food arrived at our table, despite the fact that we kept reminding our waitress that we needed to leave by 7:45.","['food', 'miscellaneous', 'staff']","['Food', 'General', 'Service']","['neutral', 'neutral', 'negative']","[None, None, None]","[False, False, False]",3,False,True
mams_train_00735,mams,train,"When the pizza arrived it was definitely hot, however the topping was rather soggy from the moisture from the fresh tomatoes.","['food', 'miscellaneous']","['Food', 'General']","['positive', 'negative']","[None, None]","[False, False]",2,False,True
mams_train_00736,mams,train,"The service is almost stifling polite (they pushed in my chair behind me every time I returned from the bathroom), though the sushi chef preparing my food was casual and chatty.","['miscellaneous', 'food']","['General', 'Food']","['neutral', 'negative']","[None, None]","[False, False]",2,False,True
mams_train_00737,mams,train,"I expected professionals, but was instead met with an amateur waitstaff that made several ominous errors during the course of the meal.","['staff', 'food']","['Service', 'Food']","['negative', 'neutral']","[None, None]","[False, False]",2,False,True
mams_train_00738,mams,train,"the hostess really underestimated the wait time for outdoor seating and never apologized, and our waitress was apathetic and unattentive.","['staff', 'place']","['Service', 'General']","['negative', 'neutral']","[None, None]","[False, False]",2,False,True
mams_train_00739,mams,train,"Service was inexcusably, excruciatingly slow- it took more than 30 min to get the first round of drinks, by which point our party was ready to walk out.","['service', 'food']","['Service', 'Food']","['negative', 'neutral']","[None, None]","[False, False]",2,False,True
mams_train_00740,mams,train,"We got there early so there wasn't much of a wait -- otherwise, I usually sit at the bar and have a cocktail.","['service', 'place', 'food']","['Service', 'General', 'Food']","['positive', 'neutral', 'neutral']","[None, None, None]","[False, False, False]",3,False,True
mams_train_00741,mams,train,"The owner kindly gave us appetizers on the house to make our now, long wait, more pleasant, but of course they took forever to arrive and were insufficient.","['staff', 'food']","['Service', 'Food']","['positive', 'neutral']","[None, None]","[False, False]",2,False,True
mams_train_00742,mams,train,"The green hair table and seating at the front window was tacky and gimmicky, but figured it's the food that counts.","['miscellaneous', 'place', 'food']","['General', 'General', 'Food']","['negative', 'negative', 'positive']","[None, None, None]","[False, False, False]",3,False,True
mams_train_00743,mams,train,"Myself along with every other patron were forced to wait in an overcrowded bar while employees carry chairs and such over our heads to prepare for dinner in the next room, shoulder to shoulder we stood there like cattle waiting to be fed.","['place', 'staff', 'miscellaneous', 'food', 'service']","['General', 'Service', 'General', 'Food', 'Service']","['negative', 'neutral', 'neutral', 'neutral', 'neutral']","[None, None, None, None, None]","[False, False, False, False, False]",5,False,True
mams_train_00744,mams,train,Tried again for Brunch and really bad server with HUGE attitude.,"['food', 'staff']","['Food', 'Service']","['positive', 'negative']","[None, None]","[False, False]",2,False,True
mams_train_00745,mams,train,"Went for lunch but wanted to order a la carte, which was so highly discouraged by the waiter (pushing the 10.","['food', 'staff']","['Food', 'Service']","['neutral', 'negative']","[None, None]","[False, False]",2,False,True
mams_train_00746,mams,train,"The Food The pan-Italian menu forgoes the appetizer-entree format in favor of fairly priced small plates, which quickly add up.","['food', 'menu', 'price', 'miscellaneous']","['Food', 'General', 'Price', 'General']","['neutral', 'neutral', 'positive', 'negative']","[None, None, None, None]","[False, False, False, False]",4,False,True
mams_train_00747,mams,train,"The waiter made no effort to remember who had orderd what (just threw it on the table and bailed), or even who ordered (I had to flag him so my wife could order her main dish 15 min after he had taken orders from others).","['staff', 'food']","['Service', 'Food']","['negative', 'neutral']","[None, None]","[False, False]",2,False,True
mams_train_00748,mams,train,went there for dinner over the weekend and was treated rudely right away by what I think was a manager who was doing anything but managing.,"['food', 'staff']","['Food', 'Service']","['neutral', 'negative']","[None, None]","[False, False]",2,False,True
mams_train_00749,mams,train,I was interrupted by the waiter to say that when we are done with dinner he'd bring one.,"['staff', 'food']","['Service', 'Food']","['negative', 'neutral']","[None, None]","[False, False]",2,False,True
mams_train_00750,mams,train,"The food makes up for it, though the quality has fallen victim to it's success.","['food', 'miscellaneous']","['Food', 'General']","['positive', 'negative']","[None, None]","[False, False]",2,False,True
mams_train_00751,mams,train,"Get a bottle of wine, and eat what your heart has been desiring because all the things you would love to be on one menu--are!","['food', 'menu']","['Food', 'General']","['neutral', 'positive']","[None, None]","[False, False]",2,False,True
mams_train_00752,mams,train,The food was barely decent and our server was nowhere to be found.,"['food', 'staff']","['Food', 'Service']","['positive', 'negative']","[None, None]","[False, False]",2,False,True
mams_train_00753,mams,train,I always trek to Bar 89 and get one of their huge sandwiches that comes with fries.,"['place', 'food']","['General', 'Food']","['neutral', 'positive']","[None, None]","[False, False]",2,False,True
mams_train_00754,mams,train,"The Food The seafood-dominant fusion menu features standout starters, like super-fresh raw bar oysters, crispy citrus-pepperoncini calamari and flaky lobster-mushroom tart with fiery chorizo and caramelized onions.","['menu', 'food']","['General', 'Food']","['neutral', 'positive']","[None, None]","[False, False]",2,False,True
mams_train_00755,mams,train,"The food and decor is above average, but it is clear the restaurant has bad management and service.","['food', 'ambience', 'staff', 'service']","['Food', 'Ambience', 'Service', 'Service']","['positive', 'positive', 'negative', 'negative']","[None, None, None, None]","[False, False, False, False]",4,False,True
mams_train_00756,mams,train,"The first time around, we had the $80 tasting menu, which included some sushi items, which I found to be pretty average, especially for the price.","['menu', 'price']","['General', 'Price']","['negative', 'neutral']","[None, None]","[False, False]",2,False,True
mams_train_00757,mams,train,The Japanese folk music blaring on the quaint speakers are a trip and they have some interesting things on the menu like bull pen|s and turkey testicles.,"['ambience', 'miscellaneous', 'menu', 'food']","['Ambience', 'General', 'General', 'Food']","['neutral', 'positive', 'neutral', 'neutral']","[None, None, None, None]","[False, False, False, False]",4,False,True
mams_train_00758,mams,train,The wait for a table is interminable.,"['service', 'miscellaneous']","['Service', 'General']","['negative', 'neutral']","[None, None]","[False, False]",2,False,True
mams_train_00759,mams,train,but we waiting two hours to get it (we had reservations but it was late so we wanted to try to come in earlier).,"['service', 'miscellaneous']","['Service', 'General']","['negative', 'neutral']","[None, None]","[False, False]",2,False,True
mams_train_00760,mams,train,"the waitress was probably new, because she had no idea what wine they had, or if they had a certain type by the glass or bottle, and kept going back to the bar to find out.","['staff', 'food', 'miscellaneous']","['Service', 'Food', 'General']","['negative', 'neutral', 'neutral']","[None, None, None]","[False, False, False]",3,False,True
mams_train_00761,mams,train,"When you go, you should ask for help from the wait staff in deciding what to order since the menu can be daunting.","['staff', 'menu']","['Service', 'General']","['neutral', 'negative']","[None, None]","[False, False]",2,False,True
mams_train_00762,mams,train,Olives served at the bar are wonderful.,"['food', 'place']","['Food', 'General']","['positive', 'neutral']","[None, None]","[False, False]",2,False,True
mams_train_00763,mams,train,The only con is the price ($110 for two people for a full meal).,"['price', 'food']","['Price', 'Food']","['neutral', 'positive']","[None, None]","[False, False]",2,False,True
mams_train_00764,mams,train,"When we went, the wait staff did not talk to us about any of the specials/the menu etc and handed us our bill while we were still eating.","['staff', 'menu']","['Service', 'General']","['negative', 'neutral']","[None, None]","[False, False]",2,False,True
mams_train_00765,mams,train,"food was just ok,, to many high end places in such a cool lower east side neighborhood,like prune and apizz, prices to high in these places for this hood.","['food', 'price']","['Food', 'Price']","['positive', 'negative']","[None, None]","[False, False]",2,False,True
mams_train_00766,mams,train,"The waitress recommended four courses, not three, given their tiny size.","['staff', 'food', 'miscellaneous']","['Service', 'Food', 'General']","['neutral', 'neutral', 'negative']","[None, None, None]","[False, False, False]",3,False,True
mams_train_00767,mams,train,"I was a bit taken aback by the paper napkins and the flyer like menu, but was excited nevertheless to taste the food praised by at least 6 people on this site.","['miscellaneous', 'menu', 'food']","['General', 'General', 'Food']","['neutral', 'neutral', 'positive']","[None, None, None]","[False, False, False]",3,False,True
mams_train_00768,mams,train,"The place was empty except for one table, but they were just having drinks (red flag #1).","['place', 'miscellaneous', 'food']","['General', 'General', 'Food']","['negative', 'neutral', 'neutral']","[None, None, None]","[False, False, False]",3,False,True
mams_train_00769,mams,train,"Food was much better than the average Indian place in the area, and more interesting.","['food', 'place']","['Food', 'General']","['positive', 'neutral']","[None, None]","[False, False]",2,False,True
mams_train_00770,mams,train,"In addition to Italian staples like pasta, chicken and veal parmigiana, house specials like chicken Giovanni (chicken breast with sausage, sauteed in white wine) and linguini Giovanni (shrimp and clams in red sauce) keep the menu interesting.","['food', 'menu']","['Food', 'General']","['neutral', 'positive']","[None, None]","[False, False]",2,False,True
mams_train_00771,mams,train,"Just be sensible, if the wait is 45 minutes or longer--just have sushi there some other time, and eat something else that night.","['service', 'food']","['Service', 'Food']","['negative', 'neutral']","[None, None]","[False, False]",2,False,True
mams_train_00772,mams,train,"So, get drinks elsewhere, have a nice dinner here, and stop by the package store on the way home where you can get a bottle of Bombay Sapphire for the cost of 2 drinks here.","['food', 'miscellaneous', 'price']","['Food', 'General', 'Price']","['positive', 'neutral', 'neutral']","[None, None, None]","[False, False, False]",3,False,True
mams_train_00773,mams,train,"One person's dinner was cold, another was charged for a larger portion than ordered, and my shrimp pasta was inedible.","['food', 'miscellaneous']","['Food', 'General']","['negative', 'positive']","[None, None]","[False, False]",2,False,True
mams_train_00774,mams,train,"Babbo and Lupa are significantly better, and this place should redo the menu, or empty seats could become the norm.","['menu', 'miscellaneous']","['General', 'General']","['neutral', 'negative']","[None, None]","[False, False]",2,False,True
mams_train_00775,mams,train,"Subtle decor, above average wine list and a menu with a difference.","['ambience', 'food', 'menu']","['Ambience', 'Food', 'General']","['positive', 'positive', 'neutral']","[None, None, None]","[False, False, False]",3,False,True
mams_train_00776,mams,train,After dinner our waiter takes the bill and the manager tells him to clear our table so that we could leave.,"['food', 'staff', 'price']","['Food', 'Service', 'Price']","['neutral', 'negative', 'neutral']","[None, None, None]","[False, False, False]",3,False,True
mams_train_00777,mams,train,The food was awesome if you can deal with wait staff who you can hardly ever find.,"['food', 'staff']","['Food', 'Service']","['positive', 'negative']","[None, None]","[False, False]",2,False,True
mams_train_00778,mams,train,"Two complaints- their appetizer selection stinks, it would be nice to get some mozzarella sticks on the menu.","['food', 'menu']","['Food', 'General']","['negative', 'neutral']","[None, None]","[False, False]",2,False,True
mams_train_00779,mams,train,We waited FOREVER on Valentine's Day for our table because their hostess had lost our reservation BUT the food was worthy of the long wait anyway.,"['miscellaneous', 'staff', 'food', 'service']","['General', 'Service', 'Food', 'Service']","['neutral', 'negative', 'positive', 'negative']","[None, None, None, None]","[False, False, False, False]",4,False,True
mams_train_00780,mams,train,The waiter brought the wrong food and charged us for food and drinks we didn't order.,"['staff', 'food']","['Service', 'Food']","['negative', 'neutral']","[None, None]","[False, False]",2,False,True
mams_train_00781,mams,train,"our waiter from last year, a young man named Chris, actually remembered us (we did speak at length that evening about everything from food and wine to how to create good marrige).","['staff', 'food']","['Service', 'Food']","['positive', 'neutral']","[None, None]","[False, False]",2,False,True
mams_train_00782,mams,train,"I went back to telly's because i heard that they changed the Chef and the food was again, after a very very small break, was excellent again.","['staff', 'food']","['Service', 'Food']","['neutral', 'positive']","[None, None]","[False, False]",2,False,True
mams_train_00783,mams,train,"Expect to be cramped and you may have to wait a little for your food, but the service is really friendly and helpful.","['food', 'service']","['Food', 'Service']","['neutral', 'positive']","[None, None]","[False, False]",2,False,True
mams_train_00784,mams,train,"Art and miscellany adorn the black-painted walls; strings of colored lights, disco balls and TVs are hung here and there; and on weekends a DJ fills the dining room with loud dance beats.","['food', 'staff', 'ambience']","['Food', 'Service', 'Ambience']","['negative', 'neutral', 'negative']","[None, None, None]","[False, False, False]",3,False,True
mams_train_00785,mams,train,"Pad thai and a variety of noodle soups, such as pho bac and Bangkok Curry, round out the menu and arrive in heaping portions.","['menu', 'miscellaneous']","['General', 'General']","['neutral', 'positive']","[None, None]","[False, False]",2,False,True
mams_train_00786,mams,train,"The portions are not huge, but they do include an alcoholic beverage or fresh juice, so that made up for it.","['miscellaneous', 'food']","['General', 'Food']","['negative', 'neutral']","[None, None]","[False, False]",2,False,True
mams_train_00787,mams,train,"Although the food was good, it wasn't quite worth the price tag.","['food', 'price']","['Food', 'Price']","['positive', 'negative']","[None, None]","[False, False]",2,False,True
mams_train_00788,mams,train,During my meal the waiter and waitress gathered with other friends that had arrived and they spent the whole time talking and ignoring the clientele.,"['food', 'staff']","['Food', 'Service']","['neutral', 'negative']","[None, None]","[False, False]",2,False,True
mams_train_00789,mams,train,"Finally, one of the waitstaff noticed and brought out a dirty bus pan which he put on the table next to me and started bussing the entire dining room.","['staff', 'place']","['Service', 'General']","['negative', 'neutral']","[None, None]","[False, False]",2,False,True
mams_train_00790,mams,train,"Even though it wasn't totally full, the waitress had to RUN around the restaurant, and the drinks and the food took a LONG time to arrive.","['staff', 'food']","['Service', 'Food']","['negative', 'neutral']","[None, None]","[False, False]",2,False,True
mams_train_00791,mams,train,"After ordering a couple beers from the pleasant bartender, my date and I took a seat at one of MANY vacant tables next to the bar (The bar stools were full).","['staff', 'miscellaneous', 'food']","['Service', 'General', 'Food']","['positive', 'neutral', 'negative']","[None, None, None]","[False, False, False]",3,False,True
mams_train_00792,mams,train,"Had a few appetizers; smoked duck was served cold but good flavor, tofu was good/fresh too, nothing to rave about though.","['food', 'ambience']","['Food', 'Ambience']","['neutral', 'positive']","[None, None]","[False, False]",2,False,True
mams_train_00793,mams,train,"The price wouldnt be so bad if it wasnt for the poor service, average food, and uninspired menu selections (choice of tiramisu and strawberries with whipped cream for dessert?!","['price', 'service', 'menu', 'food']","['Price', 'Service', 'General', 'Food']","['negative', 'negative', 'negative', 'neutral']","[None, None, None, None]","[False, False, False, False]",4,False,True
mams_train_00794,mams,train,NEED Reservations in order to get past the host by the secret door and the maitre d host downstairs but No trace of snooby attitude here.,"['miscellaneous', 'staff']","['General', 'Service']","['neutral', 'positive']","[None, None]","[False, False]",2,False,True
mams_train_00795,mams,train,"Then the manager said, hey we'll give you shrimp instead, which would have taken another hour.","['staff', 'food']","['Service', 'Food']","['negative', 'neutral']","[None, None]","[False, False]",2,False,True
mams_train_00796,mams,train,I always find myself asking the waiter to make something bland and different than what is on the menu.,"['staff', 'menu']","['Service', 'General']","['negative', 'neutral']","[None, None]","[False, False]",2,False,True
mams_train_00797,mams,train,"In Short The vegi burgers (and the full bar) are the main draws: ranging from the Super Veg-Burger with lettuce, tomato and Abijah's secret sauce to the McKate (two un-beef patties, special sauce, lettuce, dairy or nondairy cheese, etc.","['place', 'food']","['General', 'Food']","['positive', 'neutral']","[None, None]","[False, False]",2,False,True
mams_train_00798,mams,train,The food was a meal I could find anywhere else in the city for a better price.,"['food', 'price']","['Food', 'Price']","['neutral', 'positive']","[None, None]","[False, False]",2,False,True
mams_train_00799,mams,train,and if that wasn't enough the owner threw in a free beer each for me and my friend.,"['staff', 'food']","['Service', 'Food']","['negative', 'neutral']","[None, None]","[False, False]",2,False,True
mams_train_00800,mams,train,"Informal servers sashay past plastic chairs and patterned booths, ducking enormous lampshades with cheerful insouciance.","['staff', 'miscellaneous']","['Service', 'General']","['negative', 'neutral']","[None, None]","[False, False]",2,False,True
mams_train_00801,mams,train,"When we showed up, the guy at the door said it would be 15 minutes and that we could wait by the bar.","['staff', 'place']","['Service', 'General']","['negative', 'neutral']","[None, None]","[False, False]",2,False,True
mams_train_00802,mams,train,"our waitress (who was ok) disappeared in the middle of our dinner, leaving us to an obnoxious amateur (must answer the phones or something) who could not answer our questions and treated us extremely rudely.","['staff', 'food']","['Service', 'Food']","['negative', 'neutral']","[None, None]","[False, False]",2,False,True
mams_train_00803,mams,train,Wait staff started swarming around us as if we just ordered cokes throughout lunch.,"['staff', 'food']","['Service', 'Food']","['negative', 'neutral']","[None, None]","[False, False]",2,False,True
mams_train_00804,mams,train,"Smallish menu, but more than adequate, and not that heavy on sauces which is so typical of italian restaurants.","['menu', 'food']","['General', 'Food']","['negative', 'positive']","[None, None]","[False, False]",2,False,True
mams_train_00805,mams,train,Besides ordering single dishes you can also order family style.,"['food', 'miscellaneous']","['Food', 'General']","['neutral', 'positive']","[None, None]","[False, False]",2,False,True
mams_train_00806,mams,train,"the staff there was really freindly the owner even sat down at one point to chat with us, it was hard to chose from the menu it all sounded good, so my wife and i shared plates to try a little of each dish , we ordered.","['staff', 'menu']","['Service', 'General']","['positive', 'neutral']","[None, None]","[False, False]",2,False,True
mams_train_00807,mams,train,"Even at lunch, when lawyers and publishers flock in to wheel and deal over the justly-popular lunch buffet, the atmosphere remains serene.","['food', 'ambience']","['Food', 'Ambience']","['neutral', 'positive']","[None, None]","[False, False]",2,False,True
mams_train_00808,mams,train,"I highly recommend the chicken hearts, but remember: ask the waiters, since they're not usually available and will be cooked upon request (and will go fast).","['food', 'staff']","['Food', 'Service']","['positive', 'neutral']","[None, None]","[False, False]",2,False,True
mams_train_00809,mams,train,"Had a late-night dinner there on Friday, and while the decor is fabulous, we waited a long time for our check.","['food', 'ambience']","['Food', 'Ambience']","['neutral', 'positive']","[None, None]","[False, False]",2,False,True
mams_train_00810,mams,train,the decor isn't quite like Shun Lee but the service will definitely make up for any shortcoming.,"['ambience', 'service']","['Ambience', 'Service']","['negative', 'positive']","[None, None]","[False, False]",2,False,True
mams_train_00811,mams,train,"In the middle of dessert, the waitress silently passes by and drops the check.","['food', 'staff']","['Food', 'Service']","['neutral', 'negative']","[None, None]","[False, False]",2,False,True
mams_train_00812,mams,train,The waiter's recommendation for the entree (seabass in a lime and mango chutney) exceeded our expectations and we ate the chutney to the last drop.,"['staff', 'food']","['Service', 'Food']","['positive', 'neutral']","[None, None]","[False, False]",2,False,True
mams_train_00813,mams,train,For the cost of the lunch I expected much better service.,"['price', 'food', 'service']","['Price', 'Food', 'Service']","['neutral', 'neutral', 'negative']","[None, None, None]","[False, False, False]",3,False,True
mams_train_00814,mams,train,"Even though it's a trek for me to get there and the place is a little of a Hole in the wall, I've gone many times for the food alone.","['place', 'food']","['General', 'Food']","['negative', 'positive']","[None, None]","[False, False]",2,False,True
mams_train_00815,mams,train,"In the main dining room, finding your waiter is Hell and aside from when they take your order and bring the bill, you'll rarely see them.","['place', 'staff']","['General', 'Service']","['neutral', 'negative']","[None, None]","[False, False]",2,False,True
mams_train_00816,mams,train,We sat there with the check and ordered dessert and more drinks.,"['price', 'food']","['Price', 'Food']","['neutral', 'positive']","[None, None]","[False, False]",2,False,True
mams_train_00817,mams,train,"As a former waitress, I get this conceptually, and I am even understanding of the fact that I had to wait 30minutes to get my first drink because the bar was backed up.","['staff', 'food', 'place']","['Service', 'Food', 'General']","['positive', 'neutral', 'neutral']","[None, None, None]","[False, False, False]",3,False,True
mams_train_00818,mams,train,"But my lunch was very light with a wrap, not tortilla, but something thinner, a rice paper sort of crepe, that had lettuce and spicy cabbage and thin sliced beef.","['food', 'miscellaneous']","['Food', 'General']","['positive', 'neutral']","[None, None]","[False, False]",2,False,True
mams_train_00819,mams,train,I have been a waiter for many years and I can tell you that if bad service is given you at least apologize to the costumer.,"['staff', 'service']","['Service', 'Service']","['neutral', 'negative']","[None, None]","[False, False]",2,False,True
mams_train_00820,mams,train,"Those less interested in people-watching dine inside the whimsical, wood-trimmed room under a canopy of Italian inscriptions, or at the long, art-lined bar, which hosts a hopping after-work crowd.","['place', 'miscellaneous']","['General', 'General']","['positive', 'neutral']","[None, None]","[False, False]",2,False,True
mams_train_00821,mams,train,"And I'm saying that dinner has actually taken about an hour more than it should, just because of the slow service.","['food', 'service']","['Food', 'Service']","['neutral', 'negative']","[None, None]","[False, False]",2,False,True
mams_train_00822,mams,train,"We sat near the sluggish, hot and very loud kitchen and the service area was not wiped down once during the entire time.","['place', 'miscellaneous']","['General', 'General']","['negative', 'neutral']","[None, None]","[False, False]",2,False,True
mams_train_00823,mams,train,Manager couldn't be bothered to come over and acknowledge the mistake.,"['staff', 'service']","['Service', 'Service']","['negative', 'positive']","[None, None]","[False, False]",2,False,True
mams_train_00824,mams,train,"Soy abounds, in all forms: as firm patties, pure squares of glistening tofu, and something called a hijiki patty--mixed tastily with shreds of seaweed, then fried.","['food', 'miscellaneous']","['Food', 'General']","['negative', 'positive']","[None, None]","[False, False]",2,False,True
mams_train_00825,mams,train,Evening service--featuring waiters all in black--is a little slow; plan on a leisurely dinner unless you're headed for the theater.,"['service', 'staff', 'food']","['Service', 'Service', 'Food']","['neutral', 'negative', 'neutral']","[None, None, None]","[False, False, False]",3,False,True
mams_train_00826,mams,train,"Try the stir fried cube steak, shabu sahbu, or the Oden, or anything else you want to try on the menu.","['food', 'menu']","['Food', 'General']","['positive', 'neutral']","[None, None]","[False, False]",2,False,True
mams_train_00827,mams,train,"I sat at the bar to receive faster service, and boy was i wrong!","['place', 'service']","['General', 'Service']","['neutral', 'positive']","[None, None]","[False, False]",2,False,True
mams_train_00828,mams,train,Within 3 minutes after we sat the waiter was hovering over us to get our food order.,"['staff', 'food']","['Service', 'Food']","['positive', 'neutral']","[None, None]","[False, False]",2,False,True
mams_train_00829,mams,train,"My mouth almost dropped, and for good reason, when the server brought my sandwhich and side of macaroni.","['staff', 'food']","['Service', 'Food']","['negative', 'neutral']","[None, None]","[False, False]",2,False,True
mams_train_00830,mams,train,"If you think the prices are outrageous, just take the family, enjoy the ride and go in and order a few appetizers as prelude to a real dinner.","['price', 'miscellaneous']","['Price', 'General']","['negative', 'neutral']","[None, None]","[False, False]",2,False,True
mams_train_00831,mams,train,"(Note: Price variations were listed nowhere--and I had asked for a to-go drink, deciding--after paying--to sit at a no-service counter until my drink cooled off.","['price', 'food']","['Price', 'Food']","['negative', 'neutral']","[None, None]","[False, False]",2,False,True
mams_train_00832,mams,train,"This restaurant was a great value, even though I know nothing about the prix fixe menu.","['miscellaneous', 'menu']","['General', 'General']","['positive', 'neutral']","[None, None]","[False, False]",2,False,True
mams_train_00833,mams,train,"To enhance the dining experience, there is a live jazz band, which further isolates you from the world outside the gates.","['food', 'ambience']","['Food', 'Ambience']","['positive', 'neutral']","[None, None]","[False, False]",2,False,True
mams_train_00834,mams,train,Surf-and-turf encompasses the menu's star entrees: deliciously charred sesame-crusted tuna with ginger ponzu gently juxtaposes espresso-rubbed filet mignon.,"['menu', 'food']","['General', 'Food']","['neutral', 'positive']","[None, None]","[False, False]",2,False,True
mams_train_00835,mams,train,"The menu is quite substantial, with a number of chicken, beef, and seafood specialties not found at your typical chinese restaurant.","['menu', 'food']","['General', 'Food']","['positive', 'neutral']","[None, None]","[False, False]",2,False,True
mams_train_00836,mams,train,"Other than the too fruity drinks at the bar which wasn't my cup of tea, everything else was excellent.","['place', 'food']","['General', 'Food']","['neutral', 'negative']","[None, None]","[False, False]",2,False,True
mams_train_00837,mams,train,The porterhouse is as good a steak you are going to find in NYC or the surrounding area.,"['food', 'place']","['Food', 'General']","['positive', 'neutral']","[None, None]","[False, False]",2,False,True
mams_train_00838,mams,train,"After a short wait at the bar (which was very crowded), we were seated upstairs at a private table.","['service', 'place']","['Service', 'General']","['neutral', 'negative']","[None, None]","[False, False]",2,False,True
mams_train_00839,mams,train,"My only two complaints are that (1) our server was a real space cadet and kinda inattentive and (2) the sodas were really small; overall, though, I had a great time and really enjoyed my dinner!","['place', 'food']","['General', 'Food']","['neutral', 'positive']","[None, None]","[False, False]",2,False,True
mams_train_00840,mams,train,"After paying for our meal, we left some feedback with the manager (a chap named J.","['food', 'staff']","['Food', 'Service']","['neutral', 'negative']","[None, None]","[False, False]",2,False,True
mams_train_00841,mams,train,"Down right comfortable, pleasant, enormous portions, have lunch and bring home a doggie bag wth your dinner.","['miscellaneous', 'food']","['General', 'Food']","['positive', 'neutral']","[None, None]","[False, False]",2,False,True
mams_train_00842,mams,train,The host actually came over to my table and told me and my date we had to leave because we already paid our bill.,"['staff', 'miscellaneous', 'price']","['Service', 'General', 'Price']","['negative', 'neutral', 'neutral']","[None, None, None]","[False, False, False]",3,False,True
mams_train_00843,mams,train,"Their Korean menu was also equally impressive, A must try is the Kimchee cabbage pancakes as an appetiser ( the portions were as big as an entree!)","['food', 'miscellaneous']","['Food', 'General']","['neutral', 'positive']","[None, None]","[False, False]",2,False,True
mams_train_00844,mams,train,The Waterview is one of the best diners I've evr been to interms of the quality and taste of the food.,"['price', 'miscellaneous', 'food']","['Price', 'General', 'Food']","['positive', 'neutral', 'neutral']","[None, None, None]","[False, False, False]",3,False,True
mams_train_00845,mams,train,"40 minutes later, the waitress finally looked at our table and we asked about our dishes.","['staff', 'food']","['Service', 'Food']","['negative', 'neutral']","[None, None]","[False, False]",2,False,True
mams_train_00846,mams,train,"The staff were all partying with each other at the bar, so even though we were the only ones there for food, it took 15 minutes to get menus.","['staff', 'place', 'menu']","['Service', 'General', 'General']","['negative', 'neutral', 'neutral']","[None, None, None]","[False, False, False]",3,False,True
mams_train_00847,mams,train,we told the waitress and she told us that we ordered the dead fish as opposed to the swimming fish.,"['staff', 'food']","['Service', 'Food']","['negative', 'neutral']","[None, None]","[False, False]",2,False,True
mams_train_00848,mams,train,Our waiter was confused and forgot an additional soda when we asked for it.,"['staff', 'food']","['Service', 'Food']","['negative', 'neutral']","[None, None]","[False, False]",2,False,True
mams_train_00849,mams,train,"The Scene Neither trendy and slick nor haute and haughty, it this cozy wine bar adds a bit of Mediterranean sun to the chilly east 70s.","['place', 'food']","['General', 'Food']","['positive', 'neutral']","[None, None]","[False, False]",2,False,True
mams_train_00850,mams,train,"This is one of two Ping's in Queens, the other one on Queens Blvd in Elmhurst serves great seafood dishes fished straight off clean tanks.","['miscellaneous', 'food']","['General', 'Food']","['neutral', 'positive']","[None, None]","[False, False]",2,False,True
mams_train_00851,mams,train,"The place was beautiful, I sat at the bar for two hours and eat oysters and had way too many martinis.","['place', 'food']","['General', 'Food']","['positive', 'neutral']","[None, None]","[False, False]",2,False,True
mams_train_00852,mams,train,"Unfortunately it gets very crowded on the weekends, so if you don't mind dining at the bar you can skip the wait for a table.","['food', 'service', 'miscellaneous']","['Food', 'Service', 'General']","['negative', 'negative', 'neutral']","[None, None, None]","[False, False, False]",3,False,True
mams_train_00853,mams,train,If you are under 24 this might seem to be a great place in the big city but for the rest of us it's just a liitle too chheesy and the food is under par for the price.,"['food', 'price']","['Food', 'Price']","['negative', 'neutral']","[None, None]","[False, False]",2,False,True
mams_train_00854,mams,train,They spoon the FAT GREASE over your steak when they bring it to the table.,"['food', 'miscellaneous']","['Food', 'General']","['negative', 'neutral']","[None, None]","[False, False]",2,False,True
mams_train_00855,mams,train,"In Short This old-fashioned luncheonette, festooned with artificial flowers and signs touting the cherry lime rickeys, egg creams and banana-walnut pancakes, is favorite pitstop for folks visiting the Brooklyn Museum and Botanical Gardens.","['food', 'place']","['Food', 'General']","['positive', 'neutral']","[None, None]","[False, False]",2,False,True
mams_train_00856,mams,train,"I'm a chef (30 years), and I can honestly say that I've finally found Italian food worth eating at a reasonable price.","['staff', 'price']","['Service', 'Price']","['neutral', 'positive']","[None, None]","[False, False]",2,False,True
mams_train_00857,mams,train,"unbeknownst to the three of us, the hostess made note of the fact that i was celebrating my b-day after a member of my dinner party made a very brief reference to it as we were seated.","['staff', 'food']","['Service', 'Food']","['positive', 'neutral']","[None, None]","[False, False]",2,False,True
mams_train_00858,mams,train,"Although we were seated quickly, ambiance was cozy, service was decent the overall menu selection and overall food taste and presentation was less to be desired!","['ambience', 'service', 'food']","['Ambience', 'Service', 'Food']","['positive', 'positive', 'negative']","[None, None, None]","[False, False, False]",3,False,True
mams_train_00859,mams,train,"Count on fresh, fairly priced cuts of fish that represent a good value, even if portions are a bit on the small side.","['food', 'miscellaneous']","['Food', 'General']","['positive', 'negative']","[None, None]","[False, False]",2,False,True
mams_train_00860,mams,train,Food is pretty good but the service is horrific.,"['food', 'service']","['Food', 'Service']","['positive', 'negative']","[None, None]","[False, False]",2,False,True
mams_train_00861,mams,train,"Warming clam miso soup and expertly rolled Mexican maki (made with yellowtail, scallions, avocado, and jalapeno mayonnaise) pair well with a stiff glass of shochu, Japanese liquor with a bite as strong as tequila.","['food', 'miscellaneous']","['Food', 'General']","['positive', 'neutral']","[None, None]","[False, False]",2,False,True
mams_train_00862,mams,train,"The Food Mafrici's approach to modern Italian fare may seem gimmicky: The menu lists eight seasonal ingredients, each prepared as an appetizer, pasta and entree.","['menu', 'ambience', 'food']","['General', 'Ambience', 'Food']","['neutral', 'positive', 'neutral']","[None, None, None]","[False, False, False]",3,False,True
mams_train_00863,mams,train,"The food was cold and did not match the description on the menu, the waiter could not be bothered with me (and I am nice to deal with since I work in the industry), and it was way over priced.","['miscellaneous', 'menu', 'staff']","['General', 'General', 'Service']","['negative', 'neutral', 'negative']","[None, None, None]","[False, False, False]",3,False,True
mams_train_00864,mams,train,"The tables are close so you can hear every conversation going on around you, but if you're here with someone who enthralls you, you will notice no one else but your dinner date.","['place', 'food']","['General', 'Food']","['negative', 'neutral']","[None, None]","[False, False]",2,False,True
mams_train_00865,mams,train,"00 bottle of wine, we had to endure the waiter's attitude, like he was doing us a solid, if you're into huge Euro crowds and don't care about what you eat and how it is served to you, Baraonda is your kind of place.","['service', 'miscellaneous']","['Service', 'General']","['neutral', 'negative']","[None, None]","[False, False]",2,False,True
mams_train_00866,mams,train,"After waiting almost an hour for a table (with resies) our waiter told us that they don't have a sommelier because no steakhouse has a sommelier (patently false), and finished with the notion that he had absolutely no idea about any of the wines on the list.","['service', 'staff', 'food']","['Service', 'Service', 'Food']","['neutral', 'negative', 'neutral']","[None, None, None]","[False, False, False]",3,False,True
mams_train_00867,mams,train,"We had to wait by the door, and the host failed to acknowledge our existence for a whole 15 minutes!","['miscellaneous', 'staff']","['General', 'Service']","['neutral', 'negative']","[None, None]","[False, False]",2,False,True
mams_train_00868,mams,train,"A friend and I went for dinner, the host was rude to us as we walked in, we stayed because the decor is charming and we wanted french food.","['food', 'ambience']","['Food', 'Ambience']","['neutral', 'positive']","[None, None]","[False, False]",2,False,True
mams_train_00869,mams,train,"Not the best ambiance, but meat that'll make you drool.","['ambience', 'food']","['Ambience', 'Food']","['negative', 'positive']","[None, None]","[False, False]",2,False,True
mams_train_00870,mams,train,The food is good and cheap BUT the attitudes of the bartender and wait staff are almost unbearable.,"['food', 'staff']","['Food', 'Service']","['positive', 'negative']","[None, None]","[False, False]",2,False,True
mams_train_00871,mams,train,"When we got there, the wait was just as everyone here has described, Domenico's process was just as described, but the pizza?","['service', 'food']","['Service', 'Food']","['neutral', 'negative']","[None, None]","[False, False]",2,False,True
mams_train_00872,mams,train,"I don't think the menu is particularly creative, but I've gotten solidly tasty sushi here and it's always enormous.","['menu', 'food']","['General', 'Food']","['negative', 'positive']","[None, None]","[False, False]",2,False,True
mams_train_00873,mams,train,"The waiters are very kind and helpful, and I regularly get something on the house - coffee, dessert or a drink.","['staff', 'food']","['Service', 'Food']","['positive', 'neutral']","[None, None]","[False, False]",2,False,True
mams_train_00874,mams,train,"It takes forever for them to serve you just drinks, and some of the waiters seem to not comprehend what you order.","['food', 'staff']","['Food', 'Service']","['neutral', 'negative']","[None, None]","[False, False]",2,False,True
mams_train_00875,mams,train,"The servers were extremely professional, especially considering the entire room needed to be served at the same time.","['staff', 'service']","['Service', 'Service']","['positive', 'neutral']","[None, None]","[False, False]",2,False,True
mams_train_00876,mams,train,The waitresses are so nice and will even help you pick a meal if you are new to spanish food.,"['staff', 'food']","['Service', 'Food']","['positive', 'neutral']","[None, None]","[False, False]",2,False,True
mams_train_00877,mams,train,"Sit at the bar (no reservations necessary), eat, talk to the bartender, and enjoy, b/c come dinnertime you will pay quadruple the price (but it's still worth it).","['miscellaneous', 'price']","['General', 'Price']","['neutral', 'negative']","[None, None]","[False, False]",2,False,True
mams_train_00878,mams,train,"Once at the table our waitress managed on two occasions to take 15 minutes bringing drinks to our table, our plates sat uncleared on the table for just as long.","['staff', 'food', 'miscellaneous']","['Service', 'Food', 'General']","['negative', 'neutral', 'neutral']","[None, None, None]","[False, False, False]",3,False,True
mams_train_00879,mams,train,"We had reserved space one one side of the bar, but when the staff tried to force the Pre-Fixe on all 15 members of the party to stay there, we moved to the other side (the difference in decor was minimal).","['place', 'staff', 'miscellaneous']","['General', 'Service', 'General']","['neutral', 'negative', 'neutral']","[None, None, None]","[False, False, False]",3,False,True
mams_train_00880,mams,train,Also lovely was the atmosphere; the high ceilings and spacious room make it a nice contrast from the other brunch mills on the upper west side.,"['ambience', 'food']","['Ambience', 'Food']","['positive', 'neutral']","[None, None]","[False, False]",2,False,True
mams_train_00881,mams,train,"never had a bad pizza, the staff has always been friendly, if not overly solicitous, and the only downside is the occasional wait on line outside.","['food', 'staff', 'service']","['Food', 'Service', 'Service']","['positive', 'positive', 'negative']","[None, None, None]","[False, False, False]",3,False,True
mams_train_00882,mams,train,"We had a horrible night here stemming from intolerable service, no appologies after our food never came out after waiting longer than an hour and a half, and a plate of crusty bread thrown at us when we asked for their signature corn bread.","['service', 'food', 'miscellaneous']","['Service', 'Food', 'General']","['negative', 'negative', 'neutral']","[None, None, None]","[False, False, False]",3,False,True
mams_train_00883,mams,train,"Clams, shrimp, mussels, scungilli, and calamari served together in a spicy red sauce atop linguine are full of flavor; steak pizzaiola, a heroic portion of tender beef in a pool of garlicky marinara, comes with a side of spaghetti.","['food', 'ambience']","['Food', 'Ambience']","['neutral', 'positive']","[None, None]","[False, False]",2,False,True
mams_train_00884,mams,train,"The Scene Vintage suitcases and black-and-white photos of old ocean liners evoke the Golden Age of travel in the front bar, where a worldly clientele sips cocktails around a flickering faux fireplace.","['miscellaneous', 'place', 'food']","['General', 'General', 'Food']","['neutral', 'neutral', 'positive']","[None, None, None]","[False, False, False]",3,False,True
mams_train_00885,mams,train,We had reservations and when we showed up the manager told us the wait was over 45 mins.,"['miscellaneous', 'staff', 'service']","['General', 'Service', 'Service']","['neutral', 'negative', 'negative']","[None, None, None]","[False, False, False]",3,False,True
mams_train_00886,mams,train,"Diners choose between deep banquettes or seats at the bar, which offer a front-row view of the small preparation area and a chance to watch the two chefs as they whip together the elegantly constructed desserts.","['price', 'miscellaneous', 'place', 'staff']","['Price', 'General', 'General', 'Service']","['positive', 'neutral', 'neutral', 'neutral']","[None, None, None, None]","[False, False, False, False]",4,False,True
mams_train_00887,mams,train,"We had to ask for the bill twice, and our water was refilled only when we asked for it.","['price', 'food']","['Price', 'Food']","['neutral', 'negative']","[None, None]","[False, False]",2,False,True
mams_train_00888,mams,train,The waiter had a slight attitude and brought our wine aprroximately 10 minutes into our appetizer.,"['staff', 'service', 'food']","['Service', 'Service', 'Food']","['negative', 'negative', 'neutral']","[None, None, None]","[False, False, False]",3,False,True
mams_train_00889,mams,train,"We did enjoy the recommended, yet simple $40 sangiovese, atmosphere and loosey-goosey service, but we were disappointed overall.","['ambience', 'service']","['Ambience', 'Service']","['positive', 'negative']","[None, None]","[False, False]",2,False,True
mams_train_00890,mams,train,"The waiter poured our wine into my water glass, rolled his eyes when I asked for a new water, and definitely didn't offer to comp the wasted glass of wine.","['staff', 'miscellaneous', 'food']","['Service', 'General', 'Food']","['negative', 'neutral', 'negative']","[None, None, None]","[False, False, False]",3,False,True
mams_train_00891,mams,train,"I am a martini guy - vodka, not gin - and their classic martini with blue cheese olives is pretty damn near definitive.","['staff', 'food']","['Service', 'Food']","['neutral', 'positive']","[None, None]","[False, False]",2,False,True
mams_train_00892,mams,train,With the exception of one late day when I came in for caffe and the waitress nearly rushed us out since dinner was coming around.,"['staff', 'food']","['Service', 'Food']","['negative', 'neutral']","[None, None]","[False, False]",2,False,True
mams_train_00893,mams,train,"I can't imagine waiting for 20 minutes to have my plates removed, given that usually the waitstaff hover around like birds of prey waiting for a fork to drop etc.","['miscellaneous', 'staff']","['General', 'Service']","['neutral', 'negative']","[None, None]","[False, False]",2,False,True
mams_train_00894,mams,train,"Oh, but on a brighter note, when the waiter poured water into my vodka glass by mistake, we got a free drink out of it.","['staff', 'miscellaneous']","['Service', 'General']","['negative', 'neutral']","[None, None]","[False, False]",2,False,True
mams_train_00895,mams,train,My girlfriend asked the bartender what kind of wine they had and since she couldn't hear she leaned on the bar to get closer to him and he made a face and told her not to get near him.,"['staff', 'food']","['Service', 'Food']","['negative', 'neutral']","[None, None]","[False, False]",2,False,True
mams_train_00896,mams,train,"sashimi was meh, salmon was good but the tuna was a little white and seemed like the day before as the flavor had faded.","['food', 'ambience']","['Food', 'Ambience']","['positive', 'negative']","[None, None]","[False, False]",2,False,True
mams_train_00897,mams,train,They do make great burgers for the money and give big portions of fries with it.,"['food', 'price']","['Food', 'Price']","['positive', 'neutral']","[None, None]","[False, False]",2,False,True
mams_train_00898,mams,train,Went to dinner with some girlfriends on Wednesday at Calico Jacks and had a fun time.,"['food', 'miscellaneous']","['Food', 'General']","['neutral', 'positive']","[None, None]","[False, False]",2,False,True
mams_train_00899,mams,train,Philippe should re-train their wait staff to communicate with one another and better orchestrate the timing of food service.,"['staff', 'service']","['Service', 'Service']","['negative', 'neutral']","[None, None]","[False, False]",2,False,True
mams_train_00900,mams,train,"The waiter never came back to check on us or refill coffee, he got one of the orders wrong, and we both left wondering what we were going to eat when we got home.","['staff', 'food']","['Service', 'Food']","['negative', 'neutral']","[None, None]","[False, False]",2,False,True
mams_train_00901,mams,train,"You'd expect one to have more dessert options, other than rice pudding.","['miscellaneous', 'food']","['General', 'Food']","['positive', 'negative']","[None, None]","[False, False]",2,False,True
mams_train_00902,mams,train,"The food is definitely the attraction, but the service has been consistently bad on every visit.","['food', 'service']","['Food', 'Service']","['positive', 'negative']","[None, None]","[False, False]",2,False,True
mams_train_00903,mams,train,really bad service took half an hour just to get a drink.,"['service', 'food']","['Service', 'Food']","['negative', 'neutral']","[None, None]","[False, False]",2,False,True
mams_train_00904,mams,train,"But the waiter was very accomodating; he brought extra garlic bread at no charge, was attentive, and apologized profusely for not allowing us to order from the 12-and-under kids' menu.","['staff', 'food', 'menu']","['Service', 'Food', 'General']","['positive', 'positive', 'neutral']","[None, None, None]","[False, False, False]",3,False,True
mams_train_00905,mams,train,"The night I was there, besides extraordinary food and service, the owners; Carmelo Leotta and Pietro Cinquemani were belting out Mario Lanzi tunes on the Steinway piano.","['food', 'service', 'staff']","['Food', 'Service', 'Service']","['positive', 'positive', 'neutral']","[None, None, None]","[False, False, False]",3,False,True
mams_train_00906,mams,train,"The waiter's knowledge of the menu and ability to make recommendations were ridiculously bad, requests weren't observed effectively, and our water and wine glasses were not kept full.","['staff', 'menu', 'miscellaneous']","['Service', 'General', 'General']","['negative', 'neutral', 'negative']","[None, None, None]","[False, False, False]",3,False,True
mams_train_00907,mams,train,Food is served simply but quickly with a smile.,"['food', 'service']","['Food', 'Service']","['neutral', 'positive']","[None, None]","[False, False]",2,False,True
mams_train_00908,mams,train,"First, the hostess gave us a nasty look when asked if we could eat at the bar, and then just swished her hand to indicate we could seat ourselves.","['staff', 'place']","['Service', 'General']","['negative', 'neutral']","[None, None]","[False, False]",2,False,True
mams_train_00909,mams,train,"I use to always get the turkey club, until recently where I have gotten more bread than turkey.","['place', 'food']","['General', 'Food']","['neutral', 'positive']","[None, None]","[False, False]",2,False,True
mams_train_00910,mams,train,"Despite the fact that I had called earlier in the day and was told that the place didn't take reservations and there were several empty tables for two on both floors, we were told that there would be a 30 minute wait.","['miscellaneous', 'place', 'service']","['General', 'General', 'Service']","['neutral', 'negative', 'neutral']","[None, None, None]","[False, False, False]",3,False,True
mams_train_00911,mams,train,"I must start by stating plainly that I love Jeollado, but it is loud, the service is bad, but the rolls are great and it is the best deal (CHEAP) in town.","['service', 'food']","['Service', 'Food']","['negative', 'positive']","[None, None]","[False, False]",2,False,True
mams_train_00912,mams,train,"we ordered filets, and ny steaks eventhough our waiter kept pushing up to get the porterhouse.","['food', 'staff']","['Food', 'Service']","['neutral', 'negative']","[None, None]","[False, False]",2,False,True
mams_train_00913,mams,train,What the sparse space lacks in decor it makes up for in atmosphere.,"['place', 'ambience']","['General', 'Ambience']","['negative', 'positive']","[None, None]","[False, False]",2,False,True
mams_train_00914,mams,train,"The food is ok at best, but the service and the uncomfortable accomidations have such a negetive effect, that one can only wonder why they waited so long for so little.","['food', 'service']","['Food', 'Service']","['neutral', 'negative']","[None, None]","[False, False]",2,False,True
mams_train_00915,mams,train,"There are a few things I can forgive at any popular place: somewhat long waits even with reservations, service staff that mistakenly believes they're there to act haughty rather than serve, and a way over-the-top interior.","['miscellaneous', 'staff', 'place']","['General', 'Service', 'General']","['neutral', 'negative', 'negative']","[None, None, None]","[False, False, False]",3,False,True
mams_train_00916,mams,train,"Inside as we waited momentarily for our table, the bartender made light conversation as he made our drinks.","['miscellaneous', 'staff', 'food']","['General', 'Service', 'Food']","['neutral', 'positive', 'neutral']","[None, None, None]","[False, False, False]",3,False,True
mams_train_00917,mams,train,"Tuesdays are Wine Lovers nights, where everything on their wine list is half off - it's a great deal.","['miscellaneous', 'food']","['General', 'Food']","['neutral', 'positive']","[None, None]","[False, False]",2,False,True
mams_train_00918,mams,train,"This Prospect Heights institution, with its old-fashioned soda-fountain type counter, complete with cakes of the day on pedastals w glass covers, attracts a diverse and loyal crowd.","['food', 'miscellaneous']","['Food', 'General']","['negative', 'positive']","[None, None]","[False, False]",2,False,True
mams_train_00919,mams,train,The service was a bit inadequate-and be warned they bring your food as it is ready- so be sure to order apps then after being served order entrees.,"['service', 'food']","['Service', 'Food']","['negative', 'neutral']","[None, None]","[False, False]",2,False,True
mams_train_00920,mams,train,The waiter messed up my order and we had to hunt down the wait staff to get a second drink.,"['staff', 'food']","['Service', 'Food']","['negative', 'neutral']","[None, None]","[False, False]",2,False,True
mams_train_00921,mams,train,We were not offered bread and the host did not apologize until we asked for another update 45 minutes later.,"['food', 'staff']","['Food', 'Service']","['neutral', 'negative']","[None, None]","[False, False]",2,False,True
mams_train_00922,mams,train,"A friend asked for cheese on her pasta and the waitstaff, including the manager, REFUSED to give it to her.","['food', 'staff']","['Food', 'Service']","['neutral', 'negative']","[None, None]","[False, False]",2,False,True
mams_train_00923,mams,train,"We had at least 10 of the appetizers on the menu, which all were delicious.","['food', 'menu']","['Food', 'General']","['positive', 'neutral']","[None, None]","[False, False]",2,False,True
mams_train_00924,mams,train,"We asked the waitress very nicely to please change the playlist to something more appropriate for dinner, she chuckled to herself and said sure but never changed it.","['staff', 'food']","['Service', 'Food']","['negative', 'neutral']","[None, None]","[False, False]",2,False,True
mams_train_00925,mams,train,"The host was playing god with his headset and reservation list, the bar was packed with horney drunken investment bankers, reservations are a joke and after haplessly sliding the plates at us when serving the food, they couldn't wait to collect the plates until we were done.","['place', 'miscellaneous', 'food']","['General', 'General', 'Food']","['neutral', 'negative', 'neutral']","[None, None, None]","[False, False, False]",3,False,True
mams_train_00926,mams,train,"Because our daughters weren't sure what to order, and were a little intimidated at the surroundings (notwithstanding the beautiful simplicity of the decor), they ordered only appetizers while their fathers ordered dinner.","['ambience', 'food']","['Ambience', 'Food']","['positive', 'neutral']","[None, None]","[False, False]",2,False,True
mams_train_00927,mams,train,We get our beers and then are told from a confuzed waitress that she realized that she can't give us the happy hour drink prices if we are not sitting at the bar.,"['food', 'staff', 'place']","['Food', 'Service', 'General']","['neutral', 'negative', 'neutral']","[None, None, None]","[False, False, False]",3,False,True
mams_train_00928,mams,train,"There is no menu and the waiter never told us how much lunch was, I thought it couldn't be more than $35.","['menu', 'staff', 'food']","['General', 'Service', 'Food']","['neutral', 'negative', 'neutral']","[None, None, None]","[False, False, False]",3,False,True
mams_train_00929,mams,train,"Every course was delicious, including the multiple chef samples, brought to you from the chef throughout your entire meal.","['food', 'staff']","['Food', 'Service']","['positive', 'neutral']","[None, None]","[False, False]",2,False,True
mams_train_00930,mams,train,"this has become one of my favorite spots to hang out at the bar and drink martinis, not only because the atmosphere is energetic and lively, but also becasue the staff are so friendly.","['place', 'food', 'ambience', 'staff']","['General', 'Food', 'Ambience', 'Service']","['neutral', 'neutral', 'positive', 'positive']","[None, None, None, None]","[False, False, False, False]",4,False,True
mams_train_00931,mams,train,"What we were treated to, instead, was snooty attitude by the waiter and the maitre d' and a dinner I couldn't eat.","['staff', 'food']","['Service', 'Food']","['negative', 'neutral']","[None, None]","[False, False]",2,False,True
mams_train_00932,mams,train,"We had to ask for water multiple times, there were no paper towels in the bathroom and even after informing a staff person they still were none an hour later.","['food', 'staff']","['Food', 'Service']","['neutral', 'negative']","[None, None]","[False, False]",2,False,True
mams_train_00933,mams,train,"The food is worth it, but I suggest you order delivery, so that you don't have to read old issues of Robb Report while you wait forever in a small and hot room.","['food', 'service', 'place']","['Food', 'Service', 'General']","['positive', 'neutral', 'negative']","[None, None, None]","[False, False, False]",3,False,True
mams_train_00934,mams,train,"A blink-and-you-missed, tiny bar lines the lefthand side wall as you enter, which is packed with neighborhood hipsters, but it sadly interferes with the tables filled with dining patrons that are forking out mega bucks for mediocre fare.","['place', 'miscellaneous', 'price']","['General', 'General', 'Price']","['negative', 'neutral', 'negative']","[None, None, None]","[False, False, False]",3,False,True
mams_train_00935,mams,train,Another quick tell-tale sign is the furniture at the bar and the seating tables.,"['food', 'place']","['Food', 'General']","['positive', 'neutral']","[None, None]","[False, False]",2,False,True
mams_train_00936,mams,train,Take out and delivery is next door and usually will be better if you are looking to get your food faster.,"['service', 'food']","['Service', 'Food']","['neutral', 'positive']","[None, None]","[False, False]",2,False,True
mams_train_00937,mams,train,"Ignoring the plain decor, Jo-An is one of the best options for cheap japanese food on the Upper West Side.","['ambience', 'food']","['Ambience', 'Food']","['negative', 'positive']","[None, None]","[False, False]",2,False,True
mams_train_00938,mams,train,"When my brother and I we had too much pizza in New York, we would like to order something else from the menu.","['food', 'menu']","['Food', 'General']","['positive', 'neutral']","[None, None]","[False, False]",2,False,True
mams_train_00939,mams,train,We ate at the bar to avoid waiting for a table.,"['service', 'miscellaneous']","['Service', 'General']","['negative', 'neutral']","[None, None]","[False, False]",2,False,True
mams_train_00940,mams,train,It was absolutely delicious to the point where i went back and asked for a variety plate They were so nice to accomodate me and gave me almost everything on the menu to taste from.,"['miscellaneous', 'menu']","['General', 'General']","['positive', 'neutral']","[None, None]","[False, False]",2,False,True
mams_train_00941,mams,train,"After waiting over a month for weekend reservations, I would of rather gone to IL Baggato.","['service', 'miscellaneous']","['Service', 'General']","['negative', 'neutral']","[None, None]","[False, False]",2,False,True
mams_train_00942,mams,train,"If you're looking for nonstop attention, a 20 page wine list and a waiter who puts your napkin on your lap, this is not the place to go.","['food', 'staff']","['Food', 'Service']","['neutral', 'positive']","[None, None]","[False, False]",2,False,True
mams_train_00943,mams,train,We hunted the waitress to at least pay for the drinks.,"['staff', 'food']","['Service', 'Food']","['negative', 'neutral']","[None, None]","[False, False]",2,False,True
mams_train_00944,mams,train,Food : A++ Service : A++ Value : A++ No other steakhouse in Manhattan can beat Ruth's Chris.,"['food', 'service']","['Food', 'Service']","['neutral', 'positive']","[None, None]","[False, False]",2,False,True
mams_train_00945,mams,train,"The Scene There are exactly three small tables at this tiny hole in the wall, but for food lovers on a budget, it's heaven.","['miscellaneous', 'place', 'food']","['General', 'General', 'Food']","['neutral', 'negative', 'positive']","[None, None, None]","[False, False, False]",3,False,True
mams_train_00946,mams,train,"Our waiter (a real cutie) had to ask us twice for our entree selections, the coffee orders were wrong and after saying, no, thanks, the pepper man poised his mill above my friend's calamari dish and ground away.","['staff', 'food']","['Service', 'Food']","['negative', 'neutral']","[None, None]","[False, False]",2,False,True
mams_train_00947,mams,train,"A dish of chewy smoked seitan evokes Peking duck, while an entree of wide green-tea noodles is served in a tasty faux Bolognese sauce.","['food', 'service']","['Food', 'Service']","['positive', 'neutral']","[None, None]","[False, False]",2,False,True
mams_train_00948,mams,train,"I had six different items on the menu (yes, I am a trencherman) and three were simply OUTSTANDING: the steak, the sweetbreads (best I've ever had), and the monkfish liver (also the best I've ever had).","['menu', 'food']","['General', 'Food']","['neutral', 'positive']","[None, None]","[False, False]",2,False,True
mams_train_00949,mams,train,"Chef Richard is always eager to please, and will be happy make something special 'off the menu' if you ask.","['staff', 'menu']","['Service', 'General']","['positive', 'neutral']","[None, None]","[False, False]",2,False,True
mams_train_00950,mams,train,We did not have reservations so we sat at the small bar with the friendly bartender for 10 minutes.,"['miscellaneous', 'staff']","['General', 'Service']","['neutral', 'positive']","[None, None]","[False, False]",2,False,True
mams_train_00951,mams,train,"After we waited nearly 25 minutes for our food (the place wasnt crowded), our waiter forgot some of our order and brought out a salad when we asked for everything to come out all at once.","['food', 'staff']","['Food', 'Service']","['neutral', 'negative']","[None, None]","[False, False]",2,False,True
mams_train_00952,mams,train,"We often come with a baby and the staff is so sweet and kind to her, it is a joy to be there.","['miscellaneous', 'staff']","['General', 'Service']","['neutral', 'positive']","[None, None]","[False, False]",2,False,True
mams_train_00953,mams,train,"I don't know why the place was almost empty until 8PM, but the food and service were perfect for the price.","['place', 'food', 'price']","['General', 'Food', 'Price']","['negative', 'positive', 'neutral']","[None, None, None]","[False, False, False]",3,False,True
mams_train_00954,mams,train,"First, the seating people gave me huge attitude and claimed I had not reserved a table at the grotto - and I quote my reservation You are all set for the grotta this saturday.","['service', 'miscellaneous']","['Service', 'General']","['negative', 'neutral']","[None, None]","[False, False]",2,False,True
mams_train_00955,mams,train,"the sushi was good and the service was not as bad as some would have you think but the crowd was more business than hip, more wall st.","['food', 'miscellaneous']","['Food', 'General']","['positive', 'negative']","[None, None]","[False, False]",2,False,True
mams_train_00956,mams,train,"On the other hand, I never felt rushed to vacate the place at the end of my meal.","['place', 'food']","['General', 'Food']","['negative', 'neutral']","[None, None]","[False, False]",2,False,True
mams_train_00957,mams,train,There were 6 servers standing around watching me eat but they never asked if I needed anything or even offered me water.,"['staff', 'food']","['Service', 'Food']","['negative', 'neutral']","[None, None]","[False, False]",2,False,True
mams_train_00958,mams,train,"But once we spoke up (and they figured out what happened with the menus) they re-did the dish in a butter sage sauce, which was awesome.","['menu', 'food']","['General', 'Food']","['neutral', 'positive']","[None, None]","[False, False]",2,False,True
mams_train_00959,mams,train,"I didn't take a look at the rest menu, but the oysters were fantastic.","['menu', 'food']","['General', 'Food']","['neutral', 'positive']","[None, None]","[False, False]",2,False,True
mams_train_00960,mams,train,"Took my girlfriend here for dinner on a friday night, we were seated promptly and the service continued to be good for the remainder of the evening.","['food', 'service']","['Food', 'Service']","['neutral', 'positive']","[None, None]","[False, False]",2,False,True
mams_train_00961,mams,train,"The salad looked as though they have a premixed trash bag full of it, and they just dump a heap of it on a plate.","['food', 'miscellaneous']","['Food', 'General']","['neutral', 'negative']","[None, None]","[False, False]",2,False,True
mams_train_00962,mams,train,"The food quality is good, but the prices are not worth it!","['food', 'price']","['Food', 'Price']","['positive', 'negative']","[None, None]","[False, False]",2,False,True
mams_train_00963,mams,train,"The waitress didn't seem to know anything about the menu, she forgot our drinks, took away our wine list after I asked to keep it, and then said, I'm sorry, I only slept 3 hours last night.","['staff', 'menu', 'food']","['Service', 'General', 'Food']","['negative', 'neutral', 'neutral']","[None, None, None]","[False, False, False]",3,False,True
mams_train_00964,mams,train,"Our waiter actually said he would check with the chef, like they might force us to share our food.","['staff', 'food']","['Service', 'Food']","['negative', 'neutral']","[None, None]","[False, False]",2,False,True
mams_train_00965,mams,train,"Ok, so the service can be a little spotty, but despite this Cafe Con Leche has good food, and decent prices.","['service', 'food', 'price']","['Service', 'Food', 'Price']","['negative', 'positive', 'positive']","[None, None, None]","[False, False, False]",3,False,True
mams_train_00966,mams,train,"They've got some of the best french toast you'll ever eat for Sunday brunch, and while their dinner menu hasn't changed much in the past few years, their food is reliable and they I always find something new in their chicken or fish specials, which are usually prepared with a red or white wine-based sauce.","['food', 'menu']","['Food', 'General']","['positive', 'neutral']","[None, None]","[False, False]",2,False,True
mams_train_00967,mams,train,"The service is pleasent, but they did forget to bring my mother in law's appetizer.","['service', 'food']","['Service', 'Food']","['positive', 'neutral']","[None, None]","[False, False]",2,False,True
mams_train_00968,mams,train,"Good brunch menu - it was hard to make a decision between the breakfast tacos, huevos rancheros, and salads on the menu although our waiter was happy to rank menu items upon our request.","['menu', 'food']","['General', 'Food']","['positive', 'neutral']","[None, None]","[False, False]",2,False,True
mams_train_00969,mams,train,The waiter was able to answer any questions I had about the wine or food.,"['staff', 'food']","['Service', 'Food']","['positive', 'neutral']","[None, None]","[False, False]",2,False,True
mams_train_00970,mams,train,"The crowd is not young, but hey, go somewhere else to get a drink afterward.","['miscellaneous', 'food']","['General', 'Food']","['negative', 'neutral']","[None, None]","[False, False]",2,False,True
mams_train_00971,mams,train,"Trendy decor doesn't make up for the avg food, adequate service and relatively high prices.","['food', 'service', 'price']","['Food', 'Service', 'Price']","['negative', 'positive', 'negative']","[None, None, None]","[False, False, False]",3,False,True
mams_train_00972,mams,train,I arrived with one other person at ~8:30 on a Wed night -- the hostess was very kind and showed me the reservation computer which showed that they were completely booked.,"['staff', 'miscellaneous']","['Service', 'General']","['positive', 'neutral']","[None, None]","[False, False]",2,False,True
mams_train_00973,mams,train,the bread they served as we sat down had a pastry-like crunch on the outside and still warm.,"['food', 'service']","['Food', 'Service']","['positive', 'neutral']","[None, None]","[False, False]",2,False,True
mams_train_00974,mams,train,Same quality for 1/3 the price and a realistic atmosphere.,"['price', 'ambience']","['Price', 'Ambience']","['neutral', 'positive']","[None, None]","[False, False]",2,False,True
mams_train_00975,mams,train,"Well, literally 7 minutes later we were being served dinner, with no apologies from the server who was too scared to come to our table.","['food', 'staff', 'miscellaneous']","['Food', 'Service', 'General']","['neutral', 'negative', 'neutral']","[None, None, None]","[False, False, False]",3,False,True
mams_train_00976,mams,train,"The lunch specials are reasonably priced, but I avoid this place when I can only order off the regular menu.","['food', 'price', 'menu']","['Food', 'Price', 'General']","['neutral', 'positive', 'neutral']","[None, None, None]","[False, False, False]",3,False,True
mams_train_00977,mams,train,"The staff is nice, but they have the awful job of having to sell bland food as amazing treats.","['staff', 'food']","['Service', 'Food']","['positive', 'negative']","[None, None]","[False, False]",2,False,True
mams_train_00978,mams,train,I ended up wasting $24 on the most expensive dish on the menu.,"['food', 'menu']","['Food', 'General']","['negative', 'neutral']","[None, None]","[False, False]",2,False,True
mams_train_00979,mams,train,"We had a late 9:30 pm reservation; when we arrived and went to be seated, there was some type of discrepancy since the hostess was missing in action.","['miscellaneous', 'staff']","['General', 'Service']","['neutral', 'negative']","[None, None]","[False, False]",2,False,True
mams_train_00980,mams,train,"The wait staff was all hanging at the bar, lounging around.","['staff', 'place']","['Service', 'General']","['negative', 'neutral']","[None, None]","[False, False]",2,False,True
mams_train_00981,mams,train,"The menu was still small, but the quality of food that came out of the kitchen was superb, and the service was not bad at all.","['food', 'place', 'service']","['Food', 'General', 'Service']","['positive', 'neutral', 'positive']","[None, None, None]","[False, False, False]",3,False,True
mams_train_00982,mams,train,"Appetizers took their sweet time in coming, and literally about an hour later we had our main dishes which were very small considering the price.","['food', 'miscellaneous', 'price']","['Food', 'General', 'Price']","['negative', 'positive', 'neutral']","[None, None, None]","[False, False, False]",3,False,True
mams_train_00983,mams,train,"While dining on a delicate lamb carpaccio, and grilled skate wing, the owner explained that due to low lunch-time patronage, they may be discontinuing lunch altogether.","['food', 'staff']","['Food', 'Service']","['neutral', 'negative']","[None, None]","[False, False]",2,False,True
mams_train_00984,mams,train,"The decor was pleasant, but the tables were way too much crowded for a restaurant of this presumptive caliber.","['ambience', 'place']","['Ambience', 'General']","['positive', 'negative']","[None, None]","[False, False]",2,False,True
mams_train_00985,mams,train,"The only downfall was that our appetizer never showed up, we were apologized to, and it wasn't on our bill, but we also didn't get the jumbo shrimp we were all craving.","['food', 'price']","['Food', 'Price']","['negative', 'neutral']","[None, None]","[False, False]",2,False,True
mams_train_00986,mams,train,"From the enormous menu, we opted for the 3-course dinner specials - chicken soup or clam chowder, although small portions, came with loads of rolls, crackers etc.","['menu', 'miscellaneous']","['General', 'General']","['positive', 'negative']","[None, None]","[False, False]",2,False,True
mams_train_00987,mams,train,Drinks were well priced and the buyback rate was fantastic.,"['food', 'price']","['Food', 'Price']","['neutral', 'positive']","[None, None]","[False, False]",2,False,True
mams_train_00988,mams,train,"Despite him not being my designated server, he basically took over for our inexperienced waiter the rest of the dinner.","['staff', 'food']","['Service', 'Food']","['negative', 'neutral']","[None, None]","[False, False]",2,False,True
mams_train_00989,mams,train,"The service was great, the chef even gave me a complimentary dish.","['service', 'staff', 'food']","['Service', 'Service', 'Food']","['positive', 'neutral', 'positive']","[None, None, None]","[False, False, False]",3,False,True
mams_train_00990,mams,train,Tension filled the air as the chief yelled at a waiter in the middle of the bar while in uniform and drinking.,"['miscellaneous', 'ambience', 'staff', 'place']","['General', 'Ambience', 'Service', 'General']","['negative', 'neutral', 'neutral', 'neutral']","[None, None, None, None]","[False, False, False, False]",4,False,True
mams_train_00991,mams,train,then the manager gave us lemon juice instead of ceasar dressing for a ceasar salad which ruined the salad.,"['staff', 'food', 'ambience']","['Service', 'Food', 'Ambience']","['negative', 'neutral', 'neutral']","[None, None, None]","[False, False, False]",3,False,True
mams_train_00992,mams,train,"Midway through the meal the waiter came over and said we were being charged $40 a head since there were 7 of us, and they never said that when i made the reservation.","['food', 'staff', 'miscellaneous']","['Food', 'Service', 'General']","['neutral', 'negative', 'neutral']","[None, None, None]","[False, False, False]",3,False,True
mams_train_00993,mams,train,I excused myself from my table went downstairs to inform the hostess that I would like to suprise my dinner guest by recognizing his birthday in a very understated way.,"['staff', 'food']","['Service', 'Food']","['positive', 'neutral']","[None, None]","[False, False]",2,False,True
mams_train_00994,mams,train,I organized a dinner for 20 and was extremely satisfied with the results.,"['food', 'miscellaneous']","['Food', 'General']","['neutral', 'positive']","[None, None]","[False, False]",2,False,True
mams_train_00995,mams,train,The only cuisines that will provide comparable quality in the vicinity are Greek (if you know where to look) and Pizza.,"['miscellaneous', 'food']","['General', 'Food']","['neutral', 'positive']","[None, None]","[False, False]",2,False,True
mams_train_00996,mams,train,The other two entrees that were ordered were very large portions.,"['food', 'miscellaneous']","['Food', 'General']","['neutral', 'positive']","[None, None]","[False, False]",2,False,True
mams_train_00997,mams,train,"nice place, good service but the price is a little bit more expensive when compare with the area, location and small dishes.","['service', 'place', 'food']","['Service', 'General', 'Food']","['positive', 'neutral', 'negative']","[None, None, None]","[False, False, False]",3,False,True
mams_train_00998,mams,train,"We were served by two very rude waitresses who slammed every glass and dish they brought onto the table, and then got so caught up by hanging out at the bar that I eventually had to hunt them down to pay my bill.","['staff', 'food', 'miscellaneous', 'place']","['Service', 'Food', 'General', 'General']","['negative', 'neutral', 'neutral', 'neutral']","[None, None, None, None]","[False, False, False, False]",4,False,True
mams_train_00999,mams,train,The hostess kept me waiting 10 minutes (attempting to read seating chart which I assume was in cyrillic) before determining whether she could seat us.,"['staff', 'service', 'place']","['Service', 'Service', 'General']","['negative', 'neutral', 'neutral']","[None, None, None]","[False, False, False]",3,False,True
mams_train_01000,mams,train,"A server came shortly after that with a cheeseburger, which is not what i ordered.","['staff', 'food']","['Service', 'Food']","['negative', 'neutral']","[None, None]","[False, False]",2,False,True
mams_train_01001,mams,train,Went to dinner on a Friday night and the place was packed and hot.,"['food', 'place']","['Food', 'General']","['neutral', 'negative']","[None, None]","[False, False]",2,False,True
mams_train_01002,mams,train,We didn't order-the waiter just kept piling the food in front of us.,"['staff', 'food']","['Service', 'Food']","['negative', 'neutral']","[None, None]","[False, False]",2,False,True
mams_train_01003,mams,train,"Upon arrival I attempted to give a waiter my name (there doesn't seem to be a hostess) and tell him I had a 9pm reservation, but was told to just go get in line and wait for a table.","['staff', 'miscellaneous']","['Service', 'General']","['negative', 'neutral']","[None, None]","[False, False]",2,False,True
mams_train_01004,mams,train,"Food is fine but unremarkable, atmosphere is very noisy, especially for a date, and our waiter looked like he had never seen us before when we reminded him that we had ordered a second round of drinks 20 minutes earlier.","['ambience', 'staff', 'food']","['Ambience', 'Service', 'Food']","['negative', 'negative', 'neutral']","[None, None, None]","[False, False, False]",3,False,True
mams_train_01005,mams,train,"The cool thing about the 3 course price fix is that there is no special or limited menu, you can order ANY app, ANY entree and ANY Dessert.","['price', 'menu']","['Price', 'General']","['neutral', 'negative']","[None, None]","[False, False]",2,False,True
mams_train_01006,mams,train,The space is small and reservations are definitly needed.,"['place', 'miscellaneous']","['General', 'General']","['negative', 'neutral']","[None, None]","[False, False]",2,False,True
mams_train_01007,mams,train,"Servers struggle to explain the menu to those who can't tell an idli from a chapathi, but the mostly Indian clientele is completely at home with the vegetarian South Indian fare.","['staff', 'menu']","['Service', 'General']","['negative', 'neutral']","[None, None]","[False, False]",2,False,True
mams_train_01008,mams,train,"Had to constantly ask the waiter to top up water glasses, but generally service was ok.","['staff', 'miscellaneous', 'service']","['Service', 'General', 'Service']","['negative', 'neutral', 'positive']","[None, None, None]","[False, False, False]",3,False,True
mams_train_01009,mams,train,"As we sat waiting for our menus, we started noticing the frowns on the faces of the people around us, watching as patrons tried to flag down waiters without luck, asking for things like water.","['service', 'menu', 'staff', 'food']","['Service', 'General', 'Service', 'Food']","['neutral', 'neutral', 'negative', 'neutral']","[None, None, None, None]","[False, False, False, False]",4,False,True
mams_train_01010,mams,train,"Ones experience is truly dampened by having to trundle up lifts and escalators, further on arrival at the restaurant we found the actual dining room to be slightly sterile and lacking in atmosphere.","['place', 'ambience', 'miscellaneous']","['General', 'Ambience', 'General']","['negative', 'negative', 'neutral']","[None, None, None]","[False, False, False]",3,False,True
mams_train_01011,mams,train,"service was reasonably quick via delivery, but the hunan beef had no spice whatsoever and the chicken chow mein really looked inedible.","['service', 'food']","['Service', 'Food']","['positive', 'negative']","[None, None]","[False, False]",2,False,True
mams_train_01012,mams,train,"The bar is available while you waiting for the table, the DJ is nice.","['place', 'staff']","['General', 'Service']","['neutral', 'positive']","[None, None]","[False, False]",2,False,True
mams_train_01013,mams,train,"The seating for dinner is uncomfortable, too close to the bar which gets really crowded since it is so small.","['food', 'place']","['Food', 'General']","['negative', 'neutral']","[None, None]","[False, False]",2,False,True
mams_train_01014,mams,train,"In Short Custard Beach is located in the lower-level dining concourse of Grand Central Terminal, which features seating, many dining choices and a crowd of tourists and commuters.","['food', 'place']","['Food', 'General']","['positive', 'neutral']","[None, None]","[False, False]",2,False,True
mams_train_01015,mams,train,I am not one to waste dessert but we threw away the box after taking a few bites of it.,"['food', 'miscellaneous']","['Food', 'General']","['neutral', 'negative']","[None, None]","[False, False]",2,False,True
mams_train_01016,mams,train,"The food wasn't impressive either- I was expecting huge portions, but my lobster ravioli was only 4 medium sized pieces, and I've tasted better at other restaurants.","['food', 'miscellaneous']","['Food', 'General']","['negative', 'positive']","[None, None]","[False, False]",2,False,True
mams_train_01017,mams,train,"As the afternoon progresses, you'll see as many waitstaff as customers scurrying after food carts with bill cards in hand, clutching stacks of steamers back to their tables.","['staff', 'food', 'place']","['Service', 'Food', 'General']","['negative', 'neutral', 'neutral']","[None, None, None]","[False, False, False]",3,False,True
mams_train_01018,mams,train,Food was much better then I had remembered (smaller menu) Great place for lunch.,"['food', 'menu']","['Food', 'General']","['positive', 'negative']","[None, None]","[False, False]",2,False,True
mams_train_01019,mams,train,"Even if their service was not top notch at all times, at least the wait staff was very accommodating and respectful.","['service', 'staff']","['Service', 'Service']","['negative', 'positive']","[None, None]","[False, False]",2,False,True
mams_train_01020,mams,train,Our waitress bought us a round of after drinks too.,"['staff', 'food']","['Service', 'Food']","['positive', 'neutral']","[None, None]","[False, False]",2,False,True
mams_train_01021,mams,train,"This is the perfect place to come with a group from work, people from out of town, or just to have a drink at the bar and enjoy the atmosphere.","['food', 'place', 'ambience']","['Food', 'General', 'Ambience']","['neutral', 'neutral', 'positive']","[None, None, None]","[False, False, False]",3,False,True
mams_train_01022,mams,train,"While you're standing around for a good half hour waiting for two plain burgers, you're being bumped into by people waiting to be seated because of the narrow passageway leading to the dining area.","['service', 'food', 'place']","['Service', 'Food', 'General']","['negative', 'neutral', 'neutral']","[None, None, None]","[False, False, False]",3,False,True
mams_train_01023,mams,train,after the main course the waitress brought desert menus and never came back.,"['staff', 'menu']","['Service', 'General']","['negative', 'neutral']","[None, None]","[False, False]",2,False,True
mams_train_01024,mams,train,"When the other half of my party arrived, the waited helped us with the menu, and i was happy to know you can mix and match items in their lunch box I got the mekong box and i could not believe how great the pork sandwich was, I also enjoyed the asian salad and brownie tremendously.","['menu', 'food', 'miscellaneous']","['General', 'Food', 'General']","['neutral', 'positive', 'neutral']","[None, None, None]","[False, False, False]",3,False,True
mams_train_01025,mams,train,"The Scene Upstairs in a narrow, handsome but oddly shaped space, this serene, refined restaurant caters to a mostly business-oriented crowd that, auspiciously one presumes, is predominantly Japanese.","['miscellaneous', 'place']","['General', 'General']","['neutral', 'positive']","[None, None]","[False, False]",2,False,True
mams_train_01026,mams,train,"The bread was served, one razor thin slice on our bread plate, by the waiter.","['service', 'staff']","['Service', 'Service']","['neutral', 'negative']","[None, None]","[False, False]",2,False,True
mams_train_01027,mams,train,Good value for breakfast.,"['miscellaneous', 'food']","['General', 'Food']","['positive', 'neutral']","[None, None]","[False, False]",2,False,True
mams_train_01028,mams,train,Went here with my husband on a Saturday night for dinner since the place looked like it had great atmosphere.,"['food', 'place', 'ambience']","['Food', 'General', 'Ambience']","['neutral', 'neutral', 'positive']","[None, None, None]","[False, False, False]",3,False,True
mams_train_01029,mams,train,"However, unlike a lot of places the service was great: we walked in after not being able to get a reservation and were seated within 10 mins.","['service', 'miscellaneous']","['Service', 'General']","['positive', 'neutral']","[None, None]","[False, False]",2,False,True
mams_train_01030,mams,train,I haven't tried a lot of their menu however their appitizers are tasty and fairly priced.,"['menu', 'food', 'price']","['General', 'Food', 'Price']","['neutral', 'positive', 'positive']","[None, None, None]","[False, False, False]",3,False,True
mams_train_01031,mams,train,Highly suggest you sit at the bar for added atmosphere and generally friendly people.,"['place', 'ambience']","['General', 'Ambience']","['neutral', 'positive']","[None, None]","[False, False]",2,False,True
mams_train_01032,mams,train,Our waitress was a bit cold but she was still attentive and food came quickly.,"['staff', 'food']","['Service', 'Food']","['negative', 'positive']","[None, None]","[False, False]",2,False,True
mams_train_01033,mams,train,"From the bottomless cup of coffee to the basket o' scones mini-muffins to the delicious entrees, Dizzy's is the place to be.","['food', 'miscellaneous']","['Food', 'General']","['positive', 'neutral']","[None, None]","[False, False]",2,False,True
mams_train_01034,mams,train,We ended up hanging out for a few hours at their bar with a staff that we felt like we've known for years.,"['place', 'staff']","['General', 'Service']","['neutral', 'positive']","[None, None]","[False, False]",2,False,True
mams_train_01035,mams,train,"To SM's credit, our waiter was eventually replaced and the matre d' offered us free dessert, but we're not going back there ever again.","['staff', 'food']","['Service', 'Food']","['neutral', 'positive']","[None, None]","[False, False]",2,False,True
mams_train_01036,mams,train,"Be prepared to make friends with the people sitting next to you, tight seating.","['miscellaneous', 'place']","['General', 'General']","['neutral', 'negative']","[None, None]","[False, False]",2,False,True
mams_train_01037,mams,train,"Our server was a delight, she helped guide us through the menu with honest insight.","['staff', 'menu']","['Service', 'General']","['positive', 'neutral']","[None, None]","[False, False]",2,False,True
mams_train_01038,mams,train,"When I read some of the reviews in this section, I am not sure if they had diner in the same restaurant and also I would not be suprise if they decided to have their Branzino well done with butter on the side.","['place', 'food']","['General', 'Food']","['neutral', 'positive']","[None, None]","[False, False]",2,False,True
mams_train_01039,mams,train,"There's no bar, only beer and wine, and you're likely to be annoyed by unruly Park Slope offsprings, so come late and enjoy the smart wine list.","['place', 'food']","['General', 'Food']","['neutral', 'positive']","[None, None]","[False, False]",2,False,True
mams_train_01040,mams,train,"Not only is there very little on the menu besides steak, but you really have no choice of what cut of meat to get.","['menu', 'food']","['General', 'Food']","['neutral', 'negative']","[None, None]","[False, False]",2,False,True
mams_train_01041,mams,train,"On top of it all, I was with family from out of town and the only reason I took them there was because a friend had mentioned the place and Coffee Shop had a little wait.","['place', 'food', 'service']","['General', 'Food', 'Service']","['neutral', 'neutral', 'positive']","[None, None, None]","[False, False, False]",3,False,True
mams_train_01042,mams,train,"What I thought was a rip off was, when we were ordering, the waiter told us there was a minimum of food we can purchase.","['staff', 'food']","['Service', 'Food']","['negative', 'neutral']","[None, None]","[False, False]",2,False,True
mams_train_01043,mams,train,"The food *was* pretty good, though, (though certainly not worth the prices) so it's worth checking out if you have an expense account to work with.","['food', 'price']","['Food', 'Price']","['positive', 'negative']","[None, None]","[False, False]",2,False,True
mams_train_01044,mams,train,"- , the desserts are sinful, the moroccan hospitality evident in the wait staff's friendliness and there is an overall ambience that makes you want to stay all night!","['food', 'staff', 'ambience']","['Food', 'Service', 'Ambience']","['positive', 'positive', 'neutral']","[None, None, None]","[False, False, False]",3,False,True
mams_train_01045,mams,train,"Service was good, the waiter was a little flip, but we can deal with that.","['service', 'staff']","['Service', 'Service']","['positive', 'negative']","[None, None]","[False, False]",2,False,True
mams_train_01046,mams,train,The service and atmosphere may not set your mood but when you're done you will realize that it's only the food that counts!,"['ambience', 'food']","['Ambience', 'Food']","['negative', 'positive']","[None, None]","[False, False]",2,False,True
mams_train_01047,mams,train,"We ordered one of the specials our decent waiter mentioned, and one of the chicken dishes off the menu.","['food', 'staff', 'menu']","['Food', 'Service', 'General']","['neutral', 'positive', 'neutral']","[None, None, None]","[False, False, False]",3,False,True
mams_train_01048,mams,train,I got fed up waiting that I went to get the check and paid for it at the counter where my waitor was busy flirting with the cashier.,"['service', 'place']","['Service', 'General']","['negative', 'neutral']","[None, None]","[False, False]",2,False,True
mams_train_01049,mams,train,"Although the food was in small portions, it was good.","['food', 'miscellaneous']","['Food', 'General']","['positive', 'negative']","[None, None]","[False, False]",2,False,True
mams_train_01050,mams,train,"Service was at best distracted, at worst disdainful, even though we came early with a reservation and are not food novices.","['service', 'miscellaneous']","['Service', 'General']","['negative', 'neutral']","[None, None]","[False, False]",2,False,True
mams_train_01051,mams,train,"One example: They literally took bread from my baby, after we ordered a brick oven pizza, not food (the waiter's words).","['food', 'staff']","['Food', 'Service']","['negative', 'neutral']","[None, None]","[False, False]",2,False,True
mams_train_01052,mams,train,"The drinks are cute as is concept--unfortunately, the service is not and neither is the wait.","['food', 'service']","['Food', 'Service']","['positive', 'negative']","[None, None]","[False, False]",2,False,True
mams_train_01053,mams,train,The garden is beautiful and romantic place to share dinner with that special someone or just with friends.,"['place', 'food']","['General', 'Food']","['positive', 'neutral']","[None, None]","[False, False]",2,False,True
mams_train_01054,mams,train,Seating is usually very prompt but expect a wait at peak times such as Sunday Brunch.,"['service', 'food']","['Service', 'Food']","['negative', 'neutral']","[None, None]","[False, False]",2,False,True
mams_train_01055,mams,train,We ate here once and the waiter was very aggressive about pushing the specials instead of what was on the menu.,"['staff', 'menu']","['Service', 'General']","['negative', 'neutral']","[None, None]","[False, False]",2,False,True
mams_train_01056,mams,train,Though the celery root soup was super yummy - everything else was an overpriced letdown- the plates come out looking like it's the depression era.,"['food', 'miscellaneous']","['Food', 'General']","['positive', 'negative']","[None, None]","[False, False]",2,False,True
mams_train_01057,mams,train,I ordered the plane no fuss SALMON and it was honestly the best salmon EVER.,"['miscellaneous', 'food']","['General', 'Food']","['neutral', 'positive']","[None, None]","[False, False]",2,False,True
mams_train_01058,mams,train,My boyfriend and I loved Imagine Bar and Grill.,"['place', 'food']","['General', 'Food']","['positive', 'neutral']","[None, None]","[False, False]",2,False,True
mams_train_01059,mams,train,"We recently visited Madiba for lunch, and our waitress was sweet but ineffective.","['food', 'staff']","['Food', 'Service']","['neutral', 'positive']","[None, None]","[False, False]",2,False,True
mams_train_01060,mams,train,I politely asked the waitress to explain these charges noting that the menu was misleading and she got frustrated mad and then told her manager.,"['staff', 'menu']","['Service', 'General']","['negative', 'neutral']","[None, None]","[False, False]",2,False,True
mams_train_01061,mams,train,"The wait staff are friendly, but they disappear after they take initial drink and food order.","['staff', 'food', 'miscellaneous']","['Service', 'Food', 'General']","['positive', 'neutral', 'neutral']","[None, None, None]","[False, False, False]",3,False,True
mams_train_01062,mams,train,had the $80 chefs tasting menu - was excellent -and we were stuffed - basically is a bit of all of their special dishes - one at a time - with sushi soup coming last.,"['staff', 'food']","['Service', 'Food']","['positive', 'neutral']","[None, None]","[False, False]",2,False,True
mams_train_01063,mams,train,"I ordered a dirty martini that was not dirty at all-and when I asked the waitress to make it dirtier, instead of reshaking/making it at the bar, she broght me over some olive juice in a cup!?","['food', 'staff', 'place']","['Food', 'Service', 'General']","['negative', 'neutral', 'neutral']","[None, None, None]","[False, False, False]",3,False,True
mams_train_01064,mams,train,"last time, the waiter told my roommate he'd have to charge her $5 for mushrooms as one of her omelette choices (never heard that at my other favorite brunch places.","['staff', 'place']","['Service', 'General']","['negative', 'positive']","[None, None]","[False, False]",2,False,True
mams_train_01065,mams,train,My date and I were both taken back by the lack of the friendly attitude from the owner of the restaurant.,"['service', 'staff']","['Service', 'Service']","['positive', 'neutral']","[None, None]","[False, False]",2,False,True
mams_train_01066,mams,train,"atmosphere is not that relaxing, if you go - you MUST bring a cell phone and go down the street for a drink.","['ambience', 'food']","['Ambience', 'Food']","['negative', 'neutral']","[None, None]","[False, False]",2,False,True
mams_train_01067,mams,train,"Everyone says that their round slice is no good, but the Sicilian is so good that I have never tried the round.","['miscellaneous', 'food']","['General', 'Food']","['negative', 'positive']","[None, None]","[False, False]",2,False,True
mams_train_01068,mams,train,"My party felt like we got put in a dining room for tourist, which must have been the penalty box area for the disgruntled wait staff on duty.","['place', 'staff']","['General', 'Service']","['neutral', 'negative']","[None, None]","[False, False]",2,False,True
mams_train_01069,mams,train,"The place is small and intimate and you may feel a little crowded, but the service is excellent and it's great for friends out, a romantic date, or a special occassion.","['place', 'service']","['General', 'Service']","['negative', 'positive']","[None, None]","[False, False]",2,False,True
mams_train_01070,mams,train,I recently went to this restaurant with some co-workers for lunch and had an amazing time.,"['food', 'miscellaneous']","['Food', 'General']","['neutral', 'positive']","[None, None]","[False, False]",2,False,True
mams_train_01071,mams,train,I felt that the meat had little flavor(ribs and chicken) and as result I had to use A ALOT of their bbq sauce (which is good) and the ribs were not falling of the bone.,"['food', 'ambience']","['Food', 'Ambience']","['positive', 'negative']","[None, None]","[False, False]",2,False,True
mams_train_01072,mams,train,The server (Jasmine) checked up on us periodically and was patient as she explained certain menu items.,"['staff', 'food']","['Service', 'Food']","['positive', 'neutral']","[None, None]","[False, False]",2,False,True
mams_train_01073,mams,train,"The decor in the dinin room is a bit bland, but the service is always friendly.","['ambience', 'place', 'service']","['Ambience', 'General', 'Service']","['negative', 'neutral', 'positive']","[None, None, None]","[False, False, False]",3,False,True
mams_train_01074,mams,train,"I'd say the menu is generally below-average for the neighborhood, but if you want a burger, this is the place to go.","['menu', 'food']","['General', 'Food']","['negative', 'positive']","[None, None]","[False, False]",2,False,True
mams_train_01075,mams,train,"The wait here is long for dim sum, but if you don't like sharing tables or if the typical raucous dim sum atmosphere is not your gig, this is a sleek (for Chinatown) alternative.","['service', 'food']","['Service', 'Food']","['negative', 'neutral']","[None, None]","[False, False]",2,False,True
mams_train_01076,mams,train,Once seated we were greeted by a very rude waiter who threw menus at us and then snatched them away as we were ordering.,"['staff', 'menu']","['Service', 'General']","['negative', 'neutral']","[None, None]","[False, False]",2,False,True
mams_train_01077,mams,train,"The wine list is short and the wine glasses suck (not spigleau or riedel, in addition they are small for the big italian wines on the menu).","['food', 'menu']","['Food', 'General']","['negative', 'neutral']","[None, None]","[False, False]",2,False,True
mams_train_01078,mams,train,It's a shame you can't even sample the food or sit in what is a very nice space.,"['food', 'place']","['Food', 'General']","['neutral', 'positive']","[None, None]","[False, False]",2,False,True
mams_train_01079,mams,train,"If you don't care about the wait staff as long as they bring you your drinks and dinner, then go to Opa.","['staff', 'food']","['Service', 'Food']","['negative', 'neutral']","[None, None]","[False, False]",2,False,True
mams_train_01080,mams,train,Even though the place was more than half empty he refused to do so because we had already given our order to the waiter and a change of tables would cause too much confusion.,"['place', 'staff', 'miscellaneous']","['General', 'Service', 'General']","['negative', 'neutral', 'negative']","[None, None, None]","[False, False, False]",3,False,True
mams_train_01081,mams,train,"The food wasn't overwhelming, but was very tasty, and the space wasn't overcrowded or obnoxious - the waiters and waitresses were attentive and helpful, but not obtrusive.","['food', 'place', 'staff']","['Food', 'General', 'Service']","['negative', 'positive', 'positive']","[None, None, None]","[False, False, False]",3,False,True
mams_train_01082,mams,train,Seemed like they got something wrong with every drink order Bartenders were def.,"['food', 'staff']","['Food', 'Service']","['neutral', 'negative']","[None, None]","[False, False]",2,False,True
mams_train_01083,mams,train,A few times at the bar I felt as though the Sushi chef an older gentleman was laughing at me and my girlfriend.,"['place', 'staff']","['General', 'Service']","['neutral', 'negative']","[None, None]","[False, False]",2,False,True
mams_train_01084,mams,train,"Also, they upped their prices, so I have their old menu, and was surprised when my bill came to over $5 more than it used to (I know, not a huge deal).","['price', 'menu']","['Price', 'General']","['negative', 'neutral']","[None, None]","[False, False]",2,False,True
mams_train_01085,mams,train,They kept us waiting for more than an hour WITH a reservation and WITHOUT an apology.,"['service', 'miscellaneous']","['Service', 'General']","['negative', 'neutral']","[None, None]","[False, False]",2,False,True
mams_train_01086,mams,train,"Though the wait staff was attentive, when the raw (really, not al dente) potatoes were brought to our server's attention, she listened but didn't respond.","['staff', 'food']","['Service', 'Food']","['positive', 'negative']","[None, None]","[False, False]",2,False,True
mams_train_01087,mams,train,"An Egg like custard appetizer, a platter of different kinds of rolls made from: Lobster, Eel, Sword Fish, Trout, Blue Fin Tuna, Horse Mackerel, and Salmon Roe.","['miscellaneous', 'food']","['General', 'Food']","['neutral', 'positive']","[None, None]","[False, False]",2,False,True
mams_train_01088,mams,train,"Our waiter fast to get our drinks, aptz, and orders.","['staff', 'food']","['Service', 'Food']","['positive', 'neutral']","[None, None]","[False, False]",2,False,True
mams_train_01089,mams,train,"Their service needs some work, but it is safe to say that you will enjoy the food.","['service', 'food']","['Service', 'Food']","['negative', 'positive']","[None, None]","[False, False]",2,False,True
mams_train_01090,mams,train,Don't let the decor fool you because you will miss out in some of the best food you ever eaten.,"['ambience', 'food']","['Ambience', 'Food']","['negative', 'positive']","[None, None]","[False, False]",2,False,True
mams_train_01091,mams,train,"worth every penny, and with the deals on the bar , you could drink and sing to CURRYoke all night,,,,","['price', 'place', 'food']","['Price', 'General', 'Food']","['positive', 'neutral', 'neutral']","[None, None, None]","[False, False, False]",3,False,True
mams_train_01092,mams,train,"I naively thought dinner was served during the show, but the waiters don't come by once the shows start, so order your wine 30 mins before the show start time.","['food', 'service', 'staff']","['Food', 'Service', 'Service']","['neutral', 'neutral', 'negative']","[None, None, None]","[False, False, False]",3,False,True
mams_train_01093,mams,train,"The Scene With three outposts around town, Sarabeth's Kitchen has become a well-known and reliable spot for casual dining at breakfast, lunch or dinner.","['miscellaneous', 'place', 'food']","['General', 'General', 'Food']","['positive', 'neutral', 'neutral']","[None, None, None]","[False, False, False]",3,False,True
mams_train_01094,mams,train,We actually enjoy eating there earlier for lunch definatly a more relaxed atmosphere.,"['food', 'ambience']","['Food', 'Ambience']","['neutral', 'positive']","[None, None]","[False, False]",2,False,True
mams_train_01095,mams,train,"In addition to the two rounds of drinks, the bartender and owner were a hoot.","['food', 'staff']","['Food', 'Service']","['neutral', 'positive']","[None, None]","[False, False]",2,False,True
mams_train_01096,mams,train,"When I got home, there was a message on the machine because the owner realized that our waitress forgot to charge us for our wine.","['staff', 'food']","['Service', 'Food']","['negative', 'neutral']","[None, None]","[False, False]",2,False,True
mams_train_01097,mams,train,"We were seated promptly there were a few people waiting in the bar, but had ordered quickly been at the table less than 45 mins.","['service', 'place']","['Service', 'General']","['positive', 'neutral']","[None, None]","[False, False]",2,False,True
mams_train_01098,mams,train,The waitress could have been more specific when I asked for a wine suggestion.,"['staff', 'food']","['Service', 'Food']","['negative', 'neutral']","[None, None]","[False, False]",2,False,True
mams_train_01099,mams,train,The uptight female manager came up to our table and rudely asked us to get up because they had a party waiting to eat.,"['staff', 'service']","['Service', 'Service']","['negative', 'neutral']","[None, None]","[False, False]",2,False,True
mams_train_01100,mams,train,"However, didnt take too long to get drinks and the hostess seated us promptly.","['food', 'staff']","['Food', 'Service']","['neutral', 'positive']","[None, None]","[False, False]",2,False,True
mams_train_01101,mams,train,The prices are decent for this type of food and dining experience.,"['price', 'food', 'miscellaneous']","['Price', 'Food', 'General']","['positive', 'neutral', 'neutral']","[None, None, None]","[False, False, False]",3,False,True
mams_train_01102,mams,train,Interesting crowd for people watching - old school Italian music cranking - friendly Italian waitress brought us our wine garlic bread in no time.,"['ambience', 'staff', 'food']","['Ambience', 'Service', 'Food']","['positive', 'positive', 'neutral']","[None, None, None]","[False, False, False]",3,False,True
mams_train_01103,mams,train,"Their relatively recent introduction of a version of the Sicilian pie is called the Grandma pie featuring a thin crust, much sauce, with less cheese, and chopped Basil.","['food', 'miscellaneous']","['Food', 'General']","['positive', 'neutral']","[None, None]","[False, False]",2,False,True
mams_train_01104,mams,train,"Went on a Saturday with out of town tickets and the food was great but the service was awful, even surely.","['food', 'service']","['Food', 'Service']","['positive', 'negative']","[None, None]","[False, False]",2,False,True
mams_train_01105,mams,train,"Whatever happen to FAMILY STYLE Thai cooking, the portion are too small and tradtional thai cooking uses MSG which I prefer not to have in my body.","['food', 'miscellaneous']","['Food', 'General']","['neutral', 'negative']","[None, None]","[False, False]",2,False,True
mams_train_01106,mams,train,"They have possibly the worst service in New York I have waited until the waiter has finished his paper, begged for water and waited over an hour for my meal.","['service', 'staff', 'food']","['Service', 'Service', 'Food']","['negative', 'negative', 'neutral']","[None, None, None]","[False, False, False]",3,False,True
mams_train_01107,mams,train,"By the end of the meal, we were shaking hands with/hugging our waiter as we stumbled/rolled out the door.","['food', 'staff']","['Food', 'Service']","['neutral', 'positive']","[None, None]","[False, False]",2,False,True
mams_train_01108,mams,train,The waitress at the bar was very nasty to me because she mistakenly took an order for thai ice tea from me when I asked for thai lemonade in a to-go cup.,"['staff', 'place', 'food']","['Service', 'General', 'Food']","['negative', 'neutral', 'neutral']","[None, None, None]","[False, False, False]",3,False,True
mams_train_01109,mams,train,If you don't want to wait 45 minutes for a table or a long time for service then don't go @ 9pm on a Friday or Saturday night.,"['miscellaneous', 'service']","['General', 'Service']","['neutral', 'negative']","[None, None]","[False, False]",2,False,True
mams_train_01110,mams,train,"The manager also refused to remove the drink from the check, suggesting that if we didnt like it, we could simply remove the corn ourselves.","['staff', 'food']","['Service', 'Food']","['negative', 'neutral']","[None, None]","[False, False]",2,False,True
mams_train_01111,mams,train,"The space is cool, but the food and service were awful.","['place', 'food', 'service']","['General', 'Food', 'Service']","['positive', 'negative', 'negative']","[None, None, None]","[False, False, False]",3,False,True
mams_train_01112,mams,train,The place is full of flavor and color and the music just puts you in the mood for food and drinks.,"['place', 'ambience', 'food']","['General', 'Ambience', 'Food']","['neutral', 'positive', 'positive']","[None, None, None]","[False, False, False]",3,False,True
mams_train_01113,mams,train,"I loved the food and service here, the only downside was the decor was dissappointing and the prices are a bit high (about $30 for an entree.","['food', 'service', 'ambience', 'price']","['Food', 'Service', 'Ambience', 'Price']","['positive', 'positive', 'negative', 'negative']","[None, None, None, None]","[False, False, False, False]",4,False,True
mams_train_01114,mams,train,"Plus, everything comes in small to average portions, so the next time you get a sushi craving, I don't recommend that you go here.","['miscellaneous', 'food']","['General', 'Food']","['negative', 'neutral']","[None, None]","[False, False]",2,False,True
mams_train_01115,mams,train,"we had dinner at becco on a friday night, and were seated in the left bar area, which while pretty crowded, had a manageable noise level.","['food', 'ambience']","['Food', 'Ambience']","['neutral', 'negative']","[None, None]","[False, False]",2,False,True
mams_train_01116,mams,train,We had a 9:30pm reservation for two which stretched out to an hour wait.,"['miscellaneous', 'service']","['General', 'Service']","['neutral', 'negative']","[None, None]","[False, False]",2,False,True
mams_train_01117,mams,train,If only they'd get a better wine list - the reds are all so mediocre - this would be the perfect meal.,"['miscellaneous', 'food']","['General', 'Food']","['negative', 'positive']","[None, None]","[False, False]",2,False,True
mams_train_01118,mams,train,Special touch -- my dessert plate had Happy Birthday drizzled in chocolate.,"['miscellaneous', 'food']","['General', 'Food']","['positive', 'neutral']","[None, None]","[False, False]",2,False,True
mams_train_01119,mams,train,"The service isn't fantastic and the seating is a bit tight but if you aren't looking Four Seasons type quality, then this is the perfect spot to meet some friends for dinner or lunch.","['service', 'place', 'miscellaneous', 'food']","['Service', 'General', 'General', 'Food']","['negative', 'negative', 'neutral', 'neutral']","[None, None, None, None]","[False, False, False, False]",4,False,True
mams_train_01120,mams,train,This is the perfect spot to meet up with friends and have a drink at the bar or stay a while and enjoy the scene and savor the food.,"['miscellaneous', 'food', 'place']","['General', 'Food', 'General']","['positive', 'positive', 'neutral']","[None, None, None]","[False, False, False]",3,False,True
mams_train_01121,mams,train,"We got the tasting menu($100 for two), which was a selection of the signature dishes.","['menu', 'food']","['General', 'Food']","['positive', 'neutral']","[None, None]","[False, False]",2,False,True
mams_train_01122,mams,train,The arrogant maitre'd was annoyed when i asked about sitting down those tables are for other reservations low and behold those tables were still open as my wife and I finished dinner.,"['staff', 'miscellaneous', 'food']","['Service', 'General', 'Food']","['negative', 'neutral', 'neutral']","[None, None, None]","[False, False, False]",3,False,True
mams_train_01123,mams,train,Don't go if you want a serene environment to go with your sushi.,"['ambience', 'food']","['Ambience', 'Food']","['positive', 'neutral']","[None, None]","[False, False]",2,False,True
mams_train_01124,mams,train,the food is still awesome - the twist on mexican is perfect - but the service is terrible - from the apathetic hosts to the unbelievably slow servers.,"['food', 'staff']","['Food', 'Service']","['positive', 'negative']","[None, None]","[False, False]",2,False,True
mams_train_01125,mams,train,"We were here for lunch and were seated promptly in the bright, comfortable dining room.","['food', 'service']","['Food', 'Service']","['neutral', 'positive']","[None, None]","[False, False]",2,False,True
mams_train_01126,mams,train,"Caravan can be a little slow sometimes, but more than makes up for it in the quality of the food and the care of wait staff.","['food', 'service', 'staff']","['Food', 'Service', 'Service']","['positive', 'neutral', 'positive']","[None, None, None]","[False, False, False]",3,False,True
mams_train_01127,mams,train,"Bland food, arroganrt waiters.","['food', 'staff']","['Food', 'Service']","['positive', 'negative']","[None, None]","[False, False]",2,False,True
mams_train_01128,mams,train,"The service is a bit slow, but harkens back to my years growing up in Napoli, Italy where things are not rushed and when you sit down for dinner the table is yours all night.","['service', 'food']","['Service', 'Food']","['negative', 'neutral']","[None, None]","[False, False]",2,False,True
mams_train_01129,mams,train,"I will definitely try dinner, but they do need to fix the kitchen shifts so that people get served in a reasonable time.","['food', 'place']","['Food', 'General']","['positive', 'neutral']","[None, None]","[False, False]",2,False,True
mams_train_01130,mams,train,I went to Ciao on a Saturday evening and the food was not up to the price asked for.,"['food', 'price']","['Food', 'Price']","['negative', 'neutral']","[None, None]","[False, False]",2,False,True
mams_train_01131,mams,train,My group and I cancelled whatever drinks we ordered (no food order since there was NO wait staff) and left.,"['food', 'staff']","['Food', 'Service']","['neutral', 'negative']","[None, None]","[False, False]",2,False,True
mams_train_01132,mams,train,"The waiters do not tell you that and our large party wound up with over $100 extra food because all members thought dessert, coffee/tea were included - which they lead you to believe - and they weren't.","['staff', 'food']","['Service', 'Food']","['negative', 'neutral']","[None, None]","[False, False]",2,False,True
mams_train_01133,mams,train,"On the menu, unusual offerings like mango salad, Kashmiri chicken and whole fish cooked in mustard sauce refute the strip's infamous reputation for one-sauce-fits-all cooking.","['menu', 'food']","['General', 'Food']","['neutral', 'positive']","[None, None]","[False, False]",2,False,True
mams_train_01134,mams,train,Knock off 15-20% of the prices and you have a decent night out.,"['price', 'miscellaneous']","['Price', 'General']","['neutral', 'positive']","[None, None]","[False, False]",2,False,True
mams_train_01135,mams,train,had to ask the host for the check because the waitress was sitting at another table taking their order.,"['staff', 'price']","['Service', 'Price']","['negative', 'neutral']","[None, None]","[False, False]",2,False,True
mams_train_01136,mams,train,"However for one appetizer, three entree's, one shared dessert, and two bottles of white, the bill was a cool $100!","['food', 'price']","['Food', 'Price']","['neutral', 'positive']","[None, None]","[False, False]",2,False,True
mams_train_01137,mams,train,We sat at the bar so the service wasn't too bad.,"['place', 'service']","['General', 'Service']","['neutral', 'positive']","[None, None]","[False, False]",2,False,True
mams_train_01138,mams,train,"I liked the hummos platter, the brie sandwich, and about 20 other things on the menu (if they still have the chocolate cake you need to get it).","['miscellaneous', 'food', 'menu']","['General', 'Food', 'General']","['positive', 'positive', 'neutral']","[None, None, None]","[False, False, False]",3,False,True
mams_train_01139,mams,train,"But in my opinion, a great experience doesn't just pertain to food, and an evening of dining is certainly given a bad taste when the service is not up to par.","['food', 'service']","['Food', 'Service']","['neutral', 'negative']","[None, None]","[False, False]",2,False,True
mams_train_01140,mams,train,A regular Japanese menu is available for those who would like to experience traditional Japanese cuisine.,"['menu', 'food']","['General', 'Food']","['neutral', 'positive']","[None, None]","[False, False]",2,False,True
mams_train_01141,mams,train,"It's in a less travelled spot on 3rd, but the intimate setting is great and romantic.","['miscellaneous', 'ambience']","['General', 'Ambience']","['negative', 'positive']","[None, None]","[False, False]",2,False,True
mams_train_01142,mams,train,The kitchen staff either cannot or will not accomodate special diets which is surprising given that there are so many fine dining establishments that do have special menus to cater to vegetarians.,"['staff', 'menu']","['Service', 'General']","['negative', 'neutral']","[None, None]","[False, False]",2,False,True
mams_train_01143,mams,train,"It's a good place to meet up with a friend while shopping, grab lunch (although the lines do get long), dining solo, or to take home after work.","['miscellaneous', 'food']","['General', 'Food']","['negative', 'neutral']","[None, None]","[False, False]",2,False,True
mams_train_01144,mams,train,The server also forgot about our dessert.,"['staff', 'food']","['Service', 'Food']","['negative', 'neutral']","[None, None]","[False, False]",2,False,True
mams_train_01145,mams,train,"The only thing that I was unhappy about was that one time, the restaurant received a delivery of supplies and the rolled it in through the dining area into the back kitchen, with the deliverymen shouting loud things to each other in chinese.","['place', 'staff']","['General', 'Service']","['neutral', 'negative']","[None, None]","[False, False]",2,False,True
mams_train_01146,mams,train,"It came with a (small) salad, large bowl of udon, and 6 pieces of sushi plus wrapped rice (not sure what that was called.","['food', 'miscellaneous']","['Food', 'General']","['neutral', 'positive']","[None, None]","[False, False]",2,False,True
mams_train_01147,mams,train,We sat at the bar and were constantly bumped by the waitress flying past; had fabulously fresh raw oysters with pieces of shell in every bite; lobsters rolls were tasty but the large pieces of meat were tough; the apple crumble was excellent but the ice cream was over-frozen and the stench of frying oil was nearly unbearable.,"['place', 'staff', 'food']","['General', 'Service', 'Food']","['neutral', 'negative', 'positive']","[None, None, None]","[False, False, False]",3,False,True
mams_train_01148,mams,train,best chicken in queens.,"['food', 'miscellaneous']","['Food', 'General']","['positive', 'neutral']","[None, None]","[False, False]",2,False,True
mams_train_01149,mams,train,Reservations for parties under 5 people isn't allowed but their yummy cocktails and handsome waiters help soothe the pain.,"['miscellaneous', 'staff']","['General', 'Service']","['neutral', 'positive']","[None, None]","[False, False]",2,False,True
mams_train_01150,mams,train,"Interior is limited, but there is a second floor for dining to avoid some of the main floor chatter.","['place', 'food']","['General', 'Food']","['negative', 'neutral']","[None, None]","[False, False]",2,False,True
mams_train_01151,mams,train,"Handsome baritone Nordic waiters patrol the room, proffering fresh-squeezed juices and $4-a-person pots of French press coffee.","['staff', 'food']","['Service', 'Food']","['positive', 'neutral']","[None, None]","[False, False]",2,False,True
mams_train_01152,mams,train,"The bartender said that they didn't have one, but did say, We have mixed drinks.","['staff', 'food']","['Service', 'Food']","['negative', 'neutral']","[None, None]","[False, False]",2,False,True
mams_train_01153,mams,train,It seemed to take the new staff forever to figure out what they were doing; I had one nightmare of a brunch where the registers didn't seem to work and it literally took over an hour to get our check.,"['staff', 'food']","['Service', 'Food']","['negative', 'neutral']","[None, None]","[False, False]",2,False,True
mams_train_01154,mams,train,The waitress was slow and forgot drinks and food we ordered.,"['staff', 'food']","['Service', 'Food']","['negative', 'neutral']","[None, None]","[False, False]",2,False,True
mams_train_01155,mams,train,"The waiter was not attentive he gave me the wrong drink twice and the bill for three people who had appertizers, a drink and an entree was $200.","['staff', 'food']","['Service', 'Food']","['negative', 'neutral']","[None, None]","[False, False]",2,False,True
mams_train_01156,mams,train,"A bustling crew of sage green-shirted servers whisk plates of luncheon and light dinner favorites to power lunchers, tourists, and ladies who lunch.","['staff', 'miscellaneous', 'food']","['Service', 'General', 'Food']","['negative', 'neutral', 'neutral']","[None, None, None]","[False, False, False]",3,False,True
mams_train_01157,mams,train,"the place has an awesome decore, with fish swiming below certain tables.","['ambience', 'food', 'place']","['Ambience', 'Food', 'General']","['positive', 'positive', 'neutral']","[None, None, None]","[False, False, False]",3,False,True
mams_train_01158,mams,train,"When one purchases a bottle of wine, it's fairly common practice for a server to come by and refill your glass, but not the case here; 2.","['staff', 'miscellaneous']","['Service', 'General']","['negative', 'neutral']","[None, None]","[False, False]",2,False,True
mams_train_01159,mams,train,"Service: Below Average, the staff joked stood around in the dinning room joking around with each other.","['service', 'staff', 'place']","['Service', 'Service', 'General']","['negative', 'negative', 'neutral']","[None, None, None]","[False, False, False]",3,False,True
mams_train_01160,mams,train,Although the dining area is a bit small you'll feel at home as the owner is very friendly and talkative.,"['place', 'staff']","['General', 'Service']","['negative', 'positive']","[None, None]","[False, False]",2,False,True
mams_train_01161,mams,train,"In April, the service was fair but again, the food was at best only warm.","['service', 'food']","['Service', 'Food']","['positive', 'negative']","[None, None]","[False, False]",2,False,True
mams_train_01162,mams,train,"Increedible value, 3 courses $20 price fixe(menu changes everyday), organic seldom seen wines all around $20.","['miscellaneous', 'menu']","['General', 'General']","['positive', 'neutral']","[None, None]","[False, False]",2,False,True
mams_train_01163,mams,train,"Perhaps it was because the 20% tip was already added to the bill, but the waiter brought us plain gazpacho without any of the other ingredients described on the menu; later, when we complained, he brought us saucers of garnish instead of new bowls of the soup properly prepared.","['price', 'staff', 'food', 'miscellaneous']","['Price', 'Service', 'Food', 'General']","['neutral', 'negative', 'neutral', 'positive']","[None, None, None, None]","[False, False, False, False]",4,False,True
mams_train_01164,mams,train,"Yes the wait is dreafully long, the place feels a bit uncomfortable to talk in with your dining partner, but the food is excellent none the less.","['service', 'food']","['Service', 'Food']","['negative', 'positive']","[None, None]","[False, False]",2,False,True
mams_train_01165,mams,train,The host came by and told us that they made a mistake and would have to seat us at a two-person table.,"['staff', 'miscellaneous']","['Service', 'General']","['negative', 'neutral']","[None, None]","[False, False]",2,False,True
mams_train_01166,mams,train,"The atmosphere couldn't be better, and the service was outstanding -- at the time there were only two people working the entire bar, and we still got taken care of like it was a five star restaurant.","['ambience', 'service', 'place']","['Ambience', 'Service', 'General']","['positive', 'positive', 'neutral']","[None, None, None]","[False, False, False]",3,False,True
mams_train_01167,mams,train,The food was great so that made up for the lack of service from the waitress.,"['food', 'service']","['Food', 'Service']","['positive', 'negative']","[None, None]","[False, False]",2,False,True
mams_train_01168,mams,train,The waitress apologized for the long wait and said they would give us some free drinks or desert since they forgot about our orders but we never received anything and by the time we got the bill we just wanted to pay and leave.,"['staff', 'food']","['Service', 'Food']","['negative', 'positive']","[None, None]","[False, False]",2,False,True
mams_train_01169,mams,train,"When my family and I visited, we were hearded in and out of the restaurant like cattle; not once did our waiter ask how are meal was, and the waitress mixed up our steaks.","['food', 'staff']","['Food', 'Service']","['neutral', 'negative']","[None, None]","[False, False]",2,False,True
mams_train_01170,mams,train,Music is a nice mix of everything from Aerosmith to James Brown to Metallica to disco to whatever else there is.,"['ambience', 'miscellaneous']","['Ambience', 'General']","['neutral', 'positive']","[None, None]","[False, False]",2,False,True
mams_train_01171,mams,train,"The Food The menu is a paper buffet--pick your cut of meat, dress it in either a sauce or a baked-on chapeau and then pick accessories, such as Yukon gold mashed potatoes, bitter greens or wilted tomatoes with blue cheese.","['menu', 'food']","['General', 'Food']","['neutral', 'negative']","[None, None]","[False, False]",2,False,True
mams_train_01172,mams,train,Our waiter (the one with the Spanish accent) was a bit pre-occupied with other things- hardly coming around to the table and nowhere to be seen most of the time.,"['staff', 'miscellaneous']","['Service', 'General']","['negative', 'neutral']","[None, None]","[False, False]",2,False,True
mams_train_01173,mams,train,"If you want peace quiet, ambience and patient service, go elsewhere.","['ambience', 'service']","['Ambience', 'Service']","['neutral', 'positive']","[None, None]","[False, False]",2,False,True
mams_train_01174,mams,train,The only time the waitress paid any attention to us was when she took our order and at the end of our meal to ask if we wanted dessert (by then we had already packed up our leftovers and were waiting for change from our bill).,"['staff', 'food']","['Service', 'Food']","['negative', 'neutral']","[None, None]","[False, False]",2,False,True
mams_train_01175,mams,train,Great food -- but some of the worst service in the neighborhood.,"['food', 'service']","['Food', 'Service']","['positive', 'negative']","[None, None]","[False, False]",2,False,True
mams_train_01176,mams,train,"Worth the trip over the bridge, worth the search for parking, worth the wait for a table at dinner time and worthy of a ten rating.","['miscellaneous', 'food']","['General', 'Food']","['positive', 'neutral']","[None, None]","[False, False]",2,False,True
mams_train_01177,mams,train,"The atmosphere is perfect, whether sitting down for dinner or just having a drink at the bar and engaging the friendly bartenders in converasation.","['ambience', 'food', 'staff']","['Ambience', 'Food', 'Service']","['positive', 'neutral', 'positive']","[None, None, None]","[False, False, False]",3,False,True
mams_train_01178,mams,train,"The server came to us and was sooo hot, he went over the menu and specials with us.","['staff', 'menu']","['Service', 'General']","['positive', 'neutral']","[None, None]","[False, False]",2,False,True
mams_train_01179,mams,train,"The Service was en pointe and I felt like the servers were always aware of our wants, whether it was punctual refill of water, new napkins, etc.","['staff', 'food']","['Service', 'Food']","['positive', 'neutral']","[None, None]","[False, False]",2,False,True
mams_train_01180,mams,train,Reasonable prices for Cuban food in the city.,"['price', 'food']","['Price', 'Food']","['positive', 'neutral']","[None, None]","[False, False]",2,False,True
mams_train_01181,mams,train,This is the kind of place that is suppose to have pushy waiters and a loud atmosphere.,"['place', 'staff', 'ambience']","['General', 'Service', 'Ambience']","['neutral', 'negative', 'negative']","[None, None, None]","[False, False, False]",3,False,True
mams_train_01182,mams,train,"Although the food was good, the way our waiter treated us was so rude and bad-mannered that it almost ruined our night and he even asked us to give him a better tip!!!","['food', 'staff', 'price']","['Food', 'Service', 'Price']","['positive', 'negative', 'positive']","[None, None, None]","[False, False, False]",3,False,True
mams_train_01183,mams,train,"the pre dinner drink at the bar was very pleasant, good start, although we waited up to about an hour before our table was ready.","['food', 'place']","['Food', 'General']","['positive', 'neutral']","[None, None]","[False, False]",2,False,True
mams_train_01184,mams,train,A simple dish like Fattouch or Tabbouleh are turned into the most delicious salad youll ever have.,"['food', 'miscellaneous']","['Food', 'General']","['positive', 'neutral']","[None, None]","[False, False]",2,False,True
mams_train_01185,mams,train,I thought the service was a little slow and not attentive enough for the price but other than that I'll be back when I can afford to spend $60 on dinner!,"['price', 'food']","['Price', 'Food']","['negative', 'neutral']","[None, None]","[False, False]",2,False,True
mams_train_01186,mams,train,"Since I listened closely, I know they were a party of 2 without any reservation The manager then offered to seat us but we left.","['miscellaneous', 'staff']","['General', 'Service']","['neutral', 'negative']","[None, None]","[False, False]",2,False,True
mams_train_01187,mams,train,"The feeling of unwelcomeness was especially prevalent due to the fact that our waiter hovered over our table and immediately cleared the table of dishes and glasses, some of which were still full in order to get us out the door ASAP.","['staff', 'food']","['Service', 'Food']","['negative', 'neutral']","[None, None]","[False, False]",2,False,True
mams_train_01188,mams,train,"The menu features American bistro dishes like crab cakes, chicken under a brick, fresh oysters and various seafood dishes.","['menu', 'food']","['General', 'Food']","['neutral', 'positive']","[None, None]","[False, False]",2,False,True
mams_train_01189,mams,train,"Another hour waiting for our food, we spoke to the manager, he told us he would give us a discount off our bill.","['service', 'food', 'staff']","['Service', 'Food', 'Service']","['neutral', 'neutral', 'positive']","[None, None, None]","[False, False, False]",3,False,True
mams_train_01190,mams,train,"Went to Butter on Monday night for a friend's birthday dinner at like 11:00pm, the kitchen was supposedly closed, but we spoke to the manager and we were seated promptly.","['food', 'place', 'staff']","['Food', 'General', 'Service']","['neutral', 'neutral', 'positive']","[None, None, None]","[False, False, False]",3,False,True
mams_train_01191,mams,train,yes this place has good pizza but HORRIFIC HORRIFIC delivery service.,"['food', 'service']","['Food', 'Service']","['positive', 'negative']","[None, None]","[False, False]",2,False,True
mams_train_01192,mams,train,"A simple shrimp seviche with fresh cocktail sauce shines on the lunch menu, while dinner items tend to be more sophisticated, such as turkey filet mignon with bacon and a bold mole negro.","['food', 'menu']","['Food', 'General']","['positive', 'neutral']","[None, None]","[False, False]",2,False,True
mams_train_01193,mams,train,"Unless you like getting bumped by waiters and people walking by, do not sit at a middle table.","['staff', 'miscellaneous']","['Service', 'General']","['negative', 'neutral']","[None, None]","[False, False]",2,False,True
mams_train_01194,mams,train,Nice decor poor food poor service.,"['ambience', 'food', 'service']","['Ambience', 'Food', 'Service']","['positive', 'negative', 'negative']","[None, None, None]","[False, False, False]",3,False,True
mams_train_01195,mams,train,"I expected high prices at Nello, but as I looked at the menu my eyes became as large as the Birkin Mary-Kate has been seen toting around these days--$18 for soup, $22 for a plate of mixed greens, $40 for pasta.","['price', 'menu', 'food']","['Price', 'General', 'Food']","['negative', 'neutral', 'neutral']","[None, None, None]","[False, False, False]",3,False,True
mams_train_01196,mams,train,"While the food was good and reasonably priced, the service was horrible.","['food', 'service']","['Food', 'Service']","['positive', 'negative']","[None, None]","[False, False]",2,False,True
mams_train_01197,mams,train,"Atmosphere, I'd give to Rosa or Maya, but Mexican fare at Zarela is tops.","['ambience', 'food']","['Ambience', 'Food']","['negative', 'positive']","[None, None]","[False, False]",2,False,True
mams_train_01198,mams,train,not to mention that the waiter offered putting a scoop of ice cream on my dessert.,"['staff', 'food']","['Service', 'Food']","['negative', 'neutral']","[None, None]","[False, False]",2,False,True
mams_train_01199,mams,train,"The kitchen is fast, but you sometime may have trouble getting a seat, since this place is very small.","['place', 'miscellaneous']","['General', 'General']","['positive', 'negative']","[None, None]","[False, False]",2,False,True
mams_train_01200,mams,train,"The atmosphere's a bit grungy, yes, but the music and the coffee are good.","['ambience', 'food']","['Ambience', 'Food']","['negative', 'positive']","[None, None]","[False, False]",2,False,True
mams_train_01201,mams,train,"If you want a quiet dinner don't show up late, cuz the atmosphere gets louder and more loungy as the nite goes on.","['food', 'ambience']","['Food', 'Ambience']","['positive', 'negative']","[None, None]","[False, False]",2,False,True
mams_train_01202,mams,train,"After a few minutes, seeing we were without menus, a slightly more pleasant waitress approached us and explained that the manageress had asthma and wasn't in a good mood.","['menu', 'staff']","['General', 'Service']","['neutral', 'positive']","[None, None]","[False, False]",2,False,True
mams_train_01203,mams,train,"The servers didn't know what tables the meals were going to, it was a complete comedy show.","['staff', 'place', 'food']","['Service', 'General', 'Food']","['negative', 'neutral', 'neutral']","[None, None, None]","[False, False, False]",3,False,True
mams_train_01204,mams,train,"The only other negative, we found the waiter to be slightly pompous, and when I asked him some very basic wine questions, he was lost.","['staff', 'food']","['Service', 'Food']","['negative', 'neutral']","[None, None]","[False, False]",2,False,True
mams_train_01205,mams,train,"Our waiter was courteous and knew the menu well, though he was a little pushy with the bottles of wine.","['staff', 'menu', 'food']","['Service', 'General', 'Food']","['positive', 'positive', 'neutral']","[None, None, None]","[False, False, False]",3,False,True
mams_train_01206,mams,train,"My two best friends took me to Cafe Gray for my birthday and by the end of the dinner, they were apologizing for the poor service and so-so food.","['food', 'service']","['Food', 'Service']","['neutral', 'negative']","[None, None]","[False, False]",2,False,True
mams_train_01207,mams,train,"The outdoor tables overlooking bucolic Irving Place, or the wooden ones inside, are prime spots for brunch featuring all the usual suspects--omelets, pancakes, French toast--served on cast iron skillets and griddles.","['place', 'food', 'miscellaneous']","['General', 'Food', 'General']","['neutral', 'neutral', 'positive']","[None, None, None]","[False, False, False]",3,False,True
mams_train_01208,mams,train,"With the large crowds here and the larger menu, be prepared to wait for your dinner to arrive at your table.","['miscellaneous', 'food']","['General', 'Food']","['positive', 'neutral']","[None, None]","[False, False]",2,False,True
mams_train_01209,mams,train,"Well I can't tell you how the food was because the moment we walked in, the single waiter was extremely rude and told us to wait outside while he cleared a table (in the middle of winter) because he was busy.","['food', 'staff', 'miscellaneous']","['Food', 'Service', 'General']","['neutral', 'negative', 'neutral']","[None, None, None]","[False, False, False]",3,False,True
mams_train_01210,mams,train,junk food place that could do well with a good cleaning.,"['place', 'miscellaneous']","['General', 'General']","['neutral', 'positive']","[None, None]","[False, False]",2,False,True
mams_train_01211,mams,train,"And while a narrow wood counter and three stools provide desperation seating, most folks choose to take lunch and dinner to go.","['miscellaneous', 'place', 'food']","['General', 'General', 'Food']","['negative', 'negative', 'neutral']","[None, None, None]","[False, False, False]",3,False,True
mams_train_01212,mams,train,All-night restaurant with excellent burgers and stella on tap.,"['food', 'miscellaneous']","['Food', 'General']","['positive', 'neutral']","[None, None]","[False, False]",2,False,True
mams_train_01213,mams,train,"The manager came personally to apologize and to my surprise, he brought me the drink, a big chocolate chip cookie, and a bag of chips!!!","['staff', 'food']","['Service', 'Food']","['positive', 'neutral']","[None, None]","[False, False]",2,False,True
mams_train_01214,mams,train,I went anyway and was greeted by the rude owner who practicly ripped our outside drink from our hands (although we were trying to throw it out anyway.,"['staff', 'food']","['Service', 'Food']","['negative', 'neutral']","[None, None]","[False, False]",2,False,True
mams_train_01215,mams,train,"it's a very chill spot to hang with a group, I went there with a bunch of my friends to have drinks for my birthday and we all had a great time.","['miscellaneous', 'food']","['General', 'Food']","['positive', 'neutral']","[None, None]","[False, False]",2,False,True
mams_train_01216,mams,train,"The upside of the smallish portions is that a good sake can do a better job working over one's date, and you don't leave the table w/ a food coma.","['miscellaneous', 'food']","['General', 'Food']","['negative', 'neutral']","[None, None]","[False, False]",2,False,True
mams_train_01217,mams,train,"I don't claim that the place as the most authentic, but when you're talking about Southeast Asian street food, which really represents a melting pot of cultures and have slight variation in style for many similarly-named dishes depending where yuo're specifically from, who's to claim what's authentic?","['place', 'food', 'miscellaneous']","['General', 'Food', 'General']","['positive', 'neutral', 'neutral']","[None, None, None]","[False, False, False]",3,False,True
mams_train_01218,mams,train,I have never been to an establishment that boasts traditional French service that basically throws food at you; waiters not only reach across the table but drip wine and water all over their diners.,"['food', 'staff']","['Food', 'Service']","['neutral', 'negative']","[None, None]","[False, False]",2,False,True
mams_train_01219,mams,train,"Amarin's food is always fresh, although the quality does vary--avoid ordering on Friday Saturday nights, prime dining hours, when they seem to throw things togehter a little too haphazardly.","['food', 'miscellaneous']","['Food', 'General']","['positive', 'negative']","[None, None]","[False, False]",2,False,True
mams_train_01220,mams,train,"i just wish they wld drop some staff though, sometimes you feel like your being stalked by waiters, waiters helper, waterperson, busperson, food runner, supervisors, managers.","['staff', 'food']","['Service', 'Food']","['negative', 'neutral']","[None, None]","[False, False]",2,False,True
mams_train_01221,mams,train,"not fancy I think they keep their christmas decorations up all year long, but good mexican food!!","['miscellaneous', 'food']","['General', 'Food']","['negative', 'positive']","[None, None]","[False, False]",2,False,True
mams_train_01222,mams,train,"She's watching your table, helping the staff candy to your eyes.","['miscellaneous', 'staff']","['General', 'Service']","['neutral', 'positive']","[None, None]","[False, False]",2,False,True
mams_train_01223,mams,train,I would definitely recommend getting reservations as the wait can be very long.,"['miscellaneous', 'service']","['General', 'Service']","['neutral', 'negative']","[None, None]","[False, False]",2,False,True
mams_train_01224,mams,train,Once seated the waiter took our drink orders only to return 10 minutes later with the wrong drinks.,"['staff', 'food', 'miscellaneous']","['Service', 'Food', 'General']","['negative', 'negative', 'neutral']","[None, None, None]","[False, False, False]",3,False,True
mams_train_01225,mams,train,Someone should tell these people that high prices on the menu does not make your restaurant better.,"['price', 'menu']","['Price', 'General']","['negative', 'neutral']","[None, None]","[False, False]",2,False,True
mams_train_01226,mams,train,"Lastly, after spending a little over an hour and most of that time waiting for our food to arrive the manager barked at us to leave to make room for another party that had been waiting for 25 minutes!","['staff', 'place']","['Service', 'General']","['negative', 'neutral']","[None, None]","[False, False]",2,False,True
mams_train_01227,mams,train,This Restaurant was very  Ask to the waiter or waitress to give you a table in the back room where all the romance of the place is situated with a so-called chimney!!,"['staff', 'place']","['Service', 'General']","['negative', 'neutral']","[None, None]","[False, False]",2,False,True
mams_train_01228,mams,train,This past Memorial day weekend was hot and I asked the waiter why was the air condition not working and he responded doens't know why.,"['staff', 'ambience']","['Service', 'Ambience']","['negative', 'neutral']","[None, None]","[False, False]",2,False,True
mams_train_01229,mams,train,"There is nothing else on the menu except for exotic teas and cold beverages, but with a meal this cheap and delightful, who would care?","['menu', 'food']","['General', 'Food']","['neutral', 'positive']","[None, None]","[False, False]",2,False,True
mams_train_01230,mams,train,Food was good although menu was a little limited(still plenty to chose from).,"['food', 'menu']","['Food', 'General']","['positive', 'negative']","[None, None]","[False, False]",2,False,True
mams_train_01231,mams,train,"On each of my several visits, the crowd is local, professional, family and those who are not familiar with the cuisines of India are deftly walked through the menu by management.","['miscellaneous', 'food', 'menu', 'staff']","['General', 'Food', 'General', 'Service']","['positive', 'neutral', 'neutral', 'neutral']","[None, None, None, None]","[False, False, False, False]",4,False,True
mams_train_01232,mams,train,"Delicious appetizers and entrees, our server recommended a wonderful bottle of wine, and we couldn't resist dessert.","['food', 'staff']","['Food', 'Service']","['positive', 'neutral']","[None, None]","[False, False]",2,False,True
mams_train_01233,mams,train,After I have my dinner I try to talk to the manager and let him know that he had very good workers and that he should be more considerate with them and the answer that I got from him was (THey can leave I don't care).,"['food', 'staff']","['Food', 'Service']","['neutral', 'positive']","[None, None]","[False, False]",2,False,True
mams_train_01234,mams,train,"Its great for people who want to try Korean food, but can't understand the servers or the menu on 32nd St.","['food', 'staff', 'menu']","['Food', 'Service', 'General']","['positive', 'neutral', 'neutral']","[None, None, None]","[False, False, False]",3,False,True
mams_train_01235,mams,train,"The huge terrace is just so beautiful--and rumor has it they'll be tenting the space this fall, so we midtowners can continue to dine outside through the end of the year.","['miscellaneous', 'place']","['General', 'General']","['positive', 'neutral']","[None, None]","[False, False]",2,False,True
mams_train_01236,mams,train,"This much heralded restaurant brought my wife and I some excitement as we walked in the door, but we were met with an awkward maitre'd who barely spoke to us at all and just seemed standoff-ish.","['miscellaneous', 'staff']","['General', 'Service']","['neutral', 'negative']","[None, None]","[False, False]",2,False,True
mams_train_01237,mams,train,"I had the salmon dish and while it was fine, for the price paid, I expected it to have some type of flavor.","['price', 'ambience']","['Price', 'Ambience']","['neutral', 'negative']","[None, None]","[False, False]",2,False,True
mams_train_01238,mams,train,When I saw it on the menu I didn't beleive it and was not expecting the real thing.,"['menu', 'miscellaneous']","['General', 'General']","['neutral', 'negative']","[None, None]","[False, False]",2,False,True
mams_train_01239,mams,train,It took the waiter over a 1/2 hour to come over to tell us the specials.,"['staff', 'food']","['Service', 'Food']","['negative', 'neutral']","[None, None]","[False, False]",2,False,True
mams_train_01240,mams,train,"even when they informed us they were out of the port we chose to accompany our dessert, the manager made sure that we were offered an even better bottle that wasn't even featured on the menu.","['food', 'staff', 'miscellaneous', 'menu']","['Food', 'Service', 'General', 'General']","['neutral', 'neutral', 'positive', 'neutral']","[None, None, None, None]","[False, False, False, False]",4,False,True
mams_train_01241,mams,train,"Many meals were delivered by two servers, besides having a waiter to oversea the process.","['food', 'staff']","['Food', 'Service']","['positive', 'neutral']","[None, None]","[False, False]",2,False,True
mams_train_01242,mams,train,"Obviously bz place, greeting was less than welcoming, service was adequate from less than friendly waiters, steak for 2 was anything but spectacular served with sauce that's better suited for seafood than meat.","['service', 'staff', 'food']","['Service', 'Service', 'Food']","['positive', 'negative', 'neutral']","[None, None, None]","[False, False, False]",3,False,True
mams_train_01243,mams,train,"I have been to Blue Ribbon Sushi at least 75 times and have never ordered the same dish twice, that's how awesome the menu is.","['food', 'menu']","['Food', 'General']","['neutral', 'positive']","[None, None]","[False, False]",2,False,True
mams_train_01244,mams,train,Anyway we get a table and order some appetizers from one of the waitresses who was pleasently nice.,"['miscellaneous', 'food', 'staff']","['General', 'Food', 'Service']","['neutral', 'neutral', 'positive']","[None, None, None]","[False, False, False]",3,False,True
mams_train_01245,mams,train,"If it was outstanding I could see it as a nice change for lunch, but the peanut butter wasn't any better than one you could buy at any grocery store and the chocolate peanut butter brownie was horrible.","['miscellaneous', 'food']","['General', 'Food']","['positive', 'neutral']","[None, None]","[False, False]",2,False,True
mams_train_01246,mams,train,"It's served cold with carmelized onions atop, with mashed potatoes on the side and it's the best darn thing this side of the Hudson.","['service', 'food', 'miscellaneous']","['Service', 'Food', 'General']","['positive', 'neutral', 'positive']","[None, None, None]","[False, False, False]",3,False,True
mams_train_01247,mams,train,"Every item on the menu tasted like it had been lovingly perfected- from the pulled pork sandwich on white roll to the smokey baked beans, buttery mac-n-cheese, and slightly spicey coleslaw.","['menu', 'food']","['General', 'Food']","['neutral', 'positive']","[None, None]","[False, False]",2,False,True
mams_train_01248,mams,train,"When we proceeded to order our food, the waitress interrupted and told us that maybe we had ordered enough for now.","['food', 'staff']","['Food', 'Service']","['neutral', 'positive']","[None, None]","[False, False]",2,False,True
mams_train_01249,mams,train,I have been coming here for several years and know that the staff and bartender would be there with my favorite drinks and dishes I like to eat and drink on any given night.,"['staff', 'food']","['Service', 'Food']","['neutral', 'positive']","[None, None]","[False, False]",2,False,True
mams_train_01250,mams,train,"We were a bit chatty so it took us a while to decide what to order, but when we made it abundantly clear we were ready (closed the menu, looked around for our waiter) he was slammed from the recent filling of the space.","['menu', 'staff']","['General', 'Service']","['neutral', 'negative']","[None, None]","[False, False]",2,False,True
mams_train_01251,mams,train,"Thankfully, a succinct menu leaves little to ponder--and, despite the high churn, burgers always arrive as specified.","['menu', 'food']","['General', 'Food']","['neutral', 'positive']","[None, None]","[False, False]",2,False,True
mams_train_01252,mams,train,as of late though(maybe change of ownership)the food quality dropped with the menu change and the service got worse.,"['food', 'menu', 'service']","['Food', 'General', 'Service']","['negative', 'neutral', 'negative']","[None, None, None]","[False, False, False]",3,False,True
mams_train_01253,mams,train,"Be prepared to wait for a table - go to the upstairs bar and crack open a bottle of wine, or a nice bottle of Italian beer, and get to know everyone else waiting - who knows, you could be sitting with them for dinner!","['miscellaneous', 'place', 'food']","['General', 'General', 'Food']","['neutral', 'neutral', 'positive']","[None, None, None]","[False, False, False]",3,False,True
mams_train_01254,mams,train,Orange Valve is probably the best bar that I've been to in a while.,"['food', 'place']","['Food', 'General']","['neutral', 'positive']","[None, None]","[False, False]",2,False,True
mams_train_01255,mams,train,When asked what the waitress recommended she just named a few things off the menu without saying why.,"['staff', 'menu']","['Service', 'General']","['negative', 'neutral']","[None, None]","[False, False]",2,False,True
mams_train_01256,mams,train,"You may as well just extend the bar into the restaurant since it has already penetrated it with loud music, loud voices, and a remarkable amount of cigarette smoke.","['place', 'ambience', 'miscellaneous']","['General', 'Ambience', 'General']","['neutral', 'negative', 'negative']","[None, None, None]","[False, False, False]",3,False,True
mams_train_01257,mams,train,"The atmosphere is nice, food is really worth it, especially for such prices, but service sucks:  I first ordered 2 different martinis and never got the one I asked for;  they brought the wrong dishes -although it was quick!- and then we had to ask for chopsticks to be able to eat our dishes.","['ambience', 'food', 'price', 'service']","['Ambience', 'Food', 'Price', 'Service']","['positive', 'positive', 'positive', 'negative']","[None, None, None, None]","[False, False, False, False]",4,False,True
mams_train_01258,mams,train,"The waiter, who was missing when we wanted to place our order, hovered over us throughout the meal, as if in a hurry to get us out of there.","['staff', 'food']","['Service', 'Food']","['negative', 'neutral']","[None, None]","[False, False]",2,False,True
mams_train_01259,mams,train,"When we finally got to order, we were told the bartender wasn't there, so we couldn't order any drinks.","['staff', 'food']","['Service', 'Food']","['negative', 'neutral']","[None, None]","[False, False]",2,False,True
mams_train_01260,mams,train,"I asked the captain to bring the food in separate bags and he loudly said, Oh, I guess you are not getting lucky tonight.","['staff', 'food']","['Service', 'Food']","['negative', 'neutral']","[None, None]","[False, False]",2,False,True
mams_train_01261,mams,train,"Our waitress was rather un-friendly, seemed annoyed that we didn't want appetizers and we waited 15 minutes before our wine arrived.","['staff', 'food']","['Service', 'Food']","['negative', 'neutral']","[None, None]","[False, False]",2,False,True
mams_train_01262,mams,train,It says it on the menu and the servers explain it to you as soon as you sit down so I'm surprised by how many people on this site complain about the portion sizes.,"['menu', 'staff', 'miscellaneous']","['General', 'Service', 'General']","['neutral', 'negative', 'negative']","[None, None, None]","[False, False, False]",3,False,True
mams_train_01263,mams,train,"Faux Models/Waiters hustle around the tight spaced restaurant, while the bar is crowded with waiting patrons and dates enjoying a drink.","['place', 'service']","['General', 'Service']","['neutral', 'negative']","[None, None]","[False, False]",2,False,True
mams_train_01264,mams,train,I had to stare out waitress down to get our check and also we were charge.,"['staff', 'price']","['Service', 'Price']","['negative', 'neutral']","[None, None]","[False, False]",2,False,True
mams_train_01265,mams,train,"Anyhow, there were a lot of Japanese people seated at the bar, eating chatting up the chefs, surely that's a good sign of authentic sushi.","['service', 'place', 'staff', 'food']","['Service', 'General', 'Service', 'Food']","['neutral', 'neutral', 'positive', 'positive']","[None, None, None, None]","[False, False, False, False]",4,False,True
mams_train_01266,mams,train,The servers are constantly in your face asking if you want another drink (mine was half full).,"['staff', 'food']","['Service', 'Food']","['negative', 'neutral']","[None, None]","[False, False]",2,False,True
mams_train_01267,mams,train,Sam and the staff at Rialto were so accomodating and gave us a dinner event we will always remember.,"['staff', 'food']","['Service', 'Food']","['positive', 'neutral']","[None, None]","[False, False]",2,False,True
mams_train_01268,mams,train,"I tried several dishes, while at dinner with friends, and was amazed to discover that even their Caesar Salad was completely lacking in flavor.","['food', 'ambience']","['Food', 'Ambience']","['neutral', 'negative']","[None, None]","[False, False]",2,False,True
mams_train_01269,mams,train,"Just finished a tasty jerked chicken dinner that was too pricey for the subpar service and good, but not great food.","['food', 'service']","['Food', 'Service']","['positive', 'negative']","[None, None]","[False, False]",2,False,True
mams_train_01270,mams,train,"Our waiter brought out three main courses, but the fourth wasn't ready so we had to wait for 10 minutes for the last dish to arrive, but they were very nice and gave us free red pepper hummus while we waited.","['staff', 'food']","['Service', 'Food']","['neutral', 'positive']","[None, None]","[False, False]",2,False,True
mams_train_01271,mams,train,"Outside the realm of steak, things aren't so certain: The pork chops can be a bit tough, lobster tails aren't the greatest and the special salad isn't.","['miscellaneous', 'food']","['General', 'Food']","['neutral', 'negative']","[None, None]","[False, False]",2,False,True
mams_train_01272,mams,train,"So we left, the menu looked decent but you have to go when you can get one of the 2 or 3 tables.","['menu', 'place']","['General', 'General']","['positive', 'neutral']","[None, None]","[False, False]",2,False,True
mams_train_01273,mams,train,") While the location and ambiance sure are nice, I found the price a bit expensive considering the quality of the food was nothing spectacular.","['place', 'food']","['General', 'Food']","['positive', 'negative']","[None, None]","[False, False]",2,False,True
mams_train_01274,mams,train,After dinner we ordered a hookah and after 20 minutes waitress comes by and tried to take it away because she claims our table is reserve for another group in 10 minute.,"['food', 'staff']","['Food', 'Service']","['neutral', 'negative']","[None, None]","[False, False]",2,False,True
mams_train_01275,mams,train,"of course i haven't mentioned the fact that we walked in on time for our reservation only to wait in the empty bar for over half an hour, being seated when we reminded the hostess that we were still waiting.","['miscellaneous', 'place', 'staff']","['General', 'General', 'Service']","['neutral', 'neutral', 'negative']","[None, None, None]","[False, False, False]",3,False,True
mams_train_01276,mams,train,"We started ordering wine and, since we don't know much about it, we decided to let the waiter choose for us; we were pleased with his recommendation.","['food', 'staff']","['Food', 'Service']","['neutral', 'positive']","[None, None]","[False, False]",2,False,True
mams_train_01277,mams,train,"Don't ever bother - the drinks were awful, but it was the people who work there that really made this the worst experience at dining.","['food', 'miscellaneous']","['Food', 'General']","['negative', 'neutral']","[None, None]","[False, False]",2,False,True
mams_train_01278,mams,train,Dominic will give you the ambience of the old times when they were all immigrants and good food was equivalent of good friends and unforgettable times.,"['ambience', 'food']","['Ambience', 'Food']","['neutral', 'positive']","[None, None]","[False, False]",2,False,True
mams_train_01279,mams,train,"I dined there on a Wednesday night, the restaurant was practically empty, and we had to ask our waiter for everything, the menu, more water, the check, etc.","['staff', 'menu', 'food']","['Service', 'General', 'Food']","['negative', 'neutral', 'neutral']","[None, None, None]","[False, False, False]",3,False,True
mams_train_01280,mams,train,"The Food The key element to a proper British chip is fat, and the flabby, pale yellow specimens here come close to the ideal.","['food', 'miscellaneous']","['Food', 'General']","['neutral', 'positive']","[None, None]","[False, False]",2,False,True
mams_train_01281,mams,train,"i always get the apple pie, but the past two times i visited, the waiter burnt the pie while he was supposed to warm it up.","['food', 'staff']","['Food', 'Service']","['neutral', 'negative']","[None, None]","[False, False]",2,False,True
mams_train_01282,mams,train,The food ranges from okay to delicious and the service varies from great to poor.,"['food', 'service']","['Food', 'Service']","['positive', 'neutral']","[None, None]","[False, False]",2,False,True
mams_train_01283,mams,train,"The menu has been changed to a mostly unhealthy one, adding bacon even to the fish dishes (sometimes with no notice), so if youre looking for vegetarian or even just healthy seafood dishes, you wont find much.","['menu', 'food']","['General', 'Food']","['negative', 'positive']","[None, None]","[False, False]",2,False,True
mams_train_01284,mams,train,"When we mentioned that we had theatre tickets, the waiter made certain that our dishes were served promptly and courteously.","['staff', 'food', 'service']","['Service', 'Food', 'Service']","['positive', 'neutral', 'positive']","[None, None, None]","[False, False, False]",3,False,True
mams_train_01285,mams,train,"I have tolerated the fact that the place is packed on weekends, pricey and not that great drinks, often poor music on Saturdays, and bottle service that is slowly turning into a must.","['place', 'food']","['General', 'Food']","['neutral', 'negative']","[None, None]","[False, False]",2,False,True
mams_train_01286,mams,train,Server Sean Toussaint suggested specials and specialties worth the $$$ price.,"['staff', 'food']","['Service', 'Food']","['positive', 'neutral']","[None, None]","[False, False]",2,False,True
mams_train_01287,mams,train,"The highlight of the night was the mayonaisse for my side of fries I received from one of the food runners, which is not good considering the bill was nearly $100.","['food', 'price']","['Food', 'Price']","['positive', 'negative']","[None, None]","[False, False]",2,False,True
mams_train_01288,mams,train,The menu is a bit different and all of the selections are pretty tasty.,"['menu', 'miscellaneous']","['General', 'General']","['neutral', 'positive']","[None, None]","[False, False]",2,False,True
mams_train_01289,mams,train,"BTW, the prices are very affordable, which make the mediocer service tolerable.","['price', 'service']","['Price', 'Service']","['positive', 'negative']","[None, None]","[False, False]",2,False,True
mams_train_01290,mams,train,"The basil pepper mojito was a little daunting in concept, but I was refreshed at the flavor.","['food', 'ambience']","['Food', 'Ambience']","['negative', 'positive']","[None, None]","[False, False]",2,False,True
mams_train_01291,mams,train,Don't ask for a menu- take the trip with your waiter who eloquently (and vividly) describes dishes until he sees your eyes light up.,"['staff', 'food']","['Service', 'Food']","['negative', 'neutral']","[None, None]","[False, False]",2,False,True
mams_train_01292,mams,train,"Basically traditional menu could have been boring and old-fashioned, but is instead updated enough to please modern palate: steaks, seafood, fish, poultry - ample portions (we took half home), seasoned with care and imagination.","['menu', 'miscellaneous']","['General', 'General']","['neutral', 'positive']","[None, None]","[False, False]",2,False,True
mams_train_01293,mams,train,"My boyfriend took me to dinner for an early Valentine's Day, we showed up early for our reservation to meet an incredibly rude host who told us the bar was full, to just wait behind a rope.","['miscellaneous', 'place']","['General', 'General']","['neutral', 'negative']","[None, None]","[False, False]",2,False,True
mams_train_01294,mams,train,"The atmosphere of the place is nice as well as the location, but I found food mediocre and too expensive for the quality offered.","['ambience', 'place', 'food']","['Ambience', 'General', 'Food']","['positive', 'neutral', 'negative']","[None, None, None]","[False, False, False]",3,False,True
mams_train_01295,mams,train,We decided to ask for our check for the wine we had and the waiter became completely annoyed at us!,"['food', 'staff']","['Food', 'Service']","['neutral', 'negative']","[None, None]","[False, False]",2,False,True
mams_train_01296,mams,train,Once just for late night drinks (they have a great drink menu) and then again for dinner.,"['menu', 'food']","['General', 'Food']","['positive', 'neutral']","[None, None]","[False, False]",2,False,True
mams_train_01297,mams,train,"The not-so-friendly-cigarette-reeking waiter asked if we had any questions then when we did ask, he rolled his eyes and covered his face with the menu to say something to a passing coworker.","['staff', 'menu']","['Service', 'General']","['negative', 'neutral']","[None, None]","[False, False]",2,False,True
mams_train_01298,mams,train,"With dessert, the pre-theater is a great deal/meal.","['food', 'place']","['Food', 'General']","['neutral', 'positive']","[None, None]","[False, False]",2,False,True
mams_train_01299,mams,train,it is a small take-out style restuarant but they have a few tables.,"['food', 'place']","['Food', 'General']","['neutral', 'negative']","[None, None]","[False, False]",2,False,True
mams_train_01300,mams,train,"After dining there twice, all the waiters will remember you and what you ordered the last time you were there!","['food', 'staff']","['Food', 'Service']","['neutral', 'positive']","[None, None]","[False, False]",2,False,True
mams_train_01301,mams,train,"Really great thin crust pizza - hot and fresh and fast, though you'll probably have to wait for a table.","['food', 'miscellaneous']","['Food', 'General']","['positive', 'negative']","[None, None]","[False, False]",2,False,True
mams_train_01302,mams,train,They served the salad and the main course together and didn't even bring the dessert menu.,"['food', 'menu']","['Food', 'General']","['neutral', 'negative']","[None, None]","[False, False]",2,False,True
mams_train_01303,mams,train,"Granted, it's loud and sometimes obnoxious and it's such a pain to get seats for, but the the food is great.","['miscellaneous', 'food']","['General', 'Food']","['negative', 'positive']","[None, None]","[False, False]",2,False,True
mams_train_01304,mams,train,"Love the pizza here (although the slices aren't as fresh at 3am, but who's that picky when you're drunk), and there's plenty of other good stuff.","['miscellaneous', 'staff']","['General', 'Service']","['negative', 'positive']","[None, None]","[False, False]",2,False,True
mams_train_01305,mams,train,"We went ot Al di La a bit earlier than we usually go to dinner, mainly due to the fact that reservations are not accepted.","['food', 'miscellaneous']","['Food', 'General']","['neutral', 'negative']","[None, None]","[False, False]",2,False,True
mams_train_01306,mams,train,Though the service is speedy be prepared to wait at least 20 minutes for the soup dumplings.,"['service', 'food']","['Service', 'Food']","['positive', 'negative']","[None, None]","[False, False]",2,False,True
mams_train_01307,mams,train,the waitress was surly -- refused to bring sweetner for my tea!!,"['staff', 'food']","['Service', 'Food']","['negative', 'neutral']","[None, None]","[False, False]",2,False,True
mams_train_01308,mams,train,"With a chef from Liguria, Italy, authentic Neapolitan brick oven pizza and one of the most impressive Italian wine lists I've ever seen, this was the real deal!","['staff', 'miscellaneous', 'food']","['Service', 'General', 'Food']","['neutral', 'positive', 'positive']","[None, None, None]","[False, False, False]",3,False,True
mams_train_01309,mams,train,"The bartender informed me the place was full, and the wait was 30 minutes.","['place', 'service']","['General', 'Service']","['negative', 'neutral']","[None, None]","[False, False]",2,False,True
mams_train_01310,mams,train,"When we got there (6 women), we were not even allowed in when a staff member with a bad attitude wearing a suit told us that we absolutely needed a reservation (yes, we've gone from an artsy community to this)!","['staff', 'miscellaneous']","['Service', 'General']","['negative', 'neutral']","[None, None]","[False, False]",2,False,True
mams_train_01311,mams,train,The wait staff didn't bother to refill my water until I had finish mine and was almost done with my husband's glass too.,"['staff', 'food']","['Service', 'Food']","['positive', 'neutral']","[None, None]","[False, False]",2,False,True
mams_train_01312,mams,train,"ran ~$30 ($12 for the taco, 8 for the rb, 10 fir the drink) plus tax and a very deserved tip.","['food', 'price']","['Food', 'Price']","['neutral', 'positive']","[None, None]","[False, False]",2,False,True
mams_train_01313,mams,train,"Great pizza and heros, without the variety and selection of that star wars-style canteena hipster crowd pizzeria on Bedford (Anna Maria's) but with 5X the flavor.","['food', 'ambience']","['Food', 'Ambience']","['positive', 'neutral']","[None, None]","[False, False]",2,False,True
mams_train_01314,mams,train,"We were not rushed at all, and the manager comped drinks at the bar so that we would vacate our table for a birthday girl who had to wait.","['staff', 'food', 'place']","['Service', 'Food', 'General']","['positive', 'neutral', 'neutral']","[None, None, None]","[False, False, False]",3,False,True
mams_train_01315,mams,train,"if you don't mind slow service and limited selections on the menu occasionally, then you might consider dining there.","['service', 'menu']","['Service', 'General']","['negative', 'neutral']","[None, None]","[False, False]",2,False,True
mams_train_01316,mams,train,"If you hate waiting for a table, then get take-out just around the corner next door.","['service', 'miscellaneous']","['Service', 'General']","['negative', 'neutral']","[None, None]","[False, False]",2,False,True
mams_train_01317,mams,train,my sister asked for iced tea twice and the waitress said they didn't have.,"['food', 'staff']","['Food', 'Service']","['neutral', 'negative']","[None, None]","[False, False]",2,False,True
mams_train_01318,mams,train,"Bouley has done an excellent job creating this dining establishment with almost a museum sense, the artworks on the wall have a very Klimty feeling and the gold ceiling completes the rest of the experience.","['ambience', 'miscellaneous']","['Ambience', 'General']","['neutral', 'positive']","[None, None]","[False, False]",2,False,True
mams_train_01319,mams,train,"First, we waited 40 minutes for our food, but after a thrity minute wait, the waitress asked me to clarify what I had ordered (I ordered off their menu, with no changes).","['food', 'staff', 'menu']","['Food', 'Service', 'General']","['neutral', 'negative', 'neutral']","[None, None, None]","[False, False, False]",3,False,True
mams_train_01320,mams,train,"Very pleasant atmosphere, not a quiet romantic dinner.","['ambience', 'food']","['Ambience', 'Food']","['positive', 'negative']","[None, None]","[False, False]",2,False,True
mams_train_01321,mams,train,"The waiter was nice once he got to us, it took about 5 minutes to get a glass of water and someone to get us started even though it was very slow.","['staff', 'food']","['Service', 'Food']","['positive', 'neutral']","[None, None]","[False, False]",2,False,True
mams_train_01322,mams,train,"When I requested a change to the non-smoking section, the waiter replied that there were no open tables.","['staff', 'place']","['Service', 'General']","['neutral', 'negative']","[None, None]","[False, False]",2,False,True
mams_train_01323,mams,train,"Somewhat agree with the previous reviews about service and the long wait but once seated, the food is well worth it.","['service', 'food']","['Service', 'Food']","['negative', 'positive']","[None, None]","[False, False]",2,False,True
mams_train_01324,mams,train,"The veal was nice and tender, but the flavors weren't exciting.","['food', 'ambience']","['Food', 'Ambience']","['positive', 'negative']","[None, None]","[False, False]",2,False,True
mams_train_01325,mams,train,It is a nice room with a cool bar and you should stop in for a drink and Tapas but dinner was very weak!!!!,"['place', 'food']","['General', 'Food']","['positive', 'negative']","[None, None]","[False, False]",2,False,True
mams_train_01326,mams,train,I would love the owner to consider hosting a 'tango bar' once - twice a week.,"['staff', 'place']","['Service', 'General']","['positive', 'neutral']","[None, None]","[False, False]",2,False,True
mams_train_01327,mams,train,Just sit at the bar and sip some amazing Italian wines.,"['place', 'food']","['General', 'Food']","['neutral', 'positive']","[None, None]","[False, False]",2,False,True
mams_train_01328,mams,train,The prices have gone up and some of good old standby entrees have disappeared from the menu.,"['food', 'menu']","['Food', 'General']","['positive', 'neutral']","[None, None]","[False, False]",2,False,True
mams_train_01329,mams,train,On the menu board posted outside - they got Passion Fruit Creme Brule.,"['menu', 'food']","['General', 'Food']","['neutral', 'positive']","[None, None]","[False, False]",2,False,True
mams_train_01330,mams,train,Ask for a table closer to the bar than in back of the dining area; the drop ceiling the back compromises enjoying the soaring space of Guastavino's.,"['place', 'food']","['General', 'Food']","['positive', 'neutral']","[None, None]","[False, False]",2,False,True
mams_train_01331,mams,train,"When we got our bill the drinks were full priced and when we asked, our waitress said that there is no happy hour on the roof.","['price', 'food', 'staff']","['Price', 'Food', 'Service']","['neutral', 'neutral', 'negative']","[None, None, None]","[False, False, False]",3,False,True
mams_train_01332,mams,train,My only suggestion would be to avoid long waits for food by adding extra servers when there are large groups.,"['food', 'staff']","['Food', 'Service']","['neutral', 'positive']","[None, None]","[False, False]",2,False,True
mams_train_01333,mams,train,"Coffee, treats, and the best of eerything.","['food', 'service', 'miscellaneous']","['Food', 'Service', 'General']","['neutral', 'neutral', 'positive']","[None, None, None]","[False, False, False]",3,False,True
mams_train_01334,mams,train,"a drink or two went by, but as we slowly realized our wait had become an hour from the promised 20 min, the server noted upon our inquiry that they recognized and remembered us and would seat us soon- rolling eye look- matched by a tone protesting the uncouth annoyance.","['food', 'service', 'staff']","['Food', 'Service', 'Service']","['neutral', 'neutral', 'negative']","[None, None, None]","[False, False, False]",3,False,True
mams_train_01335,mams,train,"The scene was sassy and cool, but i would never eat dinner here again.","['miscellaneous', 'food']","['General', 'Food']","['positive', 'neutral']","[None, None]","[False, False]",2,False,True
mams_train_01336,mams,train,The managers aren't snobby for wanting reservations -- it's a new restaurant and they're trying to manage the flow of diners.,"['staff', 'miscellaneous']","['Service', 'General']","['negative', 'neutral']","[None, None]","[False, False]",2,False,True
mams_train_01337,mams,train,"The food is decent, but for what the bill comes to, it's just not worth it.","['food', 'price']","['Food', 'Price']","['positive', 'negative']","[None, None]","[False, False]",2,False,True
mams_train_01338,mams,train,"However, it was a very long wait (over 45 min) and I confronted the hostess who stated that she could not find me at the bar and she had seated 6 other parties before me.","['service', 'staff', 'place']","['Service', 'Service', 'General']","['negative', 'negative', 'neutral']","[None, None, None]","[False, False, False]",3,False,True
mams_train_01339,mams,train,"They do have a large menu of things along the diner lines, and they go a little gourmet on the brunch omelette fixins/combos.","['menu', 'miscellaneous']","['General', 'General']","['positive', 'negative']","[None, None]","[False, False]",2,False,True
mams_train_01340,mams,train,"Despite reservations, we ended up waiting for 1hr+","['miscellaneous', 'service']","['General', 'Service']","['neutral', 'negative']","[None, None]","[False, False]",2,False,True
mams_train_01341,mams,train,"Charging full price for half pie toppings, and refusing delivery (1 block) for orders under $20.","['price', 'food']","['Price', 'Food']","['negative', 'neutral']","[None, None]","[False, False]",2,False,True
mams_train_01342,mams,train,"Noise level is high, and if you are a non smoker ask to be seated away from the bar.","['ambience', 'place']","['Ambience', 'General']","['negative', 'neutral']","[None, None]","[False, False]",2,False,True
mams_train_01343,mams,train,It was Au Bar meets 'Absolutely Fabulous' meets a Versace Outlet Sale.,"['place', 'price']","['General', 'Price']","['neutral', 'positive']","[None, None]","[False, False]",2,False,True
mams_train_01344,mams,train,"Our waitress recommended the coffee flan for dessert, and we didn't regret it.","['staff', 'food']","['Service', 'Food']","['neutral', 'positive']","[None, None]","[False, False]",2,False,True
mams_train_01345,mams,train,The attention to detail whether it's decor or service or menu made us feel fortunate to be part of the Camino Sur dining experience.,"['ambience', 'service', 'menu', 'food']","['Ambience', 'Service', 'General', 'Food']","['positive', 'positive', 'positive', 'neutral']","[None, None, None, None]","[False, False, False, False]",4,False,True
mams_train_01346,mams,train,"Our waiter was apparently angry to have to be serving, because it took him 15 minutes to even bring water, let alone take a drink order (it was early on in the day and the restaurant was not even 50% full, so he was NOT busy).","['staff', 'service', 'food']","['Service', 'Service', 'Food']","['negative', 'neutral', 'neutral']","[None, None, None]","[False, False, False]",3,False,True
mams_train_01347,mams,train,"Overall, it is a nice place and if you don't mind possible attitude and the not-so-cheap prices, it is a great place to meet for coffee or drinks (they have a nice selection of that too!","['price', 'food']","['Price', 'Food']","['negative', 'positive']","[None, None]","[False, False]",2,False,True
mams_train_01348,mams,train,"We waited 15 minutes for a menu, another 20 for a tea, another 15 for an appetizer, then when the plates came out, the waitress had to ask me what I'd ordered.","['menu', 'food', 'miscellaneous', 'staff']","['General', 'Food', 'General', 'Service']","['neutral', 'neutral', 'neutral', 'negative']","[None, None, None, None]","[False, False, False, False]",4,False,True
mams_train_01349,mams,train,the dishes are a little too recherche and too trendy for their own good and there is not enough on the menu for vegetarians.,"['food', 'menu']","['Food', 'General']","['positive', 'neutral']","[None, None]","[False, False]",2,False,True
mams_train_01350,mams,train,The pricing isn't quite clear and look out for that asterisk on the menu where they add on that extra 6-8 bucks.,"['price', 'menu']","['Price', 'General']","['negative', 'neutral']","[None, None]","[False, False]",2,False,True
mams_train_01351,mams,train,"the menu looked great, but the food was the biggest disappointment i've had yet!","['menu', 'food']","['General', 'Food']","['positive', 'negative']","[None, None]","[False, False]",2,False,True
mams_train_01352,mams,train,My boyfriend and I went one Friday night to find that the place was empty except for one other table.,"['place', 'miscellaneous']","['General', 'General']","['negative', 'neutral']","[None, None]","[False, False]",2,False,True
mams_train_01353,mams,train,The Pink Pony's brunch is among the very best in the city!,"['miscellaneous', 'food']","['General', 'Food']","['neutral', 'positive']","[None, None]","[False, False]",2,False,True
mams_train_01354,mams,train,"The environment is a touch loud (although the music's good), but the walls sport nifty vintage items, from license plates to pennants to movie posters.","['ambience', 'miscellaneous']","['Ambience', 'General']","['negative', 'neutral']","[None, None]","[False, False]",2,False,True
mams_train_01355,mams,train,"Only quibbles are so-so wine service, and while Prix-fixe is reasonable at $68, extra charges for additional dishes/tastings can be high.","['service', 'food']","['Service', 'Food']","['neutral', 'positive']","[None, None]","[False, False]",2,False,True
mams_train_01356,mams,train,Our waiter was a real pro; knew a lot about ingredients and allowed us to take our time.,"['staff', 'ambience']","['Service', 'Ambience']","['positive', 'neutral']","[None, None]","[False, False]",2,False,True
mams_train_01357,mams,train,"Fresh fish, tender milk fed veal and outrageous Veal Chops adorn their menu and special list.","['food', 'menu', 'miscellaneous']","['Food', 'General', 'General']","['positive', 'neutral', 'positive']","[None, None, None]","[False, False, False]",3,False,True
mams_train_01358,mams,train,Any sandwich or appetizer on the menu is delicious.,"['food', 'menu']","['Food', 'General']","['positive', 'neutral']","[None, None]","[False, False]",2,False,True
mams_train_01359,mams,train,Expect to stand around for a while before one of the waiters desides that they can be bothered to actually get you to a seat.,"['staff', 'miscellaneous']","['Service', 'General']","['negative', 'neutral']","[None, None]","[False, False]",2,False,True
mams_train_01360,mams,train,Good value for money--especially the $7 lunch special for 2 courses.,"['price', 'food']","['Price', 'Food']","['positive', 'neutral']","[None, None]","[False, False]",2,False,True
mams_train_01361,mams,train,"The staff were rude and rushed us through our meal, clearing plates and laying down dessert menus while others were still eating their main courses.","['staff', 'food', 'miscellaneous']","['Service', 'Food', 'General']","['negative', 'neutral', 'neutral']","[None, None, None]","[False, False, False]",3,False,True
mams_train_01362,mams,train,"The place wasn't packed, but there was a bar scene and a few salsa dancers who strutted their stuff on the dancefloor.","['place', 'miscellaneous']","['General', 'General']","['positive', 'neutral']","[None, None]","[False, False]",2,False,True
mams_train_01363,mams,train,"Suddenly the manager, came to our table yelling absolutely no way we can have a drink after dinner becuase he has tables waiting Just to be clear we spent over $70 and had 1 drink each, we used the table for about 1hour and 15 minutes.","['staff', 'food']","['Service', 'Food']","['negative', 'neutral']","[None, None]","[False, False]",2,False,True
mams_train_01364,mams,train,"Half way through the meal we did not have refills on our waters, even though our waiter passed the table many times and he never stopped to check on us or to ask if we were pleased with the entrees.","['staff', 'miscellaneous']","['Service', 'General']","['negative', 'neutral']","[None, None]","[False, False]",2,False,True
mams_train_01365,mams,train,"The two cons were the lack of information on the menus (they had just sushi roll names, with no description of their contents, printed in a bland format), and music selection, which didn't fit the ambiance.","['menu', 'ambience']","['General', 'Ambience']","['neutral', 'negative']","[None, None]","[False, False]",2,False,True
mams_train_01366,mams,train,"My friend's entree wasn't presented as described in the menu, but we didn't want to add to the drama.","['food', 'menu']","['Food', 'General']","['negative', 'neutral']","[None, None]","[False, False]",2,False,True
mams_train_01367,mams,train,This is also when the waiter told us that half the menu was sold out.,"['staff', 'menu']","['Service', 'General']","['negative', 'neutral']","[None, None]","[False, False]",2,False,True
mams_train_01368,mams,train,"i thought the food was great but kind of expensive for that atmosphere, the tables were too close and it was too noisy.","['food', 'ambience', 'place']","['Food', 'Ambience', 'General']","['positive', 'positive', 'negative']","[None, None, None]","[False, False, False]",3,False,True
mams_train_01369,mams,train,"I went here for a dinner with some relatives from out of town that I was eager to catch up with, but the noise level at this place made that really difficult!","['food', 'ambience']","['Food', 'Ambience']","['neutral', 'negative']","[None, None]","[False, False]",2,False,True
mams_train_01370,mams,train,The server was condescending and was unable to provide assistance with menu selections.,"['staff', 'menu']","['Service', 'General']","['negative', 'neutral']","[None, None]","[False, False]",2,False,True
mams_train_01371,mams,train,They later told us that our waiter had to fix the 'computer' - that was the reason he couldn't bring us our drinks.,"['staff', 'food']","['Service', 'Food']","['negative', 'neutral']","[None, None]","[False, False]",2,False,True
mams_train_01372,mams,train,"Besides, they used to be much more accommodating when I used to request a jalebi paratha instad of a plain naan as part of the brunch price.","['miscellaneous', 'price']","['General', 'Price']","['negative', 'neutral']","[None, None]","[False, False]",2,False,True
mams_train_01373,mams,train,A cold reception got even colder when we didn't have a reservation for a Tuesday night (the place was half empty).,"['miscellaneous', 'place']","['General', 'General']","['neutral', 'negative']","[None, None]","[False, False]",2,False,True
mams_train_01374,mams,train,Our server (after 4 reminders) finally got around to getting our cocktail orders during the meal (at a time when the establishment was not full).,"['staff', 'food']","['Service', 'Food']","['negative', 'neutral']","[None, None]","[False, False]",2,False,True
mams_train_01375,mams,train,"The Scene Petite Abeille is ideal for a lazy lunch, a restorative brunch or light dinner.","['miscellaneous', 'food']","['General', 'Food']","['positive', 'neutral']","[None, None]","[False, False]",2,False,True
mams_train_01376,mams,train,"After waiting an hour and a half, a delivery man - with heavily bleeding gums - told me not to worry, that my meal had been replaced with fresh food, and that my old order had been RE-SERVED to another customer.","['staff', 'food']","['Service', 'Food']","['negative', 'neutral']","[None, None]","[False, False]",2,False,True
mams_train_01377,mams,train,"The Scene Quartino's airy dining room, wrapped in high windows, hinges around a trendy bar where regulars sip wine out of blunt tumblers while swapping stories--often in Italian.","['miscellaneous', 'place']","['General', 'General']","['neutral', 'positive']","[None, None]","[False, False]",2,False,True
mams_train_01378,mams,train,"We were directed to a table by a member of staff, which we were then informed was reserved, and lost our seats at the bar, all this after spending upwards of $30 each on very expensive drinks over a two-hour period.","['miscellaneous', 'staff', 'place']","['General', 'Service', 'General']","['negative', 'negative', 'neutral']","[None, None, None]","[False, False, False]",3,False,True
mams_train_01379,mams,train,"I never have to wait a long time to get my food, so it's a great place to go if you're really hungry and/or in a hurry.","['service', 'food']","['Service', 'Food']","['positive', 'neutral']","[None, None]","[False, False]",2,False,True
mams_train_01380,mams,train,"Good Italian spot, but should raise the bar on the food before some newcomers challenge its standings.","['miscellaneous', 'place', 'food']","['General', 'General', 'Food']","['positive', 'neutral', 'neutral']","[None, None, None]","[False, False, False]",3,False,True
mams_train_01381,mams,train,went here late night after a a few drinks at my favorite watering spot and was amazed that a place which serves food till 4 can be so damned good.,"['food', 'miscellaneous']","['Food', 'General']","['neutral', 'positive']","[None, None]","[False, False]",2,False,True
mams_train_01382,mams,train,"Although when I went to eat dinner at Bombay Talkie on a crazy busy night, my waiter was extremely helpful through the menu, polite and polished.","['food', 'staff', 'menu']","['Food', 'Service', 'General']","['neutral', 'positive', 'neutral']","[None, None, None]","[False, False, False]",3,False,True
mams_train_01383,mams,train,"What do you like more, completely addictive patties of greasy beef, or glasses of cheap refreshing beer to wash it down?","['food', 'miscellaneous']","['Food', 'General']","['positive', 'neutral']","[None, None]","[False, False]",2,False,True
mams_train_01384,mams,train,"Yet, the place was emptyIts too bad because the food is authentic and price is very reasonable considering the location and the quality (eg.","['food', 'miscellaneous']","['Food', 'General']","['positive', 'neutral']","[None, None]","[False, False]",2,False,True
mams_train_01385,mams,train,the heroes are enough for lunch and dinner.,"['miscellaneous', 'food']","['General', 'Food']","['positive', 'neutral']","[None, None]","[False, False]",2,False,True
mams_train_01386,mams,train,Then the waiter acted indignant when we called him out for bring us the wrong (later) vintage of wine we picked out.,"['staff', 'food']","['Service', 'Food']","['negative', 'neutral']","[None, None]","[False, False]",2,False,True
mams_train_01387,mams,train,"Then, when we ordered from a regular menu, and told the waiter, that we are in a hurry to make the show, his response was So what do you want me to do ?","['menu', 'staff']","['General', 'Service']","['neutral', 'negative']","[None, None]","[False, False]",2,False,True
mams_train_01388,mams,train,The food came out really quick and the service overall was not bad.,"['food', 'service']","['Food', 'Service']","['positive', 'neutral']","[None, None]","[False, False]",2,False,True
mams_train_01389,mams,train,"Every time I eat there I feel as if the chef and waitstaff have cooked, prepared and served a meal as if I am the only customer/guest.","['staff', 'food']","['Service', 'Food']","['positive', 'neutral']","[None, None]","[False, False]",2,False,True
mams_train_01390,mams,train,"After lunch, we sat at the bar and chatted with the bartender who was also very nice.","['food', 'staff']","['Food', 'Service']","['neutral', 'positive']","[None, None]","[False, False]",2,False,True
mams_train_01391,mams,train,"The place was nice and the bartenders were friendly, but the cocktail girl was rude, obnoxious, and over charging all of us.","['place', 'staff']","['General', 'Service']","['positive', 'negative']","[None, None]","[False, False]",2,False,True
mams_train_01392,mams,train,We were seated promptly and brought rolls and water but then were made to wait much too long before our beverage order was taken and then much much too long before our waiter came back for a food order.,"['food', 'staff']","['Food', 'Service']","['neutral', 'negative']","[None, None]","[False, False]",2,False,True
mams_train_01393,mams,train,The service was good and the price was decent but it wasn't enough to overcome the bland tasting food and the bland decor of the restaurant.,"['service', 'price', 'food', 'ambience']","['Service', 'Price', 'Food', 'Ambience']","['positive', 'positive', 'negative', 'negative']","[None, None, None, None]","[False, False, False, False]",4,False,True
mams_train_01394,mams,train,"But other comfort foods are also superb: Scallion pancakes are delectably crispy yet chewy, and chow fun with shredded pork and preserved cabbage (it's not on the menu) offers a tangy rice-noodles retake on the usual lo mein.","['food', 'menu']","['Food', 'General']","['positive', 'neutral']","[None, None]","[False, False]",2,False,True
mams_train_01395,mams,train,The waiter was pleasant and I thought how bad could someone screw up basic Italian food?,"['staff', 'food']","['Service', 'Food']","['positive', 'neutral']","[None, None]","[False, False]",2,False,True
mams_train_01396,mams,train,"While the appetizers, entrees, and desserts arrived in a timely manner, our water glasses maintained consistently empty (at one point one of us had to ask for water twice!)","['food', 'miscellaneous']","['Food', 'General']","['neutral', 'negative']","[None, None]","[False, False]",2,False,True
mams_train_01397,mams,train,We were first greeted by a very friendly hostess who asked if we had reservations - even though we didn't they were VERY accommodating - we sat at the bar and spoke to the VERY nice bartender who recommended a GREAT wine and gave us some brucetta to munch on while we waited.,"['miscellaneous', 'staff', 'food']","['General', 'Service', 'Food']","['neutral', 'positive', 'positive']","[None, None, None]","[False, False, False]",3,False,True
mams_train_01398,mams,train,"Wait staff is seemingly non-existant, and food servers are way too agressive - our food was thrown on the table, and even knocked a member of my party in the head with a plate with little acknowledgement.","['staff', 'miscellaneous']","['Service', 'General']","['negative', 'neutral']","[None, None]","[False, False]",2,False,True
mams_train_01399,mams,train,I had reservations for 9:30pm and after waiting more that 50 mins and bunch of lies that you're next.,"['miscellaneous', 'service']","['General', 'Service']","['neutral', 'negative']","[None, None]","[False, False]",2,False,True
mams_train_01400,mams,train,"We had to ask for water even after we were asked what type we preferred, and then the busboy spilled it while he was pouring it out.","['food', 'staff']","['Food', 'Service']","['neutral', 'negative']","[None, None]","[False, False]",2,False,True
mams_train_01401,mams,train,"Arriba Arriba has much better food, margs, and atmosphere with slightly higher prices, but well worth it.","['food', 'price']","['Food', 'Price']","['positive', 'negative']","[None, None]","[False, False]",2,False,True
mams_train_01402,mams,train,"Corner Bistro, despite the hoopla and critical praise, is nothing more than a burger joint with long lines.","['food', 'miscellaneous']","['Food', 'General']","['neutral', 'negative']","[None, None]","[False, False]",2,False,True
mams_train_01403,mams,train,"I was thinking I am gonna have a nice dinner in that place that a friend of mine recommended to me , but beside the expensive prices that it has was nothing more.","['food', 'price']","['Food', 'Price']","['positive', 'negative']","[None, None]","[False, False]",2,False,True
mams_train_01404,mams,train,"Despite almost flawless service, I had my birthday there for a party of 15 and we were given a private area on the top floor, which was so cold, we had to keep our jackets on throughout the entire meal.","['service', 'place', 'miscellaneous', 'food']","['Service', 'General', 'General', 'Food']","['negative', 'negative', 'neutral', 'neutral']","[None, None, None, None]","[False, False, False, False]",4,False,True
mams_train_01405,mams,train,"Trish, our waitress was really great - the food was mediocre.","['staff', 'food']","['Service', 'Food']","['positive', 'negative']","[None, None]","[False, False]",2,False,True
mams_train_01406,mams,train,"The Food Mi Nidito's menu offers a considerable array of Mexican standards, with a separate page for seafood, such as King crab enchiladas, and another for vegetarian dishes such as almond-sauteed vegetables.","['menu', 'miscellaneous', 'food']","['General', 'General', 'Food']","['neutral', 'positive', 'neutral']","[None, None, None]","[False, False, False]",3,False,True
mams_train_01407,mams,train,"After finally choosing banana-macadamia nut pancakes (a Hawaiian favorite of mine) after being unable to decide between 4 or 5 dishes that all sounded spectacular, I sat back and enjoyed the (complementary) tall shot glass of the smoothie of the day.","['food', 'miscellaneous']","['Food', 'General']","['neutral', 'positive']","[None, None]","[False, False]",2,False,True
mams_train_01408,mams,train,"Taci then moved to NYU, to a space as warm as an igloo, with an equally cold atmosphere, an attempt at a more upscale menu, and with all the charm of a pizza joint.","['place', 'ambience', 'menu']","['General', 'Ambience', 'General']","['positive', 'positive', 'neutral']","[None, None, None]","[False, False, False]",3,False,True
mams_train_01409,mams,train,"and although the service is a little slow, the lax atmosphere allows you to drink and eat away the afternoon or evening and not even care.","['service', 'ambience', 'miscellaneous']","['Service', 'Ambience', 'General']","['negative', 'positive', 'neutral']","[None, None, None]","[False, False, False]",3,False,True
mams_train_01410,mams,train,"Although Sweet Melissa's food and pastries are very tasty, the unfriendly folks who work there sour the experience.","['food', 'miscellaneous']","['Food', 'General']","['positive', 'negative']","[None, None]","[False, False]",2,False,True
mams_train_01411,mams,train,"from drinks at the bar, to our perfect round table!","['place', 'miscellaneous']","['General', 'General']","['neutral', 'positive']","[None, None]","[False, False]",2,False,True
mams_train_01412,mams,train,"The food is pretty good, and so is the service, though on my first visit I told the waitress I wanted my tuna black-and-blue and she had no idea what that was.","['food', 'staff']","['Food', 'Service']","['positive', 'negative']","[None, None]","[False, False]",2,False,True
mams_train_01413,mams,train,"We sat in the garden out back, and the calm atmosphere with the waterfall rock wall on the side completed the setting.","['place', 'ambience']","['General', 'Ambience']","['neutral', 'positive']","[None, None]","[False, False]",2,False,True
mams_train_01414,mams,train,"To complain about waiting for a table, etc.","['service', 'miscellaneous']","['Service', 'General']","['negative', 'neutral']","[None, None]","[False, False]",2,False,True
mams_train_01415,mams,train,"Unlike some of the other reviews here, the reservation was upheld, the waiter took the time to explain each dish and frequently asked if we wanted more of anything (which we did, several times).","['miscellaneous', 'staff', 'food']","['General', 'Service', 'Food']","['positive', 'positive', 'neutral']","[None, None, None]","[False, False, False]",3,False,True
mams_train_01416,mams,train,"In addition, our waiter seemed to have short-term memory loss because he kept forgetting to bring us our drink order even after I asked him on three separate occasions.","['staff', 'food']","['Service', 'Food']","['negative', 'neutral']","[None, None]","[False, False]",2,False,True
mams_train_01417,mams,train,"Anyway the food was really good, the portions are not big however very filling and exceptionally good.","['food', 'miscellaneous']","['Food', 'General']","['positive', 'negative']","[None, None]","[False, False]",2,False,True
mams_train_01418,mams,train,After arriving an hour early for our reservation for 2 and politely asking for a table near the band we were promptly seated at one of the worst tables in the place.,"['miscellaneous', 'staff', 'place']","['General', 'Service', 'General']","['neutral', 'neutral', 'negative']","[None, None, None]","[False, False, False]",3,False,True
mams_train_01419,mams,train,I found my dinner to be a bit on the heavy side and blamed the large portions.,"['food', 'miscellaneous']","['Food', 'General']","['neutral', 'negative']","[None, None]","[False, False]",2,False,True
mams_train_01420,mams,train,"While the environment is still fun and diverse, the food quality has been sliding lately.","['ambience', 'food']","['Ambience', 'Food']","['positive', 'negative']","[None, None]","[False, False]",2,False,True
mams_train_01421,mams,train,I agree with the other poster who wrote about the service: the waiter challenged every single dish we ordered with a special (I've never had a more money hungry waiter) and after waiting 20 minutes for the check we had to call the manager over; who was unapologetic.,"['service', 'food', 'staff']","['Service', 'Food', 'Service']","['negative', 'neutral', 'negative']","[None, None, None]","[False, False, False]",3,False,True
mams_train_01422,mams,train,"After all that, the waiter tried to backpedal saying its too hard to time the cooking of miso soup with the sushi bar offerings.","['staff', 'food']","['Service', 'Food']","['negative', 'neutral']","[None, None]","[False, False]",2,False,True
mams_train_01423,mams,train,"Good atmosphere, the service is so-so and there is a long wait if you don't have reservations.","['ambience', 'service']","['Ambience', 'Service']","['positive', 'negative']","[None, None]","[False, False]",2,False,True
mams_train_01424,mams,train,"That bastion of authentic Mexican food in Spanish Harlem that earned raves by white reviewers, leading other gringos to nervously venture to Spanish Harlem and pretend they're trendy to pay too much for food that is only marginally better than the place around the corner.","['food', 'staff']","['Food', 'Service']","['positive', 'neutral']","[None, None]","[False, False]",2,False,True
mams_train_01425,mams,train,"We sat, missing a place setting for a while before the waitress came to ask if we wanted water and then ran away.","['ambience', 'staff']","['Ambience', 'Service']","['neutral', 'negative']","[None, None]","[False, False]",2,False,True
mams_train_01426,mams,train,The last two didn't come to the people who ordered them until they already had there food ( in which then we had to remind the staff of).,"['food', 'staff']","['Food', 'Service']","['neutral', 'negative']","[None, None]","[False, False]",2,False,True
mams_train_01427,mams,train,"When I walked back to the counter, the two staff people immediately retreated to the back room, glanced back at me attempting to get their attention and immediately returned to wasting time.","['place', 'staff']","['General', 'Service']","['neutral', 'negative']","[None, None]","[False, False]",2,False,True
mams_train_01428,mams,train,"Expect to get average food, a big bill and lots of attitude from the service.","['food', 'price']","['Food', 'Price']","['neutral', 'negative']","[None, None]","[False, False]",2,False,True
mams_train_01429,mams,train,The bartender ignored us for 10 minutes before asking what we'd like to drink although we were the only people waiting for a table when we walked in.,"['staff', 'food', 'service']","['Service', 'Food', 'Service']","['negative', 'neutral', 'neutral']","[None, None, None]","[False, False, False]",3,False,True
mams_train_01430,mams,train,"it did fill up pretty quickly for lunch, but nobody seemed to have to wait too long, and i'm guessing they might be less busy for dinner.","['food', 'service']","['Food', 'Service']","['neutral', 'negative']","[None, None]","[False, False]",2,False,True
mams_train_01431,mams,train,"My roommate says she has had good food here at night, at the bar.","['food', 'place']","['Food', 'General']","['positive', 'neutral']","[None, None]","[False, False]",2,False,True
mams_train_01432,mams,train,"I made a reservation on-line quickly got a call saying that the resturant was under renovation, but the kitchen was still open and was still more than welcome to come enjoy dinner in their lounge.","['miscellaneous', 'place']","['General', 'General']","['neutral', 'positive']","[None, None]","[False, False]",2,False,True
mams_train_01433,mams,train,"I would say it's suitable for a romantic date or quiet family meal, as there is no bar so the atmosphere is a little quiet.","['food', 'place', 'ambience']","['Food', 'General', 'Ambience']","['positive', 'neutral', 'positive']","[None, None, None]","[False, False, False]",3,False,True
mams_train_01434,mams,train,"Once in the oven (electric, mind you), he shifts pies every few seconds to attain nicely-charred, chewy crust perfection.","['food', 'miscellaneous']","['Food', 'General']","['neutral', 'positive']","[None, None]","[False, False]",2,False,True
mams_train_01435,mams,train,"The restauarnt is Ok in terms of decor, but the food was really lacking - things were not cooked to order.","['place', 'ambience', 'food']","['General', 'Ambience', 'Food']","['positive', 'positive', 'negative']","[None, None, None]","[False, False, False]",3,False,True
mams_train_01436,mams,train,The head waiter made some lame excuse about how the chef had asked the hostess to revise the menu but it had not been changed.,"['staff', 'menu']","['Service', 'General']","['negative', 'neutral']","[None, None]","[False, False]",2,False,True
mams_train_01437,mams,train,The Food Surprisingly tasty Texas-style barbecue gives this place culinary flexibility beyond that of most wrap-and-burrito shacks.,"['food', 'place']","['Food', 'General']","['positive', 'neutral']","[None, None]","[False, False]",2,False,True
mams_train_01438,mams,train,"cause, I was bored by the club scene and too overdressed for the local bar.","['miscellaneous', 'place']","['General', 'General']","['negative', 'neutral']","[None, None]","[False, False]",2,False,True
mams_train_01439,mams,train,"After 10 minutes of waiting, he finally returned to the table and snootily explained to us that the wine he had opened was actually better and more expensive (not yet on the menu, of course), but he would charge us the price of the bottle we had originally ordered.","['service', 'miscellaneous', 'food', 'menu', 'price']","['Service', 'General', 'Food', 'General', 'Price']","['neutral', 'neutral', 'negative', 'neutral', 'neutral']","[None, None, None, None, None]","[False, False, False, False, False]",5,False,True
mams_train_01440,mams,train,"Room is impressive, but service is slow and taste was almost like fast food.","['place', 'service', 'food']","['General', 'Service', 'Food']","['positive', 'negative', 'negative']","[None, None, None]","[False, False, False]",3,False,True
mams_train_01441,mams,train,We had to flag the waitress down to get a drink refill and waited an extrodinarily long time for our entrees.,"['staff', 'food']","['Service', 'Food']","['negative', 'neutral']","[None, None]","[False, False]",2,False,True
mams_train_01442,mams,train,"I can't speak on the food, but I went there for a show the other week and here is my experience: one of the friendliest servers ever (no attitude); the drinks were avg.","['food', 'staff']","['Food', 'Service']","['neutral', 'positive']","[None, None]","[False, False]",2,False,True
mams_train_01443,mams,train,"Not the most beautiful environment, but the food is consistently delicious and the barbeque is fun and tasty.","['ambience', 'food']","['Ambience', 'Food']","['negative', 'positive']","[None, None]","[False, False]",2,False,True
mams_train_01444,mams,train,"The owner was rude to us from the moment we sat down until he told us we had to leave because he had another table waiting, and this despite ordering the pricier entrees from the menu and a bottle of wine that we hadn't yet finished.","['staff', 'menu']","['Service', 'General']","['negative', 'neutral']","[None, None]","[False, False]",2,False,True
mams_train_01445,mams,train,"I took a few clients for lunch and the service was lackluster, food was fair at best, and the prices were outrageous - Don't wast your time with this place !","['food', 'service']","['Food', 'Service']","['neutral', 'negative']","[None, None]","[False, False]",2,False,True
mams_train_01446,mams,train,"The menu ranged from standard (steak, duck and mussels-all fantastic) to curious (ostrich-awesome, and tartare-smoked not raw but still so good.","['menu', 'food']","['General', 'Food']","['neutral', 'positive']","[None, None]","[False, False]",2,False,True
mams_train_01447,mams,train,Hoegardden on tap is an added bonus if you're not drinking from the well versed wine menu.,"['miscellaneous', 'menu']","['General', 'General']","['neutral', 'positive']","[None, None]","[False, False]",2,False,True
mams_train_01448,mams,train,"Nothing beats being served platters of shrimp and wings and pitchers of beer, by the HOTTEST waitstaff in NY!!!!","['food', 'staff']","['Food', 'Service']","['neutral', 'positive']","[None, None]","[False, False]",2,False,True
mams_train_01449,mams,train,"Oh yeah, the food's just alright for the price.","['food', 'price']","['Food', 'Price']","['positive', 'neutral']","[None, None]","[False, False]",2,False,True
mams_train_01450,mams,train,"It's a great place, the terrific service carried out throughout the night as we sat and got some appetizers and then decided to stay for a bottle too!","['service', 'food']","['Service', 'Food']","['positive', 'neutral']","[None, None]","[False, False]",2,False,True
mams_train_01451,mams,train,"When we followed the waiter to get back the card, the Manager explained that their machine did work, but someone else's bill was charged on our card (total charge=$140).","['staff', 'miscellaneous', 'price']","['Service', 'General', 'Price']","['neutral', 'positive', 'negative']","[None, None, None]","[False, False, False]",3,False,True
mams_train_01452,mams,train,"Even with reservations, checking in, and a generally quiet night, the hostess forgot that we were there and gave our table to her friends.","['miscellaneous', 'staff']","['General', 'Service']","['neutral', 'negative']","[None, None]","[False, False]",2,False,True
mams_train_01453,mams,train,"Fresh, original, creative, absolutely delicious - Perhaps I would chose a table at this cozy Italian corner versus an NYC top 5?","['miscellaneous', 'place']","['General', 'General']","['neutral', 'positive']","[None, None]","[False, False]",2,False,True
mams_train_01454,mams,train,"My experience at the The Pearl Room was like no other place in Bay Ridge, you walk into a dimly lit atomsphere and a well dressed crowd.","['place', 'miscellaneous']","['General', 'General']","['neutral', 'positive']","[None, None]","[False, False]",2,False,True
mams_train_01455,mams,train,"The service was warm, but it took forever to get the check.","['service', 'price']","['Service', 'Price']","['positive', 'negative']","[None, None]","[False, False]",2,False,True
mams_train_01456,mams,train,"The atmosphere was a+, until a friend and I were rudely interrrupted and rushed out by the attendant at the door when the check was only returned to us just 5 mins.","['miscellaneous', 'price']","['General', 'Price']","['negative', 'neutral']","[None, None]","[False, False]",2,False,True
mams_train_01457,mams,train,I had to ask the waiter a couple of times to clear our empty glasses.,"['staff', 'miscellaneous']","['Service', 'General']","['negative', 'neutral']","[None, None]","[False, False]",2,False,True
mams_train_01458,mams,train,I had the item that they forgot to put on the menu; some very tasty fish over jasmine rice with shrimp.,"['menu', 'food']","['General', 'Food']","['neutral', 'positive']","[None, None]","[False, False]",2,False,True
mams_train_01459,mams,train,Waiter had to lean on my husband to give people next to us their food.,"['staff', 'food']","['Service', 'Food']","['negative', 'neutral']","[None, None]","[False, False]",2,False,True
mams_train_01460,mams,train,The wait staff pushed us to get desserts immediately after we finished our main course and we had to continuously tell them we are not ready yet.,"['staff', 'food']","['Service', 'Food']","['negative', 'neutral']","[None, None]","[False, False]",2,False,True
mams_train_01461,mams,train,"Go have a drink there the space is beautiful and buy an appetizer maybe, but pass on dinner, not well cooked and small portions.","['place', 'food', 'miscellaneous']","['General', 'Food', 'General']","['positive', 'neutral', 'negative']","[None, None, None]","[False, False, False]",3,False,True
mams_train_01462,mams,train,i've had practically everything on their menu as i dine out alot but their burgers and mussels with fries are what bring me there every friday night.,"['menu', 'food']","['General', 'Food']","['neutral', 'positive']","[None, None]","[False, False]",2,False,True
mams_train_01463,mams,train,"The entertainment is awesome - and believe it or not, I was so impressed with one of their musicians/singers (named Alessandro) that I even had him play during my cocktail hour.","['ambience', 'food']","['Ambience', 'Food']","['positive', 'neutral']","[None, None]","[False, False]",2,False,True
mams_train_01464,mams,train,This is authentic Japanese food - California roll is not on the menu.,"['food', 'menu']","['Food', 'General']","['positive', 'neutral']","[None, None]","[False, False]",2,False,True
mams_train_01465,mams,train,"Space aside, service is ok but the food is really well done.","['place', 'food']","['General', 'Food']","['neutral', 'positive']","[None, None]","[False, False]",2,False,True
mams_train_01466,mams,train,When you feel like eating again an hour later (portions are small) at least you won't feel as regretful about ordering take-out.,"['miscellaneous', 'food']","['General', 'Food']","['negative', 'neutral']","[None, None]","[False, False]",2,False,True
mams_train_01467,mams,train,There was only one server on duty and we waited a while for menus.,"['staff', 'menu']","['Service', 'General']","['positive', 'neutral']","[None, None]","[False, False]",2,False,True
mams_train_01468,mams,train,"Evening started out nice w/ complimentary glass of champagne, but turned sour as mussels were extremely overcooked, steak came in kid size portion smothered with sauce and owner recommended a wine special off the standard wine menu that was double the price of the most expensive bottle but made no effort to describe the wine as extremely special or significantly more expensive that what they typically serve.","['food', 'staff', 'price']","['Food', 'Service', 'Price']","['positive', 'negative', 'negative']","[None, None, None]","[False, False, False]",3,False,True
mams_train_01469,mams,train,"The place is not fancy, but their food is wonderful.","['place', 'food']","['General', 'Food']","['negative', 'positive']","[None, None]","[False, False]",2,False,True
mams_train_01470,mams,train,"This is a don't miss if you are anywhere close to the area, but if you're going for lunch, be there by noon to avoid a wait.","['miscellaneous', 'food', 'service']","['General', 'Food', 'Service']","['neutral', 'neutral', 'negative']","[None, None, None]","[False, False, False]",3,False,True
mams_train_01471,mams,train,"' When I reasoned with them that my dining partner already received her hot entree and was halfway done eating, and all I ordered was two rolls, the wait staff finally got the idea that maybe they should be trying to get me my order.","['food', 'staff']","['Food', 'Service']","['neutral', 'negative']","[None, None]","[False, False]",2,False,True
mams_train_01472,mams,train,Had an OK dinner that was made better by the attention the owners pay to the patrons.,"['food', 'staff']","['Food', 'Service']","['neutral', 'positive']","[None, None]","[False, False]",2,False,True
mams_train_01473,mams,train,"It's just nice to have a place like this - a sit down place with a lot of food choices, not centered on a particular ethnicity and a bar - as an option here.","['food', 'place']","['Food', 'General']","['positive', 'neutral']","[None, None]","[False, False]",2,False,True
mams_train_01474,mams,train,"We had to wait 20 minutes before getting a beer, and we never got our burger order.","['food', 'miscellaneous']","['Food', 'General']","['neutral', 'negative']","[None, None]","[False, False]",2,False,True
mams_train_01475,mams,train,") Service was good not great, waiters stood around,didn't ask how everything was.","['service', 'staff']","['Service', 'Service']","['positive', 'negative']","[None, None]","[False, False]",2,False,True
mams_train_01476,mams,train,"The menu had more selections, price points that fit all our budgets and a new Sushi menu that went over huge with the table.","['menu', 'miscellaneous']","['General', 'General']","['positive', 'neutral']","[None, None]","[False, False]",2,False,True
mams_train_01477,mams,train,"The menu features mild versions of Lone Star state favorites, from double-basted baby back ribs and steak fajitas to red-beef chili and deep-fried onions.","['menu', 'food']","['General', 'Food']","['neutral', 'positive']","[None, None]","[False, False]",2,False,True
mams_train_01478,mams,train,"he politely asked about what happened, we told him about the hostess behaviour, the manager apologized for the her behavior and treated us to a drink at the bar.","['staff', 'food', 'place']","['Service', 'Food', 'General']","['positive', 'neutral', 'neutral']","[None, None, None]","[False, False, False]",3,False,True
mams_train_01479,mams,train,"Aside from the fact the maitre de claimed the dining room was 'full', we were seated at a great table overlooking the lobby of the hotel and ordered the 5 course tasting menu.","['staff', 'place', 'menu']","['Service', 'General', 'General']","['neutral', 'neutral', 'positive']","[None, None, None]","[False, False, False]",3,False,True
mams_train_01480,mams,train,I've heard such wonderful things about Pluck U and had the pleasure of trying their infamous chicken while having learned a few things: 1) rushed service 2) limited menu 3) semi-reasonable 4) overly popular.,"['food', 'menu']","['Food', 'General']","['positive', 'negative']","[None, None]","[False, False]",2,False,True
mams_train_01481,mams,train,"nice and cozy place but the soup was cold, the pizza was cold.","['place', 'food']","['General', 'Food']","['positive', 'negative']","[None, None]","[False, False]",2,False,True
mams_train_01482,mams,train,"The Food There's a trimmed-down version of the regular Blue Ribbon menu--all manner of sandwiches, and a solid selection of American main courses--but the real attraction is the vast, well-edited range of cheese, fish and vegetable portions (goodies like foie gras terrine aside, the meat selections are disappointingly indistinct).","['food', 'menu']","['Food', 'General']","['positive', 'neutral']","[None, None]","[False, False]",2,False,True
mams_train_01483,mams,train,"Still, after all the fuss, the food makes you forget about the wait.","['food', 'service']","['Food', 'Service']","['positive', 'neutral']","[None, None]","[False, False]",2,False,True
mams_train_01484,mams,train,"The wait staff was attentive without being overbearing, and our waiter gave thoughtful advice on dishes that would be suitable for the children.","['staff', 'food']","['Service', 'Food']","['positive', 'neutral']","[None, None]","[False, False]",2,False,True
mams_train_01485,mams,train,"Dim, candlelit dining room is accented by a funky star pointed bar and multi-colored ceiling lamps, with trendy upbeat music in the background.","['place', 'miscellaneous', 'ambience']","['General', 'General', 'Ambience']","['neutral', 'positive', 'positive']","[None, None, None]","[False, False, False]",3,False,True
mams_train_01486,mams,train,The prices weren't bad though - dinner ended up at $80 with tip and we had a couple drinks as well.,"['price', 'food']","['Price', 'Food']","['positive', 'neutral']","[None, None]","[False, False]",2,False,True
mams_train_01487,mams,train,"They always greet me and my friends warmly, deliver food promptly, are happy to answer questions about the menu, and they almost always throw in a free dessert at the end of the meal!","['food', 'menu']","['Food', 'General']","['positive', 'neutral']","[None, None]","[False, False]",2,False,True
mams_train_01488,mams,train,"$45 a head with tip for bad gnocchi, mediocre wine (as recommended by a condescending waiter, who thought himself oh-so-nice) and the feeling that our companions (at our shared table) were listening in on all our chatter.","['food', 'miscellaneous']","['Food', 'General']","['negative', 'neutral']","[None, None]","[False, False]",2,False,True
mams_train_01489,mams,train,Our cocktails were ok but at ridiculous dance club prices.,"['food', 'price']","['Food', 'Price']","['positive', 'negative']","[None, None]","[False, False]",2,False,True
mams_train_01490,mams,train,"We (naturally) asked for a discount when the bill came, and our waitress disappeared for a moment and offered us.","['price', 'staff']","['Price', 'Service']","['neutral', 'negative']","[None, None]","[False, False]",2,False,True
mams_train_01491,mams,train,"Luckily, I made reservations for our group or else it would have been a long wait.","['miscellaneous', 'service']","['General', 'Service']","['neutral', 'negative']","[None, None]","[False, False]",2,False,True
mams_train_01492,mams,train,"The decor isn't the best and the place is very modest, but if you're around Ditmars Blvd.","['ambience', 'place']","['Ambience', 'General']","['negative', 'positive']","[None, None]","[False, False]",2,False,True
mams_train_01493,mams,train,The food is great and I found it to be fresh and the prices are below to average compared to other Greek Restaurants.,"['food', 'price']","['Food', 'Price']","['positive', 'negative']","[None, None]","[False, False]",2,False,True
mams_train_01494,mams,train,"Once we eventaully got seated (all tables are practically on top of each other), we were hustled through our meal by a waitstaff that clearly knows how quickly they need to turn the table over.","['place', 'food', 'staff']","['General', 'Food', 'Service']","['neutral', 'neutral', 'positive']","[None, None, None]","[False, False, False]",3,False,True
mams_train_01495,mams,train,I went for dinner at Lucy the other night with five friends and it was the best experience I've had in a long time.,"['food', 'miscellaneous']","['Food', 'General']","['neutral', 'negative']","[None, None]","[False, False]",2,False,True
mams_train_01496,mams,train,Didn't get a call so I thought all was ok-they didn't have a reservation and wouldn't seat us for over an hour even though no one else was waiting and I saw several empty tables.,"['miscellaneous', 'place']","['General', 'General']","['neutral', 'negative']","[None, None]","[False, False]",2,False,True
mams_train_01497,mams,train,"When we were finally seated about half an hour after my reservation, the waitress took her time taking our order.","['miscellaneous', 'staff']","['General', 'Service']","['neutral', 'negative']","[None, None]","[False, False]",2,False,True
mams_train_01498,mams,train,"The only apparent flavor in any of the dishes was heat, and a table of four gourmands left at least half of our meals on our plates.","['ambience', 'miscellaneous', 'food']","['Ambience', 'General', 'Food']","['negative', 'neutral', 'neutral']","[None, None, None]","[False, False, False]",3,False,True
mams_train_01499,mams,train,"impressive balcony seating and while they forgot to give us the cold appetizers, the waiter and maitre'd more than made up for it by being most accomodating to us.","['place', 'staff']","['General', 'Service']","['neutral', 'positive']","[None, None]","[False, False]",2,False,True
mams_train_01500,mams,train,The dessert was as good as the waiter said it would be.,"['food', 'staff']","['Food', 'Service']","['positive', 'neutral']","[None, None]","[False, False]",2,False,True
mams_train_01501,mams,train,The Food The menu is better suited to the snacking at the long bar than dining in the compact dining area.,"['food', 'place']","['Food', 'General']","['positive', 'neutral']","[None, None]","[False, False]",2,False,True
mams_train_01502,mams,train,"After asking several different people find our waiter, he returned to say he couldn't find any wine and begged us to order sake instead.","['staff', 'food']","['Service', 'Food']","['negative', 'neutral']","[None, None]","[False, False]",2,False,True
mams_train_01503,mams,train,"When we asked if the waiter could put the lights back on, he said:we have this complaint every night but the owner thinks it's more 'Parisian'!","['staff', 'ambience']","['Service', 'Ambience']","['negative', 'neutral']","[None, None]","[False, False]",2,False,True
mams_train_01504,mams,train,"i have been waiting for 15 mn ( no food menu , no cocktail menu , no one even say hi to me ).","['service', 'menu']","['Service', 'General']","['neutral', 'negative']","[None, None]","[False, False]",2,False,True
mams_train_01505,mams,train,Summary - good food which they rush you through and do everything to up your bill.,"['food', 'price']","['Food', 'Price']","['positive', 'neutral']","[None, None]","[False, False]",2,False,True
mams_train_01506,mams,train,"The high light was the fondue, that we never got because again the server said the kitchen was too busy.","['food', 'staff', 'place']","['Food', 'Service', 'General']","['positive', 'neutral', 'negative']","[None, None, None]","[False, False, False]",3,False,True
mams_train_01507,mams,train,The waiters have been there for YEARS and they know their steak is amazing.,"['staff', 'food']","['Service', 'Food']","['neutral', 'positive']","[None, None]","[False, False]",2,False,True
mams_train_01508,mams,train,"The deli-diner-soul-food menu, featuring everything from matzo balls to barbecued chicken and ribs to 10-ounce burgers, is available until late.","['menu', 'food']","['General', 'Food']","['positive', 'neutral']","[None, None]","[False, False]",2,False,True
mams_train_01509,mams,train,Very claustrophobic place so expect it to be really crowded during lunch.,"['place', 'food']","['General', 'Food']","['negative', 'neutral']","[None, None]","[False, False]",2,False,True
mams_train_01510,mams,train,"Not the best ambience and the service is sometimes just mediocre, but the quality of the food is incredible.","['ambience', 'service', 'food']","['Ambience', 'Service', 'Food']","['negative', 'negative', 'positive']","[None, None, None]","[False, False, False]",3,False,True
mams_train_01511,mams,train,"I have to say that I've been there only during brunch time but the service even though slow, it was good.","['food', 'service']","['Food', 'Service']","['neutral', 'negative']","[None, None]","[False, False]",2,False,True
mams_train_01512,mams,train,"The service is friendly, if not the most prompt in the world, the food is great, and the prices, while not cheap, won't put your wallet out of commission.","['service', 'food', 'price']","['Service', 'Food', 'Price']","['positive', 'positive', 'negative']","[None, None, None]","[False, False, False]",3,False,True
mams_train_01513,mams,train,The portions are like a buffett for breakfast.,"['miscellaneous', 'food']","['General', 'Food']","['negative', 'neutral']","[None, None]","[False, False]",2,False,True
mams_train_01514,mams,train,"Service is FAST so if you are dining, order entrees after receiving apps.","['service', 'food']","['Service', 'Food']","['positive', 'neutral']","[None, None]","[False, False]",2,False,True
mams_train_01515,mams,train,"Dinner is okay - not many vegetarian options, and the portions are small.","['food', 'miscellaneous']","['Food', 'General']","['neutral', 'negative']","[None, None]","[False, False]",2,False,True
mams_train_01516,mams,train,When the manager was asked for things did imporve but 2 hours to get our meal.,"['staff', 'food']","['Service', 'Food']","['negative', 'neutral']","[None, None]","[False, False]",2,False,True
mams_train_01517,mams,train,Bread bar couldn't get anything right except water refills (good job to the water guy).,"['place', 'food']","['General', 'Food']","['negative', 'neutral']","[None, None]","[False, False]",2,False,True
mams_train_01518,mams,train,"The Food Chef Tom Kearney (Blue Hill, Jean-Georges) presides over the contemporary, pared-down menu.","['staff', 'menu']","['Service', 'General']","['positive', 'neutral']","[None, None]","[False, False]",2,False,True
mams_train_01519,mams,train,Service was slow and spotty; had to flag the waiter down many a time to get drink and food orders in.,"['service', 'staff', 'food']","['Service', 'Service', 'Food']","['negative', 'negative', 'neutral']","[None, None, None]","[False, False, False]",3,False,True
mams_train_01520,mams,train,"Although the place had an actual makeover not long ago, the food or chef needs to be changed.","['place', 'food']","['General', 'Food']","['neutral', 'negative']","[None, None]","[False, False]",2,False,True
mams_train_01521,mams,train,"The place looks like the inside of a factory, with its steel drums, over-amped A/C and hard wooden benches, and the industrial decor seeps into overly streamlined menu and passionless food.","['menu', 'food']","['General', 'Food']","['neutral', 'negative']","[None, None]","[False, False]",2,False,True
mams_train_01522,mams,train,"I had to try the sweet tea, which was served in a plastic cup at room temperture.","['food', 'service', 'miscellaneous']","['Food', 'Service', 'General']","['positive', 'neutral', 'neutral']","[None, None, None]","[False, False, False]",3,False,True
mams_train_01523,mams,train,I can only say that the soup dumplings are almost as good as Joe's Shanghai and some dishes I had (like Eight Spice appetizer) were tasty while others (Shanghai style Shumai) were less so.,"['food', 'miscellaneous']","['Food', 'General']","['positive', 'neutral']","[None, None]","[False, False]",2,False,True
mams_train_01524,mams,train,We were a large group and would highly recommend all the drinks and foodThe manager on duty was understanding that our friends were very late and held our reservation.,"['food', 'staff', 'miscellaneous']","['Food', 'Service', 'General']","['positive', 'positive', 'neutral']","[None, None, None]","[False, False, False]",3,False,True
mams_train_01525,mams,train,Start off with an expertly mixed cocktail or glass of wine at the beautiful bar.,"['food', 'place']","['Food', 'General']","['neutral', 'positive']","[None, None]","[False, False]",2,False,True
mams_train_01526,mams,train,"The wait staff is slow, full of attitude and forgettful--often taking 20 minutes to bring another round of food and drinks.","['staff', 'food']","['Service', 'Food']","['negative', 'neutral']","[None, None]","[False, False]",2,False,True
mams_train_01527,mams,train,The menu contains both Japanese fusion and plain Italian dishes - everyone should be able to find something they like.,"['menu', 'miscellaneous', 'food']","['General', 'General', 'Food']","['neutral', 'neutral', 'positive']","[None, None, None]","[False, False, False]",3,False,True
mams_train_01528,mams,train,"We waited half an hour just to get menus, and watched another table of 10 people leave because they had been ignored by the (single) waiter.","['menu', 'staff']","['General', 'Service']","['neutral', 'negative']","[None, None]","[False, False]",2,False,True
mams_train_01529,mams,train,"If you don't mind interacting with sour-puss employees, then by all means, enjoy the treats at Sweet Melissa.","['staff', 'service']","['Service', 'Service']","['neutral', 'positive']","[None, None]","[False, False]",2,False,True
mams_train_01530,mams,train,"The Scene The consistent lines at this bustling Japanese tapas hot spot don't lie: Yokocho's fresh, reasonably priced comfort food and social atmosphere draw a youthful clientele of cultural natives and gaijin alike.","['miscellaneous', 'food', 'ambience']","['General', 'Food', 'Ambience']","['neutral', 'positive', 'positive']","[None, None, None]","[False, False, False]",3,False,True
mams_train_01531,mams,train,"Upon reading the $44 prix fixe menu (a fair price for good food), we realized half of the Appetizers and Entrees required an additional supplement ranging from five dollars to $105!","['menu', 'price', 'food']","['General', 'Price', 'Food']","['neutral', 'positive', 'positive']","[None, None, None]","[False, False, False]",3,False,True
mams_train_01532,mams,train,There are times when there is a long wait at lunch so be safe and make a reservation.,"['service', 'food', 'miscellaneous']","['Service', 'Food', 'General']","['negative', 'neutral', 'neutral']","[None, None, None]","[False, False, False]",3,False,True
mams_train_01533,mams,train,Our meal was interrupted several times by the arguments between our waiter and the maitre 'd.,"['food', 'staff']","['Food', 'Service']","['neutral', 'negative']","[None, None]","[False, False]",2,False,True
mams_train_01534,mams,train,for ANYONE to come and take our dessert order (we had previously seen our waitress going outside for a cigarette break and never coming back).,"['food', 'staff']","['Food', 'Service']","['neutral', 'negative']","[None, None]","[False, False]",2,False,True
mams_train_01535,mams,train,"not only were we waiting for half an hour with reservations, once we got seated we waited another 15+ minutes for the waiter to come and take out drink menu.","['service', 'miscellaneous', 'menu', 'staff']","['Service', 'General', 'General', 'Service']","['neutral', 'neutral', 'neutral', 'negative']","[None, None, None, None]","[False, False, False, False]",4,False,True
mams_train_01536,mams,train,"Evidently, our waiter went to the Mediterrean for our humus pita because it took about 25 minutes.","['staff', 'food']","['Service', 'Food']","['negative', 'neutral']","[None, None]","[False, False]",2,False,True
mams_train_01537,mams,train,The Food There's no need to slump into a well-known comfort zone of teriyaki and udon.,"['ambience', 'food']","['Ambience', 'Food']","['positive', 'neutral']","[None, None]","[False, False]",2,False,True
mams_train_01538,mams,train,"The outdoor patio is really nice in good weather, but what ambience the indoors possesses is negated by the noise and the crowds.","['place', 'ambience']","['General', 'Ambience']","['positive', 'neutral']","[None, None]","[False, False]",2,False,True
mams_train_01539,mams,train,"I'm not going to trash the place simply because I had a bad experience there, but here's the facts: the food is very good, the portions are small-to-medium, and the prices are large.","['place', 'food', 'miscellaneous', 'price']","['General', 'Food', 'General', 'Price']","['negative', 'positive', 'negative', 'negative']","[None, None, None, None]","[False, False, False, False]",4,False,True
mams_train_01540,mams,train,"The bar was a disaster because there were no tables for anyone, and drinks took 20 minutes to receive.","['place', 'food']","['General', 'Food']","['negative', 'neutral']","[None, None]","[False, False]",2,False,True
mams_train_01541,mams,train,"For spending over $100 per person for dinner, i would think that the waiter would put my plate of food down for me instead of handing me my dish.","['food', 'staff']","['Food', 'Service']","['neutral', 'negative']","[None, None]","[False, False]",2,False,True
mams_train_01542,mams,train,Called to make a reservation and b/c the man who answered was so nice decided to chance it.,"['miscellaneous', 'staff']","['General', 'Service']","['neutral', 'positive']","[None, None]","[False, False]",2,False,True
mams_train_01543,mams,train,"I have told so many people to come here even my friend from Japan and we all love it, especially when we get the room for all of us to sit in our own little world eating tons of good sushi!","['place', 'food']","['General', 'Food']","['neutral', 'positive']","[None, None]","[False, False]",2,False,True
mams_train_01544,mams,train,it's one of the cheapest eats in the city and the food is not bad if you sit at the bar only - they have a decent chicken and/or beef tender tips but they cook with a lot of garlic so beware.,"['place', 'food']","['General', 'Food']","['neutral', 'positive']","[None, None]","[False, False]",2,False,True
mams_train_01545,mams,train,Once we had our menus we were nearly assaulted by wait staff asking if we were ready to order.,"['menu', 'staff']","['General', 'Service']","['neutral', 'negative']","[None, None]","[False, False]",2,False,True
mams_train_01546,mams,train,"The staff is constantly disappearing from the restaurant, making it impossible to get drink refills or to get the check.","['staff', 'food']","['Service', 'Food']","['negative', 'neutral']","[None, None]","[False, False]",2,False,True
mams_train_01547,mams,train,"They bought the same surly staff, it still took way too long for food, drink, ANY SERVICE and the food is still $ 12.","['staff', 'food', 'service']","['Service', 'Food', 'Service']","['negative', 'neutral', 'neutral']","[None, None, None]","[False, False, False]",3,False,True
mams_train_01548,mams,train,"Overall, I would rather go to a chain coffee house up the street for the same priced coffee, but a much more relaxing atmosphere, and no one forgetting my order.","['food', 'ambience']","['Food', 'Ambience']","['negative', 'positive']","[None, None]","[False, False]",2,False,True
mams_train_01549,mams,train,"Cheese on the bottom, sauce on top - not too thick or doughy.","['food', 'miscellaneous']","['Food', 'General']","['negative', 'neutral']","[None, None]","[False, False]",2,False,True
mams_train_01550,mams,train,I went for lunch yesterday and had a lovely time.,"['food', 'miscellaneous']","['Food', 'General']","['neutral', 'positive']","[None, None]","[False, False]",2,False,True
mams_train_01551,mams,train,"yes as I sat at the table waiting just under 1 HOUR for my food, i was quite tempted to step across the road for a quick snack.","['service', 'food']","['Service', 'Food']","['neutral', 'positive']","[None, None]","[False, False]",2,False,True
mams_train_01552,mams,train,"Forget Brunch- there are usually people waiting outside, although the brunches are delish as well!","['service', 'food']","['Service', 'Food']","['neutral', 'positive']","[None, None]","[False, False]",2,False,True
mams_train_01553,mams,train,We didn't see the solitary waitress after seating ourself for over 10 minutes.,"['staff', 'place']","['Service', 'General']","['negative', 'neutral']","[None, None]","[False, False]",2,False,True
mams_train_01554,mams,train,"Don't expect trendy atmosphere: room looks like it could have been designed in 1940s, but who cares - it's actually comfortable and inviting; with great food and unbeatable value, you can't go wrong.","['ambience', 'food', 'miscellaneous']","['Ambience', 'Food', 'General']","['negative', 'positive', 'positive']","[None, None, None]","[False, False, False]",3,False,True
mams_train_01555,mams,train,"The hostess was inefficiently seating people and disappeared for minutes at a time, letting the line grow to 15+ people waiting to put their names on the list.","['staff', 'place', 'service']","['Service', 'General', 'Service']","['negative', 'neutral', 'neutral']","[None, None, None]","[False, False, False]",3,False,True
mams_train_01556,mams,train,The pizza is baked in a wood burning oven and the flavor is fantastic.,"['food', 'ambience']","['Food', 'Ambience']","['neutral', 'positive']","[None, None]","[False, False]",2,False,True
mams_train_01557,mams,train,The cultured wait staff were accommodating and helped explain and pronounce the items off the menu.,"['staff', 'menu']","['Service', 'General']","['positive', 'neutral']","[None, None]","[False, False]",2,False,True
mams_train_01558,mams,train,"Our waitress was pleasant but slow, and the food is simply not good enough to be treated like a nuisance.","['staff', 'food']","['Service', 'Food']","['positive', 'negative']","[None, None]","[False, False]",2,False,True
mams_train_01559,mams,train,"After 2 tries by the waiter to take it away (we hadn't even looked at it yet, we had full beers yet to drink), the manager approached and told us they needed the table for people with reservations.","['staff', 'food', 'miscellaneous']","['Service', 'Food', 'General']","['negative', 'positive', 'neutral']","[None, None, None]","[False, False, False]",3,False,True
mams_train_01560,mams,train,"Although we were seated right away and the waiter brought menus promptly as well as drink, he was almost never at our table despite being at the other tables right next to ours.","['staff', 'menu', 'food']","['Service', 'General', 'Food']","['positive', 'neutral', 'neutral']","[None, None, None]","[False, False, False]",3,False,True
mams_train_01561,mams,train,The waiter was conspicuously eyeing our table the entire meal and there was a lot of scurrying by the wait staff in general.,"['staff', 'miscellaneous', 'food']","['Service', 'General', 'Food']","['negative', 'neutral', 'neutral']","[None, None, None]","[False, False, False]",3,False,True
mams_train_01562,mams,train,We were rudely told by the waiter that chips are only available at the bar.,"['staff', 'food', 'place']","['Service', 'Food', 'General']","['negative', 'neutral', 'neutral']","[None, None, None]","[False, False, False]",3,False,True
mams_train_01563,mams,train,"AND, the waitstaff likes to lick its fingers when cutting cakes/pies and serves hot and cold drinks by holding the glass or cup around the brim/top.","['staff', 'food', 'miscellaneous']","['Service', 'Food', 'General']","['negative', 'neutral', 'neutral']","[None, None, None]","[False, False, False]",3,False,True
mams_train_01564,mams,train,It's very reasonably priced considering the size of portions.,"['price', 'miscellaneous']","['Price', 'General']","['positive', 'neutral']","[None, None]","[False, False]",2,False,True
mams_train_01565,mams,train,Disappointed in the selection on the restaurant week menu (which did not include any steak entrees) but impressed with the actual food- everything was very good- fresh and innovative- saffron risotto was not too powerful and the entrees were all good.,"['menu', 'food']","['General', 'Food']","['neutral', 'negative']","[None, None]","[False, False]",2,False,True
mams_train_01566,mams,train,"Its not cheap, it was $10 for a burger and fries, and when i was there, the waiter had dropped a FULL glass of coke on a patron, soaking her through!","['food', 'staff', 'miscellaneous']","['Food', 'Service', 'General']","['neutral', 'negative', 'neutral']","[None, None, None]","[False, False, False]",3,False,True
mams_train_01567,mams,train,The specials of the day are the way to go.,"['food', 'miscellaneous']","['Food', 'General']","['positive', 'neutral']","[None, None]","[False, False]",2,False,True
mams_train_01568,mams,train,We ended our great experience by having Gulab Jamun (dessert) recommended by the waiter.,"['food', 'staff']","['Food', 'Service']","['positive', 'neutral']","[None, None]","[False, False]",2,False,True
mams_train_01569,mams,train,"Curries are another menu highlight, with several choices including Pa Nang with coconut milk, lemongrass leaves, onions and peppers, and Gang Paa with hot and spicy chili sauce.","['menu', 'food']","['General', 'Food']","['positive', 'neutral']","[None, None]","[False, False]",2,False,True
mams_train_01570,mams,train,"The only downer was the fruit fondue desert from the prie fixe menu wasn't as good as it looked (the chocolate was runny), and the wait between our salad and main course was too long.","['food', 'menu', 'service']","['Food', 'General', 'Service']","['negative', 'neutral', 'negative']","[None, None, None]","[False, False, False]",3,False,True
mams_train_01571,mams,train,"The food was very good but the portions are pretty small, so while the prices are low, the place is not quite a bargain it seems to be.","['food', 'miscellaneous', 'price', 'place']","['Food', 'General', 'Price', 'General']","['positive', 'negative', 'positive', 'negative']","[None, None, None, None]","[False, False, False, False]",4,False,True
mams_train_01572,mams,train,They lost our reservations and the manager quickly came over and apologized and then gave us a free round of drinks and free dessert.,"['miscellaneous', 'staff']","['General', 'Service']","['neutral', 'positive']","[None, None]","[False, False]",2,False,True
mams_train_01573,mams,train,The service was unattentive and the only time she came over was to aggressively push drinks on us.,"['service', 'food']","['Service', 'Food']","['negative', 'neutral']","[None, None]","[False, False]",2,False,True
mams_train_01574,mams,train,"From the overstuffed menu to the placemats advertising spectacularly festive drinks, to the comfy booths, the decor signals -- this is indeed your grandfather's diner and thank goodness for it.","['place', 'ambience']","['General', 'Ambience']","['positive', 'neutral']","[None, None]","[False, False]",2,False,True
mams_train_01575,mams,train,"For the price you pay, you get good quality and deliciously thin sliced beef.","['price', 'miscellaneous', 'food']","['Price', 'General', 'Food']","['neutral', 'positive', 'positive']","[None, None, None]","[False, False, False]",3,False,True
mams_train_01576,mams,train,"Our waitress brought him a regular coke instead of a diet coke, and the salsa had OIL floating at the top.","['staff', 'food']","['Service', 'Food']","['negative', 'neutral']","[None, None]","[False, False]",2,False,True
mams_train_01577,mams,train,"The Scene Cooing couples find some formality and open air up in the front room, while the subterranean back area offers hunkered-down seating for loungier dining.","['miscellaneous', 'ambience', 'place', 'food']","['General', 'Ambience', 'General', 'Food']","['neutral', 'positive', 'neutral', 'neutral']","[None, None, None, None]","[False, False, False, False]",4,False,True
mams_train_01578,mams,train,This is definitely not a place to come for lunch because you can get the same food from a corner deli at half the price they charge here.,"['food', 'price']","['Food', 'Price']","['neutral', 'positive']","[None, None]","[False, False]",2,False,True
mams_train_01579,mams,train,"For example, the last time I was there the bartender seemed visibly irritated that I would ask him for a drink instead of the waitress.","['staff', 'food']","['Service', 'Food']","['negative', 'neutral']","[None, None]","[False, False]",2,False,True
mams_train_01580,mams,train,"The food was pretty good, but a little flavorless and the portions very small, including dessert.","['food', 'miscellaneous']","['Food', 'General']","['positive', 'negative']","[None, None]","[False, False]",2,False,True
mams_train_01581,mams,train,I went for lunch and the staff does not welcome you upon entering.,"['food', 'staff']","['Food', 'Service']","['neutral', 'negative']","[None, None]","[False, False]",2,False,True
mams_train_01582,mams,train,"I've had the ribeye, the salmon, and a burger/fries at the bar, and they were all exceptional.","['food', 'place']","['Food', 'General']","['positive', 'neutral']","[None, None]","[False, False]",2,False,True
mams_train_01583,mams,train,"I had the lentils and cous cous for lunch the next day because my friend and I had appetizers before our entrees-- portions are pretty decent for the price, and tasty to boot.","['food', 'miscellaneous', 'price']","['Food', 'General', 'Price']","['neutral', 'positive', 'neutral']","[None, None, None]","[False, False, False]",3,False,True
mams_train_01584,mams,train,At least you have the ambiance and lovely live piano musice being played for you while you wait.,"['ambience', 'miscellaneous']","['Ambience', 'General']","['neutral', 'positive']","[None, None]","[False, False]",2,False,True
mams_train_01585,mams,train,We asked for a side of dressing but the waiter told us that all the salads just had oil and vinegar so we should just use the oil and vinegar that was on the table.,"['food', 'staff']","['Food', 'Service']","['neutral', 'negative']","[None, None]","[False, False]",2,False,True
mams_train_01586,mams,train,"Growling at us when we asked for water is one thing, but to just lie and make NO effort to satisfy, or apologize at these moderately high prices ($12.","['food', 'price']","['Food', 'Price']","['neutral', 'negative']","[None, None]","[False, False]",2,False,True
mams_train_01587,mams,train,"My advice: go the bathroom at home, and then go to Ginza for EXCELLENT sushi and service.","['place', 'food', 'service']","['General', 'Food', 'Service']","['neutral', 'positive', 'positive']","[None, None, None]","[False, False, False]",3,False,True
mams_train_01588,mams,train,Our meal was capped of with the waiter rudely saying he needed the table for other customers.,"['food', 'staff', 'miscellaneous']","['Food', 'Service', 'General']","['neutral', 'negative', 'neutral']","[None, None, None]","[False, False, False]",3,False,True
mams_train_01589,mams,train,but the Server informed us that they wanted to make the soup their own and that she hopes we like it.,"['staff', 'food']","['Service', 'Food']","['positive', 'neutral']","[None, None]","[False, False]",2,False,True
mams_train_01590,mams,train,The hostess had us wait in the bar while our table was set up and we ordered what had to be the best mojitos in the city.,"['staff', 'place', 'food']","['Service', 'General', 'Food']","['neutral', 'neutral', 'positive']","[None, None, None]","[False, False, False]",3,False,True
mams_train_01591,mams,train,"While the restaurant/space itself isn't so great (somewhat cramped cheesy interior, and the name implies its a burrito take-out place), the service and food outway its few cons.","['place', 'food', 'service']","['General', 'Food', 'Service']","['negative', 'positive', 'negative']","[None, None, None]","[False, False, False]",3,False,True
mams_train_01592,mams,train,"The music was a bit loud but the song selection was great, so we blew off desert and had another round of drinks at the bar.","['miscellaneous', 'food', 'place']","['General', 'Food', 'General']","['positive', 'neutral', 'neutral']","[None, None, None]","[False, False, False]",3,False,True
mams_train_01593,mams,train,Heartland is the best place in mid-town to grab a beer after work and meet the cuties that work in the building.,"['food', 'miscellaneous']","['Food', 'General']","['positive', 'neutral']","[None, None]","[False, False]",2,False,True
mams_train_01594,mams,train,"The service was nice, although our food took longer than usual to arrive because it had been brought to the wrong table and accidently eaten.","['service', 'food', 'miscellaneous']","['Service', 'Food', 'General']","['positive', 'negative', 'negative']","[None, None, None]","[False, False, False]",3,False,True
mams_train_01595,mams,train,"The server was dutiful yet insincere, the brunch drinks above average.","['staff', 'food']","['Service', 'Food']","['negative', 'positive']","[None, None]","[False, False]",2,False,True
mams_train_01596,mams,train,It looks like a dive but serves up fresh authentic Mexican fare you won't normally find in your average Tex-Mex style restaraunt.,"['food', 'place']","['Food', 'General']","['positive', 'negative']","[None, None]","[False, False]",2,False,True
mams_train_01597,mams,train,The food was very good but portions were small.,"['food', 'miscellaneous']","['Food', 'General']","['positive', 'negative']","[None, None]","[False, False]",2,False,True
mams_train_01598,mams,train,"I prefer to sit at the bar as I don't have to listen to loud, boring conversations from the next table who always seem to be friends of the owner.","['place', 'miscellaneous', 'staff']","['General', 'General', 'Service']","['neutral', 'neutral', 'negative']","[None, None, None]","[False, False, False]",3,False,True
mams_train_01599,mams,train,"I went there on my 2nd day in New York ever for a quick lunch and ended up staying and chatting with the owners wife and a waiter, Javi for two hours.","['food', 'staff']","['Food', 'Service']","['positive', 'neutral']","[None, None]","[False, False]",2,False,True
mams_train_01600,mams,train,"The menu offered unique options and my friends enjoyed their food, but my lentil avacado salad was not better or more interesting than the lunch counter at Saks and my John Dory was overcooked.","['menu', 'food', 'place']","['General', 'Food', 'General']","['positive', 'negative', 'neutral']","[None, None, None]","[False, False, False]",3,False,True
mams_train_01601,mams,train,Just look at all those people waiting outside to feat in an unadorned space of cramped shared tables?,"['service', 'place']","['Service', 'General']","['neutral', 'positive']","[None, None]","[False, False]",2,False,True
mams_train_01602,mams,train,"The food was delicious, and the menu provided ample choices which suited all of the eaters in our party from the most daring to the most conservative.","['food', 'menu', 'miscellaneous']","['Food', 'General', 'General']","['positive', 'neutral', 'positive']","[None, None, None]","[False, False, False]",3,False,True
mams_train_01603,mams,train,My nice waitress even came running out of the restaurant to hand me a tiny box I had forgotten on the table.,"['staff', 'miscellaneous']","['Service', 'General']","['positive', 'neutral']","[None, None]","[False, False]",2,False,True
mams_train_01604,mams,train,"While waiting for a table, tried to get a drink from a bartender who seemed more interested in arguing with his waiters.","['service', 'miscellaneous', 'food', 'staff']","['Service', 'General', 'Food', 'Service']","['neutral', 'neutral', 'neutral', 'negative']","[None, None, None, None]","[False, False, False, False]",4,False,True
mams_train_01605,mams,train,The chef insisted that the meat was cooked properly!?,"['staff', 'food']","['Service', 'Food']","['negative', 'positive']","[None, None]","[False, False]",2,False,True
mams_train_01606,mams,train,"warm orangey glow, nice old mexican prints, wee bar that my bf and i vowed to go back and linger at.","['miscellaneous', 'place']","['General', 'General']","['positive', 'neutral']","[None, None]","[False, False]",2,False,True
mams_train_01607,mams,train,I looked for months for a reasonably priced place that could accommodate about 40 people for a wedding rehearsal dinner on a Friday night.,"['price', 'food']","['Price', 'Food']","['positive', 'neutral']","[None, None]","[False, False]",2,False,True
mams_train_01608,mams,train,"We were coldly greeted by a hostess and wait staff who, in spite of our reservation, did not want to seat any of us, including the elderly, until our entire party had arrived.","['staff', 'miscellaneous']","['Service', 'General']","['negative', 'neutral']","[None, None]","[False, False]",2,False,True
mams_train_01609,mams,train,"I had dinner here with a few friends recently, and while I must admit that the food and service was okay, the prices simply did not match the environment and cuisine.","['food', 'service', 'price']","['Food', 'Service', 'Price']","['positive', 'positive', 'negative']","[None, None, None]","[False, False, False]",3,False,True
mams_train_01610,mams,train,The birthday girl's dessert included a candle the staff came by with birthday wishes.,"['food', 'staff']","['Food', 'Service']","['neutral', 'positive']","[None, None]","[False, False]",2,False,True
mams_train_01611,mams,train,Our meals were a moderate portion and they weren't too spicy.,"['food', 'miscellaneous']","['Food', 'General']","['neutral', 'negative']","[None, None]","[False, False]",2,False,True
mams_train_01612,mams,train,"Although she was obviously busy, she was helpful in describing certain items on the menu and suggested a duck dish that was out of this world.","['menu', 'food']","['General', 'Food']","['neutral', 'positive']","[None, None]","[False, False]",2,False,True
mams_train_01613,mams,train,"We had no problems with our resevations and found the service and the meal well worth a wait, had we run into one.","['service', 'food']","['Service', 'Food']","['positive', 'neutral']","[None, None]","[False, False]",2,False,True
mams_train_01614,mams,train,"The place was a bit noisy, but sitting on the edge of the restaurant helped, and although the portions were small, w/ an appetizer it was the perfect amount of food.","['miscellaneous', 'food']","['General', 'Food']","['negative', 'positive']","[None, None]","[False, False]",2,False,True
mams_train_01615,mams,train,"Although the sushi was fresh, I was disappointed with the size of the portions for the price.","['food', 'miscellaneous', 'price']","['Food', 'General', 'Price']","['positive', 'negative', 'neutral']","[None, None, None]","[False, False, False]",3,False,True
mams_train_01616,mams,train,The chef will not alter any of the three tasting menus.,"['staff', 'menu']","['Service', 'General']","['negative', 'positive']","[None, None]","[False, False]",2,False,True
mams_train_01617,mams,train,"Sure the food was - as always - very good, but we were quite outrageous about the waitress.","['food', 'staff']","['Food', 'Service']","['positive', 'negative']","[None, None]","[False, False]",2,False,True
mams_train_01618,mams,train,After our disappointing meal and terrible service we asked to speak to the manager (who was sitting alone having a glass of wine) when we were told he was too busy to speak to us!,"['service', 'staff', 'food']","['Service', 'Service', 'Food']","['negative', 'negative', 'neutral']","[None, None, None]","[False, False, False]",3,False,True
mams_train_01619,mams,train,"When I asked to speak to a manager, I was sent to voicemail, and I still haven't received a callback.","['staff', 'miscellaneous']","['Service', 'General']","['negative', 'neutral']","[None, None]","[False, False]",2,False,True
mams_train_01620,mams,train,Yesterday they had numerous bartenders as well as servers and the place wasn't packed and it still took 1/2 an hour to make a martini.,"['staff', 'place', 'food']","['Service', 'General', 'Food']","['positive', 'positive', 'neutral']","[None, None, None]","[False, False, False]",3,False,True
mams_train_01621,mams,train,"The waiter handed us menus consisting of about 7 entrees, and after telling us the specials, informed us that there was no chicken.","['staff', 'food']","['Service', 'Food']","['neutral', 'negative']","[None, None]","[False, False]",2,False,True
mams_train_01622,mams,train,"Well, no secret that a brunch here on Saturday or Sunday will be a long wait - but once you bite into those pancakes, it will have been worth every minute.","['food', 'service']","['Food', 'Service']","['positive', 'negative']","[None, None]","[False, False]",2,False,True
mams_train_01623,mams,train,We had to remind the waiter to pour our wine (white) and then he didn't show us the label.,"['staff', 'food']","['Service', 'Food']","['negative', 'neutral']","[None, None]","[False, False]",2,False,True
mams_train_01624,mams,train,same atmosphere but food was better before years ago- octopus was like chewing a rubber tire- dumplings tasted artificial.,"['ambience', 'food']","['Ambience', 'Food']","['positive', 'negative']","[None, None]","[False, False]",2,False,True
mams_train_01625,mams,train,"The food and beer make up for it, but it would be nice if the staff weren't such buzz kills!","['food', 'staff']","['Food', 'Service']","['positive', 'negative']","[None, None]","[False, False]",2,False,True
mams_train_01626,mams,train,The waiters seemed annoyed we all ordered the restaurant week menu and were going to cut into their tips.,"['staff', 'menu']","['Service', 'General']","['negative', 'neutral']","[None, None]","[False, False]",2,False,True
mams_train_01627,mams,train,"my waitress was unable to answer my questions about the menu, and forgot to put in my order.","['staff', 'menu']","['Service', 'General']","['negative', 'neutral']","[None, None]","[False, False]",2,False,True
mams_train_01628,mams,train,I highly recommend the potato and cheese pierogis and the polish kielbasa entreesbut the real stars on the menu are the sides.,"['food', 'menu']","['Food', 'General']","['positive', 'neutral']","[None, None]","[False, False]",2,False,True
mams_train_01629,mams,train,Our waiter was pretty much non-existent and when he did come to our table he practically tossed our plates and wine glasses in front of us.,"['staff', 'miscellaneous']","['Service', 'General']","['negative', 'neutral']","[None, None]","[False, False]",2,False,True
mams_train_01630,mams,train,"Although my waiter had about as much personality as a dead fish, I loved the great solid food and would definately go back.","['staff', 'food']","['Service', 'Food']","['negative', 'positive']","[None, None]","[False, False]",2,False,True
mams_train_01631,mams,train,The atmosphere was so fun that we decided to have another cocktail at the bar and enjoy the scene.,"['ambience', 'food', 'place', 'miscellaneous']","['Ambience', 'Food', 'General', 'General']","['positive', 'neutral', 'neutral', 'positive']","[None, None, None, None]","[False, False, False, False]",4,False,True
mams_train_01632,mams,train,"Dinner's nothing to scream about (although there are a few winners on the menu), but solid margaritas and appetizers are well-suited for a summer evening.","['menu', 'food']","['General', 'Food']","['neutral', 'positive']","[None, None]","[False, False]",2,False,True
mams_train_01633,mams,train,I was disappointed to hear another waiter (or it could've been the owner) was reading completely different specials (most of which I would've wanted to try if I didn't overhear at the end of our meal) to the table next to us.,"['staff', 'food']","['Service', 'Food']","['negative', 'neutral']","[None, None]","[False, False]",2,False,True
mams_train_01634,mams,train,"Alongside the USDA prime dry-cut steaks, the menu features standard steakhouse fare: appetizers like shrimp cocktail, fresh oysters and clams, an array of salads, soups, pastas and vegetable sides, and non-steak entrees like lamb, veal and pork chops, lobster and more.","['food', 'menu']","['Food', 'General']","['neutral', 'positive']","[None, None]","[False, False]",2,False,True
mams_train_01635,mams,train,"But the price tag was high, and the food was comparable to a Las Vegas buffet for flavor and quality.","['price', 'food']","['Price', 'Food']","['negative', 'positive']","[None, None]","[False, False]",2,False,True
mams_train_01636,mams,train,"Forget about the staff and go for the food and pleasant, if a bit cramped Lancaster, Pennsylvania like decor for comfort.","['staff', 'food', 'ambience']","['Service', 'Food', 'Ambience']","['negative', 'positive', 'positive']","[None, None, None]","[False, False, False]",3,False,True
mams_train_01637,mams,train,"I mean Pho Viet Huong is at a good location, but face it, the broth is cloudy and oily -they're supposed to constantly dump the top layer off of the Pho broth, service is ran with attitude who cares about you, I have plenty of other customers to make money off of.","['food', 'service']","['Food', 'Service']","['neutral', 'negative']","[None, None]","[False, False]",2,False,True
mams_train_01638,mams,train,"The lengthy menu includes the likes of mee krob (glass noodles with shrimp, chicken and pork in plum sauce), nur-yang-num-tok (barbecued flank steak served with a spicy sauce), pork with chili and basil leaves and spicy, bean curd coconut milk soup.","['menu', 'food']","['General', 'Food']","['neutral', 'positive']","[None, None]","[False, False]",2,False,True
mams_train_01639,mams,train,"The Food The fun factor is high on the menu of experimental, multi-ethnic shared plates.","['food', 'menu']","['Food', 'General']","['positive', 'neutral']","[None, None]","[False, False]",2,False,True
mams_train_01640,mams,train,"Although it lacks the patina of places like Peter Luger's and Sparks, it still has a steakhouse's telltale wood paneling, chalkboard specials and decorative wine bottles.","['staff', 'food']","['Service', 'Food']","['neutral', 'positive']","[None, None]","[False, False]",2,False,True
mams_train_01641,mams,train,"This place is pricey, and yes, the food is worth it; but the service makes you feel like you should be paying a quater of the price.","['food', 'service']","['Food', 'Service']","['positive', 'negative']","[None, None]","[False, False]",2,False,True
mams_train_01642,mams,train,"The food is just ok, not really memorable and not what you expect for the price but I guess the atmosphere is what you pay for.","['food', 'price', 'ambience']","['Food', 'Price', 'Ambience']","['positive', 'negative', 'positive']","[None, None, None]","[False, False, False]",3,False,True
mams_train_01643,mams,train,"The food was good but for the prices, it was definitely not worth it.","['food', 'price']","['Food', 'Price']","['positive', 'negative']","[None, None]","[False, False]",2,False,True
mams_train_01644,mams,train,The menu is varied but I think it is the chicken which they do best as.,"['menu', 'food']","['General', 'Food']","['neutral', 'positive']","[None, None]","[False, False]",2,False,True
mams_train_01645,mams,train,We waited over 30 minutes to get our drinks (which were brought over my the manager) and we could not find anyhting that looked interesting on the menu.,"['food', 'staff', 'menu']","['Food', 'Service', 'General']","['neutral', 'negative', 'neutral']","[None, None, None]","[False, False, False]",3,False,True
mams_train_01646,mams,train,"I'm totally into the space-age vibe of this place, but I wish they had more tables to sit down at.","['ambience', 'place']","['Ambience', 'General']","['negative', 'positive']","[None, None]","[False, False]",2,False,True
mams_train_01647,mams,train,While the food was good (certainly no Il Mulino) the service was horrendous.,"['food', 'service']","['Food', 'Service']","['positive', 'negative']","[None, None]","[False, False]",2,False,True
mams_train_01648,mams,train,"the regular prices looked pretty expensive (~$15 per appetizer, ~$35 per entre) so the restaurant week menu (at $35pp) seemed like a sweet deal.","['price', 'food']","['Price', 'Food']","['negative', 'neutral']","[None, None]","[False, False]",2,False,True
mams_train_01649,mams,train,"Went there a few months ago, and while the food was really good, and I was ready for it to be pricey, the one thing that bothered me was the waiter was standing in a corner watching us eat.","['food', 'staff']","['Food', 'Service']","['positive', 'negative']","[None, None]","[False, False]",2,False,True
mams_train_01650,mams,train,I came in for brunch with my parents on Saturday and the place was packed.,"['food', 'miscellaneous', 'place']","['Food', 'General', 'General']","['neutral', 'neutral', 'positive']","[None, None, None]","[False, False, False]",3,False,True
mams_train_01651,mams,train,"While the space is exceptionally small and the seating can be uncomfortable, the food is well worth the few inconveniences.","['place', 'food']","['General', 'Food']","['negative', 'positive']","[None, None]","[False, False]",2,False,True
mams_train_01652,mams,train,We were planning to get dessert but the waitress basically through the bill at us before we had a chance to order.,"['food', 'staff']","['Food', 'Service']","['neutral', 'negative']","[None, None]","[False, False]",2,False,True
mams_train_01653,mams,train,"The waiter took my boyfriend's order, snatched away the menus and stormed away from the table without even looking at me.","['staff', 'menu']","['Service', 'General']","['negative', 'neutral']","[None, None]","[False, False]",2,False,True
mams_train_01654,mams,train,"This is definitely a special occasion spot, unless you don't mind a hefty bill, but rest assured that either way, it's well worth it.","['miscellaneous', 'price']","['General', 'Price']","['positive', 'negative']","[None, None]","[False, False]",2,False,True
mams_train_01655,mams,train,"Went early with reservation, place was empty, and they squeezed our two top in between other diners at a banquette.","['miscellaneous', 'place']","['General', 'General']","['neutral', 'negative']","[None, None]","[False, False]",2,False,True
mams_train_01656,mams,train,Food and service were very good but prices were a bit high for the portions.,"['food', 'service', 'price', 'miscellaneous']","['Food', 'Service', 'Price', 'General']","['positive', 'positive', 'negative', 'neutral']","[None, None, None, None]","[False, False, False, False]",4,False,True
mams_train_01657,mams,train,The new fall menu has a black cod with miso broth so good I thought I was at Nobu.,"['menu', 'food']","['General', 'Food']","['neutral', 'positive']","[None, None]","[False, False]",2,False,True
mams_train_01658,mams,train,"Went for lunch the bartenders were great, also they had a DJ playing music during the day, there was a Huge screen tv playing music videos and a bunch of other tvs with all the sports you could look at.","['food', 'staff']","['Food', 'Service']","['neutral', 'positive']","[None, None]","[False, False]",2,False,True
mams_train_01659,mams,train,and don't be ashamed to ask for more during the hour long wait for your entrees.,"['service', 'food']","['Service', 'Food']","['negative', 'neutral']","[None, None]","[False, False]",2,False,True
mams_train_01660,mams,train,"The only drawback is that the tiny cafe can only hold so many people with even less tables available, so if you are lucky enough to score a table, stay put with a date and some wine, because no place nearby can serve so much romance with such quality eats.","['place', 'food']","['General', 'Food']","['negative', 'positive']","[None, None]","[False, False]",2,False,True
mams_train_01661,mams,train,"The candle-lit bar is the destination of trendy wine-sippers and snackers, and the rustic-chic dining room, with brick arches that open onto a tight sidewalk terrazza, is booked weeks in advance.","['place', 'food']","['General', 'Food']","['positive', 'neutral']","[None, None]","[False, False]",2,False,True
mams_train_01662,mams,train,"I used to live in Japan, and have had some pretty good raw fish, but I was blown away by the Chef's tasting plate, which includes 6 appetizers including a stunning octopus portion and some incredible sashimi.","['food', 'staff', 'miscellaneous']","['Food', 'Service', 'General']","['positive', 'neutral', 'positive']","[None, None, None]","[False, False, False]",3,False,True
mams_train_01663,mams,train,"I liked the place and the people, but we really went to have dinner no appetizers as the whole dinner.","['place', 'miscellaneous', 'food']","['General', 'General', 'Food']","['positive', 'positive', 'negative']","[None, None, None]","[False, False, False]",3,False,True
mams_train_01664,mams,train,"Our waiter was a bit weird as well, but the lounge area looked like a nice place to get a drink after work.","['staff', 'place', 'food']","['Service', 'General', 'Food']","['negative', 'positive', 'neutral']","[None, None, None]","[False, False, False]",3,False,True
mams_train_01665,mams,train,The service was really bad at several points our waiter would just leave for a cigarette for like 10 minutes while we waited for him to get us another drink or even pay the bill.,"['service', 'staff', 'food', 'price']","['Service', 'Service', 'Food', 'Price']","['negative', 'negative', 'neutral', 'neutral']","[None, None, None, None]","[False, False, False, False]",4,False,True
mams_train_01666,mams,train,I took 8 clients to lunch and was appaled by the overall service.,"['food', 'service']","['Food', 'Service']","['neutral', 'positive']","[None, None]","[False, False]",2,False,True
mams_train_01667,mams,train,"While the hostess claimed to have lost my reservation, we were there early enough to only have to wait about 10 minutes to seat our party of seven.","['staff', 'miscellaneous']","['Service', 'General']","['negative', 'neutral']","[None, None]","[False, False]",2,False,True
mams_train_01668,mams,train,"deserts were slow to order as waiters passed us twice, even with the menus closed.","['food', 'staff', 'menu']","['Food', 'Service', 'General']","['negative', 'negative', 'neutral']","[None, None, None]","[False, False, False]",3,False,True
mams_train_01669,mams,train,"12/24/03  Dinner was ok, service was so- so,the worst part was the hostess - we made reservations a month before Christmas Eve for three people, you would think the table would be large enough for all three of us.","['food', 'service', 'staff']","['Food', 'Service', 'Service']","['positive', 'neutral', 'negative']","[None, None, None]","[False, False, False]",3,False,True
mams_train_01670,mams,train,"So if he can't find fresh-good product, he'll remove a dish from the menu which I think is fantastic.","['food', 'menu']","['Food', 'General']","['positive', 'neutral']","[None, None]","[False, False]",2,False,True
mams_train_01671,mams,train,There are some reviews complaining about the menu but I had the same dish the first three times that I was there - and any specials that I have had have been excellent.,"['menu', 'food']","['General', 'Food']","['neutral', 'positive']","[None, None]","[False, False]",2,False,True
mams_train_01672,mams,train,The final blow came when the waitress scorned our 16% tip for the meal.,"['staff', 'food']","['Service', 'Food']","['negative', 'neutral']","[None, None]","[False, False]",2,False,True
mams_train_01673,mams,train,"Recommend eating at the bar for an intimate, relaxed dinner.","['place', 'food']","['General', 'Food']","['neutral', 'positive']","[None, None]","[False, False]",2,False,True
mams_train_01674,mams,train,"When the food arrived, the portions were really small, and didn't really reflect the awesome descriptions on the menu.","['food', 'miscellaneous']","['Food', 'General']","['neutral', 'negative']","[None, None]","[False, False]",2,False,True
mams_train_01675,mams,train,We ordered the Tuna a la carte and Wild Salmon and chicken breast on the Prix Fixe.,"['food', 'price']","['Food', 'Price']","['positive', 'neutral']","[None, None]","[False, False]",2,False,True
mams_train_01676,mams,train,"oh, and if you're there for drinks at 3:30 on a weekday afternoon, when the place is empty - and ask for a bread basket - they'll charge you $6.","['food', 'place']","['Food', 'General']","['neutral', 'negative']","[None, None]","[False, False]",2,False,True
mams_train_01677,mams,train,"Only problem was - an older gentleman (well-dressed but a little enebriated) chose to sit down right next to me - despite the fact that all 15 other seats were free - order himself a martini, and then describe how dry and dissapointing the burger was when he ordered it a few days ago.","['staff', 'miscellaneous', 'food']","['Service', 'General', 'Food']","['negative', 'negative', 'neutral']","[None, None, None]","[False, False, False]",3,False,True
mams_train_01678,mams,train,"You can't fault them for serving up some pretty good food, even if it's a bit overpriced.","['service', 'food']","['Service', 'Food']","['neutral', 'positive']","[None, None]","[False, False]",2,False,True
mams_train_01679,mams,train,"We waited at the bar for only 10 minutes (we had a reservation) - can't complain about that, the restaurant was full and I enjoyed the lively atmosphere and music.","['place', 'ambience']","['General', 'Ambience']","['neutral', 'positive']","[None, None]","[False, False]",2,False,True
mams_train_01680,mams,train,Bartender made a bad drink for me and I sent it back and was charged for it.,"['staff', 'food']","['Service', 'Food']","['neutral', 'negative']","[None, None]","[False, False]",2,False,True
mams_train_01681,mams,train,"The bar has a large selection of beers on tap,bottles or cans.","['place', 'miscellaneous', 'food']","['General', 'General', 'Food']","['neutral', 'positive', 'neutral']","[None, None, None]","[False, False, False]",3,False,True
mams_train_01682,mams,train,"Waited 30 min for a brick they call bread and water, another hour for food (tiiiiiiiny portions).","['food', 'miscellaneous']","['Food', 'General']","['neutral', 'negative']","[None, None]","[False, False]",2,False,True
mams_train_01683,mams,train,"My friends and I dropped by on a Sunday, and there was absolutely NO SERVICE (the supposed only female bartender even told us there was no one else but her, and given that there were people in there waiting to dine and drink, that was ridicoulas!","['service', 'food']","['Service', 'Food']","['negative', 'neutral']","[None, None]","[False, False]",2,False,True
mams_train_01684,mams,train,The menu was in Italian- might as well have been in Esperanto;that put us at the mercy of the waiter for recommendations.,"['menu', 'staff']","['General', 'Service']","['neutral', 'negative']","[None, None]","[False, False]",2,False,True
mams_train_01685,mams,train,We had to flag down the waiter even to refill water glasses!,"['staff', 'miscellaneous']","['Service', 'General']","['negative', 'neutral']","[None, None]","[False, False]",2,False,True
mams_train_01686,mams,train,Waiter spilled a decent amount of water on my friend's plate -and then walked away - didn't remove the plate!,"['staff', 'food']","['Service', 'Food']","['negative', 'neutral']","[None, None]","[False, False]",2,False,True
mams_train_01687,mams,train,"our waiter noticed it was my bday w/o me saying, and brought me cake w/ candles.","['staff', 'food']","['Service', 'Food']","['positive', 'neutral']","[None, None]","[False, False]",2,False,True
mams_train_01688,mams,train,The decor is not special at all but their food and amazing prices make up for it.,"['ambience', 'food', 'price']","['Ambience', 'Food', 'Price']","['negative', 'positive', 'positive']","[None, None, None]","[False, False, False]",3,False,True
mams_train_01689,mams,train,Rather you are paying rock bottom price for a meal that could cost you triple any where else.,"['price', 'food']","['Price', 'Food']","['negative', 'neutral']","[None, None]","[False, False]",2,False,True
mams_train_01690,mams,train,"Granted we were just the girls, but this would also be a great date spot b/c the ambiance is chic and bustling yet you can also hear the conversation at your own table rather than a loud din or worse, someone else's conversation.","['miscellaneous', 'ambience']","['General', 'Ambience']","['positive', 'negative']","[None, None]","[False, False]",2,False,True
mams_train_01691,mams,train,The portions are big so you can split an appetizer.,"['miscellaneous', 'food']","['General', 'Food']","['positive', 'neutral']","[None, None]","[False, False]",2,False,True
mams_train_01692,mams,train,"In the front bar, boisterous neighbors and friends share bottles of wine; the large dining room, with its lovely painted ceiling and oversized portrait of a portly chef, is the destination for serious eating.","['place', 'food', 'ambience', 'staff']","['General', 'Food', 'Ambience', 'Service']","['neutral', 'neutral', 'positive', 'positive']","[None, None, None, None]","[False, False, False, False]",4,False,True
mams_train_01693,mams,train,"The calamari, the penne and vodka sauce, the friendly service the parking and the open area kitchen to see all the action in the making!","['food', 'service']","['Food', 'Service']","['neutral', 'positive']","[None, None]","[False, False]",2,False,True
mams_train_01694,mams,train,"I've never been able to find a lunch place in the midtown with the same quality and service, until now.","['food', 'miscellaneous', 'service']","['Food', 'General', 'Service']","['neutral', 'positive', 'positive']","[None, None, None]","[False, False, False]",3,False,True
mams_train_01695,mams,train,staff is still working out their kinks and learning about the menu but no real complaints.,"['staff', 'menu']","['Service', 'General']","['positive', 'neutral']","[None, None]","[False, False]",2,False,True
mams_train_01696,mams,train,"It was worth the wait , an hour, without a reservation, for an out of this world meal.","['service', 'miscellaneous']","['Service', 'General']","['positive', 'neutral']","[None, None]","[False, False]",2,False,True
mams_train_01697,mams,train,"Among us, we ordered a large sampling of the menu, and everyone thoroughly enjoyed their meal.","['menu', 'food']","['General', 'Food']","['neutral', 'positive']","[None, None]","[False, False]",2,False,True
mams_train_01698,mams,train,Service was unbelievably on target down to the smallest detail; our waiter invited us to sample a new desert under consideration for their menu and a new line of ice wines.,"['service', 'staff', 'menu', 'food']","['Service', 'Service', 'General', 'Food']","['positive', 'positive', 'neutral', 'neutral']","[None, None, None, None]","[False, False, False, False]",4,False,True
mams_train_01699,mams,train,"In addition, the manager refused to come over to apologize - but told the waitress to offer us TWO desserts on the house- when there were FOUR people dining.","['staff', 'food']","['Service', 'Food']","['negative', 'neutral']","[None, None]","[False, False]",2,False,True
mams_train_01700,mams,train,The waiter disappeared after dropping off the food so I had no choice but to eat it as is.,"['staff', 'food']","['Service', 'Food']","['negative', 'neutral']","[None, None]","[False, False]",2,False,True
mams_train_01701,mams,train,"I did not find the wait staff to rude at all, how involved do you really want them in your meal right?","['staff', 'food']","['Service', 'Food']","['positive', 'neutral']","[None, None]","[False, False]",2,False,True
mams_train_01702,mams,train,"Half way through the meal my husband had to go to the bar to order his own beer, since the server never came back.","['food', 'place', 'staff']","['Food', 'General', 'Service']","['neutral', 'neutral', 'negative']","[None, None, None]","[False, False, False]",3,False,True
mams_train_01703,mams,train,"To the amusement of our server, I wrote everything down, lest I forget a single morsel (about 21 different dishes).","['staff', 'food']","['Service', 'Food']","['positive', 'neutral']","[None, None]","[False, False]",2,False,True
mams_train_01704,mams,train,Order the porterhouse and they put it between you and you kind of eat family style at a wooden table.,"['food', 'miscellaneous']","['Food', 'General']","['neutral', 'positive']","[None, None]","[False, False]",2,False,True
mams_train_01705,mams,train,"It's just a diner, but three decent hearty lunches for 12 bucks?","['place', 'food']","['General', 'Food']","['neutral', 'positive']","[None, None]","[False, False]",2,False,True
mams_train_01706,mams,train,"I ordered a medium Cub burger and it came out well done, not that my server would have noticed since we didn't see her again until she brought the check.","['staff', 'price']","['Service', 'Price']","['negative', 'neutral']","[None, None]","[False, False]",2,False,True
mams_train_01707,mams,train,"The bar gets out of control busy due to it's proximity to Fordham University--but the Fordham kids are cool, so it's alright!","['place', 'miscellaneous']","['General', 'General']","['neutral', 'positive']","[None, None]","[False, False]",2,False,True
mams_train_01708,mams,train,The waiter spent a long time telling us about the menu (and more about his own life history in the process.,"['staff', 'menu']","['Service', 'General']","['negative', 'neutral']","[None, None]","[False, False]",2,False,True
mams_train_01709,mams,train,"Comfort standbys--including bacon-wrapped meat loaf and barbecued ribs, and upscaled interpretations--like tuna club made with wasabi mayo, share space with brunch favorites (Belgian waffles, fluffy buttermilk pancakes and wrecked eggs, or tofu).","['ambience', 'food', 'miscellaneous']","['Ambience', 'Food', 'General']","['positive', 'neutral', 'neutral']","[None, None, None]","[False, False, False]",3,False,True
mams_train_01710,mams,train,"In other words, conserative types craving simpler things like grilled chicken or salmon probably would not appreciate Tabla's distinctive and unusual menu.","['food', 'menu']","['Food', 'General']","['neutral', 'negative']","[None, None]","[False, False]",2,False,True
mams_train_01711,mams,train,"I write that in quotes becuase iceberg lettuce, stale Pepperidge Farm croutons and bottled dressing does not a salad make.","['food', 'miscellaneous']","['Food', 'General']","['neutral', 'negative']","[None, None]","[False, False]",2,False,True
mams_train_01712,mams,train,"The menu sticks to standard Italian dishes--linguine with clam sauce, chicken parmigiana, and fettuccine Alfredo--but the reasonable prices add to the charm.","['menu', 'food', 'price']","['General', 'Food', 'Price']","['neutral', 'neutral', 'positive']","[None, None, None]","[False, False, False]",3,False,True
mams_train_01713,mams,train,The waiter nearly yelled at me when I asked for more water.,"['staff', 'food']","['Service', 'Food']","['negative', 'neutral']","[None, None]","[False, False]",2,False,True
mams_train_01714,mams,train,"When I asked for a particular drink, the waitress gave me dirty look and annoyed b/c they didn't know what it was.","['food', 'staff']","['Food', 'Service']","['neutral', 'negative']","[None, None]","[False, False]",2,False,True
mams_train_01715,mams,train,"WAY OVER PRICED , HAD MUCH BETTER MEALS FOR JUST OVER HALF THE PRICE IN PLACES JUST AS NICE.","['price', 'food']","['Price', 'Food']","['negative', 'positive']","[None, None]","[False, False]",2,False,True
mams_train_01716,mams,train,"then, the waiter had nerve to charge me for the fruit salad and bloody mary (which we didn't drink) that came with the omelet (brunch special).","['staff', 'food']","['Service', 'Food']","['negative', 'neutral']","[None, None]","[False, False]",2,False,True
mams_train_01717,mams,train,I had the waiters bring back so much meat that that asked me if I wanted Flank steak for dessert.,"['staff', 'food']","['Service', 'Food']","['negative', 'positive']","[None, None]","[False, False]",2,False,True
mams_train_01718,mams,train,"This was followed by various wacky hijinks: overly sweet foie de gras, lack of extra ginger/soy sauce, minute portions even for sushi, appetizers arriving at different times.","['miscellaneous', 'food']","['General', 'Food']","['negative', 'neutral']","[None, None]","[False, False]",2,False,True
mams_train_01719,mams,train,The waiter kept pestering us for our order even though we were among the last diners.,"['staff', 'price']","['Service', 'Price']","['negative', 'neutral']","[None, None]","[False, False]",2,False,True
mams_train_01720,mams,train,"Waiter suggests a beer, and offers to bring a small glass, to taste it and see if I like it, before I even order the beer!","['staff', 'miscellaneous']","['Service', 'General']","['positive', 'neutral']","[None, None]","[False, False]",2,False,True
mams_train_01721,mams,train,I ordered dessert and it was they gave me the wrong flavor of ice cream.,"['food', 'ambience']","['Food', 'Ambience']","['neutral', 'negative']","[None, None]","[False, False]",2,False,True
mams_train_01722,mams,train,"We started at the bar with a nice bottle of wine, which was priced fairly and sampled several different cheeses.","['place', 'food']","['General', 'Food']","['neutral', 'positive']","[None, None]","[False, False]",2,False,True
mams_train_01723,mams,train,"A 3 course-meal took 2 1/2 hours, including 20 - 30 minutes waiting to get the check after dessert.","['service', 'food']","['Service', 'Food']","['negative', 'neutral']","[None, None]","[False, False]",2,False,True
mams_train_01724,mams,train,"And the room is VERY noisy, but I suppose that's because everyone is having a good time.","['place', 'miscellaneous']","['General', 'General']","['negative', 'positive']","[None, None]","[False, False]",2,False,True
mams_train_01725,mams,train,We fully relied on our very capable waiter for choices of the menu and we were not disappointed.,"['staff', 'menu']","['Service', 'General']","['positive', 'neutral']","[None, None]","[False, False]",2,False,True
mams_train_01726,mams,train,The food was abundant and good but wasn't worth the unpleasant wait.,"['food', 'service']","['Food', 'Service']","['positive', 'negative']","[None, None]","[False, False]",2,False,True
mams_train_01727,mams,train,perhaps the place is better after the theatre crowd is gone but we were in the midst of it and it wasn't a very enjoyable experience.,"['place', 'miscellaneous']","['General', 'General']","['positive', 'neutral']","[None, None]","[False, False]",2,False,True
mams_train_01728,mams,train,"The waiter didn't know the menu, didn't bring more than one item at a time, and put some orders in twice with the kitchen.","['staff', 'menu', 'place']","['Service', 'General', 'General']","['negative', 'neutral', 'neutral']","[None, None, None]","[False, False, False]",3,False,True
mams_train_01729,mams,train,"The Scene You won't blink twice at the restaurant's spartan decor: As the packed crowds and critics' praises wallpapering the front wall agree, this longtime local favorite is truly one of the area's most exquisite finds.","['miscellaneous', 'ambience']","['General', 'Ambience']","['neutral', 'positive']","[None, None]","[False, False]",2,False,True
mams_train_01730,mams,train,The rolls are tiny so you have to order more anyway and they will often get your order wrong if you stray from the menu.,"['food', 'menu']","['Food', 'General']","['negative', 'neutral']","[None, None]","[False, False]",2,False,True
mams_train_01731,mams,train,"Into our appetizer, an adjacent table became available, and we asked if we could use it, but the waiter said it most likely was being used.","['food', 'staff']","['Food', 'Service']","['neutral', 'negative']","[None, None]","[False, False]",2,False,True
mams_train_01732,mams,train,"The service has always been outstanding and even when we didn't have a reservation they worked something out, where I agreed to keep our meal to just eating.","['service', 'miscellaneous', 'food']","['Service', 'General', 'Food']","['positive', 'neutral', 'neutral']","[None, None, None]","[False, False, False]",3,False,True
mams_train_01733,mams,train,We reserved the downstair lounge for private parties and the price was fairly reasonable.,"['place', 'price']","['General', 'Price']","['neutral', 'positive']","[None, None]","[False, False]",2,False,True
mams_train_01734,mams,train,To start with - the maitre'd forgot our reservation and then when it came time to sit us down - he told us we only had an hour.,"['staff', 'miscellaneous']","['Service', 'General']","['negative', 'neutral']","[None, None]","[False, False]",2,False,True
mams_train_01735,mams,train,"In Short The bi-level dining room, which resembles a bamboo-thatched hut, is a brightly-lit, wide-open space with high ceilings and laminated depictions of Indian village life.","['food', 'place']","['Food', 'General']","['neutral', 'positive']","[None, None]","[False, False]",2,False,True
mams_train_01736,mams,train,"At least the entertainment was free, as we were able to witness one customer wooing a waitress, and another being drenched in milk.","['ambience', 'staff', 'food']","['Ambience', 'Service', 'Food']","['positive', 'negative', 'neutral']","[None, None, None]","[False, False, False]",3,False,True
mams_train_01737,mams,train,The table next to us recommended that share because the portions are big(we split two entrees)The food was so good I wish that there was some left over to take home for the next day.,"['miscellaneous', 'food']","['General', 'Food']","['positive', 'neutral']","[None, None]","[False, False]",2,False,True
mams_train_01738,mams,train,"We were immediately seated (the restaurant was no where close to being packed, surprise, surprise) There are very few selections on the menu and the food is not that great and the dining experience at Butter is completely overrated.","['menu', 'food']","['General', 'Food']","['neutral', 'negative']","[None, None]","[False, False]",2,False,True
mams_train_01739,mams,train,"The service was good, but not excellent; however, the waiter was initially huffy with me when my guest was only 5 minutes late, threatening to make me move!","['service', 'staff']","['Service', 'Service']","['positive', 'negative']","[None, None]","[False, False]",2,False,True
mams_train_01740,mams,train,"When our entrees came, at least 3 or 4 waiters / waitresses came by at different times to wish us bon apetit.","['food', 'staff']","['Food', 'Service']","['neutral', 'negative']","[None, None]","[False, False]",2,False,True
mams_train_01741,mams,train,"the server absolutely did not know what in the world he was talking about when we aske questios about the menu, and he barely spoke English.","['staff', 'menu']","['Service', 'General']","['negative', 'neutral']","[None, None]","[False, False]",2,False,True
mams_train_01742,mams,train,"Warning Service is decent, but it takes forever to get the check.","['service', 'price']","['Service', 'Price']","['positive', 'negative']","[None, None]","[False, False]",2,False,True
mams_train_01743,mams,train,"Good food, but bad service.","['food', 'service']","['Food', 'Service']","['positive', 'negative']","[None, None]","[False, False]",2,False,True
mams_train_01744,mams,train,"The waiters actually roll their eyes when you order something, as if you are imposing on them by ordering food.","['staff', 'food']","['Service', 'Food']","['negative', 'neutral']","[None, None]","[False, False]",2,False,True
mams_train_01745,mams,train,"Our waiter had started to circle around our table like a shark after our 2nd dish, taking out plates when we were not even done.","['staff', 'miscellaneous']","['Service', 'General']","['negative', 'neutral']","[None, None]","[False, False]",2,False,True
mams_train_01746,mams,train,"My reservation for 2 was during lunch and it seemed that because I was literally 2 minutes late, the hostess felt the need to seat every party before mine.","['miscellaneous', 'food', 'staff']","['General', 'Food', 'Service']","['neutral', 'neutral', 'negative']","[None, None, None]","[False, False, False]",3,False,True
mams_train_01747,mams,train,I can't even remember if they serve anything else -- a busy hole in the wall sized place and atmosphere.,"['place', 'ambience']","['General', 'Ambience']","['negative', 'neutral']","[None, None]","[False, False]",2,False,True
mams_train_01748,mams,train,"We had to wait an hour before our food was served, then another hour inbetween courses, all the while whilst the staff were naughtily hiding in an attempt to avoid our 'where's out food?'","['service', 'food', 'staff']","['Service', 'Food', 'Service']","['neutral', 'neutral', 'negative']","[None, None, None]","[False, False, False]",3,False,True
mams_train_01749,mams,train,The Kitchen is only separated from its patrons by glass is immaculate and the service is undeniable heartfelt.,"['place', 'service']","['General', 'Service']","['neutral', 'positive']","[None, None]","[False, False]",2,False,True
mams_train_01750,mams,train,"It was also very reasonably priced, we had 4 bottles of wine, appetizers, dinner, and coffee and our bill was just over 50 per person.","['price', 'food']","['Price', 'Food']","['positive', 'neutral']","[None, None]","[False, False]",2,False,True
mams_train_01751,mams,train,"While I would agree with the initial review that Asia de Cuba isn't really Asian or Cuban in its decor, the food was a nice fusion.","['ambience', 'food']","['Ambience', 'Food']","['neutral', 'positive']","[None, None]","[False, False]",2,False,True
mams_train_01752,mams,train,It took a long time for the waiter to bring the check and we had to flag him down.,"['staff', 'price']","['Service', 'Price']","['negative', 'neutral']","[None, None]","[False, False]",2,False,True
mams_train_01753,mams,train,Only drawback is the sound level - quite a loud space downstairs - and that might be accounted for with their trendy bar and right off Times Square.,"['food', 'place']","['Food', 'General']","['negative', 'positive']","[None, None]","[False, False]",2,False,True
mams_train_01754,mams,train,"The menu is Prix Fixe, so be prepared to spend at least $60 per person, but it is Well worth itsuperb food.","['menu', 'food']","['General', 'Food']","['negative', 'positive']","[None, None]","[False, False]",2,False,True
mams_train_01755,mams,train,Went the next day for lunch - menu too pricey for lunch and the waiter was the WORST !!,"['miscellaneous', 'menu', 'staff']","['General', 'General', 'Service']","['neutral', 'negative', 'negative']","[None, None, None]","[False, False, False]",3,False,True
mams_train_01756,mams,train,"The Food It's billed as Asian street food, but since the menu is a creative collaboration between expert chefs Vongerichten and Gray Kunz, dishes show unmistakable finesse.","['food', 'menu']","['Food', 'General']","['neutral', 'positive']","[None, None]","[False, False]",2,False,True
mams_train_01757,mams,train,Al Di La serves up an impressive selection of options ranging from meditarranean fish to rabbit to to duck to pasta.,"['miscellaneous', 'food']","['General', 'Food']","['positive', 'neutral']","[None, None]","[False, False]",2,False,True
mams_train_01758,mams,train,"when someone from our table of 5 asked the waitress for refill on water, she comes back and fills only that person's glass, leaving the rest of the table with almost empty glasses.","['staff', 'food', 'miscellaneous']","['Service', 'Food', 'General']","['negative', 'neutral', 'neutral']","[None, None, None]","[False, False, False]",3,False,True
mams_train_01759,mams,train,We told the manager it was not worth a few appetizers to be treated that way and left.,"['staff', 'food']","['Service', 'Food']","['neutral', 'positive']","[None, None]","[False, False]",2,False,True
mams_train_01760,mams,train,"The food is decent, but WAY TOO SMALL of portions for what you pay for.","['food', 'miscellaneous']","['Food', 'General']","['positive', 'negative']","[None, None]","[False, False]",2,False,True
mams_train_01761,mams,train,We would have to flag down the bored looking wait staff to refill our tea.,"['staff', 'food']","['Service', 'Food']","['negative', 'neutral']","[None, None]","[False, False]",2,False,True
mams_train_01762,mams,train,"Watch out for the overworked, stressed out waitress who dumps tapa dishes on the table and leaves w/out announcing what it is.","['staff', 'food', 'miscellaneous']","['Service', 'Food', 'General']","['negative', 'neutral', 'neutral']","[None, None, None]","[False, False, False]",3,False,True
mams_train_01763,mams,train,I would not recommend this place until they get a new staff that can complement the food.,"['staff', 'food']","['Service', 'Food']","['negative', 'neutral']","[None, None]","[False, False]",2,False,True
mams_train_01764,mams,train,"The food was pretty good, but due to our large size (~16) the manager asked us to limit our appetizers to just 3 selections b/c he didn't want to overburden his cooks.","['staff', 'food']","['Service', 'Food']","['negative', 'neutral']","[None, None]","[False, False]",2,False,True
mams_train_01765,mams,train,"Our waitress seemed less than happy about the prix fixe dinner choices and at one point said, Do you really need to hear the specials?","['staff', 'food']","['Service', 'Food']","['negative', 'neutral']","[None, None]","[False, False]",2,False,True
mams_train_01766,mams,train,On the table you will also find individual bottles of fine imported olive oil which we put on the bread-fantastic!,"['miscellaneous', 'food']","['General', 'Food']","['neutral', 'positive']","[None, None]","[False, False]",2,False,True
mams_train_01767,mams,train,The service was good enough for a crowded place.,"['service', 'place']","['Service', 'General']","['positive', 'negative']","[None, None]","[False, False]",2,False,True
mams_train_01768,mams,train,"Then the staff behind the buffett just haven't gotten their groove yet, so you order your food and wait five minutes while it sits behind the glass on a plate, getting cold.","['staff', 'food', 'miscellaneous']","['Service', 'Food', 'General']","['negative', 'neutral', 'neutral']","[None, None, None]","[False, False, False]",3,False,True
mams_train_01769,mams,train,They are negligent in alerting customers when an order is ready - you could end up waiting for half an hour while your food is sitting on their counter getting cold.,"['service', 'food', 'place']","['Service', 'Food', 'General']","['neutral', 'negative', 'neutral']","[None, None, None]","[False, False, False]",3,False,True
mams_train_01770,mams,train,"The bar tender didn't know where the tea was, waiters started making the drinks if the bar tender wasn't around.","['food', 'staff']","['Food', 'Service']","['neutral', 'negative']","[None, None]","[False, False]",2,False,True
mams_train_01771,mams,train,"It took forever to seat us even though the restaurant was almost completely empty, then we had to ask to be waited on, it took another 15 minutes to get our drinks, and then another 30 minutes to get our salad and then even more time to get our pizza and then our bill.","['miscellaneous', 'food']","['General', 'Food']","['negative', 'neutral']","[None, None]","[False, False]",2,False,True
mams_train_01772,mams,train,The waitress/hostess seemed a bit sad when we told her we weren't ordering dessert (those arepas are deceptively filling!,"['staff', 'food']","['Service', 'Food']","['negative', 'neutral']","[None, None]","[False, False]",2,False,True
mams_train_01773,mams,train,"Nice decor and an extensive menu lured me in, but the horrible service and rude staff drove me out.","['menu', 'staff']","['General', 'Service']","['positive', 'negative']","[None, None]","[False, False]",2,False,True
mams_train_01774,mams,train,"As expected, the beer selection is perfectly in synch with the menu.","['miscellaneous', 'menu']","['General', 'General']","['positive', 'neutral']","[None, None]","[False, False]",2,False,True
mams_train_01775,mams,train,yes Shrimp not lobster (those are 6 Lbs) try the exotic Fish not on the menu and a must have is the Flower stuffed with lump crab meat.,"['food', 'menu']","['Food', 'General']","['positive', 'neutral']","[None, None]","[False, False]",2,False,True
mams_train_01776,mams,train,"The House salad is big enough to split, The Fried Calamari is some of the best I ever ate, the bowties broccoli, broccoli rabe, square slices, broiled filet of sole, clam sauce.","['food', 'miscellaneous']","['Food', 'General']","['positive', 'neutral']","[None, None]","[False, False]",2,False,True
mams_train_01777,mams,train,The only problem my party found was that when people asked for knives and forks (there were only chopsticks on the table) the waitress laughed at them.,"['miscellaneous', 'staff']","['General', 'Service']","['neutral', 'negative']","[None, None]","[False, False]",2,False,True
mams_train_01778,mams,train,"I have a litany of complaints -- being over-charged for wine that I didn't order, shady waiters, so-so food that arrived at the table luke warm, main course portion sizes barely large enough to be appetizer sizes, lack of fabulosity that Mr.","['food', 'staff', 'miscellaneous']","['Food', 'Service', 'General']","['negative', 'negative', 'neutral']","[None, None, None]","[False, False, False]",3,False,True
mams_train_01779,mams,train,"Unlike the reviewer before me, what made me KEEP going back was the great reception I received from the bouncers and I needed several cocktails to endure the waitstaff.","['food', 'staff']","['Food', 'Service']","['neutral', 'positive']","[None, None]","[False, False]",2,False,True
mams_train_01780,mams,train,We were the only two people sitting out front and the waiter was unable to provide us with attentive service OR our dinner.,"['service', 'food']","['Service', 'Food']","['positive', 'neutral']","[None, None]","[False, False]",2,False,True
mams_train_01781,mams,train,"We finally flagged down another server who brought us more to drink, and then they took forever with the check.","['staff', 'food']","['Service', 'Food']","['negative', 'neutral']","[None, None]","[False, False]",2,False,True
mams_train_01782,mams,train,"The waitress forgot our coffee, took forever to take our order, never checked in with us after the food came and when we were done, didn't bring us the check for the longest time.","['staff', 'food']","['Service', 'Food']","['negative', 'neutral']","[None, None]","[False, False]",2,False,True
mams_train_01783,mams,train,"Wish the Greenwich street location had more seating like their 2nd Ave location, because one invariably leaves it smelling of grease.","['place', 'food']","['General', 'Food']","['positive', 'neutral']","[None, None]","[False, False]",2,False,True
mams_train_01784,mams,train,"Aside from that, the service is adequate (visible, and will help you if you ask, but lack initiative), and the food, well, could be a lot worse.","['service', 'food']","['Service', 'Food']","['positive', 'negative']","[None, None]","[False, False]",2,False,True
mams_train_01785,mams,train,The wait staff was better the second time around and our water glasses were always full.,"['staff', 'miscellaneous']","['Service', 'General']","['positive', 'neutral']","[None, None]","[False, False]",2,False,True
mams_train_01786,mams,train,"I highly suggest you make reservations, as wait times can be extremely long.","['miscellaneous', 'service']","['General', 'Service']","['neutral', 'negative']","[None, None]","[False, False]",2,False,True
mams_train_01787,mams,train,"For a restaurant with such limited menu and wine list, each dish should better be darn good.","['menu', 'food']","['General', 'Food']","['negative', 'positive']","[None, None]","[False, False]",2,False,True
mams_train_01788,mams,train,Waitress kept trying to get us to order more drinks while apologizing but wouldn't even bring bread to keep us from starving.,"['staff', 'food']","['Service', 'Food']","['negative', 'neutral']","[None, None]","[False, False]",2,False,True
mams_train_01789,mams,train,You must think that the quality is poor for them to sell it for such a low price.,"['miscellaneous', 'price']","['General', 'Price']","['negative', 'positive']","[None, None]","[False, False]",2,False,True
mams_train_01790,mams,train,"Both appetizers arrived cold/luke-warm, which we had to send back, only to have the waiter tell us that one was supposed to be cold.","['food', 'staff']","['Food', 'Service']","['negative', 'neutral']","[None, None]","[False, False]",2,False,True
mams_train_01791,mams,train,"The Food Consulting Chef Douglas Rodriguez's forte is blending the diversity of traditional Latin cuisine with modern culinary chic: A celery sorbet cools the spicy-citrus bite of lobster; shrimp seviche and crunchy green plantains coat thick, juicy halibut resting on sweet plantain hash; and tart tomato escabeche moistens a chewy skirt steak.","['food', 'staff', 'miscellaneous']","['Food', 'Service', 'General']","['positive', 'neutral', 'positive']","[None, None, None]","[False, False, False]",3,False,True
mams_train_01792,mams,train,"The perfect meal; delux combo raw bar as an appetizer, King crab as your entree.","['food', 'place']","['Food', 'General']","['positive', 'neutral']","[None, None]","[False, False]",2,False,True
mams_train_01793,mams,train,The place was not crowded for dinner on a Sunday night at 8:30pm.,"['place', 'food']","['General', 'Food']","['positive', 'neutral']","[None, None]","[False, False]",2,False,True
mams_train_01794,mams,train,Waiter dropped check on table while I was in the middle of handing my wife her anniversary present.,"['staff', 'price']","['Service', 'Price']","['negative', 'neutral']","[None, None]","[False, False]",2,False,True
mams_train_01795,mams,train,Meat wasn't fall-off-the bone (a sign of over-cooking) but was tender and had deep flavor.,"['food', 'ambience']","['Food', 'Ambience']","['negative', 'positive']","[None, None]","[False, False]",2,False,True
mams_train_01796,mams,train,The waiter came back after I had finished my appetizer to correct himself and let me know that it wasn't vegetarian (chicken stock) after all.,"['staff', 'food']","['Service', 'Food']","['negative', 'neutral']","[None, None]","[False, False]",2,False,True
mams_train_01797,mams,train,"Food took over an hour despite at least two chasers, we had to track the server down to get extra drinks, the manager seemed to try and deliberately mislead us about the reason behind the delay and in the end the food was poor.","['staff', 'food']","['Service', 'Food']","['negative', 'neutral']","[None, None]","[False, False]",2,False,True
mams_train_01798,mams,train,"The waiters are nice, but weren't particularly good - waited forever to order and resented not being told that my dinner companion and I had ordered enough for a table of 10 (given the size of the sushi).","['staff', 'food', 'miscellaneous']","['Service', 'Food', 'General']","['positive', 'neutral', 'neutral']","[None, None, None]","[False, False, False]",3,False,True
mams_train_01799,mams,train,"The place is very loud, good for drinks by the bar not to eat and yell.","['place', 'food']","['General', 'Food']","['negative', 'positive']","[None, None]","[False, False]",2,False,True
mams_train_01800,mams,train,"The Scene Less trendy than Plan Eat Thailand, less crowded than Veracruz and infinitely more charming is Bean, a Mexican spot on Bedford Avenue's college-town-like stretch.","['food', 'miscellaneous']","['Food', 'General']","['positive', 'neutral']","[None, None]","[False, False]",2,False,True
mams_train_01801,mams,train,"50, I got the Paella Marinera which was beyond filling in itself, but before it even came, the waitstaff provided more than ample appetizers for my group that by the time that the meal came to us, we were so stuffed, we could barely finish up the meal.","['staff', 'food']","['Service', 'Food']","['positive', 'neutral']","[None, None]","[False, False]",2,False,True
mams_train_01802,mams,train,"I thought the bar was fair in terms of decor, but how long do you have wait at the bar before a bartender with an attitude (he wasn't rude, but not friendly) makes you an awful drink, but food was delightful and music light and tasty as well.","['ambience', 'staff', 'food']","['Ambience', 'Service', 'Food']","['positive', 'negative', 'negative']","[None, None, None]","[False, False, False]",3,False,True
mams_train_01803,mams,train,"The Food A good way to judge a Thai spot is by its green curry: The all-Thai staff here fashions it spicy and smooth, filled to bursting with meat and thin-sliced bamboo shoots.","['food', 'staff', 'miscellaneous']","['Food', 'Service', 'General']","['neutral', 'neutral', 'positive']","[None, None, None]","[False, False, False]",3,False,True
mams_train_01804,mams,train,maybe its the cost of top ingredients but 17.,"['price', 'ambience']","['Price', 'Ambience']","['neutral', 'positive']","[None, None]","[False, False]",2,False,True
mams_train_01805,mams,train,"Their menu is limited, they serve miniscule omelettes that may be suitable for a child (with what seems like a teaspoon of stuffing) with a salad (have to pay even more for fries) for $10- which was poorly washed and there were bits of soil all over it!!","['menu', 'food']","['General', 'Food']","['negative', 'neutral']","[None, None]","[False, False]",2,False,True
mams_train_01806,mams,train,"the place looks cool, but the food is not really that good.","['place', 'food']","['General', 'Food']","['positive', 'negative']","[None, None]","[False, False]",2,False,True
mams_train_01807,mams,train,Spend your time sitting on one of their couches enjoying a cocktail from the bar.,"['food', 'place']","['Food', 'General']","['positive', 'neutral']","[None, None]","[False, False]",2,False,True
mams_train_01808,mams,train,I will have to say the food was good and the chance to sample wines not often found in other restaurants was a positive but the abyssmal service left a bad taste.,"['food', 'service']","['Food', 'Service']","['positive', 'negative']","[None, None]","[False, False]",2,False,True
mams_train_01809,mams,train,I don't know why people complain about the service - our waiter brought our drinks and food out promptly.,"['staff', 'food']","['Service', 'Food']","['positive', 'neutral']","[None, None]","[False, False]",2,False,True
mams_train_01810,mams,train,"And the service is unbearable - I waited for ages to get my drink, got the wrong sushi order, and had my appetizer whisked away prematurely.","['service', 'food']","['Service', 'Food']","['negative', 'neutral']","[None, None]","[False, False]",2,False,True
mams_train_01811,mams,train,"Once they took our wine order, it took 45 minutes for it to arrive, even though the waiter was talking to a patron next to us.","['food', 'staff']","['Food', 'Service']","['neutral', 'negative']","[None, None]","[False, False]",2,False,True
mams_train_01812,mams,train,"In Short Though it's more of a takeout and delivery operation than a sit-down restaurant, Risotteria does offer eight small tables for those who want to savor their risotto hot off the stove.","['service', 'place', 'food']","['Service', 'General', 'Food']","['neutral', 'negative', 'positive']","[None, None, None]","[False, False, False]",3,False,True
mams_train_01813,mams,train,"The space was unique (even though looking out the skylight windows on a tenament was a bit odd) and the service, happily, was fine.","['place', 'food', 'service']","['General', 'Food', 'Service']","['positive', 'neutral', 'positive']","[None, None, None]","[False, False, False]",3,False,True
mams_train_01814,mams,train,The food and cocktails at SushiSamba were very good; however the seating is so tight and uncomfortable and the service so rushed that I will probably never go back.,"['food', 'place']","['Food', 'General']","['positive', 'negative']","[None, None]","[False, False]",2,False,True
mams_train_01815,mams,train,"Prompt local delivery, minimal seating and counter space.","['service', 'place']","['Service', 'General']","['positive', 'neutral']","[None, None]","[False, False]",2,False,True
mams_train_01816,mams,train,"The kitchen turns out a long list of American bar food staples, like burgers and fries.","['miscellaneous', 'food']","['General', 'Food']","['positive', 'neutral']","[None, None]","[False, False]",2,False,True
mams_train_01817,mams,train,When I went back to the hostess (yes it was past the time we had for our original reservation) - she said that it was fine to get seated but we needed to leave in an hour.,"['staff', 'miscellaneous']","['Service', 'General']","['negative', 'neutral']","[None, None]","[False, False]",2,False,True
mams_train_01818,mams,train,One price for dinner left for no surprises.,"['price', 'food']","['Price', 'Food']","['negative', 'neutral']","[None, None]","[False, False]",2,False,True
mams_train_01819,mams,train,The portions are small but being that the food was so good makes up for that.,"['miscellaneous', 'food']","['General', 'Food']","['negative', 'positive']","[None, None]","[False, False]",2,False,True
mams_train_01820,mams,train,"The restaurant has a somewhat unique decor, with portrait of the owner meditating and books about meditation.","['ambience', 'staff']","['Ambience', 'Service']","['positive', 'neutral']","[None, None]","[False, False]",2,False,True
mams_train_01821,mams,train,"This is one of my first dining experiences in NYC when I first moved here 10 years ago, and although Hudson Corner is consistently good, it has gone downhill over the years in both food quality and service!","['miscellaneous', 'food', 'service']","['General', 'Food', 'Service']","['neutral', 'negative', 'negative']","[None, None, None]","[False, False, False]",3,False,True
mams_train_01822,mams,train,"Food turned out to be descent, but the waitress disappeared from the moment we placed the order untill she came back with the check.","['food', 'staff']","['Food', 'Service']","['positive', 'negative']","[None, None]","[False, False]",2,False,True
mams_train_01823,mams,train,"We asked for more coffee, water and couldn't even get that from our server.","['food', 'staff']","['Food', 'Service']","['neutral', 'negative']","[None, None]","[False, False]",2,False,True
mams_train_01824,mams,train,"We made a reservation for 5:30pm (20 people) and people were still arriving at 5:45 (over half the group was there) when the manager came over and literally yelled at us for not being on time saying it was a busy time for him, when in fact there were several empty tables throughout the restaurant.","['miscellaneous', 'staff', 'place']","['General', 'Service', 'General']","['neutral', 'negative', 'neutral']","[None, None, None]","[False, False, False]",3,False,True
mams_train_01825,mams,train,"The Crystal Ballroom was closed for a private party, so we couldn't even enjoy the decor.","['miscellaneous', 'ambience']","['General', 'Ambience']","['neutral', 'negative']","[None, None]","[False, False]",2,False,True
mams_train_01826,mams,train,"Even as a stranger, the service at the bar was excellent as was the wait staff who continuously checked back to see if I was okay while waiting for my party.","['service', 'place', 'staff']","['Service', 'General', 'Service']","['positive', 'neutral', 'positive']","[None, None, None]","[False, False, False]",3,False,True
mams_train_01827,mams,train,The waiter kept coming up and asking to take our plates while we were still eating and the manager stood and stared at us through half our meal!,"['staff', 'miscellaneous', 'food']","['Service', 'General', 'Food']","['negative', 'neutral', 'neutral']","[None, None, None]","[False, False, False]",3,False,True
mams_train_01828,mams,train,"The service was fine, out appitizers took forever to come out, and then they dumped the rest of the food on us, without giving us a chance to enjoy our appitizers.","['service', 'food']","['Service', 'Food']","['positive', 'neutral']","[None, None]","[False, False]",2,False,True
mams_train_01829,mams,train,Great deal for lunch; came to something like $11 with tip and tax!,"['food', 'price']","['Food', 'Price']","['negative', 'neutral']","[None, None]","[False, False]",2,False,True
mams_train_01830,mams,train,"The ambience was nice, but service wasn't so great.","['ambience', 'service']","['Ambience', 'Service']","['positive', 'negative']","[None, None]","[False, False]",2,False,True
mams_train_01831,mams,train,"The restaurant was recently taken over by new managment and, having eaten there under the prior management, I can say that the quality of the dishes has improved.","['staff', 'miscellaneous']","['Service', 'General']","['neutral', 'positive']","[None, None]","[False, False]",2,False,True
mams_train_01832,mams,train,"The Food Pies come in three sizes, from a petite five inches (perfect for the solo diner) up to 10.","['food', 'place']","['Food', 'General']","['neutral', 'positive']","[None, None]","[False, False]",2,False,True
mams_train_01833,mams,train,I'd recommend going across the street to Recharge for some healthy burgers and fries before hitting the bar.,"['food', 'place']","['Food', 'General']","['positive', 'neutral']","[None, None]","[False, False]",2,False,True
mams_train_01834,mams,train,But when the bartender messes up the returned drinks something is wrong.,"['staff', 'food']","['Service', 'Food']","['negative', 'neutral']","[None, None]","[False, False]",2,False,True
mams_train_01835,mams,train,Order ended up being double the price of a normal lunch.,"['price', 'food']","['Price', 'Food']","['negative', 'neutral']","[None, None]","[False, False]",2,False,True
mams_train_01836,mams,train,The waitress lost some points for not refilling our champagne glasses.,"['staff', 'food']","['Service', 'Food']","['negative', 'neutral']","[None, None]","[False, False]",2,False,True
mams_train_01837,mams,train,"Although the homefried potatoes were not worth the plate space, next time I'll ask to substitute a nice salad.","['place', 'food']","['General', 'Food']","['negative', 'positive']","[None, None]","[False, False]",2,False,True
mams_train_01838,mams,train,Service was good except the waitress brought over the check before I asked her.,"['service', 'staff']","['Service', 'Service']","['positive', 'negative']","[None, None]","[False, False]",2,False,True
mams_train_01839,mams,train,The waiter (someone I know has been working there since it was just LCB) POURED MY WINE FROM THE DIRTY GLASS INTO A CLEAN ONE AND SERVED IT TO ME!,"['staff', 'food']","['Service', 'Food']","['negative', 'neutral']","[None, None]","[False, False]",2,False,True
mams_train_01840,mams,train,"In addition, they lack basic ammenities like a toaster, and the decor was shabby, at best.","['food', 'ambience']","['Food', 'Ambience']","['neutral', 'negative']","[None, None]","[False, False]",2,False,True
mams_train_01841,mams,train,"The ambience is extremely romantic, even if you get seated upstairs.","['ambience', 'place']","['Ambience', 'General']","['positive', 'neutral']","[None, None]","[False, False]",2,False,True
mams_train_01842,mams,train,"The only blemish was our waitress, who left us with empty drinks for quite a long time.","['staff', 'food']","['Service', 'Food']","['negative', 'neutral']","[None, None]","[False, False]",2,False,True
mams_train_01843,mams,train,"The steaks are just as good, with an assortment of tasty side dishes that make Peter Luger's menu look like the slip in a fortune cookie.","['food', 'miscellaneous', 'menu']","['Food', 'General', 'General']","['positive', 'neutral', 'neutral']","[None, None, None]","[False, False, False]",3,False,True
mams_train_01844,mams,train,Theme and actors are kinda cool but you are charged some entertainment fee on top of the expensive food and drinks.,"['miscellaneous', 'food']","['General', 'Food']","['positive', 'negative']","[None, None]","[False, False]",2,False,True
mams_train_01845,mams,train,Service is not what one would expect from a joint in this price category.,"['service', 'food']","['Service', 'Food']","['negative', 'neutral']","[None, None]","[False, False]",2,False,True
mams_train_01846,mams,train,"The waitress took forever to take our order, we waited almost an hour for our appetizers, and then she asked us whether she even put the order in -- as if we would even know.","['staff', 'food']","['Service', 'Food']","['negative', 'neutral']","[None, None]","[False, False]",2,False,True
mams_train_01847,mams,train,"since it looks like everyone's already familiar with the rude hostess and long wait for a table (even with a reservation), i'll skip that part.","['staff', 'service', 'miscellaneous']","['Service', 'Service', 'General']","['negative', 'negative', 'neutral']","[None, None, None]","[False, False, False]",3,False,True
mams_train_01848,mams,train,Waiters and busboys were taking our water glasses and the tip tray off the table before we had counted the change.,"['staff', 'miscellaneous']","['Service', 'General']","['negative', 'neutral']","[None, None]","[False, False]",2,False,True
mams_train_01849,mams,train,Try the Duck Confit Hash (topped with two eggs) or the Beer Battered Fish Chips on the Brunch menu.,"['food', 'menu']","['Food', 'General']","['positive', 'neutral']","[None, None]","[False, False]",2,False,True
mams_train_01850,mams,train,It still took a little while to get our drinks and food - But the atmosphere made up for it.,"['food', 'ambience']","['Food', 'Ambience']","['neutral', 'positive']","[None, None]","[False, False]",2,False,True
mams_train_01851,mams,train,"The Food This isn't for those on a budget, but portions are generous.","['food', 'miscellaneous']","['Food', 'General']","['negative', 'positive']","[None, None]","[False, False]",2,False,True
mams_train_01852,mams,train,"After our meal,the manager, even took some of his time to sit with us and give us a lesson in Sake 101.","['food', 'staff']","['Food', 'Service']","['neutral', 'positive']","[None, None]","[False, False]",2,False,True
mams_train_01853,mams,train,"The rest of the meal was good, but a little over priced for Chinese take out style food.","['price', 'food']","['Price', 'Food']","['negative', 'neutral']","[None, None]","[False, False]",2,False,True
mams_train_01854,mams,train,"i mean the place was empty and it seemed to take for ever to get food, drink or the check.","['place', 'food']","['General', 'Food']","['positive', 'negative']","[None, None]","[False, False]",2,False,True
mams_train_01855,mams,train,"Adding insult to injury, the waiter had to ask for the wine bottle by number (where are we?","['staff', 'food']","['Service', 'Food']","['negative', 'neutral']","[None, None]","[False, False]",2,False,True
mams_train_01856,mams,train,The drinks were water down and the only BIG thing was the bill.,"['food', 'price']","['Food', 'Price']","['neutral', 'negative']","[None, None]","[False, False]",2,False,True
mams_train_01857,mams,train,"Flavorful Indian favorites like vegetable pakora, lamb tikka masala and tandoori chicken, as well as unexpected offerings such as Alaska king crab legs and fried coconut shrimp, are served at extremely reasonable prices.","['food', 'price']","['Food', 'Price']","['neutral', 'positive']","[None, None]","[False, False]",2,False,True
mams_train_01858,mams,train,The server was so busy the night we visited that she forgot to put in our food order.,"['staff', 'food']","['Service', 'Food']","['negative', 'neutral']","[None, None]","[False, False]",2,False,True
mams_train_01859,mams,train,Service was slow and our drink order took forever (and the place wasn't crowded).,"['service', 'food', 'place']","['Service', 'Food', 'General']","['negative', 'neutral', 'positive']","[None, None, None]","[False, False, False]",3,False,True
mams_train_01860,mams,train,"The waiter was singing while taking our order- the food arrived 30 minutes later and the food was good, but the mules Frites were cold, the steak had to be returned twice-the spinach looked like it was grass from Union Square park with hunks of garlic in it-totally Unacceptable.","['staff', 'food']","['Service', 'Food']","['neutral', 'negative']","[None, None]","[False, False]",2,False,True
mams_train_01861,mams,train,"I asked the waitress what this was for and her responses were as follows: We put in an extra shot, We had to use ice in the drink, and It must have been the computer.","['staff', 'food']","['Service', 'Food']","['negative', 'neutral']","[None, None]","[False, False]",2,False,True
mams_train_01862,mams,train,"Prices are not cheap, but not expensive but the meal is worth every penny.","['price', 'food']","['Price', 'Food']","['negative', 'positive']","[None, None]","[False, False]",2,False,True
mams_train_01863,mams,train,"The service was not great, the wait staff were not clear on the ingredients and or preparation details of the meals.","['staff', 'ambience', 'food']","['Service', 'Ambience', 'Food']","['negative', 'neutral', 'neutral']","[None, None, None]","[False, False, False]",3,False,True
mams_train_01864,mams,train,"The food here is consistently good - the service is not - but it seems that they're getting busier than they can handle, good for them, bad for guests.","['food', 'service']","['Food', 'Service']","['positive', 'negative']","[None, None]","[False, False]",2,False,True
mams_train_01865,mams,train,"The food is on the good side but not so terrific to compensate the bad service, crammed tiny-tables, dirty glasses, overly loud music, which is good for the bar part of the establishment but not when you want to seat down, eat and have a normal conversation at normal volume.","['food', 'service', 'miscellaneous']","['Food', 'Service', 'General']","['positive', 'negative', 'negative']","[None, None, None]","[False, False, False]",3,False,True
mams_train_01866,mams,train,"We should have had the entire restaurant, but the manager let some random lady sit up at the bar because she was a regular.","['staff', 'place']","['Service', 'General']","['negative', 'neutral']","[None, None]","[False, False]",2,False,True
mams_train_01867,mams,train,"I sometimes go here when in the area and though the food is always great, the Basil Chicken and Shrimp Tempura roll in particular, the service has much to be desired.","['food', 'service']","['Food', 'Service']","['positive', 'negative']","[None, None]","[False, False]",2,False,True
mams_train_01868,mams,train,"In addition guys, please hire some waitstaff who know both English and your menu.","['staff', 'menu']","['Service', 'General']","['negative', 'neutral']","[None, None]","[False, False]",2,False,True
mams_train_01869,mams,train,"I though the service could have been better, the staff are not experience enough to know how to make the drinks without reading the instructions.","['service', 'food']","['Service', 'Food']","['negative', 'neutral']","[None, None]","[False, False]",2,False,True
mams_train_01870,mams,train,I just had dinner there with my girlfriend and we had the best time.,"['food', 'miscellaneous']","['Food', 'General']","['neutral', 'positive']","[None, None]","[False, False]",2,False,True
mams_train_01871,mams,train,"the water guy was extremely attentive, thank god he was because we had to ask him for our waitress many times: for ordering our food, more drinks, dessert and check.","['staff', 'food']","['Service', 'Food']","['positive', 'neutral']","[None, None]","[False, False]",2,False,True
mams_train_01872,mams,train,Amazing views of NYC regaled us at lunch earlier in the week and then at dinner this evening.,"['miscellaneous', 'food']","['General', 'Food']","['positive', 'neutral']","[None, None]","[False, False]",2,False,True
mams_train_01873,mams,train,The waiter returned and said the bartender refused to take my drink back because there was nothing wrong with it and I would have to pay for it.,"['staff', 'food']","['Service', 'Food']","['negative', 'neutral']","[None, None]","[False, False]",2,False,True
mams_train_01874,mams,train,"They ran out of the drinks my friends ordered, but the staff was eager-to-please and much appreciated.","['food', 'staff']","['Food', 'Service']","['neutral', 'positive']","[None, None]","[False, False]",2,False,True
mams_train_01875,mams,train,"Multiple televisions on both sides of the cozy room ensure unobstructed sight lines for fans, whether they're sipping pints at the oak bar or snacking on pub munchies--like baked clams, nachos, and buffalo wings--at tall tables in front.","['miscellaneous', 'food']","['General', 'Food']","['positive', 'neutral']","[None, None]","[False, False]",2,False,True
mams_train_01876,mams,train,Enjoy a drink at the bar over fresh shucked oysters.,"['food', 'place']","['Food', 'General']","['positive', 'neutral']","[None, None]","[False, False]",2,False,True
mams_train_01877,mams,train,"The Food  Crave's two chefs have resumes that boast stints at Payard, Nobu and Industry (food), so it's no surprise their menu is full of unusual twists on old favorites.","['miscellaneous', 'menu']","['General', 'General']","['neutral', 'positive']","[None, None]","[False, False]",2,False,True
mams_train_01878,mams,train,"We were seated quickly (and had reservations, but they didnt seem to be absolutely necessary) and our waitress offered much insight into menu bests and worsts.","['miscellaneous', 'staff', 'menu']","['General', 'Service', 'General']","['neutral', 'negative', 'neutral']","[None, None, None]","[False, False, False]",3,False,True
mams_train_01879,mams,train,"Even with our large appetites we could not finish all the food or wine, which has never happened with a tasting menu before.","['food', 'menu']","['Food', 'General']","['neutral', 'positive']","[None, None]","[False, False]",2,False,True
mams_train_01880,mams,train,"The sexy waiter suggested the Pineapple Basil ( I Know is sounds yucky, but MMMM) Martini.","['staff', 'food']","['Service', 'Food']","['positive', 'neutral']","[None, None]","[False, False]",2,False,True
mams_train_01881,mams,train,I don't understand the other negative reviews of the service because we had amazing waiter.,"['service', 'staff']","['Service', 'Service']","['neutral', 'positive']","[None, None]","[False, False]",2,False,True
mams_train_01882,mams,train,"It was well past 8 pm when they finally got us the check, and we asked for free rounds of champagne to compensate for the poor service (since the wine dinner had started, and were denied.","['food', 'service']","['Food', 'Service']","['neutral', 'negative']","[None, None]","[False, False]",2,False,True
mams_train_01883,mams,train,"When the bill came, the waiter snatched it back so he could add the $3 difference to the wine.","['staff', 'food']","['Service', 'Food']","['negative', 'neutral']","[None, None]","[False, False]",2,False,True
mams_train_01884,mams,train,The concoction was thrown away a mere two blocks from the Bar.,"['food', 'place']","['Food', 'General']","['negative', 'neutral']","[None, None]","[False, False]",2,False,True
mams_train_01885,mams,train,The bright point of dinner was dessrt.,"['miscellaneous', 'food']","['General', 'Food']","['positive', 'neutral']","[None, None]","[False, False]",2,False,True
mams_train_01886,mams,train,"A full bar and a dozen different margaritas attract a happy hour crowd, and a tortilla machine is often surrounded by children watching the dough-to-tortilla transformation.","['food', 'miscellaneous', 'place']","['Food', 'General', 'General']","['positive', 'neutral', 'neutral']","[None, None, None]","[False, False, False]",3,False,True
mams_train_01887,mams,train,"Their appetizer portions are not huge, just right since the entrees are much larger.","['miscellaneous', 'food']","['General', 'Food']","['negative', 'positive']","[None, None]","[False, False]",2,False,True
mams_train_01888,mams,train,"Our server seemed out of it, and drinks took 15 minutes to arrive.","['staff', 'food']","['Service', 'Food']","['negative', 'neutral']","[None, None]","[False, False]",2,False,True
mams_train_01889,mams,train,"the waiter didn't recommen any special for the night, didn't come back to the table to check if everything is okay, didn't even offer me the dessert menu at the end.","['staff', 'miscellaneous', 'menu']","['Service', 'General', 'General']","['negative', 'neutral', 'neutral']","[None, None, None]","[False, False, False]",3,False,True
mams_train_01890,mams,train,"Just don't take the seat between the bar and the back half of the restaurant, i saw a woman get nudged 40times sitting there.","['miscellaneous', 'place']","['General', 'General']","['negative', 'neutral']","[None, None]","[False, False]",2,False,True
mams_train_01891,mams,train,After I had complained to a bouncer (the manager would not see me) a waiter was sent over and did get us our drinks.,"['staff', 'food']","['Service', 'Food']","['negative', 'neutral']","[None, None]","[False, False]",2,False,True
mams_train_01892,mams,train,although I don't think there is any beef on the menu (but there is plenty of fish and chicken).,"['menu', 'food']","['General', 'Food']","['neutral', 'positive']","[None, None]","[False, False]",2,False,True
mams_train_01893,mams,train,It has the most authentic Mexican found I have found in the Metro area and the margaritas are outstanding.,"['miscellaneous', 'place', 'food']","['General', 'General', 'Food']","['positive', 'neutral', 'positive']","[None, None, None]","[False, False, False]",3,False,True
mams_train_01894,mams,train,"food arrived quickly and was hot and v good, just don't be on a diet if you are going to eat here as no real options for slimmers!!","['food', 'miscellaneous']","['Food', 'General']","['positive', 'neutral']","[None, None]","[False, False]",2,False,True
mams_train_01895,mams,train,") And don't forget the svc, those waiters stare at you your entire meal, just waiting for you to put your fork down and they snatch the plate away in a second.","['staff', 'food', 'service']","['Service', 'Food', 'Service']","['negative', 'neutral', 'neutral']","[None, None, None]","[False, False, False]",3,False,True
mams_train_01896,mams,train,"After we in fact moved to the bar, and I told the waitress which bottle we wanted - the one we had been drinking - we were told we had to order off the limited daily specials list.","['place', 'staff']","['General', 'Service']","['neutral', 'negative']","[None, None]","[False, False]",2,False,True
mams_train_01897,mams,train,"True, the service is hardly on par with the finer restaurants in NYC, but I go for the energy and the tasty tapas-like seafood treats that are perfect with beer or sake.","['service', 'food']","['Service', 'Food']","['negative', 'positive']","[None, None]","[False, False]",2,False,True
mams_train_01898,mams,train,The manager came over to our table at the end of our entree course to get our review.,"['staff', 'food']","['Service', 'Food']","['positive', 'neutral']","[None, None]","[False, False]",2,False,True
mams_train_01899,mams,train,"I love the food, and have gone back several times, but each time the waitress is a little nastier.","['food', 'staff']","['Food', 'Service']","['positive', 'negative']","[None, None]","[False, False]",2,False,True
mams_train_01900,mams,train,"The server rolled his eyes when we ordered only an entree per person (with no appetizers), spoke curtly to us, and ignored our requests for more water etc.","['staff', 'food']","['Service', 'Food']","['negative', 'neutral']","[None, None]","[False, False]",2,False,True
mams_train_01901,mams,train,The wait for brunch is kinda long (what can you say?,"['service', 'food']","['Service', 'Food']","['negative', 'neutral']","[None, None]","[False, False]",2,False,True
mams_train_01902,mams,train,"The menu showcases Thai-French favorites: fresh chopped hai (white fish) and salmon with Chinese black olives and basil oil; mussels in coconut-lemon grass broth; and garlicky octopus sauteed with ground pork, broccoli rabe and lime juice.","['menu', 'food', 'miscellaneous']","['General', 'Food', 'General']","['neutral', 'positive', 'neutral']","[None, None, None]","[False, False, False]",3,False,True
mams_train_01903,mams,train,"My friends and I tried practically every strange, inventive dish on the menu, most of which are very tasty.","['food', 'menu']","['Food', 'General']","['positive', 'neutral']","[None, None]","[False, False]",2,False,True
mams_train_01904,mams,train,The wait staff while attentive did nothing to address the hair that was found in one of our dishes.,"['staff', 'food']","['Service', 'Food']","['positive', 'neutral']","[None, None]","[False, False]",2,False,True
mams_train_01905,mams,train,"There were three parties of two standing in the front entrance looking like bumbling idiots while not a single host, waiter, or manager attended to us.","['staff', 'miscellaneous']","['Service', 'General']","['negative', 'neutral']","[None, None]","[False, False]",2,False,True
mams_train_01906,mams,train,I understand its a very busy night of the week but it is unacceptable that I was hung up on by the hostess twice (I also called back and she refused to answer the phone for 15 minutes) and was told that I should have picked up my food instead of having it delivered.,"['staff', 'food']","['Service', 'Food']","['negative', 'neutral']","[None, None]","[False, False]",2,False,True
mams_train_01907,mams,train,Your drink is at your fingertips and you don't have to wait for the waitress to come back with your cocktail.,"['food', 'staff']","['Food', 'Service']","['neutral', 'negative']","[None, None]","[False, False]",2,False,True
mams_train_01908,mams,train,The Captain was showing his impatience for a crowded Monday night and the dinner I was served was not prepared the way he told me it would be.,"['staff', 'food', 'service']","['Service', 'Food', 'Service']","['negative', 'neutral', 'neutral']","[None, None, None]","[False, False, False]",3,False,True
mams_train_01909,mams,train,"The characters were very entertaining, and while the prices are a little steep, it is well worth the cost.","['miscellaneous', 'price']","['General', 'Price']","['positive', 'negative']","[None, None]","[False, False]",2,False,True
mams_train_01910,mams,train,"Food was fine, and the place is pretty cool, but the waitstaff was slow and pretty clueless.","['food', 'place', 'staff']","['Food', 'General', 'Service']","['positive', 'positive', 'negative']","[None, None, None]","[False, False, False]",3,False,True
mams_train_01911,mams,train,We ordered a platter that was an asssortment of appetizers which was great recomendation.,"['miscellaneous', 'food']","['General', 'Food']","['positive', 'neutral']","[None, None]","[False, False]",2,False,True
mams_train_01912,mams,train,"If you don't mind eating great thai food in a schnazzy ambience with a hop hip lunch crowd, then come on over to SPICE.","['food', 'ambience', 'miscellaneous']","['Food', 'Ambience', 'General']","['positive', 'neutral', 'neutral']","[None, None, None]","[False, False, False]",3,False,True
mams_train_01913,mams,train,"Beautiful rooms filled with beautiful people, but expensive for what it is ($68 prix fixe), limited menu, tiny portions, reeeeeeeally slow service, undercooked potatoes with the cod, less than fascinating desserts.","['price', 'miscellaneous', 'service', 'food']","['Price', 'General', 'Service', 'Food']","['neutral', 'negative', 'negative', 'neutral']","[None, None, None, None]","[False, False, False, False]",4,False,True
mams_train_01914,mams,train,The owners Pat and John are very friendly and can often sit and have a beer with you.,"['miscellaneous', 'food']","['General', 'Food']","['positive', 'neutral']","[None, None]","[False, False]",2,False,True
mams_train_01915,mams,train,"It's not going to win any awards for its decor, but the food is good, the portions are big, and the prices are low.","['ambience', 'food', 'miscellaneous', 'price']","['Ambience', 'Food', 'General', 'Price']","['negative', 'positive', 'positive', 'positive']","[None, None, None, None]","[False, False, False, False]",4,False,True
mams_train_01916,mams,train,"It took an hour for us to order, another hour and 15 min to get our entree's I had to go to the bar to order my champange, and carry it back myself, the waiter got our entrees mixed up and placed them in the wrong place and sat there and watched me switch them around.","['place', 'staff', 'food']","['General', 'Service', 'Food']","['neutral', 'negative', 'neutral']","[None, None, None]","[False, False, False]",3,False,True
mams_train_01917,mams,train,"the atmosphere is that of a diner, but if you get a booth that is the best!","['ambience', 'place']","['Ambience', 'General']","['positive', 'neutral']","[None, None]","[False, False]",2,False,True
mams_train_01918,mams,train,"If you're tired of the long waits for table at nearby place, then head to Moutarde for a delicious meal that won't keep you waiting.","['food', 'service']","['Food', 'Service']","['positive', 'neutral']","[None, None]","[False, False]",2,False,True
mams_train_01919,mams,train,"If you are undecided about which sandwich to choose, go for the Indecision, which is a trio of smaller sandwiches on the menu.","['miscellaneous', 'food', 'menu']","['General', 'Food', 'General']","['neutral', 'negative', 'neutral']","[None, None, None]","[False, False, False]",3,False,True
mams_train_01920,mams,train,"-4 waiters bustling around though no table was actually being helped -25 minutes to take our order -15 minutes to get the drinks we order -another 20 minutes to get our food -NO apology from the waiter In between our lunch, a man burst out shouting in anger at the lousy service (he asked for ketchup 20 minutes ago and never got it).","['staff', 'food', 'service']","['Service', 'Food', 'Service']","['negative', 'neutral', 'negative']","[None, None, None]","[False, False, False]",3,False,True
mams_train_01921,mams,train,"The food is ok, but not worth the prices.","['food', 'price']","['Food', 'Price']","['positive', 'negative']","[None, None]","[False, False]",2,False,True
mams_train_01922,mams,train,"not only did we not get our 'bombay' fries until after the entire meal, but we then had to wait nearly an hour for our inattentive waiter to bring our check, and only after we flagged him down.","['food', 'staff']","['Food', 'Service']","['neutral', 'negative']","[None, None]","[False, False]",2,False,True
mams_train_01923,mams,train,"1 hour for water, 1 hour for drinks, 1 hour for food, as you can see we were there for almost 5 hours before our bill came, not for enjoyment but pure frustration.","['food', 'price']","['Food', 'Price']","['neutral', 'negative']","[None, None]","[False, False]",2,False,True
mams_train_01924,mams,train,"She walked away in a huff, and had the BUSBOY pass on the same message: you can't order coffee because you've already paid (have these people never heard of someone changing their mind?","['staff', 'food']","['Service', 'Food']","['negative', 'neutral']","[None, None]","[False, False]",2,False,True
mams_train_01925,mams,train,"What a pleasant surprise to have found a restaurant where you can sit at the bar and feel like a glamourpuss, yet whose staff and even other patrons make you feel like you are already a family friend.","['place', 'staff']","['General', 'Service']","['neutral', 'positive']","[None, None]","[False, False]",2,False,True
mams_train_01926,mams,train,"We didn't have reservations, and showing up at 8:45 we were told it would be about an hour wait.","['miscellaneous', 'service']","['General', 'Service']","['neutral', 'negative']","[None, None]","[False, False]",2,False,True
mams_train_01927,mams,train,"Portions are small, they try to pass themselves off as family style by encouraging sharing and putting dishes in the center of the table, but it is glorified a la carte.","['miscellaneous', 'food']","['General', 'Food']","['negative', 'neutral']","[None, None]","[False, False]",2,False,True
mams_train_01928,mams,train,"but no reservations makes for a very long wait, usually of an hour.","['miscellaneous', 'service']","['General', 'Service']","['neutral', 'negative']","[None, None]","[False, False]",2,False,True
mams_train_01929,mams,train,"The Food The Korean dishes here are a bit more delicate than the potent fare found 30 blocks north, but the kitchen is hardly pulling its punches.","['food', 'place']","['Food', 'General']","['positive', 'negative']","[None, None]","[False, False]",2,False,True
mams_train_01930,mams,train,"And the waitstaff has very little knowledge of the food, they served me the wrong dish and no one could identify what it was that they gave me, someone said pork chop, someone said lamb, and then they insisted it should be fine since it was the same price.","['staff', 'food', 'service', 'price']","['Service', 'Food', 'Service', 'Price']","['negative', 'negative', 'neutral', 'neutral']","[None, None, None, None]","[False, False, False, False]",4,False,True
mams_train_01931,mams,train,"It appears to be a charming french outdoor bistro, and the food wasn't bad, but the waiters were clearly tired of dealing with tourists, and didn't handle us with care.","['food', 'staff']","['Food', 'Service']","['positive', 'negative']","[None, None]","[False, False]",2,False,True
mams_train_01932,mams,train,"The wait staff was not as attentive as I would have liked, we had to ask several times for water and refills of water, and after the food was served, no one returned to check on us.","['staff', 'food']","['Service', 'Food']","['negative', 'neutral']","[None, None]","[False, False]",2,False,True
mams_train_01933,mams,train,Basically the comfort is lacking but the food is the focus.,"['ambience', 'food']","['Ambience', 'Food']","['negative', 'positive']","[None, None]","[False, False]",2,False,True
mams_train_01934,mams,train,1) they gave us the wrong table had to wait 10 minutes until they gave us the one we wanted 2) had to wait 15 minutes for a waiter 3) ordered chicken and brocolli.,"['miscellaneous', 'staff', 'food']","['General', 'Service', 'Food']","['negative', 'neutral', 'neutral']","[None, None, None]","[False, False, False]",3,False,True
mams_train_01935,mams,train,"When the food came, it was almost good, but the lack of AC, bad service, and overall apathetic staff, from the HOST, to the MANAGER to the WAITER, ruined the experience.","['food', 'service', 'staff']","['Food', 'Service', 'Service']","['positive', 'negative', 'negative']","[None, None, None]","[False, False, False]",3,False,True
mams_train_01936,mams,train,The bar area got a little too crowded but the ambiance was great.,"['place', 'ambience']","['General', 'Ambience']","['negative', 'positive']","[None, None]","[False, False]",2,False,True
mams_train_01937,mams,train,"The wine list was had some of my favorites which I have not seen anywhere in New York, and when I clumsily spilled both water and wine all of the my table the waitress and manager were there in a flash jovially helping me clear up the mess.","['food', 'miscellaneous', 'staff']","['Food', 'General', 'Service']","['neutral', 'neutral', 'positive']","[None, None, None]","[False, False, False]",3,False,True
mams_train_01938,mams,train,"Service was a little slow, but going on a Monday night during the Brooklyn Restaurant Week, where 20 bucks each got a friend and I appetizer, entree, and dessert was phenomenal.","['service', 'food']","['Service', 'Food']","['negative', 'positive']","[None, None]","[False, False]",2,False,True
mams_train_01939,mams,train,We went there on New Year's Day around 7 pm without a reservation and were able to get a table right away thanks to the very accomodating hostess.,"['miscellaneous', 'staff']","['General', 'Service']","['neutral', 'positive']","[None, None]","[False, False]",2,False,True
mams_train_01940,mams,train,"You'll have to wait for a long time if you're not in with the management or Fernando, but it's worth it, have some campari and cinzano at the bar!","['staff', 'place']","['Service', 'General']","['positive', 'neutral']","[None, None]","[False, False]",2,False,True
mams_train_01941,mams,train,"Not only did the food take an eternity to come out; but the waiter never checked in, explained the delay for the food, or refreshed our drinks.","['staff', 'food']","['Service', 'Food']","['negative', 'neutral']","[None, None]","[False, False]",2,False,True
mams_train_01942,mams,train,"The Scene Opened in 1993, Nick's may be the only great pizza place in the city of New York that isn't older than most of the people who eat there.","['miscellaneous', 'food']","['General', 'Food']","['neutral', 'positive']","[None, None]","[False, False]",2,False,True
mams_train_01943,mams,train,"I was tempted to try the dessert because I've heard rave reviews about it, but we were stuffed, as the portions are fairly large.","['food', 'miscellaneous']","['Food', 'General']","['neutral', 'positive']","[None, None]","[False, False]",2,False,True
mams_train_01944,mams,train,We sat for 20-40min without water or bread and were basically ignored by the waitstaff.,"['food', 'staff']","['Food', 'Service']","['neutral', 'negative']","[None, None]","[False, False]",2,False,True
mams_train_01945,mams,train,"The menu has many choices, and the dining experience lends itself to being a great place for a date, client dinner, parents' dinner or even a start-off to a night out on the town.","['miscellaneous', 'place']","['General', 'General']","['neutral', 'positive']","[None, None]","[False, False]",2,False,True
mams_train_01946,mams,train,"Sure, the wait was a bit long for a table, but the service was good and the food was pretty good too.","['service', 'food']","['Service', 'Food']","['negative', 'positive']","[None, None]","[False, False]",2,False,True
mams_train_01947,mams,train,"Since the waiter NEVER checked on us during the meal, she never had the chance to ask for hoisin.","['staff', 'food']","['Service', 'Food']","['negative', 'neutral']","[None, None]","[False, False]",2,False,True
mams_train_01948,mams,train,"Nonetheless, our waiter gave us prompt service and a smile every time he came over to take an order, bring us drinks, or check up on how we were doing.","['staff', 'service', 'food']","['Service', 'Service', 'Food']","['positive', 'positive', 'neutral']","[None, None, None]","[False, False, False]",3,False,True
mams_train_01949,mams,train,The owner circles the place asking patrons if their meals are fine.,"['staff', 'food']","['Service', 'Food']","['positive', 'neutral']","[None, None]","[False, False]",2,False,True
mams_train_01950,mams,train,"small portions, average food 6) we ask for the check, the waiter says, ok, and 5 minutes later asks if we want coffee or dessert.","['food', 'price', 'staff']","['Food', 'Price', 'Service']","['neutral', 'neutral', 'negative']","[None, None, None]","[False, False, False]",3,False,True
mams_train_01951,mams,train,The food is average the prices high and the whole experience was very upsetting.,"['food', 'price']","['Food', 'Price']","['neutral', 'negative']","[None, None]","[False, False]",2,False,True
mams_train_01952,mams,train,"prices were low, you got a good deal, sushi was ok; everybody wins.","['price', 'food']","['Price', 'Food']","['negative', 'positive']","[None, None]","[False, False]",2,False,True
mams_train_01953,mams,train,"i went on a thurs night and it was a bit loud due to the many businessmen eating their dinner, but the food and service more than outdid the lack of peaceful dining.","['food', 'service']","['Food', 'Service']","['neutral', 'negative']","[None, None]","[False, False]",2,False,True
mams_train_01954,mams,train,"Instead, 4 members of the wait staff were giggling and carrying on at the corner of the bar.","['staff', 'place']","['Service', 'General']","['negative', 'neutral']","[None, None]","[False, False]",2,False,True
mams_train_01955,mams,train,"The Scene Uncomplicated, tasteful touches--a soothing abstract painting, an exposed brick wall, a tiny bar--grace the restaurant's neutral-toned interior.","['miscellaneous', 'place']","['General', 'General']","['positive', 'negative']","[None, None]","[False, False]",2,False,True
mams_train_01956,mams,train,They brought my mother a chicken enchiladas instead of cheese and then it took her 10 minutes to explain what the error was to the waiter and bus boy who then finally had to tell the manager who was also confused and my mother is fluent in Spanish.,"['food', 'staff']","['Food', 'Service']","['neutral', 'negative']","[None, None]","[False, False]",2,False,True
mams_train_01957,mams,train,They were seating people without reservations who were either friends of the employees or were slipping the hostess $20 to get seated without a reservation.,"['miscellaneous', 'staff']","['General', 'Service']","['neutral', 'negative']","[None, None]","[False, False]",2,False,True
mams_train_01958,mams,train,"After dinner the manager grabbed my boyfriend, asked him: Where are you from.","['food', 'staff']","['Food', 'Service']","['neutral', 'negative']","[None, None]","[False, False]",2,False,True
mams_train_01959,mams,train,I went to the tasting before Nobu opened and the menu and service has greatly improved since then.,"['menu', 'service']","['General', 'Service']","['neutral', 'positive']","[None, None]","[False, False]",2,False,True
mams_train_01960,mams,train,"There is a long bar area wide enough to accommodate large crowds, large screen tv's on the walls to view games, but not that do not dominate the atmosphere, and up front there is a large lounge are with several booths and a working fireplace.","['miscellaneous', 'ambience', 'place']","['General', 'Ambience', 'General']","['negative', 'neutral', 'positive']","[None, None, None]","[False, False, False]",3,False,True
mams_train_01961,mams,train,My party did not love the meats on the menu maybe the pork dumplings but nothing else.,"['menu', 'food']","['General', 'Food']","['neutral', 'positive']","[None, None]","[False, False]",2,False,True
mams_train_01962,mams,train,"I absolutely hate communal seating and closely spaced tables and this place had both, but the atmosphere and the food were such that I was able to get beyond the grumpy mood that put me in to have a really good experience.","['miscellaneous', 'ambience', 'food']","['General', 'Ambience', 'Food']","['negative', 'positive', 'positive']","[None, None, None]","[False, False, False]",3,False,True
mams_train_01963,mams,train,They need to change the overall decor if they want to get a serious dinner crowd though.,"['ambience', 'food']","['Ambience', 'Food']","['neutral', 'negative']","[None, None]","[False, False]",2,False,True
mams_train_01964,mams,train,It would have been nice to find that out on the website but it took us an hour of waiting for Godot before calling and being told the news that no lunch was prepared for us.,"['service', 'food']","['Service', 'Food']","['neutral', 'negative']","[None, None]","[False, False]",2,False,True
mams_train_01965,mams,train,"Also, the waiter wrongly described a wine I had inquired about causing the sommelier to have to make a trip to the table to offer an alternate recommendation.","['staff', 'food']","['Service', 'Food']","['negative', 'neutral']","[None, None]","[False, False]",2,False,True
mams_train_01966,mams,train,"I love to go there on weekends and have the delicious french toast (made from baguette slices) or the granola with fresh fruit, sometimes I am so torn that I end up getting both!","['food', 'miscellaneous']","['Food', 'General']","['positive', 'neutral']","[None, None]","[False, False]",2,False,True
mams_train_01967,mams,train,"i've been there for lunch - when the place is empty- and the waiter spent more time outside, soaking up the sun for himself, like he was a patron.","['food', 'staff']","['Food', 'Service']","['neutral', 'negative']","[None, None]","[False, False]",2,False,True
mams_train_01968,mams,train,"I realize that this place has a huge menu and, therefore, will have some not-so-good things, but it's the rudeness of the service that gets to me.","['menu', 'service']","['General', 'Service']","['positive', 'negative']","[None, None]","[False, False]",2,False,True
mams_train_01969,mams,train,"The atmosphere is still to die for, but the wine list has so clearly been pared down and marked up (as a result of higher foot traffic brought in by lots of rave reviews in local publications, perhaps?","['ambience', 'food']","['Ambience', 'Food']","['positive', 'negative']","[None, None]","[False, False]",2,False,True
mams_train_01970,mams,train,"Not only is it the nicest atmosphere with an antique bar and allabaster globes sconces, marble fireplace.","['ambience', 'place']","['Ambience', 'General']","['positive', 'neutral']","[None, None]","[False, False]",2,False,True
mams_train_01971,mams,train,"Last, but not least, when we walked in, most of the clientelle was Vietnamese and next to us was a food critic whose review was on the back of the menu.","['miscellaneous', 'food', 'menu']","['General', 'Food', 'General']","['negative', 'neutral', 'neutral']","[None, None, None]","[False, False, False]",3,False,True
mams_train_01972,mams,train,"After leaving the traditional 15% tip, the waiter ran after us for half a block to confront.","['price', 'staff']","['Price', 'Service']","['neutral', 'negative']","[None, None]","[False, False]",2,False,True
mams_train_01973,mams,train,"Excellent Steaks, the attitude of the Servers could be a little better but the food makes up for everything.","['food', 'service', 'staff']","['Food', 'Service', 'Service']","['positive', 'negative', 'negative']","[None, None, None]","[False, False, False]",3,False,True
mams_train_01974,mams,train,"The pooris were miniscule, about 2 bites each; they serve 4 of those as a dinner for $25!","['miscellaneous', 'food']","['General', 'Food']","['negative', 'neutral']","[None, None]","[False, False]",2,False,True
mams_train_01975,mams,train,"Oh, the prices were not so bad either, we paid $58 for chicken, salmon, one sushi roll, one ceasar salad and soda :).","['price', 'food']","['Price', 'Food']","['positive', 'neutral']","[None, None]","[False, False]",2,False,True
mams_train_01976,mams,train,"The Scene Honeycomb-colored walls, random wall art, a peek into the kitchen from paper-topped tables--all combine for a casual, thrown-together ambience.","['miscellaneous', 'ambience']","['General', 'Ambience']","['neutral', 'positive']","[None, None]","[False, False]",2,False,True
mams_train_01977,mams,train,") The food was good, but not at all worth the price.","['food', 'price']","['Food', 'Price']","['positive', 'negative']","[None, None]","[False, False]",2,False,True
mams_train_01978,mams,train,"The music is a little bit louder, but the food is excellent.","['ambience', 'food']","['Ambience', 'Food']","['negative', 'positive']","[None, None]","[False, False]",2,False,True
mams_train_01979,mams,train,It's sad that everything about this place was great (even the service and decor) except for the steak.,"['service', 'ambience', 'food']","['Service', 'Ambience', 'Food']","['positive', 'positive', 'negative']","[None, None, None]","[False, False, False]",3,False,True
mams_train_01980,mams,train,"the sushi is so-so, the 70s orange-themed atmosphere is 2000ish, and there is no reason for the staff's attitude.","['ambience', 'staff', 'service']","['Ambience', 'Service', 'Service']","['neutral', 'negative', 'negative']","[None, None, None]","[False, False, False]",3,False,True
mams_train_01981,mams,train,"The Food It's a people-pleasing menu, with spaghetti and meatballs, calamari, eggplant Parmesan and other red-sauce classics alongside several more upscale dishes.","['food', 'menu']","['Food', 'General']","['neutral', 'positive']","[None, None]","[False, False]",2,False,True
mams_train_01982,mams,train,the service was very slow and his knowledge of the menu wasnt that good.,"['service', 'menu']","['Service', 'General']","['negative', 'neutral']","[None, None]","[False, False]",2,False,True
mams_train_01983,mams,train,Service was bad enough that we decided to head out after the first round of drinks.,"['service', 'food']","['Service', 'Food']","['negative', 'neutral']","[None, None]","[False, False]",2,False,True
mams_train_01984,mams,train,"The waitress told us the portions were not big, so we each got an entree and shared a side.","['staff', 'miscellaneous', 'food']","['Service', 'General', 'Food']","['neutral', 'negative', 'neutral']","[None, None, None]","[False, False, False]",3,False,True
mams_train_01985,mams,train,"If you live downtown, definitely grab one of their menus, make a phone call and relax in front of the tv while they pound the pavement to get to you (although they do take about 45 minutes on average to get to you)-- the in restaurant service is likewise very very good.","['menu', 'service']","['General', 'Service']","['neutral', 'positive']","[None, None]","[False, False]",2,False,True
mams_train_01986,mams,train,"Even if you have to wait a bit for a reservation, the hostess will come over to apologize, update you on the wait and make sure you are comfortable.","['miscellaneous', 'staff']","['General', 'Service']","['neutral', 'positive']","[None, None]","[False, False]",2,False,True
mams_train_01987,mams,train,The mole sauce is not too sweet and adds a nice flavor to the otherwise bland chicken.,"['ambience', 'food']","['Ambience', 'Food']","['positive', 'negative']","[None, None]","[False, False]",2,False,True
mams_train_01988,mams,train,"We went to Steinhof about a week ago and sat at the bar since the place was packed, but they have the full menu at the bar.","['place', 'menu']","['General', 'General']","['neutral', 'positive']","[None, None]","[False, False]",2,False,True
mams_train_01989,mams,train,The 'people watching' and table location (on boardwalk) made up for the rude service.,"['miscellaneous', 'service']","['General', 'Service']","['neutral', 'negative']","[None, None]","[False, False]",2,False,True
mams_train_01990,mams,train,"very nice servers, but they seemed more interested in conversing with the regulars than bringing food and being attentive.","['staff', 'food']","['Service', 'Food']","['positive', 'neutral']","[None, None]","[False, False]",2,False,True
mams_train_01991,mams,train,Food was good but portions were quite tiny.,"['food', 'miscellaneous']","['Food', 'General']","['positive', 'negative']","[None, None]","[False, False]",2,False,True
mams_train_01992,mams,train,"We were charged for the missing appetizer and when I complained to the manager, who never thought to apologize, he blamed the kitchen.","['food', 'staff', 'place']","['Food', 'Service', 'General']","['neutral', 'negative', 'neutral']","[None, None, None]","[False, False, False]",3,False,True
mams_train_01993,mams,train,"One of the waitstaff spilled a huge drink on the floor that splattered everyone nearby, no offering of apology was made or to foot the drycleaning bill and no comp was offered either.","['staff', 'food', 'price']","['Service', 'Food', 'Price']","['negative', 'positive', 'neutral']","[None, None, None]","[False, False, False]",3,False,True
mams_train_01994,mams,train,"went here w/ great expectations and was greatly disappointed; the food was good, not great and vastly overpriced- one salad, two pasta dishes, two demi-carafes of red wine- $100 (tax and tip); rediculous; orechiette came w/ so little brocoli rape that it did not have its characteristic flavor; and it is very very loud.","['food', 'ambience']","['Food', 'Ambience']","['positive', 'negative']","[None, None]","[False, False]",2,False,True
mams_train_01995,mams,train,"Between the seven of us we sampled just about everything on the menu, and nothing disappointed (ribs pulled pork seemed like the biggest hits).","['menu', 'food']","['General', 'Food']","['neutral', 'positive']","[None, None]","[False, False]",2,False,True
mams_train_01996,mams,train,The salads were amazing in themselves - mixed greens andtomato wedges in a delicious balsamic vinagrette with slices of Italian bread with warm goat cheese.,"['food', 'miscellaneous']","['Food', 'General']","['positive', 'neutral']","[None, None]","[False, False]",2,False,True
mams_train_01997,mams,train,"Two Tom's food is excellent, it more than makes up for the lack of decor.","['food', 'ambience']","['Food', 'Ambience']","['positive', 'negative']","[None, None]","[False, False]",2,False,True
mams_train_01998,mams,train,If you are looking for service and all the frills $$$ - Il Mulino is the best for both - if you are looking for a fabulous dinner in/out - this restaurant is it!,"['service', 'food']","['Service', 'Food']","['neutral', 'positive']","[None, None]","[False, False]",2,False,True
mams_train_01999,mams,train,"Unfortunately for them, we would have ordered twice as many drinks if we didn't have to wait half an hour for the waitress between every drink.","['food', 'staff']","['Food', 'Service']","['neutral', 'negative']","[None, None]","[False, False]",2,False,True
mams_train_02000,mams,train,I made the mistake of coming here with 5 friends for brunch so the wait was extremely long and then we got stuck at the only table big enough for 6 (downstairs near the bathroom away from all of the other patrons) so that was dissapointing but I will be back soon with 1 or 2 friends.,"['food', 'service']","['Food', 'Service']","['neutral', 'negative']","[None, None]","[False, False]",2,False,True
mams_train_02001,mams,train,"Our waiter told us he knew all the wines on it quite well, and he did!","['staff', 'food']","['Service', 'Food']","['positive', 'neutral']","[None, None]","[False, False]",2,False,True
mams_train_02002,mams,train,There were about 4 tables filled in the entire restaurant yet the hostess made us sit at the bar for 20 mins--she never would have come for us had we not approached her asked to be seated.,"['staff', 'place']","['Service', 'General']","['negative', 'neutral']","[None, None]","[False, False]",2,False,True
mams_train_02003,mams,train,This newly opened restaurant is another one of those Indian places that has a hugely promising menu and a greatly disappointing food.,"['menu', 'food']","['General', 'Food']","['positive', 'negative']","[None, None]","[False, False]",2,False,True
mams_train_02004,mams,train,"Yes, this place is good, a cut above some of the other local diner food and a nice, friendly atmosphere.","['place', 'food', 'ambience']","['General', 'Food', 'Ambience']","['positive', 'neutral', 'positive']","[None, None, None]","[False, False, False]",3,False,True
mams_train_02005,mams,train,Nice ambience and bar while waiting for a table.,"['ambience', 'place', 'miscellaneous']","['Ambience', 'General', 'General']","['positive', 'positive', 'neutral']","[None, None, None]","[False, False, False]",3,False,True
mams_train_02006,mams,train,The kicker was when there were three items on our check that were priced higher than stated on the menu and by the server.,"['price', 'menu', 'staff']","['Price', 'General', 'Service']","['negative', 'neutral', 'negative']","[None, None, None]","[False, False, False]",3,False,True
mams_train_02007,mams,train,"If you're looking for barbeque like Dallas BBQ (soaked in sauce from a bottle, generic, homogeneous food) then you won't like Blue Smoke.","['food', 'miscellaneous']","['Food', 'General']","['positive', 'negative']","[None, None]","[False, False]",2,False,True
mams_train_02008,mams,train,For the price I paid for a cup of Bustelo coffee w/ milk I could buy 2 vacumed packs for 3 bucks.,"['price', 'miscellaneous', 'food']","['Price', 'General', 'Food']","['negative', 'neutral', 'neutral']","[None, None, None]","[False, False, False]",3,False,True
mams_train_02009,mams,train,"Three course meal for lunch was $13, the prices for dinner were just as great!","['food', 'price']","['Food', 'Price']","['neutral', 'positive']","[None, None]","[False, False]",2,False,True
mams_train_02010,mams,train,"Lost reservations, out of liquor, jam-packed, waiting room, out of wine, sent steak out raw, no choices for dessert, no room to breathe, terrible service, etc.","['miscellaneous', 'place', 'food', 'service']","['General', 'General', 'Food', 'Service']","['negative', 'neutral', 'negative', 'negative']","[None, None, None, None]","[False, False, False, False]",4,False,True
mams_train_02011,mams,train,Although we were seated 35 minutes after our reservation the service from then on was outstanding.,"['miscellaneous', 'service']","['General', 'Service']","['neutral', 'positive']","[None, None]","[False, False]",2,False,True
mams_train_02012,mams,train,"The Food The menu includes lovingly made renditions of panini, bruschetta and tramezzini (cocktail-style sandwiches with fillings like tuna with black olive pesto and bresaola with arugula), along with a roster of cured meats, cheeses and olives that have been imported from Italy.","['menu', 'food']","['General', 'Food']","['neutral', 'positive']","[None, None]","[False, False]",2,False,True
mams_train_02013,mams,train,"My meal here was awesome, the appetizers, the bar finger food, the service, the drinks, the entrees of Smoked fish, Lamb salad, Clay pot salmon, Lobster rolls, and the dining room is spectacular.","['food', 'service', 'place']","['Food', 'Service', 'General']","['positive', 'neutral', 'positive']","[None, None, None]","[False, False, False]",3,False,True
mams_train_02014,mams,train,"The place is small, but loaded with plenty of goodies that range from Italian inspired treats to Greek pastries all well prepared.","['place', 'food']","['General', 'Food']","['negative', 'positive']","[None, None]","[False, False]",2,False,True
mams_train_02015,mams,train,The pizza is thet always fresh and just made they hav an outdoor seating area that is partially covered they also have a full service restaurant on the premises they make everything on premises.,"['food', 'place', 'service']","['Food', 'General', 'Service']","['positive', 'neutral', 'positive']","[None, None, None]","[False, False, False]",3,False,True
mams_train_02016,mams,train,A friend was dieing for chorizo but it was only in the tapas menu which we couldn't have.,"['food', 'menu']","['Food', 'General']","['positive', 'neutral']","[None, None]","[False, False]",2,False,True
mams_train_02017,mams,train,Just make sure you make reservations a few days in advance because there aren't a lot of tables.,"['miscellaneous', 'place']","['General', 'General']","['neutral', 'negative']","[None, None]","[False, False]",2,False,True
mams_train_02018,mams,train,"They had a prix fixe menu with the most amazing cooked quail appetizer, then lobster bisque, followed by a divine choice of entree, and then the chocolate mousse dessert.","['menu', 'food']","['General', 'Food']","['neutral', 'positive']","[None, None]","[False, False]",2,False,True
mams_train_02019,mams,train,"In summer, the small outdoor garden is an ideal place to sip coffee while reading under a canopy of trees and sky.","['place', 'food']","['General', 'Food']","['positive', 'neutral']","[None, None]","[False, False]",2,False,True
mams_train_02020,mams,train,"If you had good service there, try to get your waiter's name and request him/her by name the next time.","['service', 'staff']","['Service', 'Service']","['positive', 'neutral']","[None, None]","[False, False]",2,False,True
mams_train_02021,mams,train,Our waiter was stuffed with attitude and didn't bother explaining things on the menu that he clearly knew we could not understand.,"['staff', 'menu']","['Service', 'General']","['negative', 'neutral']","[None, None]","[False, False]",2,False,True
mams_train_02022,mams,train,not having a menu was rather strange at first but the food was superb.,"['menu', 'food']","['General', 'Food']","['neutral', 'positive']","[None, None]","[False, False]",2,False,True
mams_train_02023,mams,train,"If you are a person who wants perfect service, you should probably skip it, you may wait for your server to sing a song before you get your drinks but that is half the fun.","['service', 'staff']","['Service', 'Service']","['positive', 'negative']","[None, None]","[False, False]",2,False,True
mams_train_02024,mams,train,"Casual and kid-friendly, the red-and-gold colored restaurants offer quick drive-thru or dine-in service with a menu of burgers, sandwiches and more.","['service', 'food', 'menu']","['Service', 'Food', 'General']","['positive', 'neutral', 'neutral']","[None, None, None]","[False, False, False]",3,False,True
mams_train_02025,mams,train,"When a seemly accommodating Le Souk manager assured you that he had no problem serving a group of twenty on a Saturday evening, I expected him to keep his words or shall I say our table.","['staff', 'miscellaneous']","['Service', 'General']","['positive', 'neutral']","[None, None]","[False, False]",2,False,True
mams_train_02026,mams,train,dining with my mother this past Saturday must have signaled to the wait staff that I wasn't cool enough to merit their attention.,"['food', 'staff']","['Food', 'Service']","['neutral', 'negative']","[None, None]","[False, False]",2,False,True
mams_train_02027,mams,train,the staff knows the regulars by name and the sushi chef even yells goodbye from behind the bar.,"['staff', 'place']","['Service', 'General']","['positive', 'neutral']","[None, None]","[False, False]",2,False,True
mams_train_02028,mams,train,"Overall, the food makes up for what is missing in the ambience and service.","['food', 'ambience', 'service']","['Food', 'Ambience', 'Service']","['positive', 'negative', 'negative']","[None, None, None]","[False, False, False]",3,False,True
mams_train_02029,mams,train,FINALLY the waitress came with our food after an HOUR!,"['staff', 'food']","['Service', 'Food']","['negative', 'neutral']","[None, None]","[False, False]",2,False,True
mams_train_02030,mams,train,Before our server took our drink order she told us that the prices on the menu were going to be higher that night because of the party.,"['staff', 'food', 'price', 'menu']","['Service', 'Food', 'Price', 'General']","['negative', 'neutral', 'negative', 'neutral']","[None, None, None, None]","[False, False, False, False]",4,False,True
mams_train_02031,mams,train,"when tables opened up, the manager sat another party before us.","['place', 'staff']","['General', 'Service']","['neutral', 'negative']","[None, None]","[False, False]",2,False,True
mams_train_02032,mams,train,"After arguing about this and requesting tap water instead of a bottled variety, we were exiled to customer Siberia, and the staff seemed eager get us out of the restaurant as soon as possible.","['food', 'staff']","['Food', 'Service']","['neutral', 'negative']","[None, None]","[False, False]",2,False,True
mams_train_02033,mams,train,"Instead of being smart business people and treating us as paying customers, we were told they do not serve drinks, only food (only food?","['miscellaneous', 'food']","['General', 'Food']","['positive', 'negative']","[None, None]","[False, False]",2,False,True
mams_train_02034,mams,train,However the casual atmosphere comes in handy if you want a good place to drop in and get food.,"['ambience', 'food']","['Ambience', 'Food']","['positive', 'neutral']","[None, None]","[False, False]",2,False,True
mams_train_02035,mams,train,"A narrow corridor leads to a tiny space where there are three tiny white tiled counters, a great deal of mess (stacks of bottles, cans) and a small counter holding 12-14 entrees.","['miscellaneous', 'food']","['General', 'Food']","['negative', 'neutral']","[None, None]","[False, False]",2,False,True
mams_train_02036,mams,train,We were ignored by our waitress after our entrees had been served.,"['staff', 'food']","['Service', 'Food']","['negative', 'neutral']","[None, None]","[False, False]",2,False,True
mams_train_02037,mams,train,When I was there with a friend the waiter who served us was pretty friendly.,"['staff', 'service']","['Service', 'Service']","['positive', 'neutral']","[None, None]","[False, False]",2,False,True
mams_train_02038,mams,train,"My greek salad cost about $9 and for that price, I would not have expected chopped olive (as opposed to whole), and shredded bits of lettuce.","['price', 'food']","['Price', 'Food']","['neutral', 'negative']","[None, None]","[False, False]",2,False,True
mams_train_02039,mams,train,"The retaurant is know for the long wait but they do take reservation for group of 5-8 people, so it was just perfect for my friend BD dinner for 3 couples.","['service', 'miscellaneous', 'food']","['Service', 'General', 'Food']","['negative', 'neutral', 'neutral']","[None, None, None]","[False, False, False]",3,False,True
mams_train_02040,mams,train,since we're informed its service isslow we had dinner in midtownwent for dessertb-day thing.,"['service', 'food']","['Service', 'Food']","['negative', 'neutral']","[None, None]","[False, False]",2,False,True
mams_train_02041,mams,train,"the soups were superb and only $2 a bowl, and the entire dinner, with beers, cost less than $30 for two people.","['food', 'miscellaneous', 'price']","['Food', 'General', 'Price']","['positive', 'neutral', 'neutral']","[None, None, None]","[False, False, False]",3,False,True
mams_train_02042,mams,train,The place was practically empty when my friends and I got there for dinner.,"['place', 'food']","['General', 'Food']","['negative', 'neutral']","[None, None]","[False, False]",2,False,True
mams_train_02043,mams,train,"On top of that, when we tried to order more food half-way through our first entree order, the waitress told us that we couldn't because they needed the table for another reservation!","['staff', 'miscellaneous']","['Service', 'General']","['negative', 'neutral']","[None, None]","[False, False]",2,False,True
mams_train_02044,mams,train,"8pm reservation, place was half empty on a Saturday.","['miscellaneous', 'place']","['General', 'General']","['neutral', 'negative']","[None, None]","[False, False]",2,False,True
mams_train_02045,mams,train,The Scene The bright mix of colors painted on the cafe's walls matches the vivid margaritas that sit on nearly every table and litter the sceney bar.,"['miscellaneous', 'place']","['General', 'General']","['positive', 'neutral']","[None, None]","[False, False]",2,False,True
mams_train_02046,mams,train,The busboy kept our glasses full; the waiter warmed up to our table at the end of the night by cracking jokes.,"['miscellaneous', 'staff']","['General', 'Service']","['neutral', 'positive']","[None, None]","[False, False]",2,False,True
mams_train_02047,mams,train,Desserts were visually inventive but lacking in flavor.,"['food', 'ambience']","['Food', 'Ambience']","['positive', 'negative']","[None, None]","[False, False]",2,False,True
mams_train_02048,mams,train,"The place was packed and while our food took time to be prepared, our waiter earned points for his sparkling conversation to pass time and for also knowing practically every ingredient of every special under consideration.","['food', 'staff']","['Food', 'Service']","['neutral', 'positive']","[None, None]","[False, False]",2,False,True
mams_train_02049,mams,train,i recently had brunch at the new hill diner let me tell you it was great.,"['food', 'place']","['Food', 'General']","['positive', 'neutral']","[None, None]","[False, False]",2,False,True
mams_train_02050,mams,train,"The festive crew serves from a gigantic menu of American classics: chili, burgers, cobb salads, baked potatoes, wings, philly cheesesteaks, club sandwiches, you name it.","['staff', 'menu', 'food']","['Service', 'General', 'Food']","['neutral', 'positive', 'neutral']","[None, None, None]","[False, False, False]",3,False,True
mams_train_02051,mams,train,The head-on shrimps with anchovy butter had me licking the plate.,"['food', 'miscellaneous']","['Food', 'General']","['positive', 'neutral']","[None, None]","[False, False]",2,False,True
mams_train_02052,mams,train,"You can only sit on the stools with a slice, as the main dining area downstairs is for real food.","['place', 'food']","['General', 'Food']","['neutral', 'positive']","[None, None]","[False, False]",2,False,True
mams_train_02053,mams,train,"The wine list didn't look all that great, but there was a very interesting selection of beers on tap.","['food', 'miscellaneous']","['Food', 'General']","['positive', 'neutral']","[None, None]","[False, False]",2,False,True
mams_train_02054,mams,train,Unfortunately the food and the service don't live up to the spectacular setting.,"['food', 'ambience']","['Food', 'Ambience']","['negative', 'positive']","[None, None]","[False, False]",2,False,True
mams_train_02055,mams,train,"The food was OK, but trying to get anything, like a drink refill or the check, was an ordeal, and this was when the place was nearly empty!","['food', 'place']","['Food', 'General']","['neutral', 'negative']","[None, None]","[False, False]",2,False,True
mams_train_02056,mams,train,"Seating is limited, so you will probably want to order take-out, but a better take-out pizza you will not find!","['place', 'food']","['General', 'Food']","['negative', 'positive']","[None, None]","[False, False]",2,False,True
mams_train_02057,mams,train,"The clientel, however, make it a scene for creative, talented people--inlcuding a soon-to-be-famous theater director who used to waitress there!","['food', 'staff']","['Food', 'Service']","['negative', 'neutral']","[None, None]","[False, False]",2,False,True
mams_train_02058,mams,train,"I liked the overall setting A LOT and it was only improved by the fact that our waiter was pleasant and attentive even though we only ordered entrees (no drinks, no appetizers, no coffee).","['ambience', 'staff', 'food']","['Ambience', 'Service', 'Food']","['positive', 'positive', 'neutral']","[None, None, None]","[False, False, False]",3,False,True
mams_train_02059,mams,train,However service was quite slow for a lunch hour.,"['service', 'food']","['Service', 'Food']","['negative', 'neutral']","[None, None]","[False, False]",2,False,True
mams_train_02060,mams,train,The menu was much too narrow - 4 pastas and 6 meat dishes or so.,"['menu', 'food']","['General', 'Food']","['positive', 'neutral']","[None, None]","[False, False]",2,False,True
mams_train_02061,mams,train,"(We did make reservations, since we had a group of 8, but had a short wait when arriving a little early.","['miscellaneous', 'service']","['General', 'Service']","['neutral', 'negative']","[None, None]","[False, False]",2,False,True
mams_train_02062,mams,train,"first of all, the hostess was not pleasant and had a bit of an attitude when seating us.","['staff', 'place']","['Service', 'General']","['negative', 'neutral']","[None, None]","[False, False]",2,False,True
mams_train_02063,mams,train,"We are laidback diners and as we've both waited tables, we tend to be forgiving of irregular service.","['price', 'place', 'service']","['Price', 'General', 'Service']","['neutral', 'neutral', 'negative']","[None, None, None]","[False, False, False]",3,False,True
mams_train_02064,mams,train,We only saw 2 - 3 boring appitizers on the menu and not a lot of choices of meat to select from.,"['food', 'menu']","['Food', 'General']","['negative', 'neutral']","[None, None]","[False, False]",2,False,True
mams_train_02065,mams,train,"It gets crazy busy like any other bar on the weekends, so don't go there on a busy night if your looking for a quiete dinner party or fine dining service.","['place', 'service']","['General', 'Service']","['neutral', 'positive']","[None, None]","[False, False]",2,False,True
mams_train_02066,mams,train,"The service may be a little slow (what can you expect in this laid back atmosphere), but a Sunday brunch is a rewarding experience.","['service', 'food']","['Service', 'Food']","['negative', 'positive']","[None, None]","[False, False]",2,False,True
mams_train_02067,mams,train,Get in before peak dinner time (7-8 PM) to avoid harried service.,"['food', 'service']","['Food', 'Service']","['neutral', 'negative']","[None, None]","[False, False]",2,False,True
mams_train_02068,mams,train,"The mussels and frits were great, but the host had an attitude and my friends and I waited about 1 1/2 hours to be seated on a random Tues.","['food', 'staff']","['Food', 'Service']","['positive', 'negative']","[None, None]","[False, False]",2,False,True
mams_train_02069,mams,train,"My date knew the waiters from years of dining here, so we were treated like royalty.","['staff', 'food', 'service']","['Service', 'Food', 'Service']","['positive', 'neutral', 'positive']","[None, None, None]","[False, False, False]",3,False,True
mams_train_02070,mams,train,"While the appetizers I sampled (gnocchi; shrimp wrapped in coconut or somesuch) were not so impressive (the gnocchi portion is meager and overpriced), my table was 100% satisfied with their entrees too.","['food', 'miscellaneous']","['Food', 'General']","['negative', 'positive']","[None, None]","[False, False]",2,False,True
mams_train_02071,mams,train,Were told we could not share one menu and called over the horrible manager.,"['menu', 'staff']","['General', 'Service']","['neutral', 'negative']","[None, None]","[False, False]",2,False,True
mams_train_02072,mams,train,"The bill came out to quite a lot though, considering there were 14 of us some of us ordered way too many drinks.","['price', 'food']","['Price', 'Food']","['neutral', 'positive']","[None, None]","[False, False]",2,False,True
mams_train_02073,mams,train,"Many Thais top off spicy dishes with a fried egg, but in many places it's not on the menu and when requested, I will either get charged $1.","['food', 'menu']","['Food', 'General']","['positive', 'neutral']","[None, None]","[False, False]",2,False,True
mams_train_02074,mams,train,"It had not been made fresh at the bar, but kept in the freezer till we ordered, they also forgot our soup, kept us waiting for the frozen sushi for close to an hour.","['place', 'food', 'service']","['General', 'Food', 'Service']","['neutral', 'negative', 'negative']","[None, None, None]","[False, False, False]",3,False,True
mams_train_02075,mams,train,The owners couldn't have been more accomodating -- we had the entire restaurant to ourselves on a Saturday (before it opens to the public for dinner).,"['staff', 'food']","['Service', 'Food']","['positive', 'neutral']","[None, None]","[False, False]",2,False,True
mams_train_02076,mams,train,"We would have left and gone to another restaurant but the host kept saying that a table was opening up in 5 minutes, people had just paid, etc - except when I went to check the table, they were ordering dessert.","['staff', 'food']","['Service', 'Food']","['negative', 'neutral']","[None, None]","[False, False]",2,False,True
mams_train_02077,mams,train,"Our waiter was pushing us all night to take our plates, and swiped my dessert before I was finised with it.","['staff', 'miscellaneous', 'food']","['Service', 'General', 'Food']","['negative', 'neutral', 'neutral']","[None, None, None]","[False, False, False]",3,False,True
mams_train_02078,mams,train,"Or better yet, if on a budget and want to do something romantic, stop at the bar for a drink and enjoy the sunset.","['place', 'miscellaneous']","['General', 'General']","['neutral', 'positive']","[None, None]","[False, False]",2,False,True
mams_train_02079,mams,train,"It is a nice diner atmosphere, they have booths all around and a couple of middle tables.","['ambience', 'place']","['Ambience', 'General']","['positive', 'neutral']","[None, None]","[False, False]",2,False,True
mams_train_02080,mams,train,The waitress had an ongoing diatribe with a waiter the whole time she served us-it was ALL BAD!!,"['staff', 'service']","['Service', 'Service']","['neutral', 'negative']","[None, None]","[False, False]",2,False,True
mams_train_02081,mams,train,"Food was good, but not worth the wait.","['food', 'service']","['Food', 'Service']","['positive', 'negative']","[None, None]","[False, False]",2,False,True
mams_train_02082,mams,train,The service was rather slow but our waiter was very pleasant and obliging.,"['service', 'staff']","['Service', 'Service']","['negative', 'positive']","[None, None]","[False, False]",2,False,True
mams_train_02083,mams,train,"Didn't like having to flag down waiters for drinks, nor having to wait almost 15 minutes for a check after asking two servers.","['staff', 'food']","['Service', 'Food']","['negative', 'neutral']","[None, None]","[False, False]",2,False,True
mams_train_02084,mams,train,"I don't usually go there over the weekends or during prime dinner hours--but for a weekday dinner it's great, and I've never had any problems with crowds, waiting, or bad service.","['food', 'miscellaneous', 'service']","['Food', 'General', 'Service']","['neutral', 'neutral', 'negative']","[None, None, None]","[False, False, False]",3,False,True
mams_train_02085,mams,train,A+ for the food but the wait staffs need to educate themselves better.,"['food', 'staff']","['Food', 'Service']","['positive', 'negative']","[None, None]","[False, False]",2,False,True
mams_train_02086,mams,train,"The food was awful and took forever to arrive - which considering the limited menu, few diners and the fact that we ordered chili, mac cheese and a grill cheese was annoying.","['menu', 'price', 'food']","['General', 'Price', 'Food']","['negative', 'negative', 'neutral']","[None, None, None]","[False, False, False]",3,False,True
mams_train_02087,mams,train,"Finally got our food after waiting a long time for oysters, doesn't take that long to shuck 'em, the place isn't that big, and it was OK.","['food', 'miscellaneous']","['Food', 'General']","['neutral', 'negative']","[None, None]","[False, False]",2,False,True
mams_train_02088,mams,train,"After a crazy day @ work, with no reservation, we were so lucky to score a seat at the bar on an incredibly busy evening.","['miscellaneous', 'place']","['General', 'General']","['negative', 'neutral']","[None, None]","[False, False]",2,False,True
mams_train_02089,mams,train,"I also asked for a chef (thought that may be able to talk about the food for the party), but the waitress said that there was no chef at the restaurant.","['food', 'staff']","['Food', 'Service']","['neutral', 'negative']","[None, None]","[False, False]",2,False,True
mams_train_02090,mams,train,"Our waiter (who also seemed to be the manager) dropped red wine all over me the contents of my purse and all he did was apologize quickly, hand me some club soda and avoid me for the rest of the time I was there.","['staff', 'food']","['Service', 'Food']","['negative', 'neutral']","[None, None]","[False, False]",2,False,True
mams_train_02091,mams,train,"The place was so dark, I needed the table candle to read the menu and could not properly see what I was eating.","['place', 'miscellaneous', 'menu']","['General', 'General', 'General']","['negative', 'neutral', 'neutral']","[None, None, None]","[False, False, False]",3,False,True
mams_train_02092,mams,train,"People were leaving because they had been waiting for hours, however we decided to stay and have a complimentary drink at the bar which was absoloutely beautiful along with the view, the only plus.","['service', 'place']","['Service', 'General']","['negative', 'neutral']","[None, None]","[False, False]",2,False,True
mams_train_02093,mams,train,"Dining experience begins with cracked, filthy vinyl tile flooring tables so small close together that you couldn't move.","['food', 'miscellaneous']","['Food', 'General']","['neutral', 'negative']","[None, None]","[False, False]",2,False,True
mams_train_02094,mams,train,"*Food:Just about anything on the menu, however the sandwhiches are most popular and recommended.","['menu', 'food']","['General', 'Food']","['neutral', 'positive']","[None, None]","[False, False]",2,False,True
mams_train_02095,mams,train,"To be fair, I realize I was there for lunch and that the food is probbably better at dinner service when a full kitchen staff has arrived and prepped, but I doubt I'd return to find out with so many other options in the neighborhood i already trust.","['food', 'staff']","['Food', 'Service']","['neutral', 'positive']","[None, None]","[False, False]",2,False,True
mams_train_02096,mams,train,Food and Service of the same high quality elsewhere in NY would have been twice the cost.,"['food', 'price']","['Food', 'Price']","['positive', 'neutral']","[None, None]","[False, False]",2,False,True
mams_train_02097,mams,train,"Silky black bass with porcini mushrooms carries smoky, earthy and buttery overtones that somehow never overpower the fish, and whole-roasted baby pig includes belly meat, braised for 24 hours in five spice-ginger glaze, and yet the pork flavor is still fully present.","['food', 'miscellaneous']","['Food', 'General']","['positive', 'neutral']","[None, None]","[False, False]",2,False,True
mams_train_02098,mams,train,"Overall,it's a good place to have dinner and hang out if you do not mind waiting for food,weird music and rude manager.","['food', 'service', 'ambience']","['Food', 'Service', 'Ambience']","['neutral', 'neutral', 'negative']","[None, None, None]","[False, False, False]",3,False,True
mams_train_02099,mams,train,Went there for dinner last night w/ my boyfriend and a friend after work and got there around 7 so we were able to score seats in this tiny cramped space.,"['food', 'place']","['Food', 'General']","['neutral', 'negative']","[None, None]","[False, False]",2,False,True
mams_train_02100,mams,train,"The chips and salsa are good, but the meal is not worth the wait.","['food', 'service']","['Food', 'Service']","['negative', 'neutral']","[None, None]","[False, False]",2,False,True
mams_train_02101,mams,train,"There is NO waiting area - waiters, diners,and staff all converge in a tight space.","['staff', 'price', 'place']","['Service', 'Price', 'General']","['neutral', 'neutral', 'negative']","[None, None, None]","[False, False, False]",3,False,True
mams_train_02102,mams,train,The chefs and staff are welcoming and happy to make substitutions or tune the spice up or down to your requests.,"['staff', 'food']","['Service', 'Food']","['positive', 'neutral']","[None, None]","[False, False]",2,False,True
mams_train_02103,mams,train,"So I go into the bar, and I ask the (extremely hot) waitress, what's the soup of the day?","['place', 'staff']","['General', 'Service']","['neutral', 'positive']","[None, None]","[False, False]",2,False,True
mams_train_02104,mams,train,"The wait could be long because of the limited number of seats but it is worth it, especially if you leave your cell phone # with them and go off for a drink at any one fo the excellent bars nearby, like lokie, great lake, etc.","['service', 'food']","['Service', 'Food']","['negative', 'neutral']","[None, None]","[False, False]",2,False,True
mams_train_02105,mams,train,"When the manager came to our table at the end of the meal and asked how our experience was, I complained to him about the cold.","['staff', 'miscellaneous']","['Service', 'General']","['neutral', 'negative']","[None, None]","[False, False]",2,False,True
mams_train_02106,mams,train,The food took forever to come out from the kitchen.,"['food', 'place']","['Food', 'General']","['negative', 'neutral']","[None, None]","[False, False]",2,False,True
mams_train_02107,mams,train,"The meal arrived just as we were finishing the appetizers, each good portions.","['food', 'miscellaneous']","['Food', 'General']","['neutral', 'positive']","[None, None]","[False, False]",2,False,True
mams_train_02108,mams,train,Aperitif was the Casablanca; it was served carelessly with ice chunks large enough to sink the Titanic.,"['service', 'food']","['Service', 'Food']","['negative', 'neutral']","[None, None]","[False, False]",2,False,True
mams_train_02109,mams,train,both appetizer and main were poorly made by some random cooks the picked up from who knows where.,"['miscellaneous', 'staff']","['General', 'Service']","['negative', 'neutral']","[None, None]","[False, False]",2,False,True
mams_train_02110,mams,train,"While I liked the place, I'd never come back in a weekend night again, and with reservations.","['place', 'miscellaneous']","['General', 'General']","['positive', 'neutral']","[None, None]","[False, False]",2,False,True
mams_train_02111,mams,train,"The inattentive waiters never refilled our water glasses, never offered more drinks, our silverware was never replaced, and it took almost half an hour at times for them to clear our table after we finished a course.","['staff', 'food']","['Service', 'Food']","['negative', 'neutral']","[None, None]","[False, False]",2,False,True
mams_train_02112,mams,train,when the waitress finally took our order after being seated at the table for over 30 minutes only to wait another 45 minutes for food and when the food arrived the order was incomplete.,"['staff', 'miscellaneous']","['Service', 'General']","['negative', 'neutral']","[None, None]","[False, False]",2,False,True
mams_train_02113,mams,train,"The choices on the menu were very limited-discounting raw items, there were practically no appetizers The foie gras de canard was mediocre with a syrupy sauce.","['miscellaneous', 'menu', 'food']","['General', 'General', 'Food']","['negative', 'neutral', 'negative']","[None, None, None]","[False, False, False]",3,False,True
mams_train_02114,mams,train,"Lastly, the bartender didnt give me detailed bill, just my credit card receipt to sign.","['staff', 'price']","['Service', 'Price']","['negative', 'neutral']","[None, None]","[False, False]",2,False,True
mams_train_02115,mams,train,The Food The restaurant boasts an impressive raw bar and samplings from the bait menu a big draw.,"['food', 'place', 'menu']","['Food', 'General', 'General']","['neutral', 'positive', 'neutral']","[None, None, None]","[False, False, False]",3,False,True
mams_train_02116,mams,train,In the hour we waited for our food we had to remind our mentally challenged waitress 3times to bring our chipssalsa.,"['food', 'staff']","['Food', 'Service']","['neutral', 'negative']","[None, None]","[False, False]",2,False,True
mams_train_02117,mams,train,"The strong suit of this place is the decor, alas we was seated and served by some guy who looked like he was out of a seedy 70's porn movie and everything went downhill after.","['ambience', 'service']","['Ambience', 'Service']","['positive', 'neutral']","[None, None]","[False, False]",2,False,True
mams_train_02118,mams,train,"They did a great job on the decor but it seems that the food has gotten a bit less in the quality department, as well as in the portion size!","['ambience', 'food', 'miscellaneous']","['Ambience', 'Food', 'General']","['positive', 'negative', 'negative']","[None, None, None]","[False, False, False]",3,False,True
mams_train_02119,mams,train,"We decided to order soup (over $6 a bowl), thinking that would be quick, however our waitress then said the soup is OUT OF A CAN and still would be a 20 minute wait since the tickets are processed in order.","['miscellaneous', 'staff']","['General', 'Service']","['neutral', 'negative']","[None, None]","[False, False]",2,False,True
mams_train_02120,mams,train,"Waitress didn't know anything about the menu, but other than that I would recommend.","['staff', 'menu']","['Service', 'General']","['negative', 'neutral']","[None, None]","[False, False]",2,False,True
mams_train_02121,mams,train,"the service was somewhat spotty, but we were rewarded with free drinks and the waiters were all sweet and lovely, genuinely french-speaking but not snooty!","['service', 'food', 'staff']","['Service', 'Food', 'Service']","['negative', 'positive', 'positive']","[None, None, None]","[False, False, False]",3,False,True
mams_train_02122,mams,train,"The irony of it all is that I tried the fish and chips at a sports bar across the street the following week, 1/2 the price (w/ fries included), and the portion was bigger and much tastier.","['food', 'place', 'price', 'miscellaneous']","['Food', 'General', 'Price', 'General']","['neutral', 'neutral', 'neutral', 'positive']","[None, None, None, None]","[False, False, False, False]",4,False,True
mams_train_02123,mams,train,"brunch menu had nice variety to choose from, miniblueberrrymuffins better than some bakeries, included in their price mimosa/bloody mary's were nice.","['menu', 'price']","['General', 'Price']","['positive', 'neutral']","[None, None]","[False, False]",2,False,True
mams_train_02124,mams,train,The man working the door (red hair)-very funny and warming.,"['staff', 'miscellaneous']","['Service', 'General']","['positive', 'neutral']","[None, None]","[False, False]",2,False,True
mams_train_02125,mams,train,One of my friends told them it was my birthday and the staff relally surprised me when their came to me singing with the mexican hats and a dessert with a candle on it.,"['staff', 'miscellaneous']","['Service', 'General']","['positive', 'neutral']","[None, None]","[False, False]",2,False,True
mams_train_02126,mams,train,The spaghetti with ricotta cheese is hands down my favorite thing on the menu and I am big fan of the house wine.,"['food', 'menu']","['Food', 'General']","['positive', 'neutral']","[None, None]","[False, False]",2,False,True
mams_train_02127,mams,train,) I also noticed the table next to ours didn't enjoy her dish and they went above and beyond to try to make up for it.,"['miscellaneous', 'food']","['General', 'Food']","['neutral', 'positive']","[None, None]","[False, False]",2,False,True
mams_train_02128,mams,train,"The ambience is cool, and the cocktails might be worth coming by, but head somewhere else for dinner.","['ambience', 'food']","['Ambience', 'Food']","['positive', 'neutral']","[None, None]","[False, False]",2,False,True
mams_train_02129,mams,train,"After sitting without any beverages for about fifteen minutes, the manager got up and poured a glass of water for his smacking companion.","['food', 'staff']","['Food', 'Service']","['neutral', 'negative']","[None, None]","[False, False]",2,False,True
mams_train_02130,mams,train,PDiddy need a new staff you would have thought it was a bunch of old people cooking the food and waiting on us.,"['staff', 'food']","['Service', 'Food']","['negative', 'neutral']","[None, None]","[False, False]",2,False,True
mams_train_02131,mams,train,"We ended up having appetizers in the lounge, while listening to a really great DJ.","['place', 'staff']","['General', 'Service']","['neutral', 'positive']","[None, None]","[False, False]",2,False,True
mams_train_02132,mams,train,"No extra pickles, no AC, no ice water, slow service, the whole thing was just dissapointing.","['food', 'service']","['Food', 'Service']","['neutral', 'negative']","[None, None]","[False, False]",2,False,True
mams_train_02133,mams,train,"Keep in mind, no one else was even in the restaurant and we were asking the waitress questions about entree options.","['staff', 'miscellaneous']","['Service', 'General']","['negative', 'neutral']","[None, None]","[False, False]",2,False,True
mams_train_02134,mams,train,i went in one day asking for a table for a group and was greeted by a very rude hostess.,"['miscellaneous', 'staff']","['General', 'Service']","['neutral', 'negative']","[None, None]","[False, False]",2,False,True
mams_train_02135,mams,train,The waitress was kind and helpfull with the menu.,"['staff', 'menu']","['Service', 'General']","['positive', 'neutral']","[None, None]","[False, False]",2,False,True
mams_train_02136,mams,train,"Dishes feature intriguing names, and interesting combinations of fresh ingredients.","['food', 'ambience']","['Food', 'Ambience']","['neutral', 'positive']","[None, None]","[False, False]",2,False,True
mams_train_02137,mams,train,"The servers, casual in their striped button-downs, anticipate and fulfill needs as if they were trained as mind readers.","['staff', 'food']","['Service', 'Food']","['negative', 'neutral']","[None, None]","[False, False]",2,False,True
mams_train_02138,mams,train,The menu prices are a bit expensive for what you get in quality and portion size.,"['price', 'miscellaneous']","['Price', 'General']","['negative', 'neutral']","[None, None]","[False, False]",2,False,True
mams_train_02139,mams,train,Fortunately the hostess was nice enough to take our appetizers off the bill after we complained.,"['staff', 'food']","['Service', 'Food']","['positive', 'neutral']","[None, None]","[False, False]",2,False,True
mams_train_02140,mams,train,What it lacks in decor it more than makes up in the cuisine.,"['ambience', 'food']","['Ambience', 'Food']","['negative', 'positive']","[None, None]","[False, False]",2,False,True
mams_train_02141,mams,train,"It was not the mistake of the frozen lasagna, it was the icy service of the manager which has spoiled this restaurant for me.","['food', 'service', 'staff']","['Food', 'Service', 'Service']","['neutral', 'negative', 'negative']","[None, None, None]","[False, False, False]",3,False,True
mams_train_02142,mams,train,"Since it changed owners/chefs, the portions are smaller (I always used to ask for a doggie bag for my chic-parm), now I can finish and still be hungry even after appetizers (which aren't as good anymore).","['miscellaneous', 'food']","['General', 'Food']","['negative', 'neutral']","[None, None]","[False, False]",2,False,True
mams_train_02143,mams,train,"I was their for Saturday lunch, adn I think that there's a different dinner menu, but everything was great.","['food', 'menu']","['Food', 'General']","['neutral', 'positive']","[None, None]","[False, False]",2,False,True
mams_train_02144,mams,train,Greek Glasswine is still on menu along side good value bottle selections fromaround the world.,"['menu', 'food']","['General', 'Food']","['neutral', 'positive']","[None, None]","[False, False]",2,False,True
mams_train_02145,mams,train,"Though we had to wait about 45 minutes from our dinner reservation time, we were given breadsticks, olives and parmasean to nibble on while we waited, albeit in the very cramped bar area.","['food', 'place']","['Food', 'General']","['neutral', 'negative']","[None, None]","[False, False]",2,False,True
mams_train_02146,mams,train,"The manager (or someone very important that was able to be seated 1/2 hour before opening) sat in the corner, with a glass of wine, a date, and talked on his cell for about an hour, loudly, while the first arrivals were sent to the hotel tearoom next door.","['staff', 'place', 'food']","['Service', 'General', 'Food']","['negative', 'neutral', 'neutral']","[None, None, None]","[False, False, False]",3,False,True
mams_train_02147,mams,train,"We had to ask for bread after 45 minutes and even though our waiter was GREAT, he had to ask the stiff manager to comp us a round of drinks for waiting so long.","['staff', 'food', 'service']","['Service', 'Food', 'Service']","['positive', 'neutral', 'negative']","[None, None, None]","[False, False, False]",3,False,True
mams_train_02148,mams,train,"These are all new items on the menu the waiter told us, and they were delicious!","['menu', 'staff']","['General', 'Service']","['neutral', 'positive']","[None, None]","[False, False]",2,False,True
mams_train_02149,mams,train,"They offer a sushi bar with very fresh fish, and the side dishes are excellent.","['place', 'food']","['General', 'Food']","['neutral', 'positive']","[None, None]","[False, False]",2,False,True
mams_train_02150,mams,train,"you go all out with dress, tastes, and performance, and in the end its really about having a good time where you truly indulge yoursef in good vodka, compnay, music, and food.","['miscellaneous', 'food', 'ambience']","['General', 'Food', 'Ambience']","['neutral', 'positive', 'neutral']","[None, None, None]","[False, False, False]",3,False,True
mams_train_02151,mams,train,There's even a nice menu of savory items served during late lunch and dinner hours.,"['food', 'miscellaneous']","['Food', 'General']","['positive', 'neutral']","[None, None]","[False, False]",2,False,True
mams_train_02152,mams,train,The only reason they seem to taste so good is because the food is well decorated with its super small portion.,"['food', 'miscellaneous']","['Food', 'General']","['positive', 'negative']","[None, None]","[False, False]",2,False,True
mams_train_02153,mams,train,"The wait time for food can be long, so don't dine here if you're in a hurry.","['service', 'food']","['Service', 'Food']","['negative', 'neutral']","[None, None]","[False, False]",2,False,True
mams_train_02154,mams,train,"On another occasion, this same gentleman brought bottled water for our entire party [4] on the house again, when we missed our cab and asked to wait inside.","['staff', 'food']","['Service', 'Food']","['negative', 'neutral']","[None, None]","[False, False]",2,False,True
mams_train_02155,mams,train,The only thing whihc i (and my partner) never heard before was: the waitress mentioned the price of the specials (?,"['staff', 'price', 'food']","['Service', 'Price', 'Food']","['negative', 'neutral', 'neutral']","[None, None, None]","[False, False, False]",3,False,True
mams_train_02156,mams,train,"I live around the corner and I miss the unpretentious and always lovely, Irving on Irving, that used to occupy this space where you didn't need a reservation three weeks in advance to eat dinner after 5:30 and before 11 pm.","['place', 'miscellaneous', 'food']","['General', 'General', 'Food']","['positive', 'neutral', 'neutral']","[None, None, None]","[False, False, False]",3,False,True
mams_train_02157,mams,train,The waitress did try to get the manager to at least give us the Sangria on the house but the manager refused.,"['staff', 'food']","['Service', 'Food']","['negative', 'neutral']","[None, None]","[False, False]",2,False,True
mams_train_02158,mams,train,"One friend's pizza arrived about 15 minutes before the rest of our meals (the remainder of our entrees did not even arrive at the same time), and our waiter half-heartedly apologized for the delay while rolling his eyes.","['food', 'staff']","['Food', 'Service']","['neutral', 'positive']","[None, None]","[False, False]",2,False,True
mams_train_02159,mams,train,large portions so unless you are of large stature you should not get 2 appetizers.,"['miscellaneous', 'food']","['General', 'Food']","['positive', 'neutral']","[None, None]","[False, False]",2,False,True
mams_train_02160,mams,train,We asked for bread plates when the bread was brought to the table and the server's response was management has decided not to offer bread plates.,"['miscellaneous', 'staff']","['General', 'Service']","['neutral', 'negative']","[None, None]","[False, False]",2,False,True
mams_train_02161,mams,train,"First, the waiter brought us to a table where people were still finishing their coffee from their meal - he told them the restaurant was busy and they needed to finish now and to pay their bill inside.","['staff', 'food']","['Service', 'Food']","['negative', 'neutral']","[None, None]","[False, False]",2,False,True
mams_train_02162,mams,train,"If you can't tolerate slow service at a pizza place, then spend more money elsewhere.","['service', 'food']","['Service', 'Food']","['negative', 'neutral']","[None, None]","[False, False]",2,False,True
mams_train_02163,mams,train,"The Food This Cajun-Italian menu is lengthier than its Manhattan counterparts--here, adventuresome diners can still design their own pies, but they can also feast on oversized plates of peel-and-eat old bay shrimp and cajun spaghetti with meatballs enlivened with andouille sausage.","['menu', 'price', 'miscellaneous', 'food']","['General', 'Price', 'General', 'Food']","['positive', 'positive', 'positive', 'neutral']","[None, None, None, None]","[False, False, False, False]",4,False,True
mams_train_02164,mams,train,"In Short It's a bakery, takeout place and cafe all in one, and thanks to dishes prepared using the same ingredients stocked at famed gourmet food emporium, Zabar's, prices and quality are upscale.","['place', 'food', 'ambience', 'price', 'miscellaneous']","['General', 'Food', 'Ambience', 'Price', 'General']","['neutral', 'positive', 'neutral', 'positive', 'positive']","[None, None, None, None, None]","[False, False, False, False, False]",5,False,True
mams_train_02165,mams,train,"And then he'll forget to bring your drink every time you order one, won't pay attention to your table of 8, will give you unwarranted attitude, and never be friendly or smile.","['food', 'service']","['Food', 'Service']","['neutral', 'negative']","[None, None]","[False, False]",2,False,True
mams_train_02166,mams,train,"complaints were shrugged off and service was slow, causing the dinner to go on for over 2 hours.","['service', 'food']","['Service', 'Food']","['negative', 'neutral']","[None, None]","[False, False]",2,False,True
mams_train_02167,mams,train,"' When I called the waitress on it, she said that they simply couldn't serve tap water.","['staff', 'food']","['Service', 'Food']","['negative', 'neutral']","[None, None]","[False, False]",2,False,True
mams_train_02168,mams,train,With all of the kitchen goof-ups (appetizer coming out before the entree and one entree coming out ten minutes before the other) you would think that the wait staff would have been more attentive.,"['food', 'staff']","['Food', 'Service']","['neutral', 'positive']","[None, None]","[False, False]",2,False,True
mams_train_02169,mams,train,"The decor was mediocre and honestly, I can get a better brunch at a Cracker Barrel restaurant.","['ambience', 'food']","['Ambience', 'Food']","['negative', 'positive']","[None, None]","[False, False]",2,False,True
mams_train_02170,mams,train,"Once seated, there was no waitress to give us our menus.","['service', 'staff', 'menu']","['Service', 'Service', 'General']","['neutral', 'negative', 'neutral']","[None, None, None]","[False, False, False]",3,False,True
mams_train_02171,mams,train,"We initially ordered a bottle of wine and the waitress though we may not like it, so she offered us a taste.","['staff', 'food']","['Service', 'Food']","['negative', 'neutral']","[None, None]","[False, False]",2,False,True
mams_train_02172,mams,train,"I go generally with one friend but on occasion have popped in with more, if a table is not possible, as they are booked solid every night, well, the food and service is just as over-the-top amazing at the bar or in the lounge as it is in the dining room.","['miscellaneous', 'service', 'place']","['General', 'Service', 'General']","['neutral', 'positive', 'neutral']","[None, None, None]","[False, False, False]",3,False,True
mams_train_02173,mams,train,"The food was certainly fine, although prices were high by any standard, with dinner for four being over $300 without drinks.","['price', 'food']","['Price', 'Food']","['negative', 'neutral']","[None, None]","[False, False]",2,False,True
mams_train_02174,mams,train,The cajun food is great but there is something for everyone on the menu and I have yet to be disappointed.,"['food', 'menu']","['Food', 'General']","['positive', 'neutral']","[None, None]","[False, False]",2,False,True
mams_train_02175,mams,train,The staff was accomodating towards our daughter and nice enough to check up on her after they served dinner (I was a little concerned about the spices and they suggested a dish).,"['staff', 'food']","['Service', 'Food']","['positive', 'neutral']","[None, None]","[False, False]",2,False,True
mams_train_02176,mams,train,The price is cheap - 5 dumplings for $1.,"['price', 'food']","['Price', 'Food']","['positive', 'neutral']","[None, None]","[False, False]",2,False,True
mams_train_02177,mams,train,"The portions were pretty small for the price, I thought, and I never got the coffee I ordered.","['miscellaneous', 'price', 'food']","['General', 'Price', 'Food']","['negative', 'neutral', 'negative']","[None, None, None]","[False, False, False]",3,False,True
mams_train_02178,mams,train,"She then sent over the owner, and his only recourse was to give us a free bottle of sparkling wine.","['staff', 'food']","['Service', 'Food']","['positive', 'neutral']","[None, None]","[False, False]",2,False,True
mams_train_02179,mams,train,While the decor is a bit bland--a white room with a few fake palm trees and thatched roof--the service is fast and friendly.,"['place', 'service']","['General', 'Service']","['neutral', 'positive']","[None, None]","[False, False]",2,False,True
mams_train_02180,mams,train,"Service during dinner was alright, but one's perception to a restaurant usually starts from the very beginning: the entrance.","['service', 'food']","['Service', 'Food']","['positive', 'neutral']","[None, None]","[False, False]",2,False,True
mams_train_02181,mams,train,The pancakes I ordered were nothing like the menu's description.,"['food', 'menu', 'miscellaneous']","['Food', 'General', 'General']","['negative', 'neutral', 'neutral']","[None, None, None]","[False, False, False]",3,False,True
mams_train_02182,mams,train,"I've had Gnocchi from the Bronx to Coney Island and this place is, hands down, the best.","['food', 'place']","['Food', 'General']","['neutral', 'positive']","[None, None]","[False, False]",2,False,True
mams_train_02183,mams,train,"I went to Joy hoping to find some great Indian, but unfotunately found curry that was no better than average.","['miscellaneous', 'food']","['General', 'Food']","['positive', 'negative']","[None, None]","[False, False]",2,False,True
mams_train_02184,mams,train,"The food, congeniality, and service have all deteriorated overf the past few years and so the wait is not worth it.","['food', 'service']","['Food', 'Service']","['positive', 'negative']","[None, None]","[False, False]",2,False,True
mams_train_02185,mams,train,"I was not allowed to transfer my credit card to the table, and was treated disgracefully while the hostess waited for the bar to sign off my card.","['staff', 'place']","['Service', 'General']","['negative', 'neutral']","[None, None]","[False, False]",2,False,True
mams_train_02186,mams,train,"When our first order came, they forgot the torro (which we later learned it was finished for the night.","['food', 'miscellaneous']","['Food', 'General']","['negative', 'neutral']","[None, None]","[False, False]",2,False,True
mams_train_02187,mams,train,"service, one would be overpaying for the experience and for the food.","['service', 'food']","['Service', 'Food']","['positive', 'neutral']","[None, None]","[False, False]",2,False,True
mams_train_02188,mams,train,(try the Queso Fundido and fire) Upstairs there is a dining room which is decorated with brightly colored mexican theme.,"['food', 'place', 'ambience']","['Food', 'General', 'Ambience']","['neutral', 'neutral', 'positive']","[None, None, None]","[False, False, False]",3,False,True
mams_train_02189,mams,train,I don't remember the dessert item but when it was brought out flashing lights overhead threw colored beams on the walls and a young waiter came over to our table and did a little dance that was Bollywood MTV for the East Village set.,"['food', 'staff', 'miscellaneous']","['Food', 'Service', 'General']","['neutral', 'negative', 'negative']","[None, None, None]","[False, False, False]",3,False,True
mams_train_02190,mams,train,They've also got a huge salad/sushi/appetizer bar that you won't even get to if you're eating the meat.,"['place', 'food']","['General', 'Food']","['positive', 'neutral']","[None, None]","[False, False]",2,False,True
mams_train_02191,mams,train,"The first time I went, and was completely taken by the live jazz band and atmosphere, I ordered the Lobster Cobb Salad.","['ambience', 'food']","['Ambience', 'Food']","['positive', 'neutral']","[None, None]","[False, False]",2,False,True
mams_train_02192,mams,train,"The fact that the resteraunt staff couldn't even keep a reservation straight, not to mention that after screwing up, they told us to go scratch and made us wait almost 2 hours.","['staff', 'miscellaneous']","['Service', 'General']","['negative', 'neutral']","[None, None]","[False, False]",2,False,True
mams_train_02193,mams,train,One waitress was downright rude when we asked for the check.,"['staff', 'price']","['Service', 'Price']","['negative', 'neutral']","[None, None]","[False, False]",2,False,True
mams_train_02194,mams,train,"Drinks took a while, and after a few rounds pf the we're sorry, we don't have this bottle sir routine.","['food', 'miscellaneous']","['Food', 'General']","['neutral', 'negative']","[None, None]","[False, False]",2,False,True
mams_train_02195,mams,train,"A waiter looked me in the eye and said we did not order wine, as if to infer we were making this up.","['staff', 'food']","['Service', 'Food']","['negative', 'neutral']","[None, None]","[False, False]",2,False,True
mams_train_02196,mams,train,"Moules were excellent, lobster ravioli was VERY salty!","['miscellaneous', 'food']","['General', 'Food']","['positive', 'negative']","[None, None]","[False, False]",2,False,True
mams_train_02197,mams,train,"I am not good with using chopsticks and asked for a fork, instead the owner insisted that I try using a chopstick an made me an easy-to-use chop stick right there on the spot!","['miscellaneous', 'staff']","['General', 'Service']","['neutral', 'positive']","[None, None]","[False, False]",2,False,True
mams_train_02198,mams,train,"When the bill came, both appetizers were charged even though we had one bite of the first and it should not have served competely overcooked.","['price', 'food', 'service']","['Price', 'Food', 'Service']","['neutral', 'neutral', 'negative']","[None, None, None]","[False, False, False]",3,False,True
mams_train_02199,mams,train,Basic facts: sub-par limited menu; poorly made drinks; random crowd; and a waitress (although entertaining) that was doing shots behind the bar.,"['staff', 'place']","['Service', 'General']","['negative', 'neutral']","[None, None]","[False, False]",2,False,True
mams_train_02200,mams,train,The store has a great atmosphere amd amazing staff who are always there to help if its a cup of coffee or a nice chat.,"['ambience', 'staff', 'food']","['Ambience', 'Service', 'Food']","['positive', 'positive', 'neutral']","[None, None, None]","[False, False, False]",3,False,True
mams_train_02201,mams,train,"The Scene The main dining room of this boisterous Carnegie Hall restaurant, dubbed the New York Room, is a cavernous space with high ceilings and sweeping glass windows.","['miscellaneous', 'place']","['General', 'General']","['neutral', 'positive']","[None, None]","[False, False]",2,False,True
mams_train_02202,mams,train,"The only drawback was slow service, but the food and ambience are so nice that your wait is A) pleasant and B) worth it.","['service', 'food', 'ambience']","['Service', 'Food', 'Ambience']","['negative', 'positive', 'positive']","[None, None, None]","[False, False, False]",3,False,True
mams_train_02203,mams,train,"It's interesting but after eating dinner here once the only thing I remember is that the bar was nice, drinks expensive and food was only average.","['place', 'food']","['General', 'Food']","['positive', 'negative']","[None, None]","[False, False]",2,False,True
mams_train_02204,mams,train,however the dessert porportions somehow ballooned to regular conventional sizes.,"['food', 'miscellaneous']","['Food', 'General']","['neutral', 'negative']","[None, None]","[False, False]",2,False,True
mams_train_02205,mams,train,I went on a saturday and the atmosphere was no more exciting than eating dinner at home.,"['ambience', 'food']","['Ambience', 'Food']","['negative', 'neutral']","[None, None]","[False, False]",2,False,True
mams_train_02206,mams,train,why go there to deal with staffs' attitude and eat bad food?,"['staff', 'service', 'food']","['Service', 'Service', 'Food']","['neutral', 'neutral', 'negative']","[None, None, None]","[False, False, False]",3,False,True
mams_train_02207,mams,train,"The only concern i have is with the slighly all-business waitstaff who order and throw the food down, rushing you out.","['staff', 'food']","['Service', 'Food']","['negative', 'neutral']","[None, None]","[False, False]",2,False,True
mams_train_02208,mams,train,"When my group complained to our waiter about a cake cutting fee that involved no cutting, the manager came over to the table and basically told us that it was our fault for not knowing that their policy was just to serve the plates, not to cut.","['staff', 'food', 'miscellaneous']","['Service', 'Food', 'General']","['negative', 'neutral', 'neutral']","[None, None, None]","[False, False, False]",3,False,True
mams_train_02209,mams,train,"They don't offer recommendations, take a long time with drink orders, don't check back after serving the entree, and plan on waiting a long time for the check.","['service', 'food']","['Service', 'Food']","['negative', 'neutral']","[None, None]","[False, False]",2,False,True
mams_train_02210,mams,train,"Diners sit around large tables where chefs ostentatiously chop, slice, stir-fry and grill.","['staff', 'price']","['Service', 'Price']","['negative', 'neutral']","[None, None]","[False, False]",2,False,True
mams_train_02211,mams,train,"Interestingly, cost only becomes truly apparent when dinner is over, as there is no menu before that presented for deserts.","['price', 'food']","['Price', 'Food']","['negative', 'neutral']","[None, None]","[False, False]",2,False,True
mams_train_02212,mams,train,The menu was nothing special (I had to switch my entree choices several times because the server told me that the portion is really REALLY small!),"['menu', 'staff']","['General', 'Service']","['neutral', 'negative']","[None, None]","[False, False]",2,False,True
mams_train_02213,mams,train,I had to wait quite a while to get my food and the waitress almost knocked me in the head with her tray.,"['food', 'staff']","['Food', 'Service']","['neutral', 'negative']","[None, None]","[False, False]",2,False,True
mams_train_02214,mams,train,"For a menu in a similar price range with some similar items, but mostly unique entrees, try the less formal Toast 13 or so blocks north on the same side of Broadway.","['price', 'food']","['Price', 'Food']","['neutral', 'positive']","[None, None]","[False, False]",2,False,True
mams_train_02215,mams,train,We waited about 10 minutes for a table and enjoyed peanuts and cocktails at the bar (drinks are $3.,"['miscellaneous', 'food', 'place']","['General', 'Food', 'General']","['neutral', 'positive', 'neutral']","[None, None, None]","[False, False, False]",3,False,True
mams_train_02216,mams,train,I even had a waiter who was carrying a tray of beers actually TELL me to get out of the way as I was making my way towards the door.,"['staff', 'food']","['Service', 'Food']","['negative', 'neutral']","[None, None]","[False, False]",2,False,True
mams_train_02217,mams,train,The menu is pricey and the food was not tasty - except for the tostones with garlic and oil.,"['menu', 'food']","['General', 'Food']","['negative', 'positive']","[None, None]","[False, False]",2,False,True
mams_train_02218,mams,train,"the place had open doors and windows and a very relaxed, candle-lit type of atmosphere.","['place', 'miscellaneous', 'ambience']","['General', 'General', 'Ambience']","['positive', 'neutral', 'positive']","[None, None, None]","[False, False, False]",3,False,True
mams_train_02219,mams,train,"Beyond the green awning and floor-to-ceiling windows, sophisticated (and often European) patrons drink wine from the bar in back and dine on French fare like nicoise salad, foie gras, and steak tartare at tightly packed tables.","['food', 'place']","['Food', 'General']","['neutral', 'negative']","[None, None]","[False, False]",2,False,True
mams_train_02220,mams,train,Coffee served without sugar/milk and took more than 10 min to catch the waiter to ask for it.,"['service', 'staff']","['Service', 'Service']","['neutral', 'negative']","[None, None]","[False, False]",2,False,True
mams_train_02221,mams,train,"I had read good reviews about the value and food quality at this restaurant, so I was not surprised to see a decently priced menu (pasta under $10 and entrees approx $12 to $15).","['miscellaneous', 'food', 'menu']","['General', 'Food', 'General']","['neutral', 'neutral', 'positive']","[None, None, None]","[False, False, False]",3,False,True
mams_train_02222,mams,train,"The menu of upscale American fare is somewhat intimidating as there are almost too many choices, but our wonderful waiter Eric came to the rescue suggesting and describing specials as if he had just polished off dinner himself.","['menu', 'staff']","['General', 'Service']","['neutral', 'positive']","[None, None]","[False, False]",2,False,True
mams_train_02223,mams,train,The waiter simply comped off our appetizer and then stayed away for the rest of the night--we waited an additional twenty minutes after we were done eating for the check!,"['staff', 'price']","['Service', 'Price']","['negative', 'neutral']","[None, None]","[False, False]",2,False,True
mams_train_02224,mams,train,"I have tried to make reservations, but both times, the hostess didn't have my name.","['miscellaneous', 'staff']","['General', 'Service']","['neutral', 'negative']","[None, None]","[False, False]",2,False,True
mams_train_02225,mams,train,"Otoro tuna, gorgeously marbled with fat, is captivating; hamachi sashimi, topped by the chef with a whisper of sea salt and a barely-there squeeze of lemon, creates eye-rolling pleasure.","['food', 'staff', 'miscellaneous']","['Food', 'Service', 'General']","['positive', 'neutral', 'positive']","[None, None, None]","[False, False, False]",3,False,True
mams_train_02226,mams,train,"The place is huge, but it's always packed with people waiting to be seated because they made the mistake of not making a reservation!","['place', 'miscellaneous']","['General', 'General']","['positive', 'neutral']","[None, None]","[False, False]",2,False,True
mams_train_02227,mams,train,If you're not looking for a pretentious atmosphere and a restaurant that serves the best steak you've ever eaten.,"['ambience', 'food', 'place']","['Ambience', 'Food', 'General']","['positive', 'positive', 'neutral']","[None, None, None]","[False, False, False]",3,False,True
mams_train_02228,mams,train,It took about ten minutes to get out drink ordering after sitting down and once we recieved the bottle our waitress never once refilled our glasses!,"['miscellaneous', 'staff']","['General', 'Service']","['neutral', 'negative']","[None, None]","[False, False]",2,False,True
mams_train_02229,mams,train,"Save the $$ and go to to curry hill (just 2-3 blocks away) or spend the $$ at a midtown indian eatery  (Also: I commented to hostess prior to seating that there were a lot of tables empty when choosing my seat, and she snapped back that they had a lot of reservations coming in at one time.","['staff', 'place', 'miscellaneous']","['Service', 'General', 'General']","['neutral', 'negative', 'neutral']","[None, None, None]","[False, False, False]",3,False,True
mams_train_02230,mams,train,Upon entering Alta the bar and restaurant decor ironically misguide the patron.,"['place', 'ambience']","['General', 'Ambience']","['neutral', 'negative']","[None, None]","[False, False]",2,False,True
mams_train_02231,mams,train,"The waitress conveniently added in her tip into our bill, charged $10 for each margarita.","['staff', 'food']","['Service', 'Food']","['negative', 'neutral']","[None, None]","[False, False]",2,False,True
mams_train_02232,mams,train,The space is grand with a very high ceiling although it is one of those places that they keep so dark you are not really sure what you are eating anyway.,"['place', 'miscellaneous']","['General', 'General']","['positive', 'neutral']","[None, None]","[False, False]",2,False,True
mams_train_02233,mams,train,Waiters take your order and you don't get your food for at least 1 hour so you can prchase drinks.,"['staff', 'food']","['Service', 'Food']","['negative', 'neutral']","[None, None]","[False, False]",2,False,True
mams_train_02234,mams,train,waitstaff was more into pushing the sparkling water than give me a wine menu.,"['staff', 'food', 'menu']","['Service', 'Food', 'General']","['negative', 'neutral', 'neutral']","[None, None, None]","[False, False, False]",3,False,True
mams_train_02235,mams,train,"Beer selection is a bit slim, but seats are plentiful and there are several sports monitors placed about the bar.","['miscellaneous', 'place']","['General', 'General']","['negative', 'neutral']","[None, None]","[False, False]",2,False,True
mams_train_02236,mams,train,The place got really crowded around 8ish when I went right before Christmas so reservations might be necessary.,"['place', 'miscellaneous']","['General', 'General']","['negative', 'neutral']","[None, None]","[False, False]",2,False,True
mams_train_02237,mams,train,"We ordered 1/2 bottle of Gruner, 2 appetizers - foie gras and oysters, 2 entrees - steak and diver scallops, and 1 dessert, the pastry chef's favorite a mixture of crushed avocado, salt glazed caramel and lime sorbet (which really tasted like margarita infused guacamole, to try only if you're feeling wd-50 adventurous) for around $100.","['food', 'staff']","['Food', 'Service']","['neutral', 'positive']","[None, None]","[False, False]",2,False,True
mams_train_02238,mams,train,The waiter was very attentive and always kept the bread and drinks coming.,"['staff', 'food']","['Service', 'Food']","['positive', 'neutral']","[None, None]","[False, False]",2,False,True
mams_train_02239,mams,train,The drinkers beside us had fresh glasses of water brought on trays to replace the empties and a smiling waitress to cater to their every whim.,"['miscellaneous', 'food', 'staff']","['General', 'Food', 'Service']","['positive', 'neutral', 'positive']","[None, None, None]","[False, False, False]",3,False,True
mams_train_02240,mams,train,Never on the menu or in my inquiry to the waitress was the word garlic mentioned.,"['menu', 'staff']","['General', 'Service']","['neutral', 'negative']","[None, None]","[False, False]",2,False,True
mams_train_02241,mams,train,"Also, be wary of what time of the day you go; around dinnertime, the restaurant becomes a jungle of diners and hustling waitresses.","['price', 'staff']","['Price', 'Service']","['neutral', 'negative']","[None, None]","[False, False]",2,False,True
mams_train_02242,mams,train,"I went there recently with my boyfriend and not only did it take the waitress 20 minutes to acknowledge we were even there, 20 minutes to get us water and coffee and even MORE time to place our order and get food!","['staff', 'food']","['Service', 'Food']","['negative', 'neutral']","[None, None]","[False, False]",2,False,True
mams_train_02243,mams,train,The ingredients used are of a good quality and the taste is superb.,"['ambience', 'miscellaneous', 'food']","['Ambience', 'General', 'Food']","['neutral', 'positive', 'positive']","[None, None, None]","[False, False, False]",3,False,True
mams_train_02244,mams,train,"We are 30 plus year olds, very gainfully employed, were not being loud or obnoxious, there were other diners around us as well as a bunch of people at the bar and nobody seemed to have a problem with us except for this manager.","['place', 'staff']","['General', 'Service']","['neutral', 'negative']","[None, None]","[False, False]",2,False,True
mams_train_02245,mams,train,"we ordered simple salads, which were outrageous in price and def.","['food', 'price']","['Food', 'Price']","['neutral', 'positive']","[None, None]","[False, False]",2,False,True
mams_train_02246,mams,train,"Limited menu but for STEAK,,, and giant onion and tomato salad.","['menu', 'food']","['General', 'Food']","['negative', 'neutral']","[None, None]","[False, False]",2,False,True
mams_train_02247,mams,train,"In Short Many Murray Hill locals gladly overlook the dull green walls and fluorescent lighting for Jaiya's quick and affordable Thai cooking--if not, they take meals to go or get them delivered.","['miscellaneous', 'ambience', 'food']","['General', 'Ambience', 'Food']","['negative', 'negative', 'positive']","[None, None, None]","[False, False, False]",3,False,True
mams_train_02248,mams,train,"The service was non-existant, the manager spent all of his time at the bar.","['service', 'staff', 'place']","['Service', 'Service', 'General']","['negative', 'negative', 'neutral']","[None, None, None]","[False, False, False]",3,False,True
mams_train_02249,mams,train,(So long that it prevented me from increasing their sales by getting more possible drinks) If i just saw my one waiter the whole night I would have known who to talk too.,"['price', 'food', 'staff']","['Price', 'Food', 'Service']","['neutral', 'neutral', 'negative']","[None, None, None]","[False, False, False]",3,False,True
mams_train_02250,mams,train,"I went here for a fun dinner with friends - they do not take reservations during the week, but we were seated pretty swiftly for a Friday night, having had a delicious glass of Spanish wine at the bar.","['food', 'place']","['Food', 'General']","['positive', 'neutral']","[None, None]","[False, False]",2,False,True
mams_train_02251,mams,train,Wide range of dim sum and food.,"['miscellaneous', 'food']","['General', 'Food']","['positive', 'neutral']","[None, None]","[False, False]",2,False,True
mams_train_02252,mams,train,"The food is decent at best, and the ambience, well, it's a matter of opinion, some may consider it to be a sweet thing, I thought it was just annoying.","['food', 'ambience']","['Food', 'Ambience']","['positive', 'negative']","[None, None]","[False, False]",2,False,True
mams_train_02253,mams,train,Mojitos were good and prices werent bad but sides should be included in price as portions are tiny.,"['food', 'price', 'miscellaneous']","['Food', 'Price', 'General']","['positive', 'negative', 'negative']","[None, None, None]","[False, False, False]",3,False,True
mams_train_02254,mams,train,About a half hour wait with reservations.,"['service', 'miscellaneous']","['Service', 'General']","['negative', 'neutral']","[None, None]","[False, False]",2,False,True
mams_train_02255,mams,train,We stumbled onto this diamond in the rough after our dinner plans at Schiller's were thwarted by a 90 minute wait.,"['food', 'service']","['Food', 'Service']","['neutral', 'negative']","[None, None]","[False, False]",2,False,True
mams_train_02256,mams,train,"And when a waiter, in answer to a question by a diner, turns to another table and asks excuse me, do you know what this is?","['staff', 'place']","['Service', 'General']","['negative', 'neutral']","[None, None]","[False, False]",2,False,True
mams_train_02257,mams,train,"Party of 4 after a Sunday matinee, no reservation, seated promtply, but service was slow.","['miscellaneous', 'service']","['General', 'Service']","['neutral', 'negative']","[None, None]","[False, False]",2,False,True
mams_train_02258,mams,train,I go to Hing Won pretty often for lunch because it is close by and the prices are right.,"['food', 'price']","['Food', 'Price']","['neutral', 'positive']","[None, None]","[False, False]",2,False,True
mams_train_02259,mams,train,"Whether it is a weekend brunch, dinner, or just hanging at the bar for cocktails, we always have THE BEST TIME.","['place', 'miscellaneous']","['General', 'General']","['neutral', 'positive']","[None, None]","[False, False]",2,False,True
mams_train_02260,mams,train,"Although I usually go out mid-week for lunch, I now make it a habit to stop out Thursday or Friday evening to enjoy the live Jazz band.","['food', 'ambience']","['Food', 'Ambience']","['neutral', 'positive']","[None, None]","[False, False]",2,False,True
mams_train_02261,mams,train,Out waitress never came back to our table after taking our food orders.,"['staff', 'food']","['Service', 'Food']","['negative', 'neutral']","[None, None]","[False, False]",2,False,True
mams_train_02262,mams,train,"However, after speaking with the manager on the phone for about 15 minutes, the waitress said they couldn't give us any discount but would gladly give us a free pitcher of sangria.","['staff', 'food']","['Service', 'Food']","['negative', 'neutral']","[None, None]","[False, False]",2,False,True
mams_train_02263,mams,train,Our waiter suggested a fantastic Greek wine that was far less expensive then we were willing to spend.,"['staff', 'food']","['Service', 'Food']","['neutral', 'positive']","[None, None]","[False, False]",2,False,True
mams_train_02264,mams,train,"The service is disorganised, no one gave us a menu for 15 mins once we were seated, but after that it went smoothly enough but no where near the stella performance of many half as pretensious restaurants.","['service', 'menu']","['Service', 'General']","['negative', 'neutral']","[None, None]","[False, False]",2,False,True
mams_train_02265,mams,train,"The food and the value had been ok on our meal, and then after only a little more than an hour, the check was slipped onto the table for our large party, and a few minutes later, waiters began yelling at us to leave.","['food', 'miscellaneous', 'staff']","['Food', 'General', 'Service']","['positive', 'neutral', 'negative']","[None, None, None]","[False, False, False]",3,False,True
mams_train_02266,mams,train,"sam adams on tap, french fries served out of a brown paper bag and a burger cooked perfectly.","['miscellaneous', 'food']","['General', 'Food']","['neutral', 'positive']","[None, None]","[False, False]",2,False,True
mams_train_02267,mams,train,When asked to explain the hostess told us she would lose money by seating us instead of them.,"['staff', 'place']","['Service', 'General']","['negative', 'neutral']","[None, None]","[False, False]",2,False,True
mams_train_02268,mams,train,The prices are reasonable but they don't have a sushi lunch.,"['price', 'food']","['Price', 'Food']","['positive', 'negative']","[None, None]","[False, False]",2,False,True
mams_train_02269,mams,train,I asked one waitress if I could change tables and she didn't say no outright.,"['staff', 'place']","['Service', 'General']","['negative', 'neutral']","[None, None]","[False, False]",2,False,True
mams_train_02270,mams,train,"Food is okay for the price, however there is definitely better thai restaurants!!","['food', 'price']","['Food', 'Price']","['positive', 'neutral']","[None, None]","[False, False]",2,False,True
mams_train_02271,mams,train,The whole fish was excellent--not overcooked and served in a light tomato broth.,"['food', 'service']","['Food', 'Service']","['positive', 'neutral']","[None, None]","[False, False]",2,False,True
mams_train_02272,mams,train,"After we sat down and started ordering, the waiter informed us that they were really only into serving dinners.","['staff', 'food']","['Service', 'Food']","['negative', 'neutral']","[None, None]","[False, False]",2,False,True
mams_train_02273,mams,train,") Howver, we didn't expect to be bumped by waiters a few times during our dinner.","['staff', 'food']","['Service', 'Food']","['negative', 'neutral']","[None, None]","[False, False]",2,False,True
mams_train_02274,mams,train,"Sat at the bar and orderd a few appetizers, the humus and cheese plates along with some calamari - all very tasty.","['place', 'food']","['General', 'Food']","['neutral', 'positive']","[None, None]","[False, False]",2,False,True
mams_train_02275,mams,train,I realized that you dont have to wait hours and pay crazy prices for food.,"['price', 'food']","['Price', 'Food']","['negative', 'neutral']","[None, None]","[False, False]",2,False,True
mams_train_02276,mams,train,"On the other hand, the food was good but not awesome as had been described, furthermore I found the portions fairly small for this type of restaurant.","['food', 'miscellaneous']","['Food', 'General']","['positive', 'negative']","[None, None]","[False, False]",2,False,True
mams_train_02277,mams,train,After we finished our salad our waitress told us that they had run out of roast lamb and pastitichio.,"['food', 'staff']","['Food', 'Service']","['neutral', 'negative']","[None, None]","[False, False]",2,False,True
mams_train_02278,mams,train,"Upon finishing our meal that same waitress that ignored us, suddenly appeared at our table asking if we needed our check, we were finishing our coffee and drinks, yet she was blatantly trying to get us out so that the table could be turned over.","['staff', 'food']","['Service', 'Food']","['negative', 'neutral']","[None, None]","[False, False]",2,False,True
mams_train_02279,mams,train,"I'm also a big fan of the chicken pizza on their new bar menu (no bread - weird, huh?","['menu', 'food']","['General', 'Food']","['neutral', 'negative']","[None, None]","[False, False]",2,False,True
mams_train_02280,mams,train,"Although I didn't pay for the meal (and it's about $22 bucks a plate, way over my normal eating range), I have to say that it was better than any food I've ever had in little Italy, and there weren't any touristy elements to be found.","['miscellaneous', 'food']","['General', 'Food']","['negative', 'neutral']","[None, None]","[False, False]",2,False,True
mams_train_02281,mams,train,Too bad the food and service aren't nearly as nice as the decor.,"['food', 'service', 'ambience']","['Food', 'Service', 'Ambience']","['neutral', 'negative', 'positive']","[None, None, None]","[False, False, False]",3,False,True
mams_train_02282,mams,train,waitress brought different food.,"['staff', 'food']","['Service', 'Food']","['neutral', 'negative']","[None, None]","[False, False]",2,False,True
mams_train_02283,mams,train,"The ambience was all wrong, the bar opened into the main dining room causing the noise to flow into the room.","['ambience', 'place']","['Ambience', 'General']","['negative', 'neutral']","[None, None]","[False, False]",2,False,True
mams_train_02284,mams,train,"Bartender seemed cool, so maybe I'd go back for a drink.","['staff', 'food']","['Service', 'Food']","['positive', 'neutral']","[None, None]","[False, False]",2,False,True
mams_train_02285,mams,train,Our waiter recommended thZt we share a few of the appetizers; they were great.,"['staff', 'food']","['Service', 'Food']","['neutral', 'positive']","[None, None]","[False, False]",2,False,True
mams_train_02286,mams,train,"In all cases, service is slow but it's not the waiters fault.","['service', 'staff']","['Service', 'Service']","['negative', 'positive']","[None, None]","[False, False]",2,False,True
mams_train_02287,mams,train,"Horrible service, below average cuisine, asked to leave the table before finishing our wine, and forced to have our port at the bar.","['service', 'food', 'miscellaneous']","['Service', 'Food', 'General']","['negative', 'neutral', 'neutral']","[None, None, None]","[False, False, False]",3,False,True
mams_train_02288,mams,train,Each dish is carefully prepared and is a tribute to the ingredients being served.,"['food', 'ambience', 'service']","['Food', 'Ambience', 'Service']","['positive', 'neutral', 'neutral']","[None, None, None]","[False, False, False]",3,False,True
mams_train_02289,mams,train,We waited FOREVER for a table and when the appetizers arrived they were cold or frozen in the middle!,"['miscellaneous', 'food']","['General', 'Food']","['neutral', 'negative']","[None, None]","[False, False]",2,False,True
mams_train_02290,mams,train,"Let me count the problems: music so loud it hurt, sticky unclean tables, the waitress took a long time to take our order, and then didn't bring a glass for the beer.","['ambience', 'place', 'staff', 'miscellaneous', 'food']","['Ambience', 'General', 'Service', 'General', 'Food']","['negative', 'negative', 'negative', 'neutral', 'neutral']","[None, None, None, None, None]","[False, False, False, False, False]",5,False,True
mams_train_02291,mams,train,I have been back for several dinners and lunchs and especially like the terrace when weather permits.,"['food', 'miscellaneous']","['Food', 'General']","['neutral', 'positive']","[None, None]","[False, False]",2,False,True
mams_train_02292,mams,train,Best value is the sushi/sashimi lunch combo - get the large for double pieces on sushi!,"['miscellaneous', 'food']","['General', 'Food']","['positive', 'neutral']","[None, None]","[False, False]",2,False,True
mams_train_02293,mams,train,"Music was blasting (speakers located practically on top of every table), and we asked the waitress if they can turn it down.","['ambience', 'staff']","['Ambience', 'Service']","['negative', 'neutral']","[None, None]","[False, False]",2,False,True
mams_train_02294,mams,train,"My only quibbles are service - which was confused (we waited 10 minutes for menus), and the wine list, which is over-the-top expensive.","['service', 'menu', 'food']","['Service', 'General', 'Food']","['negative', 'neutral', 'negative']","[None, None, None]","[False, False, False]",3,False,True
mams_train_02295,mams,train,food is heaven  we were greeted by the hostess and sat down immediatly the space was very crowded and and we decided to order drinks promptly food can wait.,"['staff', 'food']","['Service', 'Food']","['positive', 'neutral']","[None, None]","[False, False]",2,False,True
mams_train_02296,mams,train,"With one drink each, apps, entrees, and three desserts (nothing great) the bill came to $200 for four.","['food', 'price']","['Food', 'Price']","['negative', 'neutral']","[None, None]","[False, False]",2,False,True
mams_train_02297,mams,train,Part of the charm is in the earnest service; part of it is the colorful clientele; but the real charm comes from what emerges from the kitchen.,"['service', 'food', 'place']","['Service', 'Food', 'General']","['positive', 'positive', 'neutral']","[None, None, None]","[False, False, False]",3,False,True
mams_train_02298,mams,train,the wait staff looks like were doing us a favor giving us service and two loud guys at the bar made my evening with my wife quiet miserable.,"['staff', 'service', 'place']","['Service', 'Service', 'General']","['negative', 'neutral', 'neutral']","[None, None, None]","[False, False, False]",3,False,True
mams_train_02299,mams,train,"The waitress encouraged to come for dinner and brunch, and I followed her recommandation.","['staff', 'food']","['Service', 'Food']","['positive', 'neutral']","[None, None]","[False, False]",2,False,True
mams_train_02300,mams,train,"Not being familiar with Vietnamese cuisine, we found the menu descriptions very helpful.","['food', 'menu']","['Food', 'General']","['neutral', 'positive']","[None, None]","[False, False]",2,False,True
mams_train_02301,mams,train,"i had the smallest martini, which the waiter spilled part of.","['food', 'staff']","['Food', 'Service']","['neutral', 'negative']","[None, None]","[False, False]",2,False,True
mams_train_02302,mams,train,"To sum it up, the steak is indeed the best out there, but the servers and especially the hosts are big time jerks.","['food', 'staff']","['Food', 'Service']","['positive', 'negative']","[None, None]","[False, False]",2,False,True
mams_train_02303,mams,train,"Patrons can choose to be seated in the front room with a little more activity and more of a bar feel or in one of the 2 back rooms which both offer slightly quieter, more relaxed environments.","['place', 'ambience']","['General', 'Ambience']","['neutral', 'positive']","[None, None]","[False, False]",2,False,True
mams_train_02304,mams,train,For dinner we decided to take our servers advice and order several items to share.,"['food', 'staff']","['Food', 'Service']","['neutral', 'positive']","[None, None]","[False, False]",2,False,True
mams_train_02305,mams,train,"He prepares the most authentic dishes, I guess that's why the bar is usually filled with Japanese.","['food', 'place']","['Food', 'General']","['positive', 'neutral']","[None, None]","[False, False]",2,False,True
mams_train_02306,mams,train,"The Scene Superfine is an easygoing, instantly appreciable neighborhood hangout that boasts a kitchen staff armed with serious cooking chops.","['miscellaneous', 'staff', 'food']","['General', 'Service', 'Food']","['positive', 'neutral', 'positive']","[None, None, None]","[False, False, False]",3,False,True
mams_train_02307,mams,train,We waited for 1 hour each time the waitress came over to our table.,"['staff', 'miscellaneous']","['Service', 'General']","['negative', 'neutral']","[None, None]","[False, False]",2,False,True
mams_train_02308,mams,train,"On my last visit we arrived around 9 on a Saturday, and although it wasn't crowded, the waitress acted like we were inconveniencing her, forgot bread, drinks, etc.","['staff', 'food']","['Service', 'Food']","['negative', 'neutral']","[None, None]","[False, False]",2,False,True
mams_train_02309,mams,train,"When we arrived, our table wasn't ready and we waited 30 minutes in the bar.","['miscellaneous', 'place']","['General', 'General']","['negative', 'neutral']","[None, None]","[False, False]",2,False,True
mams_train_02310,mams,train,"Our waiter snubbed us when we asked if there was dessert (there wasn't), and my meal would have been the same price had it not been restaurant week.","['staff', 'food', 'price']","['Service', 'Food', 'Price']","['negative', 'neutral', 'neutral']","[None, None, None]","[False, False, False]",3,False,True
mams_train_02311,mams,train,"Actually she want to eat sushi, but their staff reject to serve it.","['food', 'staff']","['Food', 'Service']","['neutral', 'negative']","[None, None]","[False, False]",2,False,True
mams_train_02312,mams,train,"26 seats also has the most reasonable prices in NYC, it is a true gem.","['miscellaneous', 'price']","['General', 'Price']","['neutral', 'positive']","[None, None]","[False, False]",2,False,True
mams_train_02313,mams,train,"For entrees, the Ground Lamb in Spicy Sauce (can't remember the name on the menu) was perfectly cooked and had just enough kick for the average person.","['food', 'menu']","['Food', 'General']","['positive', 'neutral']","[None, None]","[False, False]",2,False,True
mams_train_02314,mams,train,"The best tasting pizza by far, a long long wait for service but well worth it.","['food', 'service']","['Food', 'Service']","['positive', 'negative']","[None, None]","[False, False]",2,False,True
mams_train_02315,mams,train,"Tony's gone, sadly Ernie's passed on and now the waiters have corn rows and less finish to their chosen profession but it still maintains it's class and place as a brooklyn landmark.","['staff', 'food']","['Service', 'Food']","['negative', 'neutral']","[None, None]","[False, False]",2,False,True
mams_train_02316,mams,train,"The waitress took our menu away, without taking our food order!","['staff', 'menu', 'food']","['Service', 'General', 'Food']","['negative', 'neutral', 'neutral']","[None, None, None]","[False, False, False]",3,False,True
mams_train_02317,mams,train,We told the waitress a few more were coming and ordered drinks.,"['staff', 'food']","['Service', 'Food']","['negative', 'neutral']","[None, None]","[False, False]",2,False,True
mams_train_02318,mams,train,One time the waitress left in the middle of our dinner.,"['staff', 'food']","['Service', 'Food']","['negative', 'neutral']","[None, None]","[False, False]",2,False,True
mams_train_02319,mams,train,"There is no waiting area, so we had a crowd hovering over our table, this is just testament to how many people want to eat there.","['place', 'miscellaneous']","['General', 'General']","['negative', 'neutral']","[None, None]","[False, False]",2,False,True
mams_train_02320,mams,train,My dining experience with friends started off very badly - 40 minute wait WITH a reservation and having to repeatedly ask for bread and water - but ended on a better note.,"['food', 'service', 'miscellaneous']","['Food', 'Service', 'General']","['negative', 'neutral', 'neutral']","[None, None, None]","[False, False, False]",3,False,True
mams_train_02321,mams,train,We have been waiting for months for a 8pm reservation at this very average restaurant.,"['service', 'miscellaneous']","['Service', 'General']","['negative', 'neutral']","[None, None]","[False, False]",2,False,True
mams_train_02322,mams,train,"the best thing is the atmosphere, but even that is overshadowed by the lack of taste and originality in the food.","['ambience', 'food']","['Ambience', 'Food']","['positive', 'negative']","[None, None]","[False, False]",2,False,True
mams_train_02323,mams,train,I dined at Belleville and my meal was distrupted by the manager yelling at the wait staff in the middle of the dining room.,"['food', 'staff', 'place']","['Food', 'Service', 'General']","['neutral', 'negative', 'neutral']","[None, None, None]","[False, False, False]",3,False,True
mams_train_02324,mams,train,"For fun on the run, sip a mojito at the bar while a portrait of the Virgin Mary bizarrely watches over you.","['food', 'place']","['Food', 'General']","['positive', 'neutral']","[None, None]","[False, False]",2,False,True
mams_train_02325,mams,train,Seated by a moody hostess and presented a menu that included live food-samples.,"['staff', 'menu']","['Service', 'General']","['negative', 'neutral']","[None, None]","[False, False]",2,False,True
mams_train_02326,mams,train,"For the price and quality of the food we got, I would not dine here again.","['price', 'miscellaneous', 'food']","['Price', 'General', 'Food']","['negative', 'negative', 'neutral']","[None, None, None]","[False, False, False]",3,False,True
mams_train_02327,mams,train,"Our server didn't have the sommelier stop by when we were trying to decide on wines, he never brought the bread we requested and didn't crack a smile the whole evening until he saw that I was paying the tab when he suddenly became nicer.","['staff', 'food']","['Service', 'Food']","['negative', 'neutral']","[None, None]","[False, False]",2,False,True
mams_train_02328,mams,train,I like how the ambiance changes from the cafeteria style of lunch to a sit down dinner in romantic lighting.,"['ambience', 'miscellaneous', 'food']","['Ambience', 'General', 'Food']","['positive', 'neutral', 'neutral']","[None, None, None]","[False, False, False]",3,False,True
mams_train_02329,mams,train,"Mostly, this small restaurant offers eggs, hot sandwiches and traditional American platters.","['food', 'miscellaneous']","['Food', 'General']","['neutral', 'positive']","[None, None]","[False, False]",2,False,True
mams_train_02330,mams,train,"The Scene The bar's upbeat Latin music, colorful stools and cocktail napkins, and a fruity drink menu are the first confirmations that Agozar lives up to its translation: A good time.","['miscellaneous', 'place', 'food', 'menu']","['General', 'General', 'Food', 'General']","['neutral', 'neutral', 'positive', 'positive']","[None, None, None, None]","[False, False, False, False]",4,False,True
mams_train_02331,mams,train,The two vegetarian dishes on the menu were just an afterthought--why did they even bother?,"['food', 'menu']","['Food', 'General']","['neutral', 'positive']","[None, None]","[False, False]",2,False,True
mams_train_02332,mams,train,He was not accommodating at all and the handful of dishes I sampled that night failed to compare to anything you would find elsewhere in the city for less than half the price.,"['food', 'price']","['Food', 'Price']","['neutral', 'positive']","[None, None]","[False, False]",2,False,True
mams_train_02333,mams,train,"At first I was shocked by the price, but the excellent and friendly service from our waiter Jack was great and the duck salad was the best ever.","['price', 'service', 'staff', 'food']","['Price', 'Service', 'Service', 'Food']","['negative', 'positive', 'positive', 'positive']","[None, None, None, None]","[False, False, False, False]",4,False,True
mams_train_02334,mams,train,"The menu features such sumptuous fare as lobster ravioli in a light aurora sauce, double-cut grilled veal chop with an aromatic salsa verde, and octopus salad with steamed potato, red onions, and caper berries.","['menu', 'price', 'food']","['General', 'Price', 'Food']","['neutral', 'positive', 'neutral']","[None, None, None]","[False, False, False]",3,False,True
mams_train_02335,mams,train,At the end of the meal the manager stopped by and said dessert was on her.,"['food', 'staff']","['Food', 'Service']","['neutral', 'positive']","[None, None]","[False, False]",2,False,True
mams_train_02336,mams,train,Came here for a b-day and ended up waiting so long even for a reservation.,"['service', 'miscellaneous']","['Service', 'General']","['negative', 'neutral']","[None, None]","[False, False]",2,False,True
mams_train_02337,mams,train,"I would say that the atmosphere was nothing amazing, I didn't feel like the authenticity of the history of the place was nearly as prevelant as it could have been in the experience.","['ambience', 'place']","['Ambience', 'General']","['positive', 'neutral']","[None, None]","[False, False]",2,False,True
mams_train_02338,mams,train,Our server never bothered to inquire as to whether or not we wanted coffee.,"['staff', 'food']","['Service', 'Food']","['negative', 'neutral']","[None, None]","[False, False]",2,False,True
mams_train_02339,mams,train,The hostess finally seated us at a table for two when there were three of us in an empty restaurant.,"['staff', 'miscellaneous']","['Service', 'General']","['negative', 'neutral']","[None, None]","[False, False]",2,False,True
mams_train_02340,mams,train,i think friends coffee shop makes great food the service is great and they are very poilte i think that they should open more because there the best food store i ever ate from the food is addicting and you cant stop eating because it so delious.,"['food', 'service']","['Food', 'Service']","['neutral', 'positive']","[None, None]","[False, False]",2,False,True
mams_train_02341,mams,train,But Bobby Flay really steps up at Bar Americain--his passion and heart shine through the food.,"['place', 'food']","['General', 'Food']","['neutral', 'positive']","[None, None]","[False, False]",2,False,True
mams_train_02342,mams,train,"The ravioli was the better of the two, but the serving was tiny, and the skin a bit rubbery.","['food', 'service']","['Food', 'Service']","['positive', 'negative']","[None, None]","[False, False]",2,False,True
mams_train_02343,mams,train,"I didn't even have time to finish my single cocktail and the waiter didn't even ask if we wanted coffee but instead, gave us our check without us even requesting it.","['food', 'staff']","['Food', 'Service']","['neutral', 'negative']","[None, None]","[False, False]",2,False,True
mams_train_02344,mams,train,It was somewhere between our waiter not knowing what sushi came as part of the tasting platter and the copious amounts of wine that he spilt while trying to pour me a taste that I realized.,"['staff', 'food']","['Service', 'Food']","['negative', 'neutral']","[None, None]","[False, False]",2,False,True
mams_train_02345,mams,train,"But the karaoke downstairs is the real draw: You and your friends can sing yourself silly in absolute privacy, for nothing more than the cost of dinner and drinks.","['food', 'price']","['Food', 'Price']","['positive', 'neutral']","[None, None]","[False, False]",2,False,True
mams_train_02346,mams,train,"after booking reservations at Danube, only to show up and not have any tables available, the Danube somelier graciously called over to Bouley and got us a table for immediate seating.","['miscellaneous', 'place']","['General', 'General']","['neutral', 'negative']","[None, None]","[False, False]",2,False,True
mams_train_02347,mams,train,The owner and his sister make you feel like you've been invited over to their house for dinner.,"['staff', 'food']","['Service', 'Food']","['positive', 'neutral']","[None, None]","[False, False]",2,False,True
mams_train_02348,mams,train,"we all liked the brunch items we had but when we later asked if the chips were supposed to come with the meal, the waitress explained it away by saying sometimes they forget instead of apologizing and offering something extra.","['food', 'staff']","['Food', 'Service']","['positive', 'negative']","[None, None]","[False, False]",2,False,True
mams_train_02349,mams,train,In the winter they have the fireplaces working which immediately creates a cozy romantic feel.,"['place', 'miscellaneous']","['General', 'General']","['neutral', 'positive']","[None, None]","[False, False]",2,False,True
mams_train_02350,mams,train,The service was horrible- the 'manager' took my our order - did not write it down- and two of us were given the wrong apps and or entrees.,"['service', 'food']","['Service', 'Food']","['negative', 'neutral']","[None, None]","[False, False]",2,False,True
mams_train_02351,mams,train,On the menu says Free delivery (Minimun order $10) but I was charged a couple of dollars on both opportunities.,"['menu', 'service']","['General', 'Service']","['neutral', 'positive']","[None, None]","[False, False]",2,False,True
mams_train_02352,mams,train,"While the recently added outdoor seating was what drew me and my friend to the restaurant, the food, service and overall experience were what drove us out!","['place', 'service']","['General', 'Service']","['neutral', 'negative']","[None, None]","[False, False]",2,False,True
mams_train_02353,mams,train,"The next thing we know, the bartender comes over and says (and I quote verbatim), I already gave you two beers (which he hadn't).","['staff', 'food']","['Service', 'Food']","['negative', 'neutral']","[None, None]","[False, False]",2,False,True
mams_train_02354,mams,train,Call it a bar with weak but tasty sangria and leave it at that.,"['place', 'food']","['General', 'Food']","['neutral', 'positive']","[None, None]","[False, False]",2,False,True
mams_train_02355,mams,train,"We a menu that rearely changes,e xcept for one or two specials, the quality and care they put in thier food in evident.","['miscellaneous', 'service', 'food']","['General', 'Service', 'Food']","['positive', 'positive', 'neutral']","[None, None, None]","[False, False, False]",3,False,True
mams_train_02356,mams,train,"The simple menu focuses on standard pies and chicken-centric specialty pizzas--the Hawaiian BBQ, BBQ chicken, and bacon and chicken club--each topped with fresh ingredients like baby portobello mushrooms and roma tomatoes.","['menu', 'food']","['General', 'Food']","['neutral', 'positive']","[None, None]","[False, False]",2,False,True
mams_train_02357,mams,train,"After some good food and spotty service, my friends and I were surprised to get a bill that had a 20% tip included post-tax.","['service', 'price']","['Service', 'Price']","['positive', 'neutral']","[None, None]","[False, False]",2,False,True
mams_train_02358,mams,train,The food is simply remarkable as is the fiery female master sommelier!,"['food', 'staff']","['Food', 'Service']","['positive', 'neutral']","[None, None]","[False, False]",2,False,True
mams_train_02359,mams,train,"The waitress interrupted us halfway through our meal to say that if we wanted dessert we had to order it then, because the kitchen wanted to close.","['staff', 'food']","['Service', 'Food']","['negative', 'neutral']","[None, None]","[False, False]",2,False,True
mams_train_02360,mams,train,My friend and I enjoyed choosing from a very diverse menu of appetizers and entrees.,"['menu', 'food']","['General', 'Food']","['positive', 'neutral']","[None, None]","[False, False]",2,False,True
mams_train_02361,mams,train,The space was so fantastic that once we heard they were serving dinner we decided to go one night and try it out.,"['place', 'food']","['General', 'Food']","['positive', 'neutral']","[None, None]","[False, False]",2,False,True
mams_train_02362,mams,train,"The wait staff had good recommendations and when i broke a wine glass, they reacted in a way to put me out of my embarrassment quickly and even filled me a new glass of wine.","['staff', 'food']","['Service', 'Food']","['positive', 'neutral']","[None, None]","[False, False]",2,False,True
mams_train_02363,mams,train,"If you can get service, you might enjoy the surroundings- especially the upstairs lounge.","['service', 'place']","['Service', 'General']","['neutral', 'positive']","[None, None]","[False, False]",2,False,True
mams_train_02364,mams,train,Waiter brought white instead of red wine.,"['staff', 'food']","['Service', 'Food']","['negative', 'neutral']","[None, None]","[False, False]",2,False,True
mams_train_02365,mams,train,"After the wonderful anipasto tray came, it was 60 minutes before our plates were removed and dinner was brought.","['food', 'miscellaneous']","['Food', 'General']","['positive', 'neutral']","[None, None]","[False, False]",2,False,True
mams_train_02366,mams,train,An unpretentious sexy atmosphere lends itself to the above average wine-list and a menu that can stand-up to any other restaurant in NewYork City (or Paris).,"['ambience', 'menu']","['Ambience', 'General']","['positive', 'neutral']","[None, None]","[False, False]",2,False,True
mams_train_02367,mams,train,"I for one do not plan to go back, there are many other places in Manhattan that have just as good food if not better, at the same prices with much better service.","['food', 'price', 'service']","['Food', 'Price', 'Service']","['positive', 'neutral', 'positive']","[None, None, None]","[False, False, False]",3,False,True
mams_train_02368,mams,train,"The decor there is nothing special, though somehow the service manages to deal with the large crowds in an efficient, friendly manner.","['ambience', 'service']","['Ambience', 'Service']","['negative', 'positive']","[None, None]","[False, False]",2,False,True
mams_train_02369,mams,train,"I've since been back for a regular dining night out, it was packed and I should have made a reservation (the wait was a little long).","['food', 'miscellaneous', 'service']","['Food', 'General', 'Service']","['neutral', 'neutral', 'negative']","[None, None, None]","[False, False, False]",3,False,True
mams_train_02370,mams,train,"one of us still had wine, so the others tried to order dessert drinks, but the owner told us no because there were people waiting and the waiter said if he served us more he would be fired.","['food', 'staff', 'service']","['Food', 'Service', 'Service']","['neutral', 'negative', 'neutral']","[None, None, None]","[False, False, False]",3,False,True
mams_train_02371,mams,train,"When we sat, our dinner was delivered promplty (Like FAST) and we had plenty of time to make The Goat, which by the way I also recommend highly (Great Show!","['food', 'miscellaneous']","['Food', 'General']","['positive', 'neutral']","[None, None]","[False, False]",2,False,True
mams_train_02372,mams,train,you may have to wait a bit for service but you will not be disappointed with the food.,"['service', 'food']","['Service', 'Food']","['negative', 'positive']","[None, None]","[False, False]",2,False,True
mams_train_02373,mams,train,"The fondue was good, but not worth the very expensive price tag.","['food', 'price']","['Food', 'Price']","['positive', 'negative']","[None, None]","[False, False]",2,False,True
mams_train_02374,mams,train,"We were hassled about seating by our waiter who seemed at the end of his pony-tail, so we opted for the bar, quaintly decorated with giant fly strips.","['staff', 'place']","['Service', 'General']","['negative', 'neutral']","[None, None]","[False, False]",2,False,True
mams_train_02375,mams,train,"When we first walked in, we saw other diners wiping their plates with bread- so we though that the food was good -but we very soon realized that the portions really were so small that you really have to lick your plate clean - afterall, their dinners costs a fortune.","['food', 'miscellaneous']","['Food', 'General']","['positive', 'negative']","[None, None]","[False, False]",2,False,True
mams_train_02376,mams,train,"When our turn came to get in, we were told that the place was full due to the Labor Day weekend and we could not get inside unless we bought a 200$ bottle of vodka.","['place', 'food']","['General', 'Food']","['negative', 'neutral']","[None, None]","[False, False]",2,False,True
mams_train_02377,mams,train,"South American additions to the menu, like perfectly fried green plantains and garlicky pork, are uniformly successful.","['menu', 'food']","['General', 'Food']","['neutral', 'positive']","[None, None]","[False, False]",2,False,True
mams_train_02378,mams,train,The waiter did not take a drink order from us.,"['staff', 'food']","['Service', 'Food']","['negative', 'neutral']","[None, None]","[False, False]",2,False,True
mams_train_02379,mams,train,"I went there about three times, one for dinner on a sunday evening which is a salsa night after dinning, the service was slow and a bit rude, the plates average some shrimp octopus and empanadas.","['food', 'service']","['Food', 'Service']","['neutral', 'negative']","[None, None]","[False, False]",2,False,True
mams_train_02380,mams,train,Get some drinks and listen to the free live music.,"['food', 'ambience']","['Food', 'Ambience']","['neutral', 'positive']","[None, None]","[False, False]",2,False,True
mams_train_02381,mams,train,I've been here several times for Sunday brunch now - (note: it helps if you're a late riser as I find the wait is always reasonable if you show up after 3pm).,"['food', 'service']","['Food', 'Service']","['neutral', 'positive']","[None, None]","[False, False]",2,False,True
mams_train_02382,mams,train,"hard to work a buzz with the server taking so long between every round, but worth trying the signature african rum cocktail and happily surprised they had our favorite white - sancerre by the glass at this japanese restaurant.","['staff', 'miscellaneous']","['Service', 'General']","['negative', 'neutral']","[None, None]","[False, False]",2,False,True
mams_train_02383,mams,train,Why would anyone ever go here when the same food (and menu) is double the price of Baba and Jaya in Chinatown.,"['food', 'menu', 'price']","['Food', 'General', 'Price']","['neutral', 'neutral', 'negative']","[None, None, None]","[False, False, False]",3,False,True
mams_train_02384,mams,train,"While we were trying to have dinner, all of the waiters spent their time playing with spilled milk at the counter, not paying any attention to the diners.","['food', 'staff', 'place']","['Food', 'Service', 'General']","['neutral', 'negative', 'neutral']","[None, None, None]","[False, False, False]",3,False,True
mams_train_02385,mams,train,After confronting the counter clerck he assured me the soups would stay warm as long as I wasn't walking 20 minutes to my destination.,"['place', 'food']","['General', 'Food']","['neutral', 'positive']","[None, None]","[False, False]",2,False,True
mams_train_02386,mams,train,(they should if you are willing to spend $400 on dinner) if the owner of this restaurant saw how the staff was acting he would fire ALL of them.,"['food', 'staff']","['Food', 'Service']","['neutral', 'negative']","[None, None]","[False, False]",2,False,True
mams_train_02387,mams,train,"Sushi is consistently fresh, service pleasant Sushi rice is a bit hard.","['service', 'food']","['Service', 'Food']","['positive', 'negative']","[None, None]","[False, False]",2,False,True
mams_train_02388,mams,train,"One example, I ordered an appetizer that was not prepared as the menu stated and had to argue with waitress to get it fixed.","['food', 'menu', 'staff']","['Food', 'General', 'Service']","['neutral', 'neutral', 'negative']","[None, None, None]","[False, False, False]",3,False,True
mams_train_02389,mams,train,We ask the waiter where's the chocolate?,"['staff', 'food']","['Service', 'Food']","['negative', 'neutral']","[None, None]","[False, False]",2,False,True
mams_train_02390,mams,train,"Usually you lose food quality the trendier you go, but not at this place.","['food', 'miscellaneous']","['Food', 'General']","['negative', 'neutral']","[None, None]","[False, False]",2,False,True
mams_train_02391,mams,train,The food was good but not worth the price.,"['food', 'price']","['Food', 'Price']","['positive', 'negative']","[None, None]","[False, False]",2,False,True
mams_train_02392,mams,train,"It is not a very stylish place, but we had some of the best Chinese food we ever had.","['place', 'food']","['General', 'Food']","['negative', 'positive']","[None, None]","[False, False]",2,False,True
mams_train_02393,mams,train,"Aged beef charred on the outside, red on the inside.","['food', 'miscellaneous']","['Food', 'General']","['negative', 'neutral']","[None, None]","[False, False]",2,False,True
mams_train_02394,mams,train,The bar had a hip DJ and the crowd was ultra chic.,"['place', 'staff', 'miscellaneous']","['General', 'Service', 'General']","['neutral', 'positive', 'positive']","[None, None, None]","[False, False, False]",3,False,True
mams_train_02395,mams,train,A cute restaurant and average food (with a small menu).,"['food', 'menu']","['Food', 'General']","['neutral', 'negative']","[None, None]","[False, False]",2,False,True
mams_train_02396,mams,train,The waiter never came by to check on us after the bus boy brought us our food.,"['staff', 'food']","['Service', 'Food']","['negative', 'neutral']","[None, None]","[False, False]",2,False,True
mams_train_02397,mams,train,"The waitstaff is nice, but is pushy and seemed irritated when we did not order an a la carte side vegetable (we already had a cheese plate, appetizers and ordered 2 entrees).","['food', 'staff']","['Food', 'Service']","['neutral', 'positive']","[None, None]","[False, False]",2,False,True
mams_train_02398,mams,train,Our waiter took our drink orders and never came back!,"['staff', 'food']","['Service', 'Food']","['negative', 'neutral']","[None, None]","[False, False]",2,False,True
mams_train_02399,mams,train,After a show we had surperb steaks and had cocktails at the bar.,"['food', 'place']","['Food', 'General']","['positive', 'neutral']","[None, None]","[False, False]",2,False,True
mams_train_02400,mams,train,The new server we had was surprisingly well-versed on the menu and gave really solid service.,"['staff', 'menu', 'service']","['Service', 'General', 'Service']","['positive', 'neutral', 'positive']","[None, None, None]","[False, False, False]",3,False,True
mams_train_02401,mams,train,"The menu was small, but the food delicious.","['menu', 'food']","['General', 'Food']","['negative', 'positive']","[None, None]","[False, False]",2,False,True
mams_train_02402,mams,train,the solitary waitress was friendly though i found her service a little slow.,"['staff', 'service']","['Service', 'Service']","['positive', 'negative']","[None, None]","[False, False]",2,False,True
mams_train_02403,mams,train,Our waiter didn't know the menu or the ingredients.,"['staff', 'menu', 'ambience']","['Service', 'General', 'Ambience']","['negative', 'neutral', 'neutral']","[None, None, None]","[False, False, False]",3,False,True
mams_train_02404,mams,train,Later in the evening after our meal we finally found the real owner behind the bar of the restaurant and explained to him the situation which he had been made aware of by the waitress.,"['food', 'staff', 'place']","['Food', 'Service', 'General']","['neutral', 'negative', 'neutral']","[None, None, None]","[False, False, False]",3,False,True
mams_train_02405,mams,train,"The bar was so crowded there was no point in ordering a drink, and when we were finally seated we got no service at all for 20 minutes.","['service', 'food']","['Service', 'Food']","['negative', 'neutral']","[None, None]","[False, False]",2,False,True
mams_train_02406,mams,train,"We politely asked our server for the regular menu, but were told that for large parties they could only offer us the banquet menu (would have gone elsewhere had we known).","['staff', 'menu']","['Service', 'General']","['negative', 'neutral']","[None, None]","[False, False]",2,False,True
mams_train_02407,mams,train,"The Scene Service bustles through the energetic, sprawling space with the precision of expert merengue dancers, and everyone else goes along with the flow suggested by the tall, curving ceilings.","['service', 'place']","['Service', 'General']","['neutral', 'positive']","[None, None]","[False, False]",2,False,True
mams_train_02408,mams,train,"The ambience is diner-like and the wait staff is rushed, but at these prices, I can't complain.","['ambience', 'staff', 'price']","['Ambience', 'Service', 'Price']","['positive', 'negative', 'positive']","[None, None, None]","[False, False, False]",3,False,True
mams_train_02409,mams,train,But the place is so great that patrons don't mind waiting outside rather than go to another restaurant which you can find at least 10 in short walking distance.,"['place', 'service']","['General', 'Service']","['positive', 'neutral']","[None, None]","[False, False]",2,False,True
mams_train_02410,mams,train,Then the menu is all in Italian well I don't speak Italian so it took forever for the waitress to translate.,"['menu', 'staff']","['General', 'Service']","['neutral', 'negative']","[None, None]","[False, False]",2,False,True
mams_train_02411,mams,train,"It's really great to go in here and be able to get a creative cheap drink (they have things like blueberry mohitos for $4), a $4 plate of veggie spring rolls, and be able to joke with the bartender.","['food', 'staff']","['Food', 'Service']","['positive', 'neutral']","[None, None]","[False, False]",2,False,True
mams_train_02412,mams,train,"After waiting for 90 minutes, the host gave away our table to a couple who arrived after us.","['service', 'staff', 'miscellaneous']","['Service', 'Service', 'General']","['negative', 'neutral', 'neutral']","[None, None, None]","[False, False, False]",3,False,True
mams_train_02413,mams,train,We started with some drinks on the front porch and then continued at our table with a bottle of delicious red wine.,"['miscellaneous', 'food']","['General', 'Food']","['neutral', 'positive']","[None, None]","[False, False]",2,False,True
mams_train_02414,mams,train,"They need to expand the menu some, and offer additional toppings for the pizza.","['menu', 'food']","['General', 'Food']","['neutral', 'positive']","[None, None]","[False, False]",2,False,True
mams_train_02415,mams,train,"Its two massive rooms are frequented predominantly by Greeks who chow down on traditional mezze--spinach pie, feta cheese and stuffed grape leaves--and entrees--kebabs, sandwiches and pasta dishes.","['place', 'food']","['General', 'Food']","['positive', 'neutral']","[None, None]","[False, False]",2,False,True
mams_train_02416,mams,train,"(They even let us bring our own cake for the event, which many restaurants may not allow you too) They food was good as I only sampled so I can't really comment.","['food', 'miscellaneous']","['Food', 'General']","['positive', 'neutral']","[None, None]","[False, False]",2,False,True
mams_train_02417,mams,train,"I asked the waiter about the vintages of the wines, to which he replied, I don't know, probably 2003/2004.","['staff', 'food']","['Service', 'Food']","['negative', 'neutral']","[None, None]","[False, False]",2,False,True
mams_train_02418,mams,train,"The filet was NOT on the menu, but my friend had the bouillabaisse, which he found delicious.","['menu', 'food']","['General', 'Food']","['neutral', 'positive']","[None, None]","[False, False]",2,False,True
mams_train_02419,mams,train,"We tried explaining nicely to them that we were just finishing up a drink, and after a brief, unprofessional discussion with the two waiters, they told us never to come back again.","['food', 'staff']","['Food', 'Service']","['neutral', 'negative']","[None, None]","[False, False]",2,False,True
mams_train_02420,mams,train,"A friend of mine and I bumped into this restaurant last week and it didn't look like any special place on the outside, but when we looked at the menu we decided to give it a try.","['place', 'menu']","['General', 'General']","['negative', 'neutral']","[None, None]","[False, False]",2,False,True
mams_train_02421,mams,train,"The desserts were both essentially the same, and the service was on the slow side.","['food', 'service']","['Food', 'Service']","['neutral', 'negative']","[None, None]","[False, False]",2,False,True
mams_train_02422,mams,train,"For Manhattanites like us that are used to pretentious attitudes and expensive tabs, this place is definitely a nice change from the rest of the meatpacking district.","['service', 'place']","['Service', 'General']","['negative', 'neutral']","[None, None]","[False, False]",2,False,True
mams_train_02423,mams,train,"Althought the menu is more expensive than your average Mexican restaurant, it is not more expensive than any other hip, increadibly well designed, bar scene and dining room in Manhattan -could be less in fact.","['menu', 'miscellaneous', 'place']","['General', 'General', 'General']","['neutral', 'positive', 'neutral']","[None, None, None]","[False, False, False]",3,False,True
mams_train_02424,mams,train,"Tried it again for brunch, when the service was worse.","['food', 'service']","['Food', 'Service']","['neutral', 'negative']","[None, None]","[False, False]",2,False,True
mams_train_02425,mams,train,The manager sent us a complimentary glass of wine for the steak not being cooked like he wanted.,"['staff', 'food']","['Service', 'Food']","['negative', 'neutral']","[None, None]","[False, False]",2,False,True
mams_train_02426,mams,train,"I guess if you order the chef's tasting menu, which is a seven course meal with an optional wine matching for $125pp then your tummy will be well satisfied.","['staff', 'menu']","['Service', 'General']","['neutral', 'positive']","[None, None]","[False, False]",2,False,True
mams_train_02427,mams,train,"It is expensice, but the portions are big and include a side, salad, nan and rice along with your main meal!","['miscellaneous', 'food']","['General', 'Food']","['positive', 'neutral']","[None, None]","[False, False]",2,False,True
mams_train_02428,mams,train,"We explained that we had left a standard 15% on food, and a slightly smaller percentage on alcohol (At least 10%).","['food', 'miscellaneous']","['Food', 'General']","['neutral', 'negative']","[None, None]","[False, False]",2,False,True
mams_train_02429,mams,train,"We weren't sure we'd even get a table,surprisingly the lovely hostess assured us she'd get us in if we gave her 15 minutes in the bar.","['miscellaneous', 'staff', 'place']","['General', 'Service', 'General']","['neutral', 'positive', 'neutral']","[None, None, None]","[False, False, False]",3,False,True
mams_train_02430,mams,train,If it's atmosphere you want go to the River Cafe under the bridges and pay an arm and a leg for hospital-type food.,"['ambience', 'food']","['Ambience', 'Food']","['neutral', 'negative']","[None, None]","[False, False]",2,False,True
mams_train_02431,mams,train,"Even with our reservation, they had us waiting at the bar for over an hour.","['miscellaneous', 'service', 'place']","['General', 'Service', 'General']","['neutral', 'negative', 'neutral']","[None, None, None]","[False, False, False]",3,False,True
mams_train_02432,mams,train,Perhaps it's early and they will improve but service is VERY slow - took a good 25min for waiter to take our order on both visits and the second time I was one of three tables at a 5:30pm reservation so not like it was busy.,"['service', 'staff', 'place', 'miscellaneous']","['Service', 'Service', 'General', 'General']","['negative', 'negative', 'neutral', 'neutral']","[None, None, None, None]","[False, False, False, False]",4,False,True
mams_train_02433,mams,train,The menu is limited so I opted for the jalapeno potato soup and a romaine salad.,"['menu', 'food']","['General', 'Food']","['negative', 'neutral']","[None, None]","[False, False]",2,False,True
mams_train_02434,mams,train,was yelling at the rest of the waitstaff audibly enough that I was able to follow his entire tirade from where I sat in the secondary dining room.,"['staff', 'place']","['Service', 'General']","['negative', 'neutral']","[None, None]","[False, False]",2,False,True
mams_train_02435,mams,train,Ive personally tried almost everything on the menu and been amazed at the quality and presentation.,"['menu', 'miscellaneous']","['General', 'General']","['neutral', 'positive']","[None, None]","[False, False]",2,False,True
mams_train_02436,mams,train,My friend was looking forward to her favorite dish on the menu had made reservations for the 14 of us a few weeks beforehand.,"['food', 'menu']","['Food', 'General']","['positive', 'neutral']","[None, None]","[False, False]",2,False,True
mams_train_02437,mams,train,"It's cheesy, great herbs,good bread and large slices But it's in a very dirty area, good for take out and bring it home kind of place.","['food', 'place']","['Food', 'General']","['positive', 'negative']","[None, None]","[False, False]",2,False,True
mams_train_02438,mams,train,"The downside is that perhaps due to rice's eclectic nature, the chef has trouble cooking any single type to perfection.","['food', 'staff']","['Food', 'Service']","['neutral', 'negative']","[None, None]","[False, False]",2,False,True
mams_train_02439,mams,train,"By the time you get to the table, it'll have been WELL worth the wait.","['miscellaneous', 'service']","['General', 'Service']","['neutral', 'positive']","[None, None]","[False, False]",2,False,True
mams_train_02440,mams,train,The steak is brought to the table soaked in grease.,"['food', 'miscellaneous']","['Food', 'General']","['negative', 'neutral']","[None, None]","[False, False]",2,False,True
mams_train_02441,mams,train,I lived next door and loved to go down for a drink at their uplit marble bar under the beautiful lighting or sit by the fireplace when the live band is not playing.,"['place', 'ambience']","['General', 'Ambience']","['neutral', 'positive']","[None, None]","[False, False]",2,False,True
mams_train_02442,mams,train,"As if the 2 hour wait wasn't bad enough, the host/manager was so busy flirting with attractive female customers, he didn't seem to notice we had been sitting at the bar and we ended up missing his call.","['staff', 'place']","['Service', 'General']","['negative', 'neutral']","[None, None]","[False, False]",2,False,True
mams_train_02443,mams,train,17 for a small cup of tea.,"['miscellaneous', 'food']","['General', 'Food']","['negative', 'neutral']","[None, None]","[False, False]",2,False,True
mams_train_02444,mams,train,"the kimchi and other sides were off, the rice had red bean mixed in, and the waitress gave us a double order of the bulgogi instead of two single orders of different meats.","['food', 'staff']","['Food', 'Service']","['neutral', 'negative']","[None, None]","[False, False]",2,False,True
mams_train_02445,mams,train,"After being seated took our waiter 10 mintues to get us a menu, 15 minutes to come back for our order, by the time we finally got our food it was almost 1 1/2 hour since getting there.","['staff', 'menu', 'food']","['Service', 'General', 'Food']","['negative', 'neutral', 'neutral']","[None, None, None]","[False, False, False]",3,False,True
mams_train_02446,mams,train,"After waiting forty minutes for our brunch, learned that the waitress had -- oops!","['food', 'staff']","['Food', 'Service']","['neutral', 'negative']","[None, None]","[False, False]",2,False,True
mams_train_02447,mams,train,"Teenie weenie overpriced appetizers were served at an agonizingly slow pace, one at a time 30 minutes between each.","['food', 'service']","['Food', 'Service']","['negative', 'neutral']","[None, None]","[False, False]",2,False,True
mams_train_02448,mams,train,the staff prefers to watch TV in the main dining room infront of their waiting customers then serve their customers.,"['staff', 'place']","['Service', 'General']","['negative', 'neutral']","[None, None]","[False, False]",2,False,True
mams_train_02449,mams,train,"Perhaps I chose the wrong place, not fully appreciating that another reviewer's remark that diners here won't be rushed could translate to my timely-arrived party having to wait 'til 9:50PM to be seated for a 9PM Saturday reservation.","['place', 'price']","['General', 'Price']","['negative', 'neutral']","[None, None]","[False, False]",2,False,True
mams_train_02450,mams,train,"), but our waiter was had a horrible attitude, couldn't remember to bring lemon for our water, or soy sauce for our sushi rolls, the food was wonderful, but unfortunately the service ruined our visit.","['staff', 'food']","['Service', 'Food']","['negative', 'positive']","[None, None]","[False, False]",2,False,True
mams_train_02451,mams,train,I have never tried anything else on the menu the burgers are so good.,"['menu', 'food']","['General', 'Food']","['neutral', 'positive']","[None, None]","[False, False]",2,False,True
mams_train_02452,mams,train,"I had one of the worst service experiences in memory having the prix fix brunch there--waving arms, calling, asking two or three times for everything from coffee to the check.","['service', 'food']","['Service', 'Food']","['negative', 'neutral']","[None, None]","[False, False]",2,False,True
mams_train_02453,mams,train,We wouldn't bother quibbling over the price of a few drinks anyway but I wonder why they would offer if they weren't intending to back it up.,"['price', 'food']","['Price', 'Food']","['negative', 'neutral']","[None, None]","[False, False]",2,False,True
mams_train_02454,mams,train,"Finally, the manager had the audacity to lock the doors, presumably to prevent us from skipping out on the bill, while one of our friends went to an ATM to get cash.","['staff', 'miscellaneous']","['Service', 'General']","['negative', 'neutral']","[None, None]","[False, False]",2,False,True
mams_train_02455,mams,train,And for families they have high chairs and waiters were really nice to my kid.,"['miscellaneous', 'staff']","['General', 'Service']","['neutral', 'positive']","[None, None]","[False, False]",2,False,True
mams_train_02456,mams,train,"The service sucks every time, but the food is usually tasty, even though the menu leans toward the boring and expected of French fare.","['service', 'food']","['Service', 'Food']","['negative', 'positive']","[None, None]","[False, False]",2,False,True
mams_train_02457,mams,train,"Then, we discovered that not ordering guacamole for your table is tantamount to asking the wait staff to roll their eyes at you and then ignore you during your entire meal (I had to eventually go to the front of the restaurant to ask for our check).","['food', 'staff']","['Food', 'Service']","['neutral', 'negative']","[None, None]","[False, False]",2,False,True
mams_train_02458,mams,train,"Their main chef Louie, makes the oddest specials you will ever see and the portions are quite large.","['staff', 'miscellaneous']","['Service', 'General']","['neutral', 'positive']","[None, None]","[False, False]",2,False,True
mams_train_02459,mams,train,"The wait staff were incredibly attentive, though as a warning, if you like wine, but also a little privacy, this might not be a good idea, since they have the tendency to hover a bit.","['staff', 'food', 'miscellaneous']","['Service', 'Food', 'General']","['positive', 'positive', 'neutral']","[None, None, None]","[False, False, False]",3,False,True
mams_train_02460,mams,train,"The waiter brought us the desert menu, and when we refused asked if we were really sure we didn't want anything.","['staff', 'menu']","['Service', 'General']","['negative', 'neutral']","[None, None]","[False, False]",2,False,True
mams_train_02461,mams,train,"The service was average - the waiter did not check in on our meals and did not even refill the water, but was a bit pushy on desert (we both ordered schnapps).","['service', 'staff', 'food']","['Service', 'Service', 'Food']","['negative', 'negative', 'neutral']","[None, None, None]","[False, False, False]",3,False,True
mams_train_02462,mams,train,"When we confronted the hostess, she told us that there were 3 of them and only 2 of us, and that the 3 women had a reservation at 8:30pm.","['staff', 'miscellaneous']","['Service', 'General']","['negative', 'neutral']","[None, None]","[False, False]",2,False,True
mams_train_02463,mams,train,"For appetizers, wine, dinner, desert, great convesation, expect to spend a couple of hours.","['food', 'miscellaneous']","['Food', 'General']","['neutral', 'positive']","[None, None]","[False, False]",2,False,True
mams_train_02464,mams,train,"They crumbed the table once, although it was solied the entire meal.","['miscellaneous', 'food']","['General', 'Food']","['neutral', 'negative']","[None, None]","[False, False]",2,False,True
mams_train_02465,mams,train,I tried the price fix and te waiter looked offended when I requested the price fix menu.,"['staff', 'menu']","['Service', 'General']","['negative', 'neutral']","[None, None]","[False, False]",2,False,True
mams_train_02466,mams,train,Service is wonderful- I've sat there for over 3 hours at dinner and never felt rushed to leave.,"['service', 'food']","['Service', 'Food']","['positive', 'neutral']","[None, None]","[False, False]",2,False,True
mams_train_02467,mams,train,But then there's the sluggish and absentminded service: twice someone tried to serve us something for another table and it took a long time to get our check.,"['service', 'miscellaneous']","['Service', 'General']","['negative', 'neutral']","[None, None]","[False, False]",2,False,True
mams_train_02468,mams,train,The waitress was not very responsive to requests and was slow to return with drinks.,"['staff', 'food']","['Service', 'Food']","['negative', 'neutral']","[None, None]","[False, False]",2,False,True
mams_train_02469,mams,train,"The staff is cool and friendly, and the place has been around since J.","['staff', 'place']","['Service', 'General']","['positive', 'neutral']","[None, None]","[False, False]",2,False,True
mams_train_02470,mams,train,The seafood is out of this world and priced accordingly.,"['food', 'miscellaneous']","['Food', 'General']","['positive', 'neutral']","[None, None]","[False, False]",2,False,True
mams_train_02471,mams,train,Most of the food has a vinegary flavor (I think because of the injera).,"['food', 'ambience']","['Food', 'Ambience']","['neutral', 'positive']","[None, None]","[False, False]",2,False,True
mams_train_02472,mams,train,"One of the managers offered us a seat at the bar to wait for a table, there we had the most amazing empanadas and red sangria.","['staff', 'miscellaneous', 'place', 'service', 'food']","['Service', 'General', 'General', 'Service', 'Food']","['neutral', 'neutral', 'neutral', 'neutral', 'positive']","[None, None, None, None, None]","[False, False, False, False, False]",5,False,True
mams_train_02473,mams,train,"The waiter ignored us for ten minutes, the restaurant was empty, got our drink orders wrong, got one main dish order wrong and the disappeared for another ten minutes before we could get the check.","['staff', 'food', 'price']","['Service', 'Food', 'Price']","['negative', 'negative', 'neutral']","[None, None, None]","[False, False, False]",3,False,True
mams_train_02474,mams,train,"While the design of the space and the atmosphere is quite enjoyable (with a great view of Union Square), the food has once again proved to be less than favorable and the service mediocre.","['place', 'ambience', 'food', 'service']","['General', 'Ambience', 'Food', 'Service']","['positive', 'positive', 'negative', 'negative']","[None, None, None, None]","[False, False, False, False]",4,False,True
mams_train_02475,mams,train,I think they just tried to get a little too creative with the menu and actually ended up losing flavor in some of the dishes.,"['menu', 'ambience', 'food']","['General', 'Ambience', 'Food']","['neutral', 'negative', 'neutral']","[None, None, None]","[False, False, False]",3,False,True
mams_train_02476,mams,train,We tried to place the order and the waiter had no clue what we wanted even though we pointed it out on the menu.,"['staff', 'menu']","['Service', 'General']","['negative', 'neutral']","[None, None]","[False, False]",2,False,True
mams_train_02477,mams,train,The restaurant didn't mind me sitting on their doorstep to the extent that the bartender invited me in for a drink.,"['staff', 'food']","['Service', 'Food']","['positive', 'neutral']","[None, None]","[False, False]",2,False,True
mams_train_02478,mams,train,"That said, I made sure to pay before we had coffee, so that the server was not waiting on us to pay; and I left a 30% tip, knowing we'd be there for a while.","['food', 'staff', 'service']","['Food', 'Service', 'Service']","['neutral', 'negative', 'negative']","[None, None, None]","[False, False, False]",3,False,True
mams_train_02479,mams,train,"The sevice and food were excelent, but at the bottom of the menu were the words, cash only.","['food', 'menu']","['Food', 'General']","['positive', 'negative']","[None, None]","[False, False]",2,False,True
mams_train_02480,mams,train,When the hostess finally appears she tells me that she can't seat us on the mostly empty patio because all the open tables are for dinner not drinks.,"['staff', 'place', 'miscellaneous', 'food']","['Service', 'General', 'General', 'Food']","['negative', 'neutral', 'neutral', 'neutral']","[None, None, None, None]","[False, False, False, False]",4,False,True
mams_train_02481,mams,train,"The menu, fortunately, matches the other locations, covering the basics of Ethiopian cooking, and includes sambosas, kifto (chopped beef often served raw), tibs (lamb sauteed with rosemary), and, of course, injera, the spongy bread that doubles as a utensil.","['menu', 'food']","['General', 'Food']","['neutral', 'positive']","[None, None]","[False, False]",2,False,True
mams_train_02482,mams,train,"If going for lunch, best to go by 12:30, even if getting take-out, the place is tiny and fills up quickly, both with people eating there, and standing waiting for take-out orders.","['food', 'place', 'service']","['Food', 'General', 'Service']","['neutral', 'positive', 'neutral']","[None, None, None]","[False, False, False]",3,False,True
mams_train_02483,mams,train,That was totally acceptable and we found some great seats at the bar.,"['miscellaneous', 'place']","['General', 'General']","['positive', 'neutral']","[None, None]","[False, False]",2,False,True
mams_train_02484,mams,train,"They were playing top 40 music the day I went which just didn't work with the whole theme, but they had the trippy sci-fi music playing in the bathroom, so it was almost right.","['ambience', 'place']","['Ambience', 'General']","['negative', 'neutral']","[None, None]","[False, False]",2,False,True
mams_train_02485,mams,train,"Come-as-you-are atmosphere, jukebox, value and James behind the bar work as a magnet.","['ambience', 'miscellaneous', 'place']","['Ambience', 'General', 'General']","['positive', 'neutral', 'neutral']","[None, None, None]","[False, False, False]",3,False,True
mams_train_02486,mams,train,"In retrospect, that was kind of foolish, as the portions for dinner were obscene.","['miscellaneous', 'food']","['General', 'Food']","['negative', 'neutral']","[None, None]","[False, False]",2,False,True
mams_train_02487,mams,train,The space and furnishings are too spartan and the service amateur and scattershot (no smiles offered here - busboy serves mains with who gets the.,"['place', 'staff']","['General', 'Service']","['neutral', 'negative']","[None, None]","[False, False]",2,False,True
mams_train_02488,mams,train,"All in all, it was a decent meal but dinner for two came to $172 with tip.","['food', 'price']","['Food', 'Price']","['positive', 'neutral']","[None, None]","[False, False]",2,False,True
mams_train_02489,mams,train,The scene is reasonably cool but unworth more than a drink.,"['miscellaneous', 'food']","['General', 'Food']","['positive', 'negative']","[None, None]","[False, False]",2,False,True
mams_train_02490,mams,train,"Apparently, the waitress informed us that they change the menu at 5 Ninth every few days, which kind of explains the hit or miss situation.","['staff', 'menu']","['Service', 'General']","['negative', 'neutral']","[None, None]","[False, False]",2,False,True
mams_train_02491,mams,train,"had dinner there last night, max the waiter was great.","['food', 'staff']","['Food', 'Service']","['neutral', 'positive']","[None, None]","[False, False]",2,False,True
mams_train_02492,mams,train,I was really excited when our waiter read off the list of specials.,"['staff', 'food']","['Service', 'Food']","['neutral', 'positive']","[None, None]","[False, False]",2,False,True
mams_train_02493,mams,train,05 bar of melted chocolate in a cup.,"['place', 'food', 'miscellaneous']","['General', 'Food', 'General']","['neutral', 'positive', 'neutral']","[None, None, None]","[False, False, False]",3,False,True
mams_train_02494,mams,train,"Even without this hiccup, the service seemed very amateur--not snooty, as I've read in other reviews--just nowhere near as good as it should be given the price of the meal.","['service', 'price', 'food']","['Service', 'Price', 'Food']","['negative', 'neutral', 'neutral']","[None, None, None]","[False, False, False]",3,False,True
mams_train_02495,mams,train,Last night the dining room was crammed and seemingly only had one waiter which is ludicrous.,"['place', 'staff']","['General', 'Service']","['neutral', 'negative']","[None, None]","[False, False]",2,False,True
mams_train_02496,mams,train,"A bright spot: the server was immeadiately apologetic and whisked problem plates away, and replacements were prompt.","['staff', 'miscellaneous']","['Service', 'General']","['positive', 'negative']","[None, None]","[False, False]",2,False,True
mams_train_02497,mams,train,"Management had always been rude, but without the great staff as a buffer, Jesse's is just another pubby place with poor decor and average food.","['staff', 'ambience', 'food']","['Service', 'Ambience', 'Food']","['negative', 'negative', 'neutral']","[None, None, None]","[False, False, False]",3,False,True
mams_train_02498,mams,train,"The menu holds no letdowns: Desserts, like a cone of stiff kulfi with licorice, ot cinnamon souffle, extend dinner's spice into the sweet realm.","['menu', 'food']","['General', 'Food']","['positive', 'neutral']","[None, None]","[False, False]",2,False,True
mams_train_02499,mams,train,"We were a large party, over 6 people, and after our initial drinks, which included a couple bottles of wine, and order were taken we did not see a waiter or a busboy again for over an hour!!","['food', 'staff']","['Food', 'Service']","['neutral', 'negative']","[None, None]","[False, False]",2,False,True
mams_train_02500,mams,train,"In my experience, Olympic Flame, a traditional NYC Greek coffee shop, offers good value for one's money in terms of food cost but passable to rude service, depending on who you get.","['price', 'service']","['Price', 'Service']","['neutral', 'negative']","[None, None]","[False, False]",2,False,True
mams_train_02501,mams,train,"The Food Diners are prompted to order several shareable dishes which, considering the food isn't what's drawing most of the crowd, are surprisingly good.","['food', 'miscellaneous']","['Food', 'General']","['positive', 'neutral']","[None, None]","[False, False]",2,False,True
mams_train_02502,mams,train,"Having just returned from Bourbon Street, I thought I had experienced the steepest drink prices in the US, but this is worse than N'awlins, where at least the expensive drinks cover wonderful live music.","['food', 'ambience']","['Food', 'Ambience']","['neutral', 'positive']","[None, None]","[False, False]",2,False,True
mams_train_02503,mams,train,"Everything on the menu is satisfyingly savory, from a simple pot of mussels in a choice of sauces (beer-and-bacon, creamy mushroom, or white-wine-and-garlic broth), to beef stewed with beer and prunes, to a juicy croque-monsieur, and beyond.","['menu', 'miscellaneous', 'food']","['General', 'General', 'Food']","['neutral', 'positive', 'positive']","[None, None, None]","[False, False, False]",3,False,True
mams_train_02504,mams,train,We approached the host and manager politely after the meal but only received a simple and insincere Sorry.,"['staff', 'food']","['Service', 'Food']","['negative', 'neutral']","[None, None]","[False, False]",2,False,True
mams_train_02505,mams,train,The execution in the dining room was on point and we never had any service or food issues.,"['place', 'food']","['General', 'Food']","['neutral', 'positive']","[None, None]","[False, False]",2,False,True
mams_train_02506,mams,train,"We were left waiting a while after our food for our waiter to return, and thus we did not have time for dessert.","['food', 'staff']","['Food', 'Service']","['neutral', 'negative']","[None, None]","[False, False]",2,False,True
mams_train_02507,mams,train,"Again in a group 6 months ago, the service was even worse this time, practically begging for water and other drinks while we waited an age just to get our orders taken.","['service', 'food']","['Service', 'Food']","['negative', 'neutral']","[None, None]","[False, False]",2,False,True
mams_train_02508,mams,train,The atmosphere is bland and non-descript and the service is fine.,"['ambience', 'service']","['Ambience', 'Service']","['negative', 'positive']","[None, None]","[False, False]",2,False,True
mams_train_02509,mams,train,"FOOD WAS OK,SERVICE NOT SO OK,WAITED FOR THE CHECK WHILE OUR WAITER WAS GOSSIPPING,WAITED FOR CHANGE,WHILE OUR WAITER WAS GOSSIPPING.","['food', 'service']","['Food', 'Service']","['positive', 'negative']","[None, None]","[False, False]",2,False,True
mams_train_02510,mams,train,"The food at Mercer Kitchen is great, flavorful and nicely portioned.","['food', 'place']","['Food', 'General']","['positive', 'neutral']","[None, None]","[False, False]",2,False,True
mams_train_02511,mams,train,"The atmosphere is fun -- dark, pulsing, basement room; a place where you feel like you can relax.","['ambience', 'place']","['Ambience', 'General']","['positive', 'neutral']","[None, None]","[False, False]",2,False,True
mams_train_02512,mams,train,Waiting for a table is par for the course.,"['service', 'miscellaneous']","['Service', 'General']","['negative', 'neutral']","[None, None]","[False, False]",2,False,True
mams_train_02513,mams,train,"The server seemed drunk, he forgot mixed up our food with some other table, ignored our requests for more water, drinks etc.","['staff', 'food', 'miscellaneous']","['Service', 'Food', 'General']","['negative', 'neutral', 'neutral']","[None, None, None]","[False, False, False]",3,False,True
mams_train_02514,mams,train,"The service is good, but the staff is not too friendly.","['service', 'staff']","['Service', 'Service']","['positive', 'negative']","[None, None]","[False, False]",2,False,True
mams_train_02515,mams,train,The wait was not very long and the staff was great.,"['service', 'staff']","['Service', 'Service']","['neutral', 'positive']","[None, None]","[False, False]",2,False,True
mams_train_02516,mams,train,Tiny slices of pie with a dribble of cream topped off the evening.,"['miscellaneous', 'food']","['General', 'Food']","['negative', 'neutral']","[None, None]","[False, False]",2,False,True
mams_train_02517,mams,train,"There is no service at this bar, which means no drinks or food -- ultimately leading to a very frustrating night out, and you end up kicking yourself for not leaving an hour earlier.","['service', 'place', 'food']","['Service', 'General', 'Food']","['negative', 'neutral', 'negative']","[None, None, None]","[False, False, False]",3,False,True
mams_train_02518,mams,train,"The Scene The bruising thoroughfare that is East 57th Street is the last place you'd expect to find an intimate, adorably decorated Northern Italian spot where it's actually possible to have a quiet, pleasant dinner.","['miscellaneous', 'food']","['General', 'Food']","['neutral', 'positive']","[None, None]","[False, False]",2,False,True
mams_train_02519,mams,train,"i love this pizza, its not greasy or filled with mounds of cheese, its just fresh tomatoes basil and buffalo mozz.","['food', 'miscellaneous']","['Food', 'General']","['positive', 'neutral']","[None, None]","[False, False]",2,False,True
mams_train_02520,mams,train,This place is even good for just drinks after work (nice bar) I am going back there as soon as I get a chance.,"['food', 'place', 'miscellaneous']","['Food', 'General', 'General']","['positive', 'positive', 'neutral']","[None, None, None]","[False, False, False]",3,False,True
mams_train_02521,mams,train,"Desserts were pleasent enough, if not trying way to hard on presentation, lacking portions and interest.","['food', 'miscellaneous']","['Food', 'General']","['neutral', 'negative']","[None, None]","[False, False]",2,False,True
mams_train_02522,mams,train,"Although the food what adequate, the service was preposterous.","['food', 'service']","['Food', 'Service']","['positive', 'negative']","[None, None]","[False, False]",2,False,True
mams_train_02523,mams,train,"Our waiter, even though he was serving dinner, was SO out to lunch.","['staff', 'food']","['Service', 'Food']","['negative', 'neutral']","[None, None]","[False, False]",2,False,True
mams_train_02524,mams,train,"The Scene There are two distinct personalities to the place: The loud, seemingly always-crowded bar with hanging paper decorations and dim lighting, and the two main dining areas, where the noise level and decor is notably more subdued.","['place', 'food', 'ambience']","['General', 'Food', 'Ambience']","['negative', 'neutral', 'negative']","[None, None, None]","[False, False, False]",3,False,True
mams_train_02525,mams,train,"Although the decor is lovely as usual, service has detiorated.","['ambience', 'service']","['Ambience', 'Service']","['positive', 'negative']","[None, None]","[False, False]",2,False,True
mams_train_02526,mams,train,Food again was not just a name on the menu but very well made and fresh.,"['food', 'menu']","['Food', 'General']","['positive', 'neutral']","[None, None]","[False, False]",2,False,True
mams_train_02527,mams,train,If the staff actually got it together and showed some customer service this place would be good.,"['staff', 'service']","['Service', 'Service']","['negative', 'neutral']","[None, None]","[False, False]",2,False,True
mams_train_02528,mams,train,I let the waiter know and he offered me a free dessert.,"['staff', 'food']","['Service', 'Food']","['positive', 'neutral']","[None, None]","[False, False]",2,False,True
mams_train_02529,mams,train,But it's the ambience that is the draw for me---sipping red wine and sitting under the red awning on a warm night.,"['ambience', 'food']","['Ambience', 'Food']","['positive', 'neutral']","[None, None]","[False, False]",2,False,True
mams_train_02530,mams,train,"Customers choose flavors like sweet cream, cake batter or banana, add mix-ins--ranging from candy bar chunks and Gummi bears to hot fudge and peanut butter--then servers mash it all together on a frozen slab of granite.","['food', 'staff', 'place']","['Food', 'Service', 'General']","['neutral', 'positive', 'neutral']","[None, None, None]","[False, False, False]",3,False,True
mams_train_02531,mams,train,If the food is out of your price range then at least go for happy hour for a drink - although the drinks cost a bit more then the average happy hour bar after you receive one you would agree that it is worth it.,"['price', 'place']","['Price', 'General']","['negative', 'neutral']","[None, None]","[False, False]",2,False,True
mams_train_02532,mams,train,"So, if you don't care about speedy service, go; but if you aren't in the habit of lighting your cigarette with twenties, avoid the tapas.","['service', 'food']","['Service', 'Food']","['positive', 'negative']","[None, None]","[False, False]",2,False,True
mams_train_02533,mams,train,"Our server spilled a drink on the table cloth and it was cleaned up in an instant, no mess, free drinks to compensate, and left us impressed at how seamlessly this was fixed.","['staff', 'miscellaneous', 'food']","['Service', 'General', 'Food']","['negative', 'neutral', 'positive']","[None, None, None]","[False, False, False]",3,False,True
mams_train_02534,mams,train,"The food is consistantly great, but the wait is often long and the noise is often deafening.","['food', 'service']","['Food', 'Service']","['positive', 'negative']","[None, None]","[False, False]",2,False,True
mams_train_02535,mams,train,"If you want to avoid the long lines, arrive at 5:00 PM and have an early dinner.","['miscellaneous', 'food']","['General', 'Food']","['negative', 'neutral']","[None, None]","[False, False]",2,False,True
mams_train_02536,mams,train,"We were seated fastly enough, and ordering was painless, but I got the wrong appetizer, we both received the same item instead.","['service', 'food']","['Service', 'Food']","['neutral', 'negative']","[None, None]","[False, False]",2,False,True
mams_train_02537,mams,train,"I agree with the many posters addressing an oppressively aggressive waitstaff, and I'm in particular support of the review directed at Franny's bizarrely adamant refusal to cut pizza (or provide adaquate knives/plates for us to do it ourselves).","['staff', 'food', 'miscellaneous']","['Service', 'Food', 'General']","['negative', 'neutral', 'neutral']","[None, None, None]","[False, False, False]",3,False,True
mams_train_02538,mams,train,"finally they wanted to take our app order before taking our wine order, seemed like the waiter couldnt handle it all at once.","['food', 'staff']","['Food', 'Service']","['neutral', 'negative']","[None, None]","[False, False]",2,False,True
mams_train_02539,mams,train,"Nonetheless, it's an excellent pie -- and don't let the long lines scare you off -- they keep them moving.","['food', 'miscellaneous']","['Food', 'General']","['positive', 'negative']","[None, None]","[False, False]",2,False,True
mams_train_02540,mams,train,"Across the menu, and even within a single dish, there is a stunning variety of scintillating, distinct flavors.","['menu', 'food']","['General', 'Food']","['neutral', 'positive']","[None, None]","[False, False]",2,False,True
mams_train_02541,mams,train,In fact you can find their menu offerings at other places for better qualities and lower prices.,"['menu', 'price']","['General', 'Price']","['neutral', 'positive']","[None, None]","[False, False]",2,False,True
mams_train_02542,mams,train,"They may love the wacky/tacky decore, the overly gracious host, Gus, and his staff, the loads of freebies (oranges, cookies, lollies and wet naps), but the food is just mediocre.","['ambience', 'staff', 'food']","['Ambience', 'Service', 'Food']","['positive', 'neutral', 'negative']","[None, None, None]","[False, False, False]",3,False,True
mams_train_02543,mams,train,probably not worth the wait on the weekend when pomodoro is a block away but worth getting for delivery if you are in the area or for dinner during the week.,"['service', 'food']","['Service', 'Food']","['negative', 'neutral']","[None, None]","[False, False]",2,False,True
mams_train_02544,mams,train,5 minutes later the same waitress came back to have us move to the next table so she could seat a party of 4.,"['staff', 'miscellaneous']","['Service', 'General']","['negative', 'neutral']","[None, None]","[False, False]",2,False,True
mams_train_02545,mams,train,"The margaritas were mediocre, but it did not make up for the muzak they played in the resturant nor the bad food and drink they served.","['food', 'service']","['Food', 'Service']","['negative', 'neutral']","[None, None]","[False, False]",2,False,True
mams_train_02546,mams,train,"The food as always was fantastic, and the pricing was moderate although I was not happy about the 18% gratuity being added for parties over 6, especially after the horrible service we recieved.","['food', 'price', 'service']","['Food', 'Price', 'Service']","['positive', 'positive', 'negative']","[None, None, None]","[False, False, False]",3,False,True
mams_train_02547,mams,train,"sushi portions were bigger than most places and service was average, far better options available in the area.","['food', 'service']","['Food', 'Service']","['positive', 'negative']","[None, None]","[False, False]",2,False,True
mams_train_02548,mams,train,"food for fancy prices; menu consisted of one page; antipasto, and pizza; that was pretty much it; the other 3 pages was to my surprize the wine list.","['price', 'menu']","['Price', 'General']","['positive', 'neutral']","[None, None]","[False, False]",2,False,True
mams_train_02549,mams,train,"I always thought the food was decent, but not spectacular and the price fair, but no bargain.","['food', 'price']","['Food', 'Price']","['positive', 'negative']","[None, None]","[False, False]",2,False,True
mams_train_02550,mams,train,the waitress was not attentive at all and we had to keep getting the attention of the water servers to get more drinks.,"['staff', 'food']","['Service', 'Food']","['negative', 'positive']","[None, None]","[False, False]",2,False,True
mams_train_02551,mams,train,"Its the perfect place to take a date, start out with dinner and then stick around for dancing!","['place', 'food']","['General', 'Food']","['positive', 'neutral']","[None, None]","[False, False]",2,False,True
mams_train_02552,mams,train,"Waitstaff is preoccupied dancing on the bar and googling at beautiful people, but who can blame them.","['staff', 'place']","['Service', 'General']","['positive', 'neutral']","[None, None]","[False, False]",2,False,True
mams_train_02553,mams,train,My Moon spent all their money on an architect/interior designer and forgot about the chef.,"['price', 'staff']","['Price', 'Service']","['neutral', 'negative']","[None, None]","[False, False]",2,False,True
mams_train_02554,mams,train,I asked one of the more elderly managers what we were eating and he joked that he didn't really know so he referred someone else to us who basically repeated what was written in the menu.,"['staff', 'menu']","['Service', 'General']","['negative', 'neutral']","[None, None]","[False, False]",2,False,True
mams_train_02555,mams,train,"In the dim lighting, I thought the portions were impressive and dug in.","['ambience', 'miscellaneous']","['Ambience', 'General']","['neutral', 'positive']","[None, None]","[False, False]",2,False,True
mams_train_02556,mams,train,"Meanwhile, our server was dancing and posing by the bar.","['staff', 'place']","['Service', 'General']","['negative', 'neutral']","[None, None]","[False, False]",2,False,True
mams_train_02557,mams,train,The whole table must participate and you have to be willing to let the chef cook for you with no menu.,"['miscellaneous', 'staff', 'menu']","['General', 'Service', 'General']","['positive', 'positive', 'neutral']","[None, None, None]","[False, False, False]",3,False,True
mams_train_02558,mams,train,"When we went up to get what we assumed would be our second drink at no charge, the bartender charged us $5 a piece.","['food', 'staff']","['Food', 'Service']","['neutral', 'negative']","[None, None]","[False, False]",2,False,True
mams_train_02559,mams,train,We saw problems with our waitress immediately when she frowned when we opted for tap water instead of bottled.,"['staff', 'food']","['Service', 'Food']","['negative', 'neutral']","[None, None]","[False, False]",2,False,True
mams_train_02560,mams,train,"Waiter was very arrogant, though tha staff was attentive and when a waiter pilled a glass of water on one of our guests, the hostess ran with a dry cleaning voucher even though we did not make a big deak of it - just an accident and only water.","['staff', 'food']","['Service', 'Food']","['positive', 'neutral']","[None, None]","[False, False]",2,False,True
mams_train_02561,mams,train,"For the money, it's a dependable and fun place to get sushi - bring friends and share the 2 for 1 rolls (they have to be 2 of the same.","['price', 'place', 'food']","['Price', 'General', 'Food']","['positive', 'positive', 'neutral']","[None, None, None]","[False, False, False]",3,False,True
mams_train_02562,mams,train,"The service was lacking a bit, we waited about 20 mins for a waiter and water to come to us once we were sat and we had to ask for everything twice, even drink orders - I think maybe we just got stuck with a bad waiter though.","['service', 'food']","['Service', 'Food']","['negative', 'neutral']","[None, None]","[False, False]",2,False,True
mams_train_02563,mams,train,"When I asked the manager to remove the coffee, she did so without question, but never asked why and never followed up on the issue (she was far too busy flirting with the male waiters).","['staff', 'food']","['Service', 'Food']","['negative', 'neutral']","[None, None]","[False, False]",2,False,True
mams_train_02564,mams,train,"We both orderd drinks that we never recived, but were charged for, and when we said something to the waiter he rolled his eyes and asked if we wanted them anyway (after we were done eating and more than ready to go.","['food', 'staff']","['Food', 'Service']","['neutral', 'negative']","[None, None]","[False, False]",2,False,True
mams_train_02565,mams,train,"waiters were very nice, they dont take reservations during the week end, we waited at the bar with some sangria, Very good experience, loud music but we were able to communicate easily, overall i recommand this place to groups and dates,   Will be back more often!","['staff', 'place', 'food', 'miscellaneous']","['Service', 'General', 'Food', 'General']","['positive', 'neutral', 'neutral', 'positive']","[None, None, None, None]","[False, False, False, False]",4,False,True
mams_train_02566,mams,train,"I discovered recent new management has made major improvements at this location ie the bar, dining areas, party room and bathrooms and keeping the kitchen open after 11PM.","['staff', 'place']","['Service', 'General']","['positive', 'neutral']","[None, None]","[False, False]",2,False,True
mams_train_02567,mams,train,I would not suggest dining here unless you get a different server.,"['food', 'staff']","['Food', 'Service']","['negative', 'neutral']","[None, None]","[False, False]",2,False,True
mams_train_02568,mams,train,"Decor is old, but the bathrooms are clean and updated.","['ambience', 'place']","['Ambience', 'General']","['positive', 'negative']","[None, None]","[False, False]",2,False,True
mams_train_02569,mams,train,"After having the table cleared and recieving fresh warm plates, we shared the Chicken Tikka Masala and the Chicken and Lentils.","['miscellaneous', 'food']","['General', 'Food']","['positive', 'neutral']","[None, None]","[False, False]",2,False,True
mams_train_02570,mams,train,I will say that often times they make their drinks very strong (may tell your bartender / waitress to keep it mild).,"['food', 'staff']","['Food', 'Service']","['negative', 'neutral']","[None, None]","[False, False]",2,False,True
mams_train_02571,mams,train,"The food is worth going for, but the boys in behind the bar in the lounge are what keep me coming back!","['food', 'place']","['Food', 'General']","['positive', 'neutral']","[None, None]","[False, False]",2,False,True
mams_train_02572,mams,train,The server spilled beer on the table when he poured it; he dropped ice cubes for another one of our guests and water everywhere else.,"['staff', 'food', 'miscellaneous']","['Service', 'Food', 'General']","['negative', 'neutral', 'neutral']","[None, None, None]","[False, False, False]",3,False,True
mams_train_02573,mams,train,The only downside was the service was slow and our waitress kept forgetting to bring our drinks.,"['service', 'staff', 'food']","['Service', 'Service', 'Food']","['negative', 'negative', 'neutral']","[None, None, None]","[False, False, False]",3,False,True
mams_train_02574,mams,train,"too bad that the 2 sushi chefs have become a bit too busy to chat away with the guests at the counter, but they try and hey, we are here for the food !!!","['place', 'food']","['General', 'Food']","['neutral', 'positive']","[None, None]","[False, False]",2,False,True
mams_train_02575,mams,train,") I'm sticking with Cafe Mozart--which has the same desserts, bigger slices, and lower prices!","['food', 'price']","['Food', 'Price']","['neutral', 'positive']","[None, None]","[False, False]",2,False,True
mams_train_02576,mams,train,"There is a litte bit of a wait on the food, but it is well worth it!","['service', 'food']","['Service', 'Food']","['negative', 'neutral']","[None, None]","[False, False]",2,False,True
mams_train_02577,mams,train,The waitstaff is charming and knowledgeable about the menu.,"['staff', 'menu']","['Service', 'General']","['positive', 'neutral']","[None, None]","[False, False]",2,False,True
mams_train_02578,mams,train,We got up from the bar and got pushy with the hostess and finally were seated at an excellent table.,"['place', 'staff']","['General', 'Service']","['neutral', 'positive']","[None, None]","[False, False]",2,False,True
mams_train_02579,mams,train,Our hostess was more concerned about the appearance of the banquets than wether we had the right menus.,"['staff', 'menu']","['Service', 'General']","['negative', 'neutral']","[None, None]","[False, False]",2,False,True
mams_train_02580,mams,train,The second time we went the waiter didn't put in our pizza order!,"['staff', 'food']","['Service', 'Food']","['negative', 'neutral']","[None, None]","[False, False]",2,False,True
mams_train_02581,mams,train,"Atmosphere in the formal room was nice, but the informal dining room was extremely loud which ultimately made the formal room louder than my perference.","['ambience', 'place']","['Ambience', 'General']","['positive', 'negative']","[None, None]","[False, False]",2,False,True
mams_train_02582,mams,train,"We showed up and waited 30 minutes in line 30 minutes to get our drinks -after we asked twice, the service was the worst I've had in nyc.","['food', 'service']","['Food', 'Service']","['neutral', 'negative']","[None, None]","[False, False]",2,False,True
mams_train_02583,mams,train,"I tried almost everything on the menu, but my fav is the pumkin raviloi, too bad it's only seasonal.","['menu', 'food']","['General', 'Food']","['neutral', 'positive']","[None, None]","[False, False]",2,False,True
mams_train_02584,mams,train,It was more than enough food even though the portions are tiny.,"['food', 'miscellaneous']","['Food', 'General']","['positive', 'negative']","[None, None]","[False, False]",2,False,True
mams_train_02585,mams,train,"The place was small and simple, but I never cared about service or decor.","['place', 'ambience']","['General', 'Ambience']","['negative', 'neutral']","[None, None]","[False, False]",2,False,True
mams_train_02586,mams,train,"The bill came out to like $100pp, and noone touched their food, and drinks were left untouched because after the first bite/sip you want to never touch it again.","['price', 'food']","['Price', 'Food']","['neutral', 'negative']","[None, None]","[False, False]",2,False,True
mams_train_02587,mams,train,"It is a small restaurant so without reservations, there can be a long wait.","['miscellaneous', 'service']","['General', 'Service']","['neutral', 'negative']","[None, None]","[False, False]",2,False,True
mams_train_02588,mams,train,"Additionally the bar upstairs is picturesque and spacious, even though the techno music is horrible.","['place', 'ambience']","['General', 'Ambience']","['neutral', 'negative']","[None, None]","[False, False]",2,False,True
mams_train_02589,mams,train,The ensuing dinner was definitely worth the wait; I'll be dreaming about chef Jodi Williams' extraordinary fried squash blossoms for a long time.,"['food', 'staff']","['Food', 'Service']","['positive', 'neutral']","[None, None]","[False, False]",2,False,True
mams_train_02590,mams,train,Beers on tap were pretty good and we had a great waiter but the food left much to be desired.,"['miscellaneous', 'staff', 'food']","['General', 'Service', 'Food']","['neutral', 'positive', 'negative']","[None, None, None]","[False, False, False]",3,False,True
mams_train_02591,mams,train,"But the service, though invariably genial and helpful, can be weirdly haphazard -- waiters disappear mysteriously, only to reemerge just when you've decided their shift must have ended -- possibly an understaffing issue?","['service', 'staff']","['Service', 'Service']","['positive', 'negative']","[None, None]","[False, False]",2,False,True
mams_train_02592,mams,train,on the food-front while adding just enough of a civilized atmosphere where you won't worry about either your neighbor or the wait staff biting off one of your fingers.,"['ambience', 'staff']","['Ambience', 'Service']","['positive', 'neutral']","[None, None]","[False, False]",2,False,True
mams_train_02593,mams,train,I think that argentine cuisine can be match more interesting better that the insipid expirience that I had in this overpriced place.,"['food', 'place']","['Food', 'General']","['neutral', 'negative']","[None, None]","[False, False]",2,False,True
mams_train_02594,mams,train,DINERS serve better french toast than Balthazar.,"['price', 'food']","['Price', 'Food']","['neutral', 'positive']","[None, None]","[False, False]",2,False,True
mams_train_02595,mams,train,"Arrive at 7:00pm, the waiters didn't give us our menus till an 1 1/2 hour later.","['staff', 'menu']","['Service', 'General']","['negative', 'neutral']","[None, None]","[False, False]",2,False,True
mams_train_02596,mams,train,"The hummus was not flavorful and when we ran out of bread and asked for more, it never came.","['miscellaneous', 'food']","['General', 'Food']","['negative', 'neutral']","[None, None]","[False, False]",2,False,True
mams_train_02597,mams,train,"That's almost enough to prove its legitimacy to me, but eating there, both for a quick slice and sit-down for pasta with my family has always been a delicious, inexpensive and fun experience.","['food', 'miscellaneous']","['Food', 'General']","['positive', 'neutral']","[None, None]","[False, False]",2,False,True
mams_train_02598,mams,train,"I love the decor but would not recommend sitting in the communal tables unless its a very big group, much more fun getting a table and people watch while you chomp on your $20 palm sized truffle pizza.","['ambience', 'food']","['Ambience', 'Food']","['positive', 'neutral']","[None, None]","[False, False]",2,False,True
mams_train_02599,mams,train,Then another pleasant surprise - the menu said we had to share the entree for each couple.,"['menu', 'food', 'miscellaneous']","['General', 'Food', 'General']","['neutral', 'neutral', 'positive']","[None, None, None]","[False, False, False]",3,False,True
mams_train_02600,mams,train,I can't imagine how small the fish portion on the $10 lunch menu must be if I got the large one.,"['food', 'menu', 'miscellaneous']","['Food', 'General', 'General']","['negative', 'neutral', 'positive']","[None, None, None]","[False, False, False]",3,False,True
mams_train_02601,mams,train,The Food  Most restaurants with more than 250 items on the regular menu don't do any of them particularly well.,"['food', 'menu']","['Food', 'General']","['neutral', 'negative']","[None, None]","[False, False]",2,False,True
mams_train_02602,mams,train,"The waitstaff was helpful but watch out, after you pay your hefty bill managment will ask you to leave if they think you've lingered too long.","['staff', 'price']","['Service', 'Price']","['positive', 'neutral']","[None, None]","[False, False]",2,False,True
mams_train_02603,mams,train,It's too loud and the cheesiest music is played throughout the meal.,"['ambience', 'food']","['Ambience', 'Food']","['negative', 'neutral']","[None, None]","[False, False]",2,False,True
mams_train_02604,mams,train,"Yellowtail tuna carpaccio, lightly dressed with a hint of mint, sings of summer, and crab salad partnered with sweet-hot mango mustard and greens hits all the right flavor notes.","['food', 'miscellaneous']","['Food', 'General']","['positive', 'neutral']","[None, None]","[False, False]",2,False,True
mams_train_02605,mams,train,"The menu alternates between typical American fare (salads, potato skins, Angus burgers and grilled chicken) and modestly international cuisine like fajitas, wraps and pot stickers.","['menu', 'price', 'food', 'miscellaneous']","['General', 'Price', 'Food', 'General']","['neutral', 'positive', 'positive', 'neutral']","[None, None, None, None]","[False, False, False, False]",4,False,True
mams_train_02606,mams,train,"The pro's: Good ambience,service The Con's: For the 4 to 5 star price (200 dollars for 2 people which included 2 drinks each, an appetizer, main course, and a hsared dessert), the food and presentation was just average.","['ambience', 'service', 'price', 'food']","['Ambience', 'Service', 'Price', 'Food']","['positive', 'positive', 'neutral', 'neutral']","[None, None, None, None]","[False, False, False, False]",4,False,True
mams_train_02607,mams,train,The menu had some slight twists to conventional upscale Mexican.,"['menu', 'miscellaneous']","['General', 'General']","['neutral', 'positive']","[None, None]","[False, False]",2,False,True
mams_train_02608,mams,train,"my one complaint is that when we were finished with our dinner, it took an abnormally long time for our waitress to get with the program and bring us our check.","['food', 'staff']","['Food', 'Service']","['neutral', 'negative']","[None, None]","[False, False]",2,False,True
mams_train_02609,mams,train,The service was average and the tables are really close together (but who cares when the food is this good).,"['place', 'food']","['General', 'Food']","['negative', 'positive']","[None, None]","[False, False]",2,False,True
mams_train_02610,mams,train,"In Short This restaurant, an offshoot of the celebrity-besieged East Hampton eatery of the same name, is enlivened by a copper-topped bar, an on-display wood-burning oven and a royal blue oceanic mural running along its walls.","['place', 'food']","['General', 'Food']","['neutral', 'positive']","[None, None]","[False, False]",2,False,True
mams_train_02611,mams,train,My friend was a vegetarian and the staff went out of their way to provide her with a special entree.,"['staff', 'food']","['Service', 'Food']","['positive', 'neutral']","[None, None]","[False, False]",2,False,True
mams_train_02612,mams,train,"They ended up cramming 10 of us on 3 small tables, then taking forever with our food.","['place', 'food']","['General', 'Food']","['negative', 'neutral']","[None, None]","[False, False]",2,False,True
mams_train_02613,mams,train,"For dessert we split the combination platter, which had rather small portions but they were good.","['food', 'miscellaneous']","['Food', 'General']","['neutral', 'negative']","[None, None]","[False, False]",2,False,True
mams_train_02614,mams,train,"If you go in, make sure to listen to the unbelievably loud microphone that the folks at the counter use to dictate orders to the cooks who stand about two feet behind them.","['place', 'staff']","['General', 'Service']","['neutral', 'negative']","[None, None]","[False, False]",2,False,True
mams_train_02615,mams,train,Service was not snooty and you'll be treated the same whether you order one of the $150+ kaiseki dinners or a single entree.,"['service', 'food']","['Service', 'Food']","['negative', 'neutral']","[None, None]","[False, False]",2,False,True
mams_train_02616,mams,train,"Unfortunately, that lunch can take a loooooong time as the waiters seem to forget food orders, forget drink orders, and forget to refill water glasses.","['food', 'staff', 'miscellaneous']","['Food', 'Service', 'General']","['neutral', 'negative', 'neutral']","[None, None, None]","[False, False, False]",3,False,True
mams_train_02617,mams,train,"Ordered a beer from the bartender, she opened it and the told me that she didn't know the price !!","['food', 'staff']","['Food', 'Service']","['neutral', 'negative']","[None, None]","[False, False]",2,False,True
mams_train_02618,mams,train,"The Food Recalling an era of calorie-defying decadence--hard liquor, red meat, cigars and mammoth portions--gluttony is the operative word here.","['food', 'miscellaneous']","['Food', 'General']","['negative', 'neutral']","[None, None]","[False, False]",2,False,True
mams_train_02619,mams,train,"Personally, I like my food fresh, so you just have to tell the waiter that you would like to order by ear.","['food', 'staff']","['Food', 'Service']","['positive', 'neutral']","[None, None]","[False, False]",2,False,True
mams_train_02620,mams,train,The tasting menu experience lasted close to three hours and included six or seven food courses and three desert courses.,"['menu', 'food']","['General', 'Food']","['positive', 'neutral']","[None, None]","[False, False]",2,False,True
mams_train_02621,mams,train,My partner had ordered an appetizer that was no longer available; the waitress did not inform us when reviewing the specials.,"['staff', 'food']","['Service', 'Food']","['negative', 'neutral']","[None, None]","[False, False]",2,False,True
mams_train_02622,mams,train,i went here on a whim and found out you could get sushi for half price kind of like happy hour.,"['food', 'price']","['Food', 'Price']","['neutral', 'positive']","[None, None]","[False, False]",2,False,True
mams_train_02623,mams,train,"It's called OYSTER BAR, and yet no oyster selection at all!","['place', 'food']","['General', 'Food']","['neutral', 'negative']","[None, None]","[False, False]",2,False,True
mams_train_02624,mams,train,"They kept the chef, margarita machines, and practically the identical menu from Miracle Grill (the restaurant that formerly had the space); how is it that everything here is so much worse?","['menu', 'food', 'place']","['General', 'Food', 'General']","['positive', 'neutral', 'neutral']","[None, None, None]","[False, False, False]",3,False,True
mams_train_02625,mams,train,"The menu was filled with of course the standard sushi fair, but the real gem was the unuusal and creative combinations of sushis and sauces and other ingredients they had as well.","['menu', 'food']","['General', 'Food']","['neutral', 'positive']","[None, None]","[False, False]",2,False,True
mams_train_02626,mams,train,The complete and total rudeness and frustration surrounding this place started with the hostess calling us in the middle of the afternoon asking if we could change our reservation.,"['staff', 'miscellaneous']","['Service', 'General']","['negative', 'neutral']","[None, None]","[False, False]",2,False,True
mams_train_02627,mams,train,"Not the most adventurous nor exquisite food, but generous portions (at least, on the 3-course prix fixe) that were faultlessly executed, complemented by a varied wine list ranging from that special bottle for a celebratory splurge to excellent choices under $50.","['food', 'miscellaneous']","['Food', 'General']","['negative', 'positive']","[None, None]","[False, False]",2,False,True
mams_train_02628,mams,train,The only redeeming factor of the night was the dessert which was very good but certainly not worth the cost of an overall horible experience.,"['food', 'price']","['Food', 'Price']","['positive', 'negative']","[None, None]","[False, False]",2,False,True
mams_train_02629,mams,train,"Our waiter must have been a 'stand-in' because he did not know the menu, choices or basic service protocol (bread plate on the left).","['staff', 'menu', 'service']","['Service', 'General', 'Service']","['negative', 'neutral', 'neutral']","[None, None, None]","[False, False, False]",3,False,True
mams_train_02630,mams,train,"If your friends persuade you to check this place out, I suggest that you order all of your drinks, apps, entrees, desserts, and the check up front, because you'll never see your server again.","['food', 'staff']","['Food', 'Service']","['neutral', 'negative']","[None, None]","[False, False]",2,False,True
mams_train_02631,mams,train,"So are cooked plates: Marinated Kobe beef practically melts on its skewers, soy-buttered scallops collapse with sweet brine and Chawanmushi custard, quivering in eel-soy broth with black truffles and foie gras, is over the top.","['miscellaneous', 'food']","['General', 'Food']","['neutral', 'positive']","[None, None]","[False, False]",2,False,True
mams_train_02632,mams,train,"I've been here twice for brunch, and I found the ambience and food to be much better than the overly-hyped Kitchenette next door.","['food', 'ambience']","['Food', 'Ambience']","['neutral', 'positive']","[None, None]","[False, False]",2,False,True
mams_train_02633,mams,train,Not the ideal spot when you're really hungry -- the plates are tiny and the prices not (like every other upscale tapas place).,"['miscellaneous', 'price', 'food']","['General', 'Price', 'Food']","['negative', 'negative', 'neutral']","[None, None, None]","[False, False, False]",3,False,True
mams_train_02634,mams,train,The waiter knew about every item on the menu and explained it very well.,"['staff', 'menu']","['Service', 'General']","['positive', 'neutral']","[None, None]","[False, False]",2,False,True
mams_train_02635,mams,train,The waitress only stopped at our table to take our order and pick up the check.,"['staff', 'miscellaneous', 'price']","['Service', 'General', 'Price']","['negative', 'neutral', 'neutral']","[None, None, None]","[False, False, False]",3,False,True
mams_train_02636,mams,train,We got there before our reservation and the seated us quickly.,"['miscellaneous', 'service']","['General', 'Service']","['neutral', 'positive']","[None, None]","[False, False]",2,False,True
mams_train_02637,mams,train,"The Scene Tucked away on the second floor of a small, nondescript Madison Avenue building, Caviar Russe feels more like a private club than a restaurant.","['miscellaneous', 'food']","['General', 'Food']","['negative', 'neutral']","[None, None]","[False, False]",2,False,True
mams_train_02638,mams,train,"While the server offered nothing, the host apologized, and said that he hoped that I would return again, perhaps for brunch.","['staff', 'food']","['Service', 'Food']","['negative', 'neutral']","[None, None]","[False, False]",2,False,True
mams_train_02639,mams,train,"The food was good, the service was fine, and the place has a lot of visual atmosphere, but I would not go back unless I was stuck eating with someone I didn't want to listen to.","['place', 'ambience']","['General', 'Ambience']","['neutral', 'positive']","[None, None]","[False, False]",2,False,True
mams_train_02640,mams,train,"I noticed many of the other comments had negative things to say about the service and food - my thoughts and suggestions are: eat at the bar to avoid a rude waiter or bad service here and Artisanal's reputation is based on the cheese, get the CHEESE and not the steak or whatever.","['food', 'place', 'staff']","['Food', 'General', 'Service']","['neutral', 'neutral', 'negative']","[None, None, None]","[False, False, False]",3,False,True
mams_train_02641,mams,train,"However, the service has SIGNIFICANTLY declined since they expanded into the back room.","['service', 'place']","['Service', 'General']","['negative', 'neutral']","[None, None]","[False, False]",2,False,True
mams_train_02642,mams,train,"Our waitress was very nice, not snotty - she even gave us a free apertif after the meal (and left the bottle on the table).","['staff', 'food']","['Service', 'Food']","['positive', 'neutral']","[None, None]","[False, False]",2,False,True
mams_train_02643,mams,train,Nice decor - but the place is so crowded and noisy you can't enjoy it.,"['ambience', 'place']","['Ambience', 'General']","['positive', 'negative']","[None, None]","[False, False]",2,False,True
mams_train_02644,mams,train,"The waiter, of course had no knowledge of the yet to be produced wine list and no wine steward or manager bothered to come by the table to check in.","['staff', 'miscellaneous']","['Service', 'General']","['negative', 'neutral']","[None, None]","[False, False]",2,False,True
mams_train_02645,mams,train,The prices seemed reasonable with entrees ranging from $14-$25.,"['price', 'food']","['Price', 'Food']","['positive', 'neutral']","[None, None]","[False, False]",2,False,True
mams_train_02646,mams,train,The only complaints (minor) was a 15 minute wait when we had a 10 PM reservation and the tables are pretty close to one another.,"['service', 'miscellaneous', 'place']","['Service', 'General', 'General']","['negative', 'neutral', 'negative']","[None, None, None]","[False, False, False]",3,False,True
mams_train_02647,mams,train,"What I liked the most is that the staff listened attentively to what I asked for and my meal was prepared EXACTLY the way I asked, what a treat.","['staff', 'food']","['Service', 'Food']","['positive', 'neutral']","[None, None]","[False, False]",2,False,True
mams_train_02648,mams,train,"Although we had to wait a long while and the hostess was very busy behind the bar, she was very apologetic and sincere which made it feel ok to have to wait.","['staff', 'place']","['Service', 'General']","['negative', 'neutral']","[None, None]","[False, False]",2,False,True
mams_train_02649,mams,train,"The wait staff is very attentive, and you can smoke at the bar while enjoying the view of the river.","['staff', 'place']","['Service', 'General']","['positive', 'neutral']","[None, None]","[False, False]",2,False,True
mams_train_02650,mams,train,the prices are right and i strongly recommend this place for any time of day: early breakfast or late night snack.,"['price', 'food']","['Price', 'Food']","['positive', 'neutral']","[None, None]","[False, False]",2,False,True
mams_train_02651,mams,train,"Also, if you order a dinner, plan to have leftovers for the next day because the portions are HUGE, the salad that comes with a meal is large enough to be a meal itself.","['food', 'miscellaneous']","['Food', 'General']","['neutral', 'positive']","[None, None]","[False, False]",2,False,True
mams_train_02652,mams,train,"-the bread served was cold  -the choices for restaurant week was very slim (no meat dish except pork) -there were no chef's treats or delights -the food was ok but not up to the quality expected There are more exciting, romantic restaurants in the city to visit.","['food', 'staff']","['Food', 'Service']","['negative', 'neutral']","[None, None]","[False, False]",2,False,True
mams_train_02653,mams,train,"Lovely place with the kind of Chinese food I like -- clean presentation, sizeable menu, and a bit of a French twist.","['place', 'menu', 'food']","['General', 'General', 'Food']","['positive', 'positive', 'neutral']","[None, None, None]","[False, False, False]",3,False,True
mams_train_02654,mams,train,Our waiter showed up two minutes later to take our order and showed up with our drinks 25 minutes later and they were not crowed.,"['staff', 'food']","['Service', 'Food']","['negative', 'neutral']","[None, None]","[False, False]",2,False,True
mams_train_02655,mams,train,Food is decent but portions are so tiny and the whole meal is served on huge plate which makes it look even more ridiculous.,"['food', 'miscellaneous', 'service']","['Food', 'General', 'Service']","['positive', 'negative', 'negative']","[None, None, None]","[False, False, False]",3,False,True
mams_train_02656,mams,train,"Went to Public last Saturday, couldn't get a table so the lovely host suggested that my partner and I dine at the bar.","['miscellaneous', 'staff', 'place']","['General', 'Service', 'General']","['neutral', 'positive', 'neutral']","[None, None, None]","[False, False, False]",3,False,True
mams_train_02657,mams,train,I am an extremely low maintenance diner and the staff at this restaurant managed to insult my dinner party and refuse kitchen service minutes after seating us and informing us that the kitchen was open.,"['place', 'food']","['General', 'Food']","['negative', 'neutral']","[None, None]","[False, False]",2,False,True
mams_train_02658,mams,train,"The food came out wrong, the waiter was no where to be found and the wine showed up at the end of the meal.","['staff', 'food']","['Service', 'Food']","['negative', 'neutral']","[None, None]","[False, False]",2,False,True
mams_train_02659,mams,train,"Aside from the service being slow, the place was packed w/ a good crowd and music was amazing.","['service', 'place', 'miscellaneous', 'ambience']","['Service', 'General', 'General', 'Ambience']","['negative', 'positive', 'positive', 'positive']","[None, None, None, None]","[False, False, False, False]",4,False,True
mams_train_02660,mams,train,"When after 2 hours we did ask for our entrees, the waiter and busboy were both extremely rude.","['food', 'staff']","['Food', 'Service']","['neutral', 'negative']","[None, None]","[False, False]",2,False,True
mams_train_02661,mams,train,"The waitress came three times: to take our order, to bring the order, and to bring the check.","['staff', 'price']","['Service', 'Price']","['negative', 'neutral']","[None, None]","[False, False]",2,False,True
mams_train_02662,mams,train,"It's got above-average diner and italian fare, and it's right near the subway.","['place', 'price']","['General', 'Price']","['positive', 'neutral']","[None, None]","[False, False]",2,False,True
mams_train_02663,mams,train,"The small bar is always packed with people, and you have to constantly contend with waiters asking you to move as they navigate through the crowd to make it to their tables.","['place', 'staff']","['General', 'Service']","['neutral', 'negative']","[None, None]","[False, False]",2,False,True
mams_train_02664,mams,train,"After making reservations almost a month in advance, I was very disappointed to be seated in a secluded area for dinner next to the sushi bar and KITCHEN!!!!!!!","['miscellaneous', 'service', 'place']","['General', 'Service', 'General']","['neutral', 'negative', 'neutral']","[None, None, None]","[False, False, False]",3,False,True
mams_train_02665,mams,train,"I mean no disrespect to the owner, just constructive criticism - improve the decor and dine-in service, but DON'T change the portions or the recipes.","['ambience', 'miscellaneous']","['Ambience', 'General']","['negative', 'neutral']","[None, None]","[False, False]",2,False,True
mams_train_02666,mams,train,Recommended to those who want to try a different setting for a diner.,"['ambience', 'place']","['Ambience', 'General']","['positive', 'neutral']","[None, None]","[False, False]",2,False,True
mams_train_02667,mams,train,"Although the waitress had clearly our reservation on her book, she told us somebody arrived one minute ago and being first to arrive, he could have our table.","['staff', 'miscellaneous']","['Service', 'General']","['negative', 'neutral']","[None, None]","[False, False]",2,False,True
mams_train_02668,mams,train,"He did do the service part well enough -- brought the food, etc.","['service', 'food']","['Service', 'Food']","['positive', 'neutral']","[None, None]","[False, False]",2,False,True
mams_train_02669,mams,train,"it is too bad because the food, ambiance, and drinks were great but they need serious help on the service.","['food', 'ambience', 'service']","['Food', 'Ambience', 'Service']","['positive', 'positive', 'negative']","[None, None, None]","[False, False, False]",3,False,True
mams_train_02670,mams,train,Hey - What better excuse to sit at the bar and try another one of their fantastic drinks.,"['place', 'food']","['General', 'Food']","['neutral', 'positive']","[None, None]","[False, False]",2,False,True
mams_train_02671,mams,train,"Come in the evening, sip a glass of wine, or two, and enjoy the great live jazz along with your dinner.","['ambience', 'food']","['Ambience', 'Food']","['positive', 'neutral']","[None, None]","[False, False]",2,False,True
mams_train_02672,mams,train,Hunan Delight has one page in their menu full of Vegetarian dishes.,"['menu', 'food']","['General', 'Food']","['neutral', 'positive']","[None, None]","[False, False]",2,False,True
mams_train_02673,mams,train,"Starting off with an excellent carafe of Cotes du rhone suggested by the waiter, we soon ordered a few appetizers like the steak tartare, the escargot and the goat cheese tart.","['staff', 'food']","['Service', 'Food']","['positive', 'neutral']","[None, None]","[False, False]",2,False,True
mams_train_02674,mams,train,"Although there were many open tables, the manager insisted my party wait at the bar for over one hour.","['staff', 'place']","['Service', 'General']","['negative', 'neutral']","[None, None]","[False, False]",2,False,True
mams_train_02675,mams,train,it would be better to place the bar closer to the front of the restaurant and away from the tables.,"['place', 'miscellaneous']","['General', 'General']","['negative', 'neutral']","[None, None]","[False, False]",2,False,True
mams_train_02676,mams,train,"We tried the Tasting menu', and the manager offered to select the items to be served after taking inputs from us ( Choice of meat, allergies etc.","['menu', 'staff', 'service']","['General', 'Service', 'Service']","['positive', 'positive', 'neutral']","[None, None, None]","[False, False, False]",3,False,True
mams_train_02677,mams,train,"After they were done poking and prodding our food, the waiter took it right from their table and tried to give it to us.","['food', 'staff']","['Food', 'Service']","['neutral', 'negative']","[None, None]","[False, False]",2,False,True
mams_train_02678,mams,train,"I have worked in the restaurant industry for 5 years, and so am understanding of things out of my server's control, and I have never experienced such poor service!","['staff', 'service']","['Service', 'Service']","['neutral', 'negative']","[None, None]","[False, False]",2,False,True
mams_train_02679,mams,train,"Don't go for the decor or the location, go for the food!","['ambience', 'place', 'food']","['Ambience', 'General', 'Food']","['negative', 'negative', 'positive']","[None, None, None]","[False, False, False]",3,False,True
mams_train_02680,mams,train,The hostess failed to inform us of that the restuarnt was hosting a private company party when we made the reservation.,"['staff', 'miscellaneous']","['Service', 'General']","['negative', 'neutral']","[None, None]","[False, False]",2,False,True
mams_train_02681,mams,train,"We waited forever for our orders, our drinks came out AFTER our food, we never got refills on water, we had to ask like three times for extra dressing, and our waiter was rude.","['food', 'ambience', 'staff']","['Food', 'Ambience', 'Service']","['neutral', 'neutral', 'negative']","[None, None, None]","[False, False, False]",3,False,True
mams_train_02682,mams,train,"We asked the chef if it was possible to have two different tasting menus, to which he was quick and eager to comply.","['staff', 'menu']","['Service', 'General']","['neutral', 'positive']","[None, None]","[False, False]",2,False,True
mams_train_02683,mams,train,"The service was very rushed and as we were finishing our drinks and paying our bill, the owner asked us to leave so he could seat other people at our table.","['service', 'food', 'staff']","['Service', 'Food', 'Service']","['negative', 'neutral', 'negative']","[None, None, None]","[False, False, False]",3,False,True
mams_train_02684,mams,train,Our waiter was great and we even got drinks and some food courtesy of the cheff- maybe because it wasn't so busy when we went.,"['staff', 'food']","['Service', 'Food']","['positive', 'neutral']","[None, None]","[False, False]",2,False,True
mams_train_02685,mams,train,The manager very politely told the drunk man that he could leave and then gave everyone on the resturaunt a free glass of port for having to witness it.,"['staff', 'miscellaneous']","['Service', 'General']","['positive', 'neutral']","[None, None]","[False, False]",2,False,True
mams_train_02686,mams,train,"Oh, you should have seen the look on the waiter's face when we told him we didn't want any coffee after the meal.","['staff', 'food']","['Service', 'Food']","['negative', 'neutral']","[None, None]","[False, False]",2,False,True
mams_train_02687,mams,train,"All the dishes that we had at our table were consistently good, although not great (nor poor, either).","['food', 'miscellaneous']","['Food', 'General']","['positive', 'neutral']","[None, None]","[False, False]",2,False,True
mams_train_02688,mams,train,Delivery portions are bigger and 2 can easily share 1 entree.,"['miscellaneous', 'food']","['General', 'Food']","['positive', 'neutral']","[None, None]","[False, False]",2,False,True
mams_train_02689,mams,train,"No specials and no crab limited the menu choices, and the toast for my (very average) foie gras arrived 5 minutes after the rest of the food, and was cold and burnt.","['food', 'menu']","['Food', 'General']","['negative', 'neutral']","[None, None]","[False, False]",2,False,True
mams_train_02690,mams,train,"If I went back, I'd have dinner in the bar--better service and even better atmosphere.","['food', 'place', 'service']","['Food', 'General', 'Service']","['neutral', 'neutral', 'positive']","[None, None, None]","[False, False, False]",3,False,True
mams_train_02691,mams,train,We felt the waiter and captain rushed us through our meal.,"['staff', 'food']","['Service', 'Food']","['negative', 'neutral']","[None, None]","[False, False]",2,False,True
mams_train_02692,mams,train,"The worst occasion, and the final straw for me was when myself and four friends were told that we could have a table if we moved away from our stools at the bar.","['food', 'place']","['Food', 'General']","['negative', 'neutral']","[None, None]","[False, False]",2,False,True
mams_train_02693,mams,train,"Servers are layed back, but food arrives rapidly.","['staff', 'food']","['Service', 'Food']","['negative', 'positive']","[None, None]","[False, False]",2,False,True
mams_train_02694,mams,train,Wine has had C-Tails at the bar(SUPRISE!!!),"['food', 'place']","['Food', 'General']","['positive', 'neutral']","[None, None]","[False, False]",2,False,True
mams_train_02695,mams,train,"I went there for lunch a couple of times but whenever I went there (even though we pinpointed our order on menu), waitress messed up our order and they never said sorry.","['food', 'menu', 'staff']","['Food', 'General', 'Service']","['neutral', 'neutral', 'negative']","[None, None, None]","[False, False, False]",3,False,True
mams_train_02696,mams,train,Xunta's tapas dishes were great though a little pricey for small plates.,"['food', 'miscellaneous']","['Food', 'General']","['positive', 'negative']","[None, None]","[False, False]",2,False,True
mams_train_02697,mams,train,"Their Billy-Cheese steak sandwich is very good, too, but last I was there it wasn't on the menu, at least not for dinner anyway.","['food', 'menu']","['Food', 'General']","['negative', 'neutral']","[None, None]","[False, False]",2,False,True
mams_train_02698,mams,train,We had the tasting menu -- which was not a meal!!!,"['menu', 'food']","['General', 'Food']","['positive', 'neutral']","[None, None]","[False, False]",2,False,True
mams_train_02699,mams,train,We had a very nice and entertaining waitress who was very much on top of our table.,"['staff', 'miscellaneous']","['Service', 'General']","['positive', 'neutral']","[None, None]","[False, False]",2,False,True
mams_train_02700,mams,train,Portion was just a bit small compare with other restaurant but the price was lower than usualy as well (7.,"['miscellaneous', 'price']","['General', 'Price']","['negative', 'positive']","[None, None]","[False, False]",2,False,True
mams_train_02701,mams,train,"We actually gave 10% tip (which we have never done despite mediocre food and service), because we felt totally ripped off.","['price', 'food']","['Price', 'Food']","['neutral', 'negative']","[None, None]","[False, False]",2,False,True
mams_train_02702,mams,train,We sat soaked in red wine for 20 minutes eating our meals w/o the wine b/c the server saw us like that but did nothing until we stopped him.,"['food', 'staff']","['Food', 'Service']","['neutral', 'negative']","[None, None]","[False, False]",2,False,True
mams_train_02703,mams,train,"I've eaten at this Zen Palate location a few times, and each time have had the same reaction- I feel the food's sub-par, but decide to give it another chance and order something else.","['place', 'food']","['General', 'Food']","['neutral', 'negative']","[None, None]","[False, False]",2,False,True
mams_train_02704,mams,train,Diners at the bar watch busy chefs scoop lobster salad onto warm brioche rolls.,"['place', 'food']","['General', 'Food']","['neutral', 'positive']","[None, None]","[False, False]",2,False,True
mams_train_02705,mams,train,"The food and appearance of Alfama is quite nice but the menu is a bit deceptive in that my grilled shrimp (Peri Peri) consisted of an entree plate with three shrimp, no veggies or starch.","['food', 'menu']","['Food', 'General']","['positive', 'negative']","[None, None]","[False, False]",2,False,True
mams_train_02706,mams,train,My vegetable Napoleon was good; although i first got the veggie burger because the waitress mis-heard and stood my friend up for another 15 minutes of waiting to have it served.,"['food', 'service']","['Food', 'Service']","['positive', 'negative']","[None, None]","[False, False]",2,False,True
mams_train_02707,mams,train,"Went with a large group of 7 ladies before a show, and the staff was extremely obliging, even when one person was late and we had to wrap up her dinner to take to her.","['staff', 'food']","['Service', 'Food']","['positive', 'neutral']","[None, None]","[False, False]",2,False,True
mams_train_02708,mams,train,"A cocky, arrogant and shockingly condescending manager (all of 22 years-old) then told us we should leave the restaurant if we wouldn't move to the bar.","['staff', 'place']","['Service', 'General']","['negative', 'neutral']","[None, None]","[False, False]",2,False,True
mams_train_02709,mams,train,Then the huffy hostess when we asked to be seated at a table not directly on-top of another couple.,"['staff', 'miscellaneous']","['Service', 'General']","['negative', 'neutral']","[None, None]","[False, False]",2,False,True
mams_train_02710,mams,train,"Our waitress left halfway through dinner, without explanation, and was replaced by another waiter.","['staff', 'food']","['Service', 'Food']","['negative', 'neutral']","[None, None]","[False, False]",2,False,True
mams_train_02711,mams,train,Service during either brunch or dinner could be quicker and more attentive at times.,"['service', 'food']","['Service', 'Food']","['positive', 'neutral']","[None, None]","[False, False]",2,False,True
mams_train_02712,mams,train,"You can undoubtedly get better food and service for the price at other places, but certainly not with those views!","['food', 'price']","['Food', 'Price']","['positive', 'neutral']","[None, None]","[False, False]",2,False,True
mams_train_02713,mams,train,"Not including the tip for our server, who we saw twice in an hour?","['price', 'staff']","['Price', 'Service']","['neutral', 'negative']","[None, None]","[False, False]",2,False,True
mams_train_02714,mams,train,"Other than its impossible reservation (no matter how many months you call in advance, the only available time slots for dinner on a Saturday are always 4:45 or 9:45), Peter Luger is worth the drive over to Brooklyn.","['miscellaneous', 'food']","['General', 'Food']","['negative', 'neutral']","[None, None]","[False, False]",2,False,True
mams_train_02715,mams,train,"Reservations are no guarantee of prompt seating, have a pre-game drink, pop a xanax and you can handle the drama of having a res and getting no love from the hostess.","['miscellaneous', 'food', 'staff']","['General', 'Food', 'Service']","['neutral', 'neutral', 'positive']","[None, None, None]","[False, False, False]",3,False,True
mams_train_02716,mams,train,"They were out of cherry, so we got a few slices of apple and one key lime.","['miscellaneous', 'food']","['General', 'Food']","['negative', 'neutral']","[None, None]","[False, False]",2,False,True
mams_train_02717,mams,train,I have no complaints about the wait or the service but the pizza was not at all something to write home about.,"['service', 'food']","['Service', 'Food']","['positive', 'negative']","[None, None]","[False, False]",2,False,True
mams_train_02718,mams,train,"and you have to order through a pane of bulletproof glass, but the fact of the matter is, after a night of hard drinkin', college style, nothing hits the spot like a big box of inexpensive chicken and fries.","['food', 'miscellaneous']","['Food', 'General']","['positive', 'neutral']","[None, None]","[False, False]",2,False,True
mams_train_02719,mams,train,The snooty manager asked us to leave and gave us our check in the middle of our meal.,"['staff', 'food']","['Service', 'Food']","['negative', 'neutral']","[None, None]","[False, False]",2,False,True
mams_train_02720,mams,train,"Maybe go there for the view, but don't bother eating there, go to the bar.","['miscellaneous', 'place']","['General', 'General']","['positive', 'neutral']","[None, None]","[False, False]",2,False,True
mams_train_02721,mams,train,"Service was prompt, although at times the waiters seemed to be spending more time dealing with the overflow from the bar than the diners (ever heard of cocktail waiters).","['service', 'place', 'price', 'staff']","['Service', 'General', 'Price', 'Service']","['negative', 'neutral', 'neutral', 'neutral']","[None, None, None, None]","[False, False, False, False]",4,False,True
mams_train_02722,mams,train,Its good to go there for drinks if you don't want to get drunk because you'll be lucky if you can get one drink an hour the service is so bad.,"['food', 'service']","['Food', 'Service']","['positive', 'negative']","[None, None]","[False, False]",2,False,True
mams_train_02723,mams,train,"My companion went to the bathroom and overheard the waiter singing near the back of the place The cappuccino machine is broken, It's broken.","['place', 'staff']","['General', 'Service']","['neutral', 'negative']","[None, None]","[False, False]",2,False,True
mams_train_02724,mams,train,I am vegetarian - so this review applies only to the veg portion of their menu.,"['miscellaneous', 'menu']","['General', 'General']","['positive', 'neutral']","[None, None]","[False, False]",2,False,True
mams_train_02725,mams,train,"after such a strong showing, dessert was a letdown per our waiters recommendation, we ordered the raspberry softie the coconut-stuffed apricots the softie tasted like a mixture between cough syrup a starburst, whereas the apricots were extremely sour.","['food', 'staff']","['Food', 'Service']","['negative', 'neutral']","[None, None]","[False, False]",2,False,True
mams_train_02726,mams,train,Asked for wine recommendations and the waitress told me her favorites and described them in detail - I don't encounter this much in NYC.,"['food', 'staff']","['Food', 'Service']","['neutral', 'positive']","[None, None]","[False, False]",2,False,True
mams_train_02727,mams,train,"That being said, they do have a nice lounge area downstairs where you can just hang out, have a seat, and relax (no more waiting out in the cold or at the crowded bar).","['service', 'place']","['Service', 'General']","['negative', 'positive']","[None, None]","[False, False]",2,False,True
mams_train_02728,mams,train,"Just expect to wait a good twenty minutes before they take your order (even when the restaurant is half empty), you'll have to ask at least 5 waiters and a manager for coffee before they bring it to you and when they bring your orders out wrong, expect the manager to side with the chef and not you.","['staff', 'food']","['Service', 'Food']","['negative', 'neutral']","[None, None]","[False, False]",2,False,True
mams_train_02729,mams,train,We were not seated by a hostess (and as a result didn't receive menus or water for a good while) and were rushed out as the restaurant closed an hour after we arrived.,"['staff', 'menu']","['Service', 'General']","['negative', 'neutral']","[None, None]","[False, False]",2,False,True
mams_train_02730,mams,train,"Seconds after we permitted our half-eaten fattened goose livers to be whisked away, our waitress materialized, bearing two cold drinks and the chef's profound apologies for the dish - a completely unneccessary but vastly appreciated gesture.","['staff', 'food', 'miscellaneous']","['Service', 'Food', 'General']","['negative', 'neutral', 'negative']","[None, None, None]","[False, False, False]",3,False,True
mams_train_02731,mams,train,"When one of our party brazenly asked to substitue a flavor of gelato for one of the desserts on the menu, the waiter snobbishly told us that, Mario and the chef don't like to do that.","['food', 'menu', 'staff']","['Food', 'General', 'Service']","['neutral', 'neutral', 'negative']","[None, None, None]","[False, False, False]",3,False,True
mams_train_02732,mams,train,"Remember the 80's when you have to wait 1-2 hours for a table even though you have a reservation + the wait staff treated you like the idiot that you are for paying $2-300 per head for this treatment, then you should definately come to experience this jewel!!","['miscellaneous', 'staff']","['General', 'Service']","['neutral', 'negative']","[None, None]","[False, False]",2,False,True
mams_train_02733,mams,train,"While the place looks rather small and undecorated, I will definitely go back just for the food.","['place', 'food']","['General', 'Food']","['negative', 'positive']","[None, None]","[False, False]",2,False,True
mams_train_02734,mams,train,I love the complimentary hot salsa and fresh chips that they put on the table !,"['food', 'miscellaneous']","['Food', 'General']","['positive', 'neutral']","[None, None]","[False, False]",2,False,True
mams_train_02735,mams,train,After ordering our food was brought to our table very quickly despite the huge crowd.,"['food', 'miscellaneous']","['Food', 'General']","['positive', 'negative']","[None, None]","[False, False]",2,False,True
mams_train_02736,mams,train,"I guess Mars 2112 keeps the food bland for the family fare, but it only serves to detract from its overall experience.","['food', 'price']","['Food', 'Price']","['negative', 'neutral']","[None, None]","[False, False]",2,False,True
mams_train_02737,mams,train,"We had a plate of smoked meats, some stinky cheeses (that's how they were described on the menu), delicious marinated anchovies, and crostini with various vegetable toppings.","['food', 'menu']","['Food', 'General']","['positive', 'neutral']","[None, None]","[False, False]",2,False,True
mams_train_02738,mams,train,A good restaurant would have at least comped desert or sent over a round of drinks for such a long wait -- we didn't even get an apology from a manager.,"['food', 'staff']","['Food', 'Service']","['neutral', 'negative']","[None, None]","[False, False]",2,False,True
mams_train_02739,mams,train,"Actually, upon being seated in the tea room, we weren't even offered the tea menus and had to ask for it.","['place', 'menu']","['General', 'General']","['neutral', 'negative']","[None, None]","[False, False]",2,False,True
mams_train_02740,mams,train,"The Scene Behind the often-fogged windows at this small restaurant is a homey atmosphere, full of smiling employees and Filipino families crowded around simple red tables.","['miscellaneous', 'ambience', 'staff', 'place']","['General', 'Ambience', 'Service', 'General']","['neutral', 'positive', 'positive', 'positive']","[None, None, None, None]","[False, False, False, False]",4,False,True
mams_train_02741,mams,train,The staff was knowledgeable about the cuisine and answered my dining questions with professionalism and style.,"['staff', 'food']","['Service', 'Food']","['positive', 'neutral']","[None, None]","[False, False]",2,False,True
mams_train_02742,mams,train,"I like to drink a variety of teas, but I've had some here that are really weird that I would avoid next time.","['food', 'miscellaneous']","['Food', 'General']","['positive', 'neutral']","[None, None]","[False, False]",2,False,True
mams_train_02743,mams,train,"Sit at the bar, order a glass of wine, and grab an appetizer: they'll also bring you olives, parmesan cheese, a huge loaf of delicious bread and 3 dipping sauces.","['place', 'food']","['General', 'Food']","['neutral', 'positive']","[None, None]","[False, False]",2,False,True
mams_train_02744,mams,train,We recently went for dinner with two kids and the staff were very accomodating even without reservations.,"['food', 'staff']","['Food', 'Service']","['neutral', 'positive']","[None, None]","[False, False]",2,False,True
mams_train_02745,mams,train,"Service was slow (20 minutes wait time before they came back with our drinks, not including 10 minute wait for them to take our drink order).","['service', 'food']","['Service', 'Food']","['negative', 'neutral']","[None, None]","[False, False]",2,False,True
mams_train_02746,mams,train,"But, as I said, it's a dive bar, so it's not someplace you'd take a high-maintenance individual.","['place', 'miscellaneous']","['General', 'General']","['neutral', 'negative']","[None, None]","[False, False]",2,False,True
mams_train_02747,mams,train,"sometimes i've just ordered arepas and empanadas for my meal; other times, i've split a dinner entree and an appetizer with a friend and been satisfied, since the portions are so huge.","['food', 'miscellaneous']","['Food', 'General']","['neutral', 'positive']","[None, None]","[False, False]",2,False,True
mams_train_02748,mams,train,Go there for dinner this time and find it unusually bad in taste and not pleasent service at all.,"['food', 'service']","['Food', 'Service']","['neutral', 'negative']","[None, None]","[False, False]",2,False,True
mams_train_02749,mams,train,"my table of four was not totaly neglected, but there was a lag in how promptly we were being served.","['miscellaneous', 'service']","['General', 'Service']","['negative', 'positive']","[None, None]","[False, False]",2,False,True
mams_train_02750,mams,train,"The waiter was constantly puching us to have drinks, he told us that we were not ordering properly and insisted on bringing to the table his recommendations.","['staff', 'food']","['Service', 'Food']","['negative', 'neutral']","[None, None]","[False, False]",2,False,True
mams_train_02751,mams,train,Avoid this restaurant on a busy night at all costs -- they have yet to learn how to make the appropriate number of reservations; the front of the house and the managers are amateurs.,"['miscellaneous', 'staff']","['General', 'Service']","['neutral', 'negative']","[None, None]","[False, False]",2,False,True
mams_train_02752,mams,train,When we finally had to see the manager because I had lemon juice spilled on me from the waiter- she even took over 10 minutes to come to the table.,"['staff', 'miscellaneous']","['Service', 'General']","['negative', 'neutral']","[None, None]","[False, False]",2,False,True
mams_train_02753,mams,train,Worth the trip and the wait (and the higher than average price)?,"['service', 'price']","['Service', 'Price']","['positive', 'negative']","[None, None]","[False, False]",2,False,True
mams_train_02754,mams,train,"The journey may be long and the wait may be longer, but there is nothing that could keep me from this pizza.","['service', 'food']","['Service', 'Food']","['negative', 'positive']","[None, None]","[False, False]",2,False,True
mams_train_02755,mams,train,My friend ordered the scallops which were served in a light red sauce that was complemented very nicely with atichoke palms.,"['service', 'food']","['Service', 'Food']","['neutral', 'positive']","[None, None]","[False, False]",2,False,True
mams_train_02756,mams,train,"Service is not particularly warm, but I've gone back again and again (for dinner) over the years on an almost monthly basis.","['service', 'food']","['Service', 'Food']","['negative', 'neutral']","[None, None]","[False, False]",2,False,True
mams_train_02757,mams,train,"However, another server kept hovering over our table, wanting to take our half-finished plates away.","['staff', 'miscellaneous']","['Service', 'General']","['negative', 'neutral']","[None, None]","[False, False]",2,False,True
mams_train_02758,mams,train,"When questioning our server about a certain dish, she kindly brought over the Union Sq.","['staff', 'food']","['Service', 'Food']","['positive', 'neutral']","[None, None]","[False, False]",2,False,True
mams_train_02759,mams,train,"Instead of going to a fun lounge after dinner, as planned, everyone had paid so much, that we went to a dive bar for the rest of the night for cheap drinks.","['food', 'place']","['Food', 'General']","['positive', 'neutral']","[None, None]","[False, False]",2,False,True
mams_train_02760,mams,train,"The Food The versatile Austrian menu, fused with French and American, rewards both high and low-end appetites: rich, cheese-laden onion soup, grilled Gruyere and country ham sandwiches and big-bunned burgers are as satisfying as velvety liver terrine with kumquat-cranberry compote, speck and sausage charcuterie and inexpensive cheese plates.","['food', 'menu', 'miscellaneous']","['Food', 'General', 'General']","['positive', 'neutral', 'positive']","[None, None, None]","[False, False, False]",3,False,True
mams_train_02761,mams,train,"Bar has, french fries, bunch of different vegs and fruits, sushi, ribs (not great, wait for the waiters that come around with the meat).","['place', 'food', 'staff']","['General', 'Food', 'Service']","['neutral', 'positive', 'neutral']","[None, None, None]","[False, False, False]",3,False,True
mams_train_02762,mams,train,The waiter seemed astounded that I ordered no wine or alcohol -- just water -- with my meal.,"['staff', 'food']","['Service', 'Food']","['negative', 'neutral']","[None, None]","[False, False]",2,False,True
mams_train_02763,mams,train,The food and drinks held up to eatery's rep and the service was just as good if not better.,"['food', 'service']","['Food', 'Service']","['neutral', 'positive']","[None, None]","[False, False]",2,False,True
mams_train_02764,mams,train,Those who choose an omakase (chef's choice) menu will be happily surprised with accents of jalapeno or swaths of homemade sauce cleverly accenting rolls and sushi alike.,"['food', 'staff', 'menu']","['Food', 'Service', 'General']","['positive', 'neutral', 'positive']","[None, None, None]","[False, False, False]",3,False,True
mams_train_02765,mams,train,"As for the food, apart from the Chef's Omakase, the appetizers and rolls are just below mediocre for the price they charged.","['food', 'staff', 'price']","['Food', 'Service', 'Price']","['negative', 'neutral', 'negative']","[None, None, None]","[False, False, False]",3,False,True
mams_train_02766,mams,train,"Not only did they refuse to give me any milk but they charged me full price ($9) for plain udon noodles - no broth, veggies, or meat just wet noodles in a bowl.","['price', 'miscellaneous']","['Price', 'General']","['negative', 'neutral']","[None, None]","[False, False]",2,False,True
mams_train_02767,mams,train,"When the ice cream cake I ordered didnt hold up in their regular freezers temperature, Giovanny immediately had a server run out and got an identical cake in 15 minutes.","['miscellaneous', 'staff']","['General', 'Service']","['neutral', 'positive']","[None, None]","[False, False]",2,False,True
mams_train_02768,mams,train,"I went on a Saturday night on the recommendation of the new General Manager, Mike who also did Cheetah Club and Le Souk.","['food', 'place']","['Food', 'General']","['positive', 'neutral']","[None, None]","[False, False]",2,False,True
mams_train_02769,mams,train,I definitely liked the vibe in the restaurant - the food is good with enough variety to please everyone - i'd say the portions were quite skimpy where it counts - meat whether fish or steak- and for those prices this is very irksome.,"['ambience', 'food', 'miscellaneous']","['Ambience', 'Food', 'General']","['neutral', 'positive', 'negative']","[None, None, None]","[False, False, False]",3,False,True
mams_train_02770,mams,train,"At one point, I spilled my water glass--when I informed the waiter of this he said he would clean it up--he never got around to it.","['miscellaneous', 'staff']","['General', 'Service']","['neutral', 'negative']","[None, None]","[False, False]",2,False,True
mams_train_02771,mams,train,"Ok, it's not greasy steak and juicy burger good, but it's a light healthy fare, if you are into that kind of stuff.","['price', 'staff']","['Price', 'Service']","['positive', 'neutral']","[None, None]","[False, False]",2,False,True
mams_train_02772,mams,train,The food had a somewhat elevated price tag but but fair considering the Nobu origin - The cocktails highly recommended including the spide and lobster roll - we were well plated and did not encounter any arragance from the staff - maybe the other student reviewers are used to cafeteria service.,"['price', 'food', 'miscellaneous', 'staff', 'service']","['Price', 'Food', 'General', 'Service', 'Service']","['negative', 'positive', 'positive', 'negative', 'negative']","[None, None, None, None, None]","[False, False, False, False, False]",5,False,True
mams_train_02773,mams,train,"The only bad thing was that the third alien was so friendly and took a lot of time at the other tables, so she didn't come see us.","['miscellaneous', 'place']","['General', 'General']","['positive', 'neutral']","[None, None]","[False, False]",2,False,True
mams_train_02774,mams,train,"After being seated outside by the host, a waitress came over and yelled at us for taking a table that belonged to people waiting at the bar.","['staff', 'service']","['Service', 'Service']","['negative', 'neutral']","[None, None]","[False, False]",2,False,True
mams_train_02775,mams,train,"Summary good service, bad food!","['service', 'food']","['Service', 'Food']","['positive', 'negative']","[None, None]","[False, False]",2,False,True
mams_train_02776,mams,train,"We were able to get a table right away on Friday night, but we only saw our server twice and he failed to give us the specials, we overheard him tell the table right next to us after we had ordered and were already into our salads.","['staff', 'food']","['Service', 'Food']","['negative', 'neutral']","[None, None]","[False, False]",2,False,True
mams_train_02777,mams,train,People will literally spend their entire lunch break waiting and for what - an average fastfood burger.,"['food', 'service']","['Food', 'Service']","['negative', 'neutral']","[None, None]","[False, False]",2,False,True
mams_train_02778,mams,train,"huuge portions, which made it much easier paying the $350 bill.","['miscellaneous', 'price']","['General', 'Price']","['positive', 'neutral']","[None, None]","[False, False]",2,False,True
mams_train_02779,mams,train,"The Food Brasserie favorites are prepared by the book: Onion soup gratinee bubbles with a thick layer of Gruyere cheese, and grilled shell steak is served medium-rare, with a side of crisp shoestring potatoes.","['food', 'service']","['Food', 'Service']","['positive', 'neutral']","[None, None]","[False, False]",2,False,True
mams_train_02780,mams,train,"Unfortunately, as we were finishing up, the manager hovered around us and asked us to go to the bar to finish our drinks because there were other people waiting.","['staff', 'place', 'food', 'service']","['Service', 'General', 'Food', 'Service']","['negative', 'neutral', 'neutral', 'neutral']","[None, None, None, None]","[False, False, False, False]",4,False,True
mams_train_02781,mams,train,"I adore Zen Palate - and both the formal upstairs dining room and the crowded, counter-style cafe downstair, have their pros and cons.","['miscellaneous', 'food']","['General', 'Food']","['positive', 'neutral']","[None, None]","[False, False]",2,False,True
mams_train_02782,mams,train,"The last time I went to the restaurant, the waitress made me wait to take my order, then left me without anything to drink throughout the entire meal.","['staff', 'food']","['Service', 'Food']","['negative', 'neutral']","[None, None]","[False, False]",2,False,True
mams_train_02783,mams,train,There's very little on their menu if you're trying to avoid cheese and oil - not many grilled entrees at all.,"['menu', 'food']","['General', 'Food']","['neutral', 'negative']","[None, None]","[False, False]",2,False,True
mams_train_02784,mams,train,"The entree menu is not diverse, but the items on it are all very good.","['menu', 'food']","['General', 'Food']","['negative', 'positive']","[None, None]","[False, False]",2,False,True
mams_train_02785,mams,train,"Our waitress asked us if we wanted anything else, we said only the check - she quickly scooped up our not-yet finished food.","['staff', 'food']","['Service', 'Food']","['negative', 'neutral']","[None, None]","[False, False]",2,False,True
mams_train_02786,mams,train,"The upside of Zen Palate is the open kitchen, which allows you to watch the cooks at work and removes fears of who only knows what the chefs are doing in the back.","['miscellaneous', 'place', 'staff']","['General', 'General', 'Service']","['neutral', 'neutral', 'positive']","[None, None, None]","[False, False, False]",3,False,True
mams_train_02787,mams,train,Waiters had to reach over people to deliver food.,"['staff', 'food']","['Service', 'Food']","['negative', 'neutral']","[None, None]","[False, False]",2,False,True
mams_train_02788,mams,train,"The bar bites weren't anything special (we had calamari and wings, very ordinary), but our dinner was phenomonal, as was our service.","['place', 'food']","['General', 'Food']","['neutral', 'positive']","[None, None]","[False, False]",2,False,True
mams_train_02789,mams,train,It took the waiter over 30 minutes to get our food because the order was misplaced.,"['staff', 'food']","['Service', 'Food']","['negative', 'neutral']","[None, None]","[False, False]",2,False,True
mams_train_02790,mams,train,"This seems to be a big hit and draws a large crowd, so be prepared for a wait.","['miscellaneous', 'service']","['General', 'Service']","['positive', 'neutral']","[None, None]","[False, False]",2,False,True
mams_train_02791,mams,train,"The Scene Though this looks like any other sushi counter, with purple vinyl booths and a koi pond in the small dining room, there are glimpses of superiority.","['miscellaneous', 'place']","['General', 'General']","['neutral', 'negative']","[None, None]","[False, False]",2,False,True
mams_train_02792,mams,train,One of my favorite places to get a cup of tea or to have a casual brunch with the newspaper.,"['food', 'place']","['Food', 'General']","['neutral', 'positive']","[None, None]","[False, False]",2,False,True
mams_train_02793,mams,train,"(The booths remained unoccupied throughout our meal, unless you count the not-very-busy waitstaff.","['food', 'staff']","['Food', 'Service']","['neutral', 'negative']","[None, None]","[False, False]",2,False,True
mams_train_02794,mams,train,"95 all-you-can-eat lunch is tooted as a good deal but a the ambiance is dreadful and you can get a terrific meal, also kosher vegetarian, in peace with service just around the corner for $2 more.","['food', 'service']","['Food', 'Service']","['positive', 'neutral']","[None, None]","[False, False]",2,False,True
mams_train_02795,mams,train,The place was very crowded usually it is a good indication that the food would be worth the delay.,"['place', 'food']","['General', 'Food']","['negative', 'positive']","[None, None]","[False, False]",2,False,True
mams_train_02796,mams,train,"Low-fat and low-carb options (such as flatbread) lure in health-conscious diners, while everyone else can sink their teeth into warm, crispy baguettes piled with mesquite chicken or smoked turkey, Philly cheese steaks and more.","['miscellaneous', 'food', 'price']","['General', 'Food', 'Price']","['positive', 'neutral', 'neutral']","[None, None, None]","[False, False, False]",3,False,True
mams_train_02797,mams,train,Our server seemed to be new because he continually had to go back to the kitchen to check on menu items.,"['staff', 'menu']","['Service', 'General']","['negative', 'neutral']","[None, None]","[False, False]",2,False,True
mams_train_02798,mams,train,"I finally cancelled our order, the waiter came back in 5 min with our plates.","['staff', 'miscellaneous']","['Service', 'General']","['negative', 'neutral']","[None, None]","[False, False]",2,False,True
mams_train_02799,mams,train,The menu has many dishes that one can't find anywhere in the city.,"['menu', 'food']","['General', 'Food']","['neutral', 'positive']","[None, None]","[False, False]",2,False,True
mams_train_02800,mams,train,"Called to complain and the response was well, we didn't charge you for the falafel sandwich we shorted you.","['miscellaneous', 'food']","['General', 'Food']","['positive', 'neutral']","[None, None]","[False, False]",2,False,True
mams_train_02801,mams,train,I ordered the strip steak medium - the waiter or the chef reversed our requests.,"['food', 'staff']","['Food', 'Service']","['neutral', 'negative']","[None, None]","[False, False]",2,False,True
mams_train_02802,mams,train,"The tasting menu was delivered at a break-neck pace, leaving no time to enjoy the wine or even digest the food.","['menu', 'food', 'miscellaneous']","['General', 'Food', 'General']","['positive', 'positive', 'neutral']","[None, None, None]","[False, False, False]",3,False,True
mams_train_02803,mams,train,"The owner himself one time came to our table to clear our dishes when our waiter didn't show (a rare occurance, but it was late at night).","['staff', 'food']","['Service', 'Food']","['negative', 'neutral']","[None, None]","[False, False]",2,False,True
mams_train_02804,mams,train,The food is really great but the service is absolutely horrible!,"['food', 'service']","['Food', 'Service']","['positive', 'negative']","[None, None]","[False, False]",2,False,True
mams_train_02805,mams,train,"I went back a different night, once again I can't remember which, probably Friday and the place was a ghost town, with a corny DJ and a waitress who couldn't get my friend's drink right after several tries.","['place', 'staff', 'food']","['General', 'Service', 'Food']","['neutral', 'negative', 'neutral']","[None, None, None]","[False, False, False]",3,False,True
mams_train_02806,mams,train,My next thought was god i could use a few drinks and a bathroom.,"['food', 'place']","['Food', 'General']","['negative', 'neutral']","[None, None]","[False, False]",2,False,True
mams_train_02807,mams,train,"When asked to compare between two dishes, the server said whatever you like.","['food', 'staff']","['Food', 'Service']","['neutral', 'negative']","[None, None]","[False, False]",2,False,True
mams_train_02808,mams,train,"Start by enjoying the atmosphere while having a glass of wine at the bar and we you are ready, go and enjoy your food!","['ambience', 'place']","['Ambience', 'General']","['positive', 'neutral']","[None, None]","[False, False]",2,False,True
mams_train_02809,mams,train,Apparently the same hostess was also trying to kick out a group of women having drinks at a table and giving them a hard time for holding up a table.,"['staff', 'food']","['Service', 'Food']","['negative', 'neutral']","[None, None]","[False, False]",2,False,True
mams_train_02810,mams,train,"Needing a sugar fix, my husband and I walked in here to find a wall to wall adornment of delightful confections.","['food', 'miscellaneous']","['Food', 'General']","['neutral', 'positive']","[None, None]","[False, False]",2,False,True
mams_train_02811,mams,train,One of our diners didn't like her fish and both the waitress and the manager insisted on replacing it.,"['food', 'staff']","['Food', 'Service']","['negative', 'neutral']","[None, None]","[False, False]",2,False,True
mams_train_02812,mams,train,"My friend and I were the ONLY 2 people in the entire place seated for dinner and after sitting there for 15 minutes, I had to walk over to our surly waiter and ask for menus.","['service', 'food', 'staff']","['Service', 'Food', 'Service']","['neutral', 'neutral', 'negative']","[None, None, None]","[False, False, False]",3,False,True
mams_train_02813,mams,train,"The tables weren't bussed and they forgot to make my chai tea, which wasn't all that delicious, not was my friend's coffee.","['place', 'food']","['General', 'Food']","['negative', 'positive']","[None, None]","[False, False]",2,False,True
mams_train_02814,mams,train,Don't miss the crema catalana the waiter recommended us for dessert.,"['staff', 'food']","['Service', 'Food']","['positive', 'neutral']","[None, None]","[False, False]",2,False,True
mams_train_02815,mams,train,"The place is a little over-priced for brunch but it is a nice restaurant so that was expected Food (i had the omelette with cheddar, mushrooms and herbs), service, coffee, atmosphere were all fantastic.","['place', 'food', 'service', 'ambience']","['General', 'Food', 'Service', 'Ambience']","['negative', 'positive', 'positive', 'positive']","[None, None, None, None]","[False, False, False, False]",4,False,True
mams_train_02816,mams,train,I went for an early dinner the other night and encountered the worst service i have experienced in a long time.,"['food', 'service']","['Food', 'Service']","['neutral', 'negative']","[None, None]","[False, False]",2,False,True
mams_train_02817,mams,train,The hostess told me she could accomodate my group without a reservation but we ended up waiting nearly an hour and were seated in the smallest cramped area.,"['staff', 'miscellaneous', 'place']","['Service', 'General', 'General']","['negative', 'neutral', 'negative']","[None, None, None]","[False, False, False]",3,False,True
mams_train_02818,mams,train,Super friendly neighboorhood atmosphere where even a lady can go alone and have a drink and feel comfortable.,"['ambience', 'food']","['Ambience', 'Food']","['positive', 'neutral']","[None, None]","[False, False]",2,False,True
mams_train_02819,mams,train,"If coming to Tea and Anthipathy (yea u heard me) during conventional dining hours, expect a good long wait on the curb till tables open up.","['food', 'service']","['Food', 'Service']","['neutral', 'negative']","[None, None]","[False, False]",2,False,True
mams_train_02820,mams,train,"Thought I didn't have reservations, the hostess politely informed me that it would be a 45 minute wait and we were actually seated in 40.","['miscellaneous', 'staff']","['General', 'Service']","['neutral', 'positive']","[None, None]","[False, False]",2,False,True
mams_train_02821,mams,train,"the staff is great, but the food is just ok.","['staff', 'food']","['Service', 'Food']","['positive', 'negative']","[None, None]","[False, False]",2,False,True
mams_train_02822,mams,train,And Mondays fajita are half price all night.,"['food', 'price']","['Food', 'Price']","['neutral', 'positive']","[None, None]","[False, False]",2,False,True
mams_train_02823,mams,train,The staff is very friendly too~  Everything is wonderful about this place except for the bathroom.,"['staff', 'place']","['Service', 'General']","['positive', 'negative']","[None, None]","[False, False]",2,False,True
mams_train_02824,mams,train,To make matters worse an hour into our dinner we see a waiter take mojitos to another table.,"['food', 'staff']","['Food', 'Service']","['neutral', 'negative']","[None, None]","[False, False]",2,False,True
mams_train_02825,mams,train,"Bringing a large group on a busy Saturday night ,I was afraid quality of food and service might not be up to par, but we were seated promptly and the service by our waitress was fantastic considering how busy it was.","['food', 'service', 'staff']","['Food', 'Service', 'Service']","['negative', 'positive', 'positive']","[None, None, None]","[False, False, False]",3,False,True
mams_train_02826,mams,train,"Fifteen minutes later, when we asked about our drinks, another server went to investigate and found that they'd run out of one of the liqueurs they needed and had gone out to get more -- which is fine, but it would've been nice to know.","['food', 'staff']","['Food', 'Service']","['neutral', 'negative']","[None, None]","[False, False]",2,False,True
mams_train_02827,mams,train,We were also seated promptly at the time of our reservation and the service was very quick and professional.,"['miscellaneous', 'service']","['General', 'Service']","['neutral', 'positive']","[None, None]","[False, False]",2,False,True
mams_train_02828,mams,train,"After 45 mins of waiting in an sans air conditioned bar, we grew tired of paying for over-priced drinks.","['place', 'food']","['General', 'Food']","['neutral', 'negative']","[None, None]","[False, False]",2,False,True
mams_train_02829,mams,train,PLUS the best wine can be found in the bar but they refused to sell us a bottle!!,"['food', 'place']","['Food', 'General']","['positive', 'neutral']","[None, None]","[False, False]",2,False,True
mams_train_02830,mams,train,I recently attended a celebratory dinner here and I just want to warn everyone that the service is the worst I have ever experienced!,"['food', 'service']","['Food', 'Service']","['neutral', 'negative']","[None, None]","[False, False]",2,False,True
mams_train_02831,mams,train,"It's very cheap, food is great you can bring your own bottle of wine (saves sooo much money) The waiters will uncork it bring you glasses too !","['food', 'staff', 'miscellaneous']","['Food', 'Service', 'General']","['positive', 'positive', 'neutral']","[None, None, None]","[False, False, False]",3,False,True
mams_train_02832,mams,train,The Scene Inconspicuous Bottino is an ideal stop for a light lunch or full dinner while gallery-hopping through Chelsea.,"['miscellaneous', 'food']","['General', 'Food']","['neutral', 'positive']","[None, None]","[False, False]",2,False,True
mams_train_02833,mams,train,Our lovely waiter sent us off with scones for breakfast the following AM!,"['staff', 'food']","['Service', 'Food']","['positive', 'neutral']","[None, None]","[False, False]",2,False,True
mams_train_02834,mams,train,Our waiter took his sweet time bringing the menus and telling us the specials and it wasn't until almost 10:15 that we put our order in.,"['staff', 'menu', 'food']","['Service', 'General', 'Food']","['positive', 'neutral', 'neutral']","[None, None, None]","[False, False, False]",3,False,True
mams_train_02835,mams,train,"On the menu, there are many inexpensive snacks, drinks and meals to choose from.","['menu', 'food']","['General', 'Food']","['neutral', 'positive']","[None, None]","[False, False]",2,False,True
mams_train_02836,mams,train,"The presentation was clever, and the food tasty however the service that accompanied it was so slow it made us feel neglected.","['miscellaneous', 'food', 'service']","['General', 'Food', 'Service']","['positive', 'positive', 'negative']","[None, None, None]","[False, False, False]",3,False,True
mams_train_02837,mams,train,I especially love the korean dish's they add into there menu consider its 2 for 1 its hard not to resist with asian cuisine being so expensive in all in New York.,"['food', 'menu']","['Food', 'General']","['positive', 'neutral']","[None, None]","[False, False]",2,False,True
mams_train_02838,mams,train,"While the people here were nice and the service was very good, the food was not very good - it was extremely greasy, the place did not offer alternatives such as egg whites and PAM spray instead of oil, coffee was average Crystal Rock Office Flavored Coffee - not the good coffee.","['service', 'food']","['Service', 'Food']","['positive', 'negative']","[None, None]","[False, False]",2,False,True
mams_train_02839,mams,train,"SQC is great in the evening, the light is excellent and it's perfect to sit at the bar, eat oysters on the half shell and have a glass of wine.","['ambience', 'place', 'food']","['Ambience', 'General', 'Food']","['positive', 'neutral', 'neutral']","[None, None, None]","[False, False, False]",3,False,True
mams_train_02840,mams,train,great trendy spot for a night out but to be honest the food was not worth the cost.,"['miscellaneous', 'food']","['General', 'Food']","['positive', 'negative']","[None, None]","[False, False]",2,False,True
mams_train_02841,mams,train,"I would have told the wait staff if anyone had asked me if I enjoyed my meal, but no one asked.","['staff', 'food']","['Service', 'Food']","['negative', 'positive']","[None, None]","[False, False]",2,False,True
mams_train_02842,mams,train,"Upstairs they have an entirely separate hostess, as if it was a different restaurant all together, where after being asked once again if we had a reservation we were seated in a small seat, in the corner, of a practically empty room.","['staff', 'miscellaneous']","['Service', 'General']","['negative', 'neutral']","[None, None]","[False, False]",2,False,True
mams_train_02843,mams,train,"And although I've noticed that the prices have gone up a little since they opened, it's still a great menu.","['price', 'menu']","['Price', 'General']","['negative', 'positive']","[None, None]","[False, False]",2,False,True
mams_train_02844,mams,train,"Service was a little but flawed, (they brought us beers without the glasses brought the main course out before cleaning off the appetizers) but nothing that would ruin your evening.","['service', 'food', 'miscellaneous']","['Service', 'Food', 'General']","['negative', 'neutral', 'neutral']","[None, None, None]","[False, False, False]",3,False,True
mams_train_02845,mams,train,"With only 2 tables occupied in the whole place, the waitress spent her time behind the bar and only came to help us when we got up and asked her to.","['place', 'staff']","['General', 'Service']","['neutral', 'negative']","[None, None]","[False, False]",2,False,True
mams_train_02846,mams,train,"As we attempted to digest our meal and browse the dessert menu, the same staff members approached us to move along our order.","['food', 'menu', 'staff']","['Food', 'General', 'Service']","['neutral', 'neutral', 'negative']","[None, None, None]","[False, False, False]",3,False,True
mams_train_02847,mams,train,I went there for lunch with co-workers and found the service to be prompt and very friendly.,"['food', 'service']","['Food', 'Service']","['neutral', 'positive']","[None, None]","[False, False]",2,False,True
mams_train_02848,mams,train,"They moved us upstairs to an area where they were setting up for a private party -- we had no server, and had to flag down people setting up for the party to get us drinks, silverware, water, etc.","['staff', 'food']","['Service', 'Food']","['negative', 'neutral']","[None, None]","[False, False]",2,False,True
mams_train_02849,mams,train,"When we received the bill, we asked the manager to do something about the drinks, considering how poor the service was and her reply was, Well, you got them!","['price', 'staff', 'food', 'service']","['Price', 'Service', 'Food', 'Service']","['neutral', 'positive', 'neutral', 'negative']","[None, None, None, None]","[False, False, False, False]",4,False,True
mams_train_02850,mams,train,I had a party of 9 reservation and was very disappointed at the service.,"['miscellaneous', 'service']","['General', 'Service']","['neutral', 'negative']","[None, None]","[False, False]",2,False,True
mams_train_02851,mams,train,"Our apetizers took quite a while to be served, in fact, while all the other tables that sat way after us were being served I asked the waiter what happened to our appetizers, the calamari was tough; The entrees were tasteless and really!, one have to be really bad to mess a simple pasta dish.","['food', 'place', 'staff']","['Food', 'General', 'Service']","['negative', 'neutral', 'negative']","[None, None, None]","[False, False, False]",3,False,True
mams_train_02852,mams,train,"Expect a crowd while waiting, but they seat quickly.","['miscellaneous', 'service']","['General', 'Service']","['negative', 'neutral']","[None, None]","[False, False]",2,False,True
mams_train_02853,mams,train,I must admit the times my family (6 or more) have had dinner there the service seemed to forget us after serving the main course.,"['food', 'service']","['Food', 'Service']","['neutral', 'negative']","[None, None]","[False, False]",2,False,True
mams_train_02854,mams,train,"We were seated promptly, and after an inordinate wait, somebody took our drink order and disappeared for half an hour.","['service', 'food']","['Service', 'Food']","['negative', 'neutral']","[None, None]","[False, False]",2,False,True
mams_train_02855,mams,train,"Although the atmosphere was lacking, I could definitely recommend a trip to Esca for the fish alone!","['ambience', 'food']","['Ambience', 'Food']","['negative', 'positive']","[None, None]","[False, False]",2,False,True
mams_train_02856,mams,train,"Though it might be a wait and the service might leave a little to be desired, anyone that has ever eaten there agrees that the food is worth it.","['service', 'food']","['Service', 'Food']","['negative', 'positive']","[None, None]","[False, False]",2,False,True
mams_train_02857,mams,train,"Best Baked Ziti in the area, great classic NY pizza.","['food', 'place']","['Food', 'General']","['positive', 'neutral']","[None, None]","[False, False]",2,False,True
mams_train_02858,mams,train,"We had reservations, and so did the strangers, and yet the management claimed the other tables were reserved.","['miscellaneous', 'staff', 'place']","['General', 'Service', 'General']","['neutral', 'negative', 'neutral']","[None, None, None]","[False, False, False]",3,False,True
mams_train_02859,mams,train,"The Scene North Square's discreet, sedate decor appeals to the largley older crowd occupying the dining room whilst a younger set parties in the back bar.","['miscellaneous', 'ambience', 'place']","['General', 'Ambience', 'General']","['positive', 'positive', 'neutral']","[None, None, None]","[False, False, False]",3,False,True
mams_train_02860,mams,train,When I asked the waitress she told me it was because I ordered pancakes.,"['staff', 'food']","['Service', 'Food']","['negative', 'neutral']","[None, None]","[False, False]",2,False,True
mams_train_02861,mams,train,"We went out on the town with the idea that we were going to mingle with the in crowd, you know, go to a place where you pay an outrageous cover charge, have to wear all black to fit in, and pay $12 for a watered-down martini, and if you're lucky, have a good time.","['food', 'miscellaneous']","['Food', 'General']","['neutral', 'positive']","[None, None]","[False, False]",2,False,True
mams_train_02862,mams,train,Much has been made of Island's lack of french fries--space and cost are cited on the menu--but an order of thick crispy salt and vinegar chips almost satisfies the craving.,"['food', 'place', 'menu']","['Food', 'General', 'General']","['negative', 'neutral', 'neutral']","[None, None, None]","[False, False, False]",3,False,True
mams_train_02863,mams,train,"Service was atrocious: appetizers came out 3 minutes after we ordered, and 10 minutes before we finally tracked down the bottle of wine we had ordered, the waiter rushed us from start to finish, we had to repeatedly track down someone to pour us more wine since it wasn't at the table, etc, etc.","['service', 'food', 'staff']","['Service', 'Food', 'Service']","['negative', 'neutral', 'negative']","[None, None, None]","[False, False, False]",3,False,True
mams_train_02864,mams,train,mapQuest before you go and you'll arrive early enough start off at the bar with a fabulous old school cocktail.,"['place', 'food']","['General', 'Food']","['neutral', 'positive']","[None, None]","[False, False]",2,False,True
mams_train_02865,mams,train,"The white tablecloths covering closely-packed, old wood tables; waitresses with accents and up-turned noses; warm firelight ambience; boisterous crowds drinking wine -- it's all here.","['staff', 'food']","['Service', 'Food']","['neutral', 'positive']","[None, None]","[False, False]",2,False,True
mams_train_02866,mams,train,My appetizer of endive and bleu cheese salad was a surprisingly large serving which balanced the striped bass entree (served on a bed of vegetables).,"['food', 'service']","['Food', 'Service']","['neutral', 'positive']","[None, None]","[False, False]",2,False,True
mams_train_02867,mams,train,"When we got there, they refused to seat us because our 4th wasn't there yet-even thought there were only two other people there and we assured them we would order some starters and drinks.","['miscellaneous', 'food']","['General', 'Food']","['negative', 'neutral']","[None, None]","[False, False]",2,False,True
mams_train_02868,mams,train,"Great roofdeck, nice group of 30 somethings, but no music, kind of quiet.","['food', 'ambience']","['Food', 'Ambience']","['positive', 'negative']","[None, None]","[False, False]",2,False,True
mams_train_02869,mams,train,"Though the service leaves a lot to be desired, and the waitstaff runs around like chickens without heads, the beer is cold, the sake is hot, and the sushi is out of this world!","['service', 'staff', 'food']","['Service', 'Service', 'Food']","['negative', 'negative', 'positive']","[None, None, None]","[False, False, False]",3,False,True
mams_train_02870,mams,train,People waiting for tables stand at a drink rail next to large windows which open out over a leafy garden in the summertime.,"['service', 'food', 'miscellaneous']","['Service', 'Food', 'General']","['neutral', 'neutral', 'positive']","[None, None, None]","[False, False, False]",3,False,True
mams_train_02871,mams,train,When the group arrived for the Noon lunch the restaurant was only partially set up and the group was forced to eat lunch while the staff noisily set up the restaurant around them.,"['food', 'staff']","['Food', 'Service']","['neutral', 'negative']","[None, None]","[False, False]",2,False,True
mams_train_02872,mams,train,"About 10 of us came here for drinks last friday, the atmosphere was good for chatting and hanging out, but not enough lounge or bar space, they should open up the back area w/ more loungable chairs or booths if they want to catch any after dinner sort of bar crowd.","['food', 'ambience', 'place']","['Food', 'Ambience', 'General']","['neutral', 'positive', 'neutral']","[None, None, None]","[False, False, False]",3,False,True
mams_train_02873,mams,train,"The waiters can shoot off a 5 minute long list of specials, and they know the menu very well.","['staff', 'menu']","['Service', 'General']","['positive', 'neutral']","[None, None]","[False, False]",2,False,True
mams_train_02874,mams,train,My friends and I went to dinner last weekend and had a great time.,"['food', 'miscellaneous']","['Food', 'General']","['neutral', 'positive']","[None, None]","[False, False]",2,False,True
mams_train_02875,mams,train,"beside i have to wait long time with my food, waiter service ok but unfriendly.","['food', 'service']","['Food', 'Service']","['neutral', 'negative']","[None, None]","[False, False]",2,False,True
mams_train_02876,mams,train,"Our waiter said 3 words to us, wisked away our food as we were finishing, and the maitre'd could not take his eyes off our table waiting for us to leave.","['staff', 'food', 'service']","['Service', 'Food', 'Service']","['negative', 'negative', 'neutral']","[None, None, None]","[False, False, False]",3,False,True
mams_train_02877,mams,train,"The only downside was our waitress -- she forgot to order one of our side dishes, was not attentive, and then gave us our check before we finished our bottle of wine.","['staff', 'food']","['Service', 'Food']","['negative', 'neutral']","[None, None]","[False, False]",2,False,True
mams_train_02878,mams,train,I spent more time looking for a waiter than I did enjoying my meal.,"['staff', 'food']","['Service', 'Food']","['negative', 'positive']","[None, None]","[False, False]",2,False,True
mams_train_02879,mams,train,"After sitting at the table with empty glasses for a 1/2 hour, we had to ask the busboys to get us drinks as our waiter was nowhere to be found.","['miscellaneous', 'food', 'staff']","['General', 'Food', 'Service']","['neutral', 'neutral', 'negative']","[None, None, None]","[False, False, False]",3,False,True
mams_train_02880,mams,train,The texture of their flat noodles is something that has to be experienced to understand.,"['miscellaneous', 'food']","['General', 'Food']","['negative', 'neutral']","[None, None]","[False, False]",2,False,True
mams_train_02881,mams,train,The only thing that was a little annoying was that the hostess didnt want to let us finish our first drinks at the bar and kept rushing us to sit down.,"['staff', 'food', 'place']","['Service', 'Food', 'General']","['negative', 'neutral', 'neutral']","[None, None, None]","[False, False, False]",3,False,True
mams_train_02882,mams,train,"You get plenty of food for the price, enough leftovers for lunch and they actually serve garlic chicken with lots of chicken and chinese vegetables.","['food', 'price']","['Food', 'Price']","['positive', 'neutral']","[None, None]","[False, False]",2,False,True
mams_train_02883,mams,train,"We heard two different servers telling tables about these specials, and when we asked to hear them, they wouldn't tell us them.","['staff', 'food']","['Service', 'Food']","['negative', 'neutral']","[None, None]","[False, False]",2,False,True
mams_train_02884,mams,train,the service was slow took ten mins to get me a glass of water.,"['service', 'miscellaneous', 'food']","['Service', 'General', 'Food']","['negative', 'neutral', 'neutral']","[None, None, None]","[False, False, False]",3,False,True
mams_train_02885,mams,train,"The freshness of the ingredients down to the perfection of the crust, it is truly the best.","['food', 'ambience']","['Food', 'Ambience']","['positive', 'neutral']","[None, None]","[False, False]",2,False,True
mams_train_02886,mams,train,"The menu looked good, except for offering the Chilean Sea Bass, but the server does not offer up the specials that were written on the board outside.","['menu', 'food', 'staff']","['General', 'Food', 'Service']","['positive', 'negative', 'negative']","[None, None, None]","[False, False, False]",3,False,True
mams_train_02887,mams,train,"The waiter, and someone at the next table, were both correct when they said that the lobster was delicious, but I though the price was a little steep.","['staff', 'food', 'price']","['Service', 'Food', 'Price']","['positive', 'positive', 'negative']","[None, None, None]","[False, False, False]",3,False,True
mams_train_02888,mams,train,"The wait staff is very attentive; though if the place is really packed, then you may have to flag someone.","['staff', 'place']","['Service', 'General']","['positive', 'negative']","[None, None]","[False, False]",2,False,True
mams_train_02889,mams,train,"They were rude, didn't know their drinks and were unable to demonstrate any professionalism in their service mentality.","['food', 'service']","['Food', 'Service']","['neutral', 'negative']","[None, None]","[False, False]",2,False,True
mams_train_02890,mams,train,"But the service was absolutely terrible, and we watied 45 minutes for food.","['service', 'food']","['Service', 'Food']","['negative', 'neutral']","[None, None]","[False, False]",2,False,True
mams_train_02891,mams,train,"Yes, the prices SEEM afordable, but the portions are so small that you end up spending $100+ just to fill 2 people and get a couple drinks.","['price', 'miscellaneous', 'food']","['Price', 'General', 'Food']","['positive', 'negative', 'neutral']","[None, None, None]","[False, False, False]",3,False,True
mams_train_02892,mams,train,The food was good but we were dissatisfied with waiting too long for a uncomfortable table.,"['food', 'service']","['Food', 'Service']","['positive', 'negative']","[None, None]","[False, False]",2,False,True
mams_train_02893,mams,train,I asked the waiter to move us to another table because we didn't want to rush our meal.,"['staff', 'miscellaneous', 'food']","['Service', 'General', 'Food']","['neutral', 'neutral', 'negative']","[None, None, None]","[False, False, False]",3,False,True
mams_train_02894,mams,train,"Like the other Bromberg Brothers establishments, expect the customer is always wrong attitude from the staff along with overpriced wines you never heard of, no bar, tiny waiting area and lousy desserts.","['miscellaneous', 'staff', 'food', 'place']","['General', 'Service', 'Food', 'General']","['neutral', 'negative', 'negative', 'negative']","[None, None, None, None]","[False, False, False, False]",4,False,True
mams_train_02895,mams,train,Service was horrendous the night we went for dinner.,"['service', 'food']","['Service', 'Food']","['negative', 'neutral']","[None, None]","[False, False]",2,False,True
mams_train_02896,mams,train,The manager claimed that he could not compensate us for anything on the bill which just shows the lack of sophistication from the entire group.,"['staff', 'price']","['Service', 'Price']","['neutral', 'negative']","[None, None]","[False, False]",2,False,True
mams_train_02897,mams,train,The sangria was served quickly and often.,"['food', 'service']","['Food', 'Service']","['neutral', 'positive']","[None, None]","[False, False]",2,False,True
mams_train_02898,mams,train,"The servers and/or bus persons dart back and forth through the dining room, never even making eye contact to see if you have any needs.","['staff', 'place']","['Service', 'General']","['positive', 'neutral']","[None, None]","[False, False]",2,False,True
mams_train_02899,mams,train,"We ordered coffee, and then he ordered a bacon cheeseburger (for $12, ridiculous even for New York) The waiter then announced he was going to charge us a $4 sharing charge.","['food', 'staff']","['Food', 'Service']","['neutral', 'negative']","[None, None]","[False, False]",2,False,True
mams_train_02900,mams,train,"They might be all business at the counter when you give your order, but their food says I love you.","['place', 'food']","['General', 'Food']","['neutral', 'positive']","[None, None]","[False, False]",2,False,True
mams_train_02901,mams,train,"We were seated promptly for a Saturday lunch, but service was incredibly slow.","['food', 'service']","['Food', 'Service']","['neutral', 'negative']","[None, None]","[False, False]",2,False,True
mams_train_02902,mams,train,"The Scene With its long zinc bar, plush couches and patterned suede walls, the lounge is a swank spot for midtown's cocktail crowd.","['miscellaneous', 'place']","['General', 'General']","['positive', 'neutral']","[None, None]","[False, False]",2,False,True
mams_train_02903,mams,train,The menu offers favorites from all over China: mellow Lake Tung-Ting shrimp from Hunan; peppery Sichuan tofu with minced pork; and Shanghainese soups with pickled mustard greens.,"['menu', 'food']","['General', 'Food']","['neutral', 'positive']","[None, None]","[False, False]",2,False,True
mams_train_02904,mams,train,My only complaint is waiting a bit between the appetizer and the main course but it was well worth it.,"['service', 'food']","['Service', 'Food']","['negative', 'neutral']","[None, None]","[False, False]",2,False,True
mams_train_02905,mams,train,"The atmosphere was fun and if you sit by the window, there is a lot of people-watching to be had!","['ambience', 'miscellaneous']","['Ambience', 'General']","['positive', 'neutral']","[None, None]","[False, False]",2,False,True
mams_train_02906,mams,train,"Despite talking to the weekday manager on the prior Monday, who gave me a hard time but agreed to make a reservation for me since my group was so big.","['staff', 'miscellaneous']","['Service', 'General']","['negative', 'neutral']","[None, None]","[False, False]",2,False,True
mams_train_02907,mams,train,The service could be better but the management (Mariano) is quite helpful if there are any problems.,"['service', 'food']","['Service', 'Food']","['neutral', 'positive']","[None, None]","[False, False]",2,False,True
mams_train_02908,mams,train,"There are no price listed in the menu, and she will not provid them with a smile.","['price', 'menu']","['Price', 'General']","['negative', 'neutral']","[None, None]","[False, False]",2,False,True
mams_train_02909,mams,train,"As we were finishing our dessert, a nearby waitress dropped a tray and HOT CHOCOLATE SAUCE splattered all over my neck, hair and sweater and my boyfriend's clothes.","['food', 'staff']","['Food', 'Service']","['neutral', 'negative']","[None, None]","[False, False]",2,False,True
mams_train_02910,mams,train,"The manager refused to talk to me sending the waiter to tell me to tell me that he was not available, when I had previously seen him doing absolutely nothing at the bar.","['staff', 'place']","['Service', 'General']","['negative', 'neutral']","[None, None]","[False, False]",2,False,True
mams_train_02911,mams,train,"The menu consists of a tasting selection, Austrian, traditional American, and the chef's recommended menu.","['miscellaneous', 'staff']","['General', 'Service']","['positive', 'neutral']","[None, None]","[False, False]",2,False,True
mams_train_02912,mams,train,And forget about having a drink at the bar to take the edge off because the space between tables is so narrow that you'll be shoved by the wait staff who are desparate to get their job done.,"['food', 'place', 'staff']","['Food', 'General', 'Service']","['neutral', 'neutral', 'negative']","[None, None, None]","[False, False, False]",3,False,True
mams_train_02913,mams,train,"Also, try to get a seat at the main bar, because I sat at the smaller bar by the entrance and it was getting so crowded with people waiting that it became a bit unpleasant towards to end of the meal.","['miscellaneous', 'place', 'service', 'food']","['General', 'General', 'Service', 'Food']","['neutral', 'neutral', 'negative', 'neutral']","[None, None, None, None]","[False, False, False, False]",4,False,True
mams_train_02914,mams,train,"The sandwiches, platters, and pitzas are top notch too, but I could make a meal just out of their pita bread and babaganoush.","['miscellaneous', 'food']","['General', 'Food']","['positive', 'neutral']","[None, None]","[False, False]",2,False,True
mams_train_02915,mams,train,"(The band is positioned in front of the windows, in a space roughly the size of a living room.","['staff', 'place']","['Service', 'General']","['positive', 'neutral']","[None, None]","[False, False]",2,False,True
mams_train_02916,mams,train,"At dinner on a Saturday night, I was enthused by the bustling, unpretentious crowd and the lusciously warm lighting.","['food', 'ambience']","['Food', 'Ambience']","['neutral', 'positive']","[None, None]","[False, False]",2,False,True
mams_train_02917,mams,train,"Definitely make reservations if you can -- they'll honor them, and you can skip the massive wait!","['miscellaneous', 'service']","['General', 'Service']","['neutral', 'negative']","[None, None]","[False, False]",2,False,True
mams_train_02918,mams,train,"It's the New York you thought was long gone; orders are spoken, not yelled, and the staff knows the names of patrons' dogs.","['staff', 'food']","['Service', 'Food']","['negative', 'neutral']","[None, None]","[False, False]",2,False,True
mams_train_02919,mams,train,"Their service can use a little assistance, but their food is great.","['service', 'food']","['Service', 'Food']","['negative', 'positive']","[None, None]","[False, False]",2,False,True
mams_train_02920,mams,train,I told the waiter that my drink tasted very bad and asked if he could swap it out for a Petron Margarita.,"['staff', 'food']","['Service', 'Food']","['neutral', 'negative']","[None, None]","[False, False]",2,False,True
mams_train_02921,mams,train,"The waiters, all wearing black suits, are serious, courteous, and knowledgeable; the dining rooms are ornate and convivial, with large parties celebrating various things interspersed with dressed-up couples on dates.","['staff', 'miscellaneous']","['Service', 'General']","['negative', 'positive']","[None, None]","[False, False]",2,False,True
mams_train_02922,mams,train,"When you're sitting in their main dining room (which has a spectacular, hand-painted high ceiling) you'd never know there was a world outside.","['place', 'miscellaneous']","['General', 'General']","['neutral', 'positive']","[None, None]","[False, False]",2,False,True
mams_train_02923,mams,train,"The overpriced ice cream is delicious but the service is atrocious - not only do I have to wait to be admitted into this ice cream joint, but the waiter is a snide, gruff man more suited to be a trucker than an ice cream shop server.","['service', 'food']","['Service', 'Food']","['negative', 'neutral']","[None, None]","[False, False]",2,False,True
mams_train_02924,mams,train,"We didn't see him the rest of the night, the other courses come out sporadically, and no one ever asked if we wanted more wine (which we did) or refilled our water -- even after we flagged down another waiter, nothing happened.","['food', 'staff']","['Food', 'Service']","['neutral', 'negative']","[None, None]","[False, False]",2,False,True
mams_train_02925,mams,train,"After demanding a free round of drinks from a third manager, our party decided to bail on this horrific french import.","['food', 'staff']","['Food', 'Service']","['neutral', 'negative']","[None, None]","[False, False]",2,False,True
mams_train_02926,mams,train,"You have to wait in line most of the time, but the burgers are worth it and the beer is cheap.","['service', 'food']","['Service', 'Food']","['negative', 'positive']","[None, None]","[False, False]",2,False,True
mams_train_02927,mams,train,"We had a reservation for Monday lunch and were seated promptly, which was a pleasant surprise.","['miscellaneous', 'food', 'service']","['General', 'Food', 'Service']","['neutral', 'neutral', 'positive']","[None, None, None]","[False, False, False]",3,False,True
mams_train_02928,mams,train,"Maybe it was the choices the chefs had put on the Restaurant Week Menu, but much of our food was just so-so.","['menu', 'food']","['General', 'Food']","['neutral', 'negative']","[None, None]","[False, False]",2,False,True
mams_train_02929,mams,train,"Our dinner was enhanced by a 1999 Pinot Grigio, recmmended by the waitress.","['food', 'staff']","['Food', 'Service']","['neutral', 'positive']","[None, None]","[False, False]",2,False,True
mams_train_02930,mams,train,"And the ambience is very cool, stop by on a Saturday afternoon and you can play some old school games while having a beer.","['ambience', 'food']","['Ambience', 'Food']","['positive', 'neutral']","[None, None]","[False, False]",2,False,True
mams_train_02931,mams,train,"The waitress even gave us a complimentary dessert- warm chocolate lava cake with a scoop of cinnamon ice cream, what a perfect end to a perfect dinner!","['staff', 'food']","['Service', 'Food']","['positive', 'neutral']","[None, None]","[False, False]",2,False,True
mams_train_02932,mams,train,"The menu can give you price shock but the food, service and drinks are worth every stinking penny.","['menu', 'price', 'food', 'service']","['General', 'Price', 'Food', 'Service']","['neutral', 'neutral', 'positive', 'positive']","[None, None, None, None]","[False, False, False, False]",4,False,True
mams_train_02933,mams,train,"However, the service was so excellent, we added $10 to the tip!","['service', 'price']","['Service', 'Price']","['positive', 'neutral']","[None, None]","[False, False]",2,False,True
mams_train_02934,mams,train,After the rude waitress took our order we were sipping our drinks when the manager comes over and says we have to leave as the tables are reserved for dinner patrons.,"['staff', 'food']","['Service', 'Food']","['negative', 'neutral']","[None, None]","[False, False]",2,False,True
mams_train_02935,mams,train,"Don't know if the bar is really that bad, BUT the food would more than compensate!","['place', 'food']","['General', 'Food']","['negative', 'positive']","[None, None]","[False, False]",2,False,True
mams_train_02936,mams,train,"We were promptly seated - the waitress was very attentive, got us drinks and menus.","['staff', 'food', 'menu']","['Service', 'Food', 'General']","['positive', 'neutral', 'neutral']","[None, None, None]","[False, False, False]",3,False,True
mams_train_02937,mams,train,The staff was courteous and explained the menu with detail.,"['staff', 'miscellaneous']","['Service', 'General']","['positive', 'neutral']","[None, None]","[False, False]",2,False,True
mams_train_02938,mams,train,I think I'm going to start taking the food and coffee to go b/c everytime I go there (which is quite often) I get more frustrated with the service.,"['food', 'service']","['Food', 'Service']","['neutral', 'negative']","[None, None]","[False, False]",2,False,True
mams_train_02939,mams,train,"The best aspect of Dylan Prime is that it's a perfect spot for a first date, a business dinner, a casual night-on-the-town or even just a quite bite at lunch.","['miscellaneous', 'food']","['General', 'Food']","['positive', 'neutral']","[None, None]","[False, False]",2,False,True
mams_train_02940,mams,train,We too had reservations but the gentleman never checked a book to see our names or check us off.,"['miscellaneous', 'staff']","['General', 'Service']","['neutral', 'negative']","[None, None]","[False, False]",2,False,True
mams_train_02941,mams,train,"The host was aloof; my waitress, though sweet, didn't seem to know the food or the menu very well; and the waiter we flagged over to order our wine seemed as if he had never looked at the wine list before.","['staff', 'menu', 'food']","['Service', 'General', 'Food']","['negative', 'neutral', 'neutral']","[None, None, None]","[False, False, False]",3,False,True
mams_train_02942,mams,train,Our food was delivered in a timely fashion but if you wanted another drink or your check you had to hunt down your server.,"['food', 'price']","['Food', 'Price']","['positive', 'neutral']","[None, None]","[False, False]",2,False,True
mams_train_02943,mams,train,The waiter knew his menu and what to recommend.,"['staff', 'menu']","['Service', 'General']","['positive', 'neutral']","[None, None]","[False, False]",2,False,True
mams_train_02944,mams,train,I liked the beer selection!,"['miscellaneous', 'food']","['General', 'Food']","['positive', 'neutral']","[None, None]","[False, False]",2,False,True
mams_train_02945,mams,train,The manager never came to our table and the restaurant didn't offer anything to compensate for the error (they could have taken the two cocktails off the check ).,"['staff', 'food']","['Service', 'Food']","['negative', 'neutral']","[None, None]","[False, False]",2,False,True
mams_train_02946,mams,train,"The waiter did not know the menu, and was very unaccomidating about substutions.","['staff', 'menu']","['Service', 'General']","['negative', 'neutral']","[None, None]","[False, False]",2,False,True
mams_train_02947,mams,train,"There was a ten minute wait with a reservation, but the bar kept us entertained.","['service', 'miscellaneous', 'place']","['Service', 'General', 'General']","['neutral', 'neutral', 'positive']","[None, None, None]","[False, False, False]",3,False,True
mams_train_02948,mams,train,"I don't expect an enormous, heaping plate of food, but c'mon.","['miscellaneous', 'food']","['General', 'Food']","['positive', 'neutral']","[None, None]","[False, False]",2,False,True
mams_train_02949,mams,train,Generous portions of rice porridge and noodles really hit the spot after fighting the crowds on a busy weekend in Chinatown.,"['food', 'miscellaneous']","['Food', 'General']","['positive', 'negative']","[None, None]","[False, False]",2,False,True
mams_train_02950,mams,train,"With so many $20 bottles of wines from which to choose, our waiter helped pick a good one.","['food', 'staff']","['Food', 'Service']","['neutral', 'positive']","[None, None]","[False, False]",2,False,True
mams_train_02951,mams,train,"It's a small and quaint place so have your expectations in check, but that doesn't mean anything bad - know going in that you are gonna eat some serious food!","['place', 'price', 'food']","['General', 'Price', 'Food']","['negative', 'neutral', 'negative']","[None, None, None]","[False, False, False]",3,False,True
mams_train_02952,mams,train,"Relaxed neighborhooders treat the spot like a second home, calling the staff by name and lingering despite the smallish bar and hurried courses.","['miscellaneous', 'staff', 'place']","['General', 'Service', 'General']","['positive', 'positive', 'neutral']","[None, None, None]","[False, False, False]",3,False,True
mams_train_02953,mams,train,The party space worked out well for our rehearsal dinner.,"['place', 'food']","['General', 'Food']","['positive', 'neutral']","[None, None]","[False, False]",2,False,True
mams_train_02954,mams,train,The Wasa Waffle was different but when we spoke to the manager he inmediatly changed if for another dish (He suggested the Chocolate decadence French Toast.,"['miscellaneous', 'staff', 'food']","['General', 'Service', 'Food']","['neutral', 'positive', 'neutral']","[None, None, None]","[False, False, False]",3,False,True
mams_train_02955,mams,train,"We waited 30 minutes to be seated, 40 minutes for water, bread, menus, 30 more for wine and soft drinks and when the food finally arrived an hour later, it was inedible, burned on top from sitting under a heat lamp.","['food', 'menu']","['Food', 'General']","['positive', 'neutral']","[None, None]","[False, False]",2,False,True
mams_train_02956,mams,train,Meals not served at once and service was inattentive and forgetful.,"['food', 'service']","['Food', 'Service']","['neutral', 'negative']","[None, None]","[False, False]",2,False,True
mams_train_02957,mams,train,"Seated in the upstairs part of the restaurant my party and I were subjected to rude, abrupt service and unmercifully long waits for our food.","['service', 'food']","['Service', 'Food']","['negative', 'neutral']","[None, None]","[False, False]",2,False,True
mams_train_02958,mams,train,The food is very good for the price.,"['food', 'price']","['Food', 'Price']","['positive', 'neutral']","[None, None]","[False, False]",2,False,True
mams_train_02959,mams,train,The good service started from the moment we walked in the front door.,"['service', 'miscellaneous']","['Service', 'General']","['positive', 'neutral']","[None, None]","[False, False]",2,False,True
mams_train_02960,mams,train,The owner lied to me when i asked where our food was 1 hour after we placed the order - he said oh your friend said you were not ready for it.,"['staff', 'food']","['Service', 'Food']","['negative', 'neutral']","[None, None]","[False, False]",2,False,True
mams_train_02961,mams,train,"Now, I expressed my surprise and then the bartender and manager chimed in with a simpleton's remark sir, with restaurants at this time, reservations start coming in.","['staff', 'miscellaneous']","['Service', 'General']","['negative', 'neutral']","[None, None]","[False, False]",2,False,True
mams_train_02962,mams,train,Never heard anything about a minimum required food order of $30 or had any bad experiences with the staff.,"['food', 'staff']","['Food', 'Service']","['neutral', 'negative']","[None, None]","[False, False]",2,False,True
mams_train_02963,mams,train,we saw another waitress spill hot coffee on another diner's foot.,"['staff', 'food']","['Service', 'Food']","['negative', 'neutral']","[None, None]","[False, False]",2,False,True
mams_train_02964,mams,train,Our waiter took his time taking our drink orders ('97 Italian red was good).,"['staff', 'food']","['Service', 'Food']","['positive', 'neutral']","[None, None]","[False, False]",2,False,True
mams_train_02965,mams,train,"we wanted to join another 2 top table to ours and the manager abruptly said, that won't work for us!","['miscellaneous', 'staff']","['General', 'Service']","['neutral', 'negative']","[None, None]","[False, False]",2,False,True
mams_train_02966,mams,train,"I've heard all the complaints about food and staff at this place, and perhaps some people have had an unfortunate encounter with the host or a cranky waiter.","['food', 'staff', 'place']","['Food', 'Service', 'General']","['negative', 'negative', 'neutral']","[None, None, None]","[False, False, False]",3,False,True
mams_train_02967,mams,train,I waited for 45 minutes for my entree to realize that the waiter never put the order in.,"['food', 'staff']","['Food', 'Service']","['neutral', 'negative']","[None, None]","[False, False]",2,False,True
mams_train_02968,mams,train,"Got a seat quick, and had some weird fill-out order form for a hard to understand menu.","['miscellaneous', 'menu']","['General', 'General']","['positive', 'negative']","[None, None]","[False, False]",2,False,True
mams_train_02969,mams,train,"We waited in standing at the entrance for 5 mins to get seats due to just slow service, another 10mins to get menu, and then another 10mins to get water bread.","['service', 'menu', 'food']","['Service', 'General', 'Food']","['negative', 'neutral', 'neutral']","[None, None, None]","[False, False, False]",3,False,True
mams_train_02970,mams,train,The guacamole at $7 is a small portion served with a stack of Si!Ortega flat taco shells.,"['food', 'miscellaneous']","['Food', 'General']","['neutral', 'negative']","[None, None]","[False, False]",2,False,True
mams_train_02971,mams,train,"The sign outside said, 26 beers on tap, however the bartender was unable to pull a pint from any of them.","['food', 'miscellaneous', 'staff']","['Food', 'General', 'Service']","['neutral', 'neutral', 'negative']","[None, None, None]","[False, False, False]",3,False,True
mams_train_02972,mams,train,no need for reservation) you'd expect the crew to be alittle more attentive.,"['miscellaneous', 'staff']","['General', 'Service']","['neutral', 'negative']","[None, None]","[False, False]",2,False,True
mams_train_02973,mams,train,At one point I noticed the grime on the mustard bottle and asked the waitress for a clean one.,"['miscellaneous', 'staff']","['General', 'Service']","['negative', 'neutral']","[None, None]","[False, False]",2,False,True
mams_train_02974,mams,train,"Superfine is my preferred destination in the city when I'm looking for a casual, hip atmosphere, extraordinary food at decent prices and/or just a place to get a good drink, chat with the bartender and shoot some (free) pool.","['ambience', 'food', 'price', 'staff']","['Ambience', 'Food', 'Price', 'Service']","['positive', 'positive', 'positive', 'neutral']","[None, None, None, None]","[False, False, False, False]",4,False,True
mams_train_02975,mams,train,"They have a lot of beautiful clientele, gay and straight, plus you#146;ll spot random famous actors on occasion.","['food', 'miscellaneous']","['Food', 'General']","['positive', 'neutral']","[None, None]","[False, False]",2,False,True
mams_train_02976,mams,train,"When spending upwards of $200 for dinner for two, I expect better service.","['food', 'service']","['Food', 'Service']","['neutral', 'positive']","[None, None]","[False, False]",2,False,True
mams_train_02977,mams,train,"I left feeling unsatisfied, except for having a nice chance to people watch in the cozy atmosphere with my over-priced pasta bolognese.","['ambience', 'food']","['Ambience', 'Food']","['positive', 'negative']","[None, None]","[False, False]",2,False,True
mams_train_02978,mams,train,"I had dinner with a few of my friends, and it was the best we've had in a long time.","['food', 'miscellaneous']","['Food', 'General']","['positive', 'neutral']","[None, None]","[False, False]",2,False,True
mams_train_02979,mams,train,"The crowd doesn't disappoint: A well-heeled, fashionable clientele packs the polished-wood-and-glass-partitioned space, settling into one of two dining rooms, or the bar, which is located at the farthest corner from the entrance.","['miscellaneous', 'place']","['General', 'General']","['positive', 'neutral']","[None, None]","[False, False]",2,False,True
mams_train_02980,mams,train,"Their bagels have the perfect softness to them, but on the outside there's a bit of crispiness to give it a bit of texture.","['food', 'miscellaneous']","['Food', 'General']","['positive', 'neutral']","[None, None]","[False, False]",2,False,True
mams_train_02981,mams,train,"our appetizers came out relatively quickly, but it was near impossible to get a hold of a waiter to order and get our drinks.","['food', 'staff']","['Food', 'Service']","['positive', 'negative']","[None, None]","[False, False]",2,False,True
mams_train_02982,mams,train,"The food is average, however the service is way below average (our waiter was a stuttering fool when it came to the specials and left our drinks empty for the majority of the night) The atmostphere is cheesy as well as the crowd.","['food', 'service', 'staff', 'ambience', 'miscellaneous']","['Food', 'Service', 'Service', 'Ambience', 'General']","['neutral', 'negative', 'negative', 'negative', 'negative']","[None, None, None, None, None]","[False, False, False, False, False]",5,False,True
mams_train_02983,mams,train,"$25 prix fixe sounds like a good deal, but dinner was still $100 for two, the portions were small, and the ($35) wine, clearly where the money is made, mediocre.","['price', 'miscellaneous', 'food']","['Price', 'General', 'Food']","['neutral', 'negative', 'negative']","[None, None, None]","[False, False, False]",3,False,True
mams_train_02984,mams,train,The manager came out very defensively and insisted that it was a 2 lb lobster.,"['staff', 'food']","['Service', 'Food']","['negative', 'neutral']","[None, None]","[False, False]",2,False,True
mams_train_02985,mams,train,"Nice family place, nice atmosphere, but don't go there for pizza.","['place', 'ambience', 'food']","['General', 'Ambience', 'Food']","['positive', 'positive', 'negative']","[None, None, None]","[False, False, False]",3,False,True
mams_train_02986,mams,train,The host's explanation was they could not control when people finish dinner.,"['staff', 'food']","['Service', 'Food']","['negative', 'neutral']","[None, None]","[False, False]",2,False,True
mams_train_02987,mams,train,"Service at the bar was fine, just as you would expect.","['service', 'place']","['Service', 'General']","['positive', 'neutral']","[None, None]","[False, False]",2,False,True
mams_train_02988,mams,train,"The bartender has a nasty attitude, and it took a party of two 1 1/2 hours to get seated while party after party of the hosts 'friends' were given seating immediately.","['staff', 'service']","['Service', 'Service']","['negative', 'positive']","[None, None]","[False, False]",2,False,True
mams_train_02989,mams,train,"If you're going to label spicy items on your menu as spicy (like the Buffalo and Cajun wraps), I think you should go ahead and label all the spicy items as spicy.","['menu', 'food']","['General', 'Food']","['neutral', 'positive']","[None, None]","[False, False]",2,False,True
mams_train_02990,mams,train,Our salads and appetizers were brought at the same time and we barely had time to enjoy them before a team of waiters whisked them (and our bread!),"['food', 'staff']","['Food', 'Service']","['neutral', 'negative']","[None, None]","[False, False]",2,False,True
mams_train_02991,mams,train,"Mysteriously, the reserved tables all stayed empty throughout our meal and were still empty when we left an hour later.","['miscellaneous', 'food']","['General', 'Food']","['negative', 'neutral']","[None, None]","[False, False]",2,False,True
mams_train_02992,mams,train,"Our booth style seats would've been more romantic if our waitress, though nice, was less intrusive, and the loud music from its bar didn't filter thru so much.","['food', 'staff', 'place']","['Food', 'Service', 'General']","['positive', 'negative', 'neutral']","[None, None, None]","[False, False, False]",3,False,True
mams_train_02993,mams,train,"My grandmother-in-law had a problem with her meal, and the manager AND chef came over and offered to replace it and/or take it off the check.","['food', 'staff']","['Food', 'Service']","['neutral', 'positive']","[None, None]","[False, False]",2,False,True
mams_train_02994,mams,train,"I don't have much to say about the cafe itself; you can order out from the family-run cafe in the front, or take a seat in the back, which opens up to the outdoors and can offer a less seedy and more homey atmosphere.","['miscellaneous', 'ambience']","['General', 'Ambience']","['negative', 'positive']","[None, None]","[False, False]",2,False,True
mams_train_02995,mams,train,Large portions of food to share.,"['miscellaneous', 'food']","['General', 'Food']","['positive', 'neutral']","[None, None]","[False, False]",2,False,True
mams_train_02996,mams,train,During the summer the outdoor area is a great place to sit and eat you pizza.,"['place', 'food']","['General', 'Food']","['positive', 'neutral']","[None, None]","[False, False]",2,False,True
mams_train_02997,mams,train,"From making the reservation (not required) to the before dinner drink (cava), to the table (romantic), to the the ambiance (candles, spanish antiques, etc) to the food of course (original, incredibly deep and rich in flavor) to our departure and saying goodnight to the waiter.","['miscellaneous', 'ambience', 'food', 'staff']","['General', 'Ambience', 'Food', 'Service']","['neutral', 'positive', 'positive', 'neutral']","[None, None, None, None]","[False, False, False, False]",4,False,True
mams_train_02998,mams,train,"Staples are available every which way--tacos hard and soft, wrapped in tortillas stuffed with guacamole, cheese or black beans; burritos of beef, breaded catfish, pork pipian and chipotle chicken; plus a choice of four sauces from mild to just plain stupid.","['food', 'miscellaneous']","['Food', 'General']","['positive', 'neutral']","[None, None]","[False, False]",2,False,True
mams_train_02999,mams,train,If you can get a corner table you can see the entire room while eating in elegance.,"['miscellaneous', 'place']","['General', 'General']","['neutral', 'positive']","[None, None]","[False, False]",2,False,True
mams_train_03000,mams,train,"After our waitress brought us menus took our drink orders, a diff hostess came over asked us to give up our table.","['staff', 'food', 'miscellaneous']","['Service', 'Food', 'General']","['negative', 'neutral', 'negative']","[None, None, None]","[False, False, False]",3,False,True
mams_train_03001,mams,train,The waitstaff told us that they had already run out of one of the entrees (before 8 p.,"['staff', 'food']","['Service', 'Food']","['negative', 'neutral']","[None, None]","[False, False]",2,False,True
mams_train_03002,mams,train,"(food was delivered by a busboy, not waiter) We got no cheese offered for the pasta, our water and wine glasses remained EMPTY our entire meal, when we would have easily spent another $20 on wine.","['food', 'staff', 'miscellaneous']","['Food', 'Service', 'General']","['negative', 'neutral', 'negative']","[None, None, None]","[False, False, False]",3,False,True
mams_train_03003,mams,train,"The waitstaff chatted at the bar amongst themselves and completely ignored us for the entire meal-- which took some work, as the place is small enough with the garden closed!","['staff', 'place']","['Service', 'General']","['negative', 'neutral']","[None, None]","[False, False]",2,False,True
mams_train_03004,mams,train,The noise level is equivalent to a sports bar.,"['ambience', 'place']","['Ambience', 'General']","['negative', 'neutral']","[None, None]","[False, False]",2,False,True
mams_train_03005,mams,train,I am hoping the stale service was a one shot deal because it was deplorable for what we paid for dinner!,"['service', 'food']","['Service', 'Food']","['negative', 'neutral']","[None, None]","[False, False]",2,False,True
mams_train_03006,mams,train,"There are a few chefs who aren't very enthusiastic and not very theatrical, but the end product is always great food.","['staff', 'food']","['Service', 'Food']","['negative', 'positive']","[None, None]","[False, False]",2,False,True
mams_train_03007,mams,train,The crust was a crispy tan dream come true with those little blackened air bubbles and chewy center.,"['food', 'ambience']","['Food', 'Ambience']","['positive', 'neutral']","[None, None]","[False, False]",2,False,True
mams_train_03008,mams,train,"The waitress, host, and bus staff were sitting around at the bar while the patrons were all complaining about the service.","['staff', 'place', 'food', 'service']","['Service', 'General', 'Food', 'Service']","['negative', 'neutral', 'neutral', 'negative']","[None, None, None, None]","[False, False, False, False]",4,False,True
mams_train_03009,mams,train,"The menu options were not appealing, we had to beg the waiter to ask the chef if we could have just a plain dinner salad to start as their salad choices were not appetizing.","['menu', 'staff', 'food']","['General', 'Service', 'Food']","['negative', 'neutral', 'negative']","[None, None, None]","[False, False, False]",3,False,True
mams_train_03010,mams,train,"My only complaint is that the place is over crowded on weekends, but that's the price you pay for having such great food.","['price', 'food']","['Price', 'Food']","['neutral', 'positive']","[None, None]","[False, False]",2,False,True
mams_train_03011,mams,train,"The Food In a health-conscious century, it's as likely to be the pub grub as it is the booze that does you in.","['food', 'place']","['Food', 'General']","['positive', 'neutral']","[None, None]","[False, False]",2,False,True
mams_train_03012,mams,train,But the food here is excellant and there are just too many appetizers (in the traditional custom of Korean restaurants) to sample.,"['food', 'miscellaneous']","['Food', 'General']","['positive', 'neutral']","[None, None]","[False, False]",2,False,True
mams_train_03013,mams,train,"The smell near the bar is unbearable, the food is so so, nothing out of the norm, just very plan.","['place', 'food']","['General', 'Food']","['neutral', 'negative']","[None, None]","[False, False]",2,False,True
mams_train_03014,mams,train,This happened while many diners were enjoying their meal and it was rudes.,"['price', 'food']","['Price', 'Food']","['neutral', 'positive']","[None, None]","[False, False]",2,False,True
mams_train_03015,mams,train,The food and wine selection is superb and the chef brings it all together each and every time.,"['food', 'staff']","['Food', 'Service']","['positive', 'neutral']","[None, None]","[False, False]",2,False,True
mams_train_03016,mams,train,"But even on New Years, when they were busy, the owners took the time out to visit our table frequently, even pouring us drinks herself from her own creations.","['staff', 'food']","['Service', 'Food']","['positive', 'neutral']","[None, None]","[False, False]",2,False,True
mams_train_03017,mams,train,However the manager came over and aplogized and all drinks were on him.,"['staff', 'food']","['Service', 'Food']","['positive', 'neutral']","[None, None]","[False, False]",2,False,True
mams_train_03018,mams,train,The service is excellent and always informative without an air.,"['service', 'ambience']","['Service', 'Ambience']","['positive', 'neutral']","[None, None]","[False, False]",2,False,True
mams_train_03019,mams,train,"The service was horrendous, not only did the waiter take an hour to remember we ordered drinks, we were rushed to eat and get out so they could seat the next party.","['service', 'staff', 'food']","['Service', 'Service', 'Food']","['negative', 'negative', 'neutral']","[None, None, None]","[False, False, False]",3,False,True
mams_train_03020,mams,train,"A friendly staff works the room, delivering favorites like crisp, crackling spring rolls and shredded pork rolls wrapped in rice paper.","['staff', 'place', 'food']","['Service', 'General', 'Food']","['positive', 'neutral', 'positive']","[None, None, None]","[False, False, False]",3,False,True
mams_train_03021,mams,train,"They gave us desert menus but never came back for a desert order, instead we had to ask for the check and a bus boy retreived it for us.","['menu', 'food', 'price']","['General', 'Food', 'Price']","['neutral', 'negative', 'neutral']","[None, None, None]","[False, False, False]",3,False,True
mams_train_03022,mams,train,"The hostess did offer free drinks to my party due to the wait, but we were more interested in eating after said long wait.","['staff', 'food']","['Service', 'Food']","['positive', 'neutral']","[None, None]","[False, False]",2,False,True
mams_train_03023,mams,train,"The french fries are soggy, the service is so/so and while it looks like a cute little homestyle cafe you'd find in SF, the food is below average.","['service', 'food']","['Service', 'Food']","['neutral', 'negative']","[None, None]","[False, False]",2,False,True
mams_train_03024,mams,train,I had to wait 1hr since I got there around 8pm but you could have a few drinks by the bar since the ambiance is very loungy/ club like.,"['food', 'place', 'ambience']","['Food', 'General', 'Ambience']","['neutral', 'neutral', 'negative']","[None, None, None]","[False, False, False]",3,False,True
mams_train_03025,mams,train,The portions were so big that after a cocktail drink we had no room left for desert.,"['miscellaneous', 'food']","['General', 'Food']","['positive', 'neutral']","[None, None]","[False, False]",2,False,True
mams_train_03026,mams,train,We sat way before 2 other tables ahead of us that rec'd their appetizers before us; the waiter neglected to apologize.,"['food', 'staff']","['Food', 'Service']","['neutral', 'negative']","[None, None]","[False, False]",2,False,True
mams_train_03027,mams,train,I also watched several other frustrated customers getting the wrong orders or trying to catch the waiter's attention (he was posing at the soda fountain).,"['staff', 'food']","['Service', 'Food']","['negative', 'neutral']","[None, None]","[False, False]",2,False,True
mams_train_03028,mams,train,"Our waiter ask us what kind of soufle we wanted and told us to get 2, making us believe that it was part of the pre-fixe, nope soufles are seperate and we were so full from dinner we could barely finish one.","['staff', 'miscellaneous', 'food']","['Service', 'General', 'Food']","['negative', 'neutral', 'neutral']","[None, None, None]","[False, False, False]",3,False,True
mams_train_03029,mams,train,The manager then comes over to the table and asks us to leave - to help him out because there were people waiting!,"['staff', 'service']","['Service', 'Service']","['negative', 'neutral']","[None, None]","[False, False]",2,False,True
mams_train_03030,mams,train,"The atmosphere was embracing and enticing and the costs of the meal, $45 to $55 in value.","['ambience', 'price']","['Ambience', 'Price']","['positive', 'neutral']","[None, None]","[False, False]",2,False,True
mams_train_03031,mams,train,"After our initial order, the waitress wasn't very attentive (we had to wait 15 minutes at a time to get her attention to refill drinks, order desert, etc).","['staff', 'food']","['Service', 'Food']","['negative', 'neutral']","[None, None]","[False, False]",2,False,True
mams_train_03032,mams,train,"The first time my husband and I went there, both the appetizer and entreee I ordered were not available, but we had a waitress who was really on top of things.","['food', 'staff']","['Food', 'Service']","['neutral', 'positive']","[None, None]","[False, False]",2,False,True
mams_train_03033,mams,train,"It is nearly impossible to get a table, so if you ever have the chance to go here for dinner, DO NOT pass it up.","['miscellaneous', 'food']","['General', 'Food']","['negative', 'neutral']","[None, None]","[False, False]",2,False,True
mams_train_03034,mams,train,The staff treated them like true royalty.,"['staff', 'service']","['Service', 'Service']","['neutral', 'positive']","[None, None]","[False, False]",2,False,True
mams_train_03035,mams,train,"Great when the band is playing, not so great when there's a large party at the bar.","['staff', 'place']","['Service', 'General']","['positive', 'neutral']","[None, None]","[False, False]",2,False,True
mams_train_03036,mams,train,"The hamburger showed up long before the mussels, and the waiter suggested I start eating because he didnt want my food to get cold.","['food', 'staff']","['Food', 'Service']","['neutral', 'positive']","[None, None]","[False, False]",2,False,True
mams_train_03037,mams,train,"B/c the dinner focused on good friends and good food, not waiting around for service or being bothered by rude staff to leave.","['food', 'service', 'staff']","['Food', 'Service', 'Service']","['positive', 'neutral', 'negative']","[None, None, None]","[False, False, False]",3,False,True
mams_train_03038,mams,train,(Though the filet won't be enough if both have hearty apitites.,"['miscellaneous', 'food']","['General', 'Food']","['negative', 'positive']","[None, None]","[False, False]",2,False,True
mams_train_03039,mams,train,"The prices were moderate for fine dining, and although the restaurant is relatively small, it was easy to have a quiet conversation even though the tables are fairly close together.","['food', 'place']","['Food', 'General']","['positive', 'negative']","[None, None]","[False, False]",2,False,True
mams_train_03040,mams,train,"Our waiter was not attentive, we waited about 20 mins just to order drinks.","['staff', 'food']","['Service', 'Food']","['negative', 'neutral']","[None, None]","[False, False]",2,False,True
mams_train_03041,mams,train,"i ate here with a friend by default-- we were in the meatpacking district on a saturday night, every place in the area was pretty much booked, we were hungry, i only drink sake, and he was treating :).","['place', 'food']","['General', 'Food']","['negative', 'neutral']","[None, None]","[False, False]",2,False,True
mams_train_03042,mams,train,I planned a holiday dinner at Kurio and we ended up waiting two hours for the appetizers.,"['food', 'service']","['Food', 'Service']","['neutral', 'negative']","[None, None]","[False, False]",2,False,True
mams_train_03043,mams,train,This was not the same hostess I usually see there who happens to be very sweet and provides excellent service.,"['staff', 'service']","['Service', 'Service']","['neutral', 'positive']","[None, None]","[False, False]",2,False,True
mams_train_03044,mams,train,"The place is packed, they don't take reservations and waited almost 2 hours.","['place', 'miscellaneous']","['General', 'General']","['negative', 'neutral']","[None, None]","[False, False]",2,False,True
mams_train_03045,mams,train,"Each table has a pot of boiling water sunken into its surface, and you get platters of thin sliced meats, various vegetables, and rice and glass noodles.","['food', 'miscellaneous']","['Food', 'General']","['positive', 'neutral']","[None, None]","[False, False]",2,False,True
mams_train_03046,mams,train,Serving things like Chicken Kiev with a garlic mashed potato egg roll for $$ with the snooty attitude to match!,"['food', 'service']","['Food', 'Service']","['neutral', 'positive']","[None, None]","[False, False]",2,False,True
mams_train_03047,mams,train,"Blue Ribbon Sushi has far more than a cult following, packed daily from Noon till 3 AM, with hipsters, celebrities, Sashimi Lovers, and of course SOHO locals, it's breath taking menu, Superb Fare, Lengthy Sake List, and pro seating system have earned it a 5 STAR rating with The Sushi Times: 6 years running.","['food', 'menu', 'price']","['Food', 'General', 'Price']","['positive', 'neutral', 'positive']","[None, None, None]","[False, False, False]",3,False,True
mams_train_03048,mams,train,"Park your trench coat at the coat check and be prepared for fine dining, expert / attentive table service and a delectable cuisine.","['price', 'food', 'service']","['Price', 'Food', 'Service']","['neutral', 'positive', 'positive']","[None, None, None]","[False, False, False]",3,False,True
mams_train_03049,mams,train,"the service is so-so; our waiter told us there was a table for us, then took us back to the entrance , we then waited another fifteen minutes- confusion seems to reign.","['service', 'staff', 'miscellaneous']","['Service', 'Service', 'General']","['negative', 'neutral', 'neutral']","[None, None, None]","[False, False, False]",3,False,True
mams_train_03050,mams,train,Especially the manager or host who kept walking by and giving us the evil eye to see the progress of our dinner so they could turn the table over to other customers.,"['staff', 'food']","['Service', 'Food']","['negative', 'neutral']","[None, None]","[False, False]",2,False,True
mams_train_03051,mams,train,"Again, since I go out to dinner several times a week in NY, I am used to paying high prices and do not mind at all.","['food', 'price']","['Food', 'Price']","['neutral', 'negative']","[None, None]","[False, False]",2,False,True
mams_train_03052,mams,train,"Generally, the food was fine, but the table is too small to eat comfortably.","['food', 'miscellaneous']","['Food', 'General']","['positive', 'negative']","[None, None]","[False, False]",2,False,True
mams_train_03053,mams,train,Food presented well and the service once we were seated was great but we had a long wait for our table (about half an hour) even though I had pre-booked.,"['food', 'service']","['Food', 'Service']","['positive', 'negative']","[None, None]","[False, False]",2,False,True
mams_train_03054,mams,train,"we told our waiter to make five selections for each of us, and he decided instead to charge us for each glass separately instead ($80 instead of $20).","['staff', 'miscellaneous']","['Service', 'General']","['negative', 'neutral']","[None, None]","[False, False]",2,False,True
mams_train_03055,mams,train,OUr waiter was a little confused about how to serve champagne.,"['staff', 'food']","['Service', 'Food']","['negative', 'neutral']","[None, None]","[False, False]",2,False,True
mams_train_03056,mams,train,"I also do not think waiters there are rude- yes there are not friendly and chatty, but do provide great service.","['staff', 'service']","['Service', 'Service']","['negative', 'positive']","[None, None]","[False, False]",2,False,True
mams_train_03057,mams,train,"Food is decent but portions so small that after 5 appetizers, 2 sides and three entrees, the three of us left still hungry!","['miscellaneous', 'food']","['General', 'Food']","['negative', 'neutral']","[None, None]","[False, False]",2,False,True
mams_train_03058,mams,train,"When I requested a specific beer on the menu, the waiter said they were all out of that one and kept pushing the only available beer, which I didn't want.","['menu', 'staff']","['General', 'Service']","['neutral', 'negative']","[None, None]","[False, False]",2,False,True
mams_train_03059,mams,train,Once dinner ended the party really started going inside they were playing great music.,"['food', 'ambience']","['Food', 'Ambience']","['neutral', 'positive']","[None, None]","[False, False]",2,False,True
mams_train_03060,mams,train,Their delivery of fresh hot pizza.,"['service', 'food']","['Service', 'Food']","['neutral', 'positive']","[None, None]","[False, False]",2,False,True
mams_train_03061,mams,train,i went on a thursday evening and the restaurant was pretty empty the server got our drinks wrong 3 times!,"['staff', 'food']","['Service', 'Food']","['negative', 'neutral']","[None, None]","[False, False]",2,False,True
mams_train_03062,mams,train,Sushi pieces are smaller if u r a 'buffet' customer and choices are rather limited and there's really nothing special on the menu.,"['food', 'miscellaneous', 'menu']","['Food', 'General', 'General']","['negative', 'negative', 'neutral']","[None, None, None]","[False, False, False]",3,False,True
mams_train_03063,mams,train,"The bigger sin is the service --our waiter was late with our main dishes, late with the bill, which was totaled incorrectly (twice).","['staff', 'food']","['Service', 'Food']","['negative', 'neutral']","[None, None]","[False, False]",2,False,True
mams_train_03064,mams,train,the manager said that they were just starting with a preview menu.,"['staff', 'menu']","['Service', 'General']","['negative', 'neutral']","[None, None]","[False, False]",2,False,True
mams_train_03065,mams,train,"A huge Coca-Cola sign dominates the bar, and cute waiters whisk plates of 'cue across the dining room and to the sidewalk patio.","['place', 'staff', 'miscellaneous']","['General', 'Service', 'General']","['neutral', 'positive', 'neutral']","[None, None, None]","[False, False, False]",3,False,True
mams_train_03066,mams,train,We had a great tiem watching the shows and characters and ar food was just what we were looking for.,"['ambience', 'miscellaneous', 'food']","['Ambience', 'General', 'Food']","['positive', 'neutral', 'positive']","[None, None, None]","[False, False, False]",3,False,True
mams_train_03067,mams,train,Went to Brasserie for restaurant week dinner and maybe it was the menu but the food was very bland and it was something that I could have eatten at home.,"['food', 'menu']","['Food', 'General']","['negative', 'neutral']","[None, None]","[False, False]",2,False,True
mams_train_03068,mams,train,"I have never been treated more rudely than I was by the hostess and the manager of Public for brunch last Sunday; the hostess was arrogant, despicable, and mean to our party (reminder: she is a hostess in the service industry).","['staff', 'food', 'service']","['Service', 'Food', 'Service']","['negative', 'neutral', 'neutral']","[None, None, None]","[False, False, False]",3,False,True
mams_train_03069,mams,train,"The Scene This storefront eatery is decked with colorful Mexican art and party kitsch, but it gets dim and moody enough in the evenings to suit a date.","['miscellaneous', 'ambience']","['General', 'Ambience']","['positive', 'neutral']","[None, None]","[False, False]",2,False,True
mams_train_03070,mams,train,"Zero decor, this is not a date place--just a great place to get a quick, tasty and cheap meal.","['ambience', 'food']","['Ambience', 'Food']","['negative', 'positive']","[None, None]","[False, False]",2,False,True
mams_train_03071,mams,train,The place has a sort of trendy pseudo-asian decor that seems perfectly casual or romantic.,"['place', 'ambience']","['General', 'Ambience']","['neutral', 'positive']","[None, None]","[False, False]",2,False,True
mams_train_03072,mams,train,"Besides the price, here are some other annoyances: bleaching the floors during the dinner and automatically charging you 20% gratuity on your credit card without your knowledge.","['price', 'food']","['Price', 'Food']","['negative', 'neutral']","[None, None]","[False, False]",2,False,True
mams_train_03073,mams,train,"Hostess continued to ask us if everything was okay, and then did nothing when we gave her specific actions (how about some water or coffee served in paper cups).","['staff', 'service']","['Service', 'Service']","['negative', 'neutral']","[None, None]","[False, False]",2,False,True
mams_train_03074,mams,train,"The Food Chef-owner Tom Valenti's food makes just as much noise; he cooks in a masculine, big-flavored, meat-and-potatoes style, rich with terrines, mustards, eggs and bitter greens.","['ambience', 'food']","['Ambience', 'Food']","['negative', 'neutral']","[None, None]","[False, False]",2,False,True
mams_train_03075,mams,train,The service always ruins your food if it's poor.,"['service', 'food']","['Service', 'Food']","['negative', 'neutral']","[None, None]","[False, False]",2,False,True
mams_train_03076,mams,train,"The staff didn't even tell us (college kids) about the prix-fixe special, but the pair of older adults sitting next to us took advantage.","['staff', 'food']","['Service', 'Food']","['negative', 'neutral']","[None, None]","[False, False]",2,False,True
mams_train_03077,mams,train,"Place was empty, waitress was rude, told us that even though there were drink specials at the bar (2 for 1 margaritas), we couldn't have them at our table and we couldn't go up to the bar to get drinks.","['place', 'staff', 'food']","['General', 'Service', 'Food']","['negative', 'negative', 'neutral']","[None, None, None]","[False, False, False]",3,False,True
mams_train_03078,mams,train,"After being treated like we were at Nobu by the hostess, our waitress brought us our check before we even asked for it and denied us a 2nd round of drinks because.","['staff', 'food']","['Service', 'Food']","['negative', 'neutral']","[None, None]","[False, False]",2,False,True
mams_train_03079,mams,train,"Don't let the ambiance of this place fool you, the food is far better than many pricey establishments.","['ambience', 'food']","['Ambience', 'Food']","['negative', 'positive']","[None, None]","[False, False]",2,False,True
mams_train_03080,mams,train,"However, our one and only complaint was when I received my drink I gave my coupon to our waiter, he returned minutes later to tell me that it could not be used in the dining room, only at the lounge or at the bar.","['food', 'staff', 'place']","['Food', 'Service', 'General']","['neutral', 'negative', 'neutral']","[None, None, None]","[False, False, False]",3,False,True
mams_train_03081,mams,train,"For lunch, walk in slightly after 1pm to avoid long lines.","['food', 'miscellaneous']","['Food', 'General']","['neutral', 'negative']","[None, None]","[False, False]",2,False,True
mams_train_03082,mams,train,"Even when the place has been packed with tables (I saw a party of 12 in there last time), the waiters and bartenders are still nice.","['place', 'staff']","['General', 'Service']","['neutral', 'positive']","[None, None]","[False, False]",2,False,True
mams_train_03083,mams,train,"Long wait for our meal (approx 30 minutes), unusual slow service, waitresses (especially the preety one with black hair) louder thn clients, do not care much for customers.","['food', 'service', 'staff']","['Food', 'Service', 'Service']","['neutral', 'negative', 'negative']","[None, None, None]","[False, False, False]",3,False,True
mams_train_03084,mams,train,"the hostess is rude as can be, the waiters can't stop to check in, the busboys are flinging stuff on your table, and that's true even when the restaurant is half empty!","['staff', 'miscellaneous']","['Service', 'General']","['negative', 'neutral']","[None, None]","[False, False]",2,False,True
mams_train_03085,mams,train,"We happen to walk by, read the menu posted outside they offered a nice selection ranging from citrus salmon, pan seared trout, chicken pot pie, sirlion steak, the fried calamari is out of this world they use a secret ingredient to their dipping sauce.","['menu', 'miscellaneous', 'food']","['General', 'General', 'Food']","['neutral', 'positive', 'positive']","[None, None, None]","[False, False, False]",3,False,True
mams_train_03086,mams,train,"Noisy atmosphere makes the place even more fun, though it may become hard to get in after 5PM on Friday- almost every table would be reserved.","['ambience', 'place']","['Ambience', 'General']","['negative', 'positive']","[None, None]","[False, False]",2,False,True
mams_train_03087,mams,train,"Additionally, one of the waiters found it necessary to walk around the restaurant, telling people how to eat their food.","['staff', 'food']","['Service', 'Food']","['positive', 'neutral']","[None, None]","[False, False]",2,False,True
mams_train_03088,mams,train,I have gotten warmer and much friendlier welcome and outstanding service at the other Thai restaurants in the Greenpoint area.,"['miscellaneous', 'service', 'place']","['General', 'Service', 'General']","['positive', 'positive', 'neutral']","[None, None, None]","[False, False, False]",3,False,True
mams_train_03089,mams,train,Lastly the waiters and bartender should learn to have argurments in private and not in front of customers.,"['staff', 'miscellaneous']","['Service', 'General']","['negative', 'neutral']","[None, None]","[False, False]",2,False,True
mams_train_03090,mams,train,The food is not five star but the prices reflect that.,"['food', 'price']","['Food', 'Price']","['negative', 'positive']","[None, None]","[False, False]",2,False,True
mams_train_03091,mams,train,The price was right too--I spent under $30 for my entree and two drinks.,"['price', 'food']","['Price', 'Food']","['positive', 'neutral']","[None, None]","[False, False]",2,False,True
mams_train_03092,mams,train,Obviously we did not get right service and nobody said soory for that and other restaurant guests who came after us got quicker dish than us.,"['service', 'food']","['Service', 'Food']","['negative', 'positive']","[None, None]","[False, False]",2,False,True
mams_train_03093,mams,train,"I won't even wait for an hour and a half when I don't have reservations, but the hostess and the pompous maitre d' just jerked me around and kept on promising me that I'd be the next to be seated.","['miscellaneous', 'staff', 'food']","['General', 'Service', 'Food']","['neutral', 'negative', 'negative']","[None, None, None]","[False, False, False]",3,False,True
mams_train_03094,mams,train,"at the end of the meal the hostess came to us and rudely ask us to leave the table, we were astonished by her attitude.","['staff', 'miscellaneous']","['Service', 'General']","['negative', 'neutral']","[None, None]","[False, False]",2,False,True
mams_train_03095,mams,train,"Went to Chow Bar for dinner, I thought it was kind of pricey, but the food and the service was good - but it wasn't incredibly busy, so maybe they just had more free time to devote to us.","['place', 'food']","['General', 'Food']","['neutral', 'positive']","[None, None]","[False, False]",2,False,True
mams_train_03096,mams,train,"What I don't get is asking a high rolling, forgiving of bad service, drink guzzling table like mine to leave as soon as we finished out last sip of $12 martinis and left a 25% tip.","['service', 'food']","['Service', 'Food']","['negative', 'neutral']","[None, None]","[False, False]",2,False,True
mams_train_03097,mams,train,"I love the food here, and although it is pricey, the entree comes with rice, naan, dal, and salad, which makes it worthwhile.","['food', 'miscellaneous']","['Food', 'General']","['positive', 'neutral']","[None, None]","[False, False]",2,False,True
mams_train_03098,mams,train,"our waiter spilled an entire glass of water on my brother and didn't so much as acknowledge it, let alone apologize.","['staff', 'food']","['Service', 'Food']","['negative', 'neutral']","[None, None]","[False, False]",2,False,True
mams_train_03099,mams,train,"The staff is very kind and well trained, they're fast, they are always prompt to jump behind the bar and fix drinks, they know details of every item in the menu and make excelent recomendations.","['staff', 'place', 'food', 'menu']","['Service', 'General', 'Food', 'General']","['positive', 'neutral', 'neutral', 'neutral']","[None, None, None, None]","[False, False, False, False]",4,False,True
mams_train_03100,mams,train,"My friends and I had a great time - the atmosphere was exciting but didn't encroach on us while we had our meal and drinks (which is better, the kiwitini or the watermelon martini?)","['ambience', 'food']","['Ambience', 'Food']","['positive', 'neutral']","[None, None]","[False, False]",2,False,True
mams_train_03101,mams,train,"If you like an ecclectic crowd and an overall good time where you and your friends can get together whether it be to eat, drink or just play some good old pictionary (they provide crayons and a blank white sheet at every table), go to the Cargo!","['miscellaneous', 'food']","['General', 'Food']","['positive', 'neutral']","[None, None]","[False, False]",2,False,True
mams_train_03102,mams,train,"the food at pongal is average, the rava masala dosa is much better at madras mahal (a few doors down) and certainly the service at pongal is the worst among the indian restaurants along that block.","['food', 'service']","['Food', 'Service']","['positive', 'negative']","[None, None]","[False, False]",2,False,True
mams_train_03103,mams,train,"Instead, the chef made me a special creation off the menu, and wow.","['staff', 'menu']","['Service', 'General']","['positive', 'neutral']","[None, None]","[False, False]",2,False,True
mams_train_03104,mams,train,"I followed my handsome waiter's suggestions for everything from my cranapple martini, BBQ duck tostada appetizer and rum-glazed pork tenerloin entree to the scandalously good brownie sundae.","['staff', 'food']","['Service', 'Food']","['positive', 'neutral']","[None, None]","[False, False]",2,False,True
mams_train_03105,mams,train,"As expected, the wine list is as thoughtful as the menu the staff has earned my trust with their bullet-proof recommendations I have yet to be disappointed from their exhaustive list.","['food', 'menu', 'staff']","['Food', 'General', 'Service']","['positive', 'neutral', 'positive']","[None, None, None]","[False, False, False]",3,False,True
mams_train_03106,mams,train,"Much to my satisfaction, I was seated promptly without a reservation and soon after being seated was greeted by my server.","['miscellaneous', 'staff']","['General', 'Service']","['neutral', 'positive']","[None, None]","[False, False]",2,False,True
mams_train_03107,mams,train,"before we could say anything, one waiter picked it up while another brought a knife to our table on a platter.","['staff', 'miscellaneous']","['Service', 'General']","['negative', 'neutral']","[None, None]","[False, False]",2,False,True
mams_train_03108,mams,train,There was no price on the menu and the waitress recommended it.,"['price', 'menu', 'staff']","['Price', 'General', 'Service']","['neutral', 'neutral', 'positive']","[None, None, None]","[False, False, False]",3,False,True
mams_train_03109,mams,train,The ambiance and service is great but I wish I could say the same about the food.,"['ambience', 'service', 'food']","['Ambience', 'Service', 'Food']","['positive', 'positive', 'negative']","[None, None, None]","[False, False, False]",3,False,True
mams_train_03110,mams,train,"Then we were led downstairs to the main room, and were seated at the huge communal dining room table.","['service', 'place']","['Service', 'General']","['neutral', 'positive']","[None, None]","[False, False]",2,False,True
mams_train_03111,mams,train,"The food is just ok, not at all worth having to put up with the disgusting staff, the manager/owner in particular.","['food', 'staff']","['Food', 'Service']","['positive', 'negative']","[None, None]","[False, False]",2,False,True
mams_train_03112,mams,train,"Our waiter never once asked how everything was, as I suspect he knew the kitchen was producing seriously average food.","['staff', 'place', 'food']","['Service', 'General', 'Food']","['negative', 'neutral', 'negative']","[None, None, None]","[False, False, False]",3,False,True
mams_train_03113,mams,train,The prices did not reflect the quality of the meal.,"['price', 'food']","['Price', 'Food']","['negative', 'neutral']","[None, None]","[False, False]",2,False,True
mams_train_03114,mams,train,"We were crammed next to the people who were seated to the right of us, who repeatedly took phone calls during dinner, while the rude wait staff did nothing despite the warning on the menu that cell phones were not to be used in the dining room.","['food', 'staff', 'menu', 'place']","['Food', 'Service', 'General', 'General']","['neutral', 'negative', 'neutral', 'neutral']","[None, None, None, None]","[False, False, False, False]",4,False,True
mams_train_03115,mams,train,"The Food The daily-changing menu, scrawled on large dry-erase boards, offers a blend of haute cuisine and Texas roadhouse fare.","['food', 'menu', 'price']","['Food', 'General', 'Price']","['positive', 'neutral', 'positive']","[None, None, None]","[False, False, False]",3,False,True
mams_train_03116,mams,train,"Although we had to wait a few minutes for our table, the manager bought us a round of drinks and proceeded to take care of throughout the entire meal.","['miscellaneous', 'staff', 'food']","['General', 'Service', 'Food']","['neutral', 'positive', 'neutral']","[None, None, None]","[False, False, False]",3,False,True
mams_train_03117,mams,train,"we walked in to the resturant, squeezed by our (to be) waiter (who ignored us and didnt step to the side), and straight up to the host (he was busy talking to the bar tender).","['staff', 'place']","['Service', 'General']","['negative', 'neutral']","[None, None]","[False, False]",2,False,True
mams_train_03118,mams,train,"The Food When the counter guy asks, Would you like better fries with that?","['food', 'place']","['Food', 'General']","['positive', 'neutral']","[None, None]","[False, False]",2,False,True
mams_train_03119,mams,train,"The menu is informatively presented with facts about the ingredients, and is divided into Starting and Sharing plates, which allows one to sample a few items during the meal.","['menu', 'ambience']","['General', 'Ambience']","['positive', 'neutral']","[None, None]","[False, False]",2,False,True
mams_train_03120,mams,train,My wife and I invited our friends to a late dinner and were having drinks afterwards when the manager instructed the waitress not to serve us any more drinks as it was bottle service.,"['food', 'staff']","['Food', 'Service']","['neutral', 'negative']","[None, None]","[False, False]",2,False,True
mams_train_03121,mams,train,"I am not sure if this was just an off night or what, our waiter forgot wine, brought us desert menus before dinner came, then brought us the wrong dinner.","['staff', 'food', 'menu']","['Service', 'Food', 'General']","['negative', 'neutral', 'neutral']","[None, None, None]","[False, False, False]",3,False,True
mams_train_03122,mams,train,Generous portions on the entrees.,"['miscellaneous', 'food']","['General', 'Food']","['positive', 'neutral']","[None, None]","[False, False]",2,False,True
mams_train_03123,mams,train,"We asked for the manager who told us that it was their first time serving brunch, to be patient and that our bill would be discounted.","['staff', 'food']","['Service', 'Food']","['positive', 'neutral']","[None, None]","[False, False]",2,False,True
mams_train_03124,mams,train,The rude and unaccomodating hostess (who we later learned was the manager) repeatedly promised us the next table but never offered to buy us a drink while we waited.,"['staff', 'food']","['Service', 'Food']","['negative', 'neutral']","[None, None]","[False, False]",2,False,True
mams_train_03125,mams,train,"Everyone around me was eating stuff that wasn't on the menu and looked tastier, but the waitress didn't bother to suggest any of these things, even when asked for suggestions.","['menu', 'staff']","['General', 'Service']","['neutral', 'negative']","[None, None]","[False, False]",2,False,True
mams_train_03126,mams,train,"The waiter asked us several times after dinner whether we had paid our bill yet, and after we had, he came over to make sure that we hadn't just hidden it from him or something.","['staff', 'food', 'price']","['Service', 'Food', 'Price']","['negative', 'neutral', 'neutral']","[None, None, None]","[False, False, False]",3,False,True
mams_train_03127,mams,train,"After asking the waiter for a few minutes to look over the menu, we had to call out several times over 15 minutes to get him to come back to our table.","['staff', 'menu', 'miscellaneous']","['Service', 'General', 'General']","['negative', 'neutral', 'neutral']","[None, None, None]","[False, False, False]",3,False,True
mams_train_03128,mams,train,"Not a destination restaurant, but if you're hungry for breakfast or lunch, big portions and good quality for the money.","['food', 'miscellaneous']","['Food', 'General']","['neutral', 'positive']","[None, None]","[False, False]",2,False,True
mams_train_03129,mams,train,"Good wines under $100 are included in the predominantly French list, but take some ferreting out to find.","['food', 'miscellaneous']","['Food', 'General']","['positive', 'neutral']","[None, None]","[False, False]",2,False,True
mams_train_03130,mams,train,"anyway, nice place for brunch for selection under $20 meals desserts were great (3 flavors for creme brulee!!","['place', 'food', 'miscellaneous', 'ambience']","['General', 'Food', 'General', 'Ambience']","['positive', 'positive', 'neutral', 'neutral']","[None, None, None, None]","[False, False, False, False]",4,False,True
mams_train_03131,mams,train,"Downtown Dinner 2002 - Prixe fix: Appetizers were ok, waiter gave me poor suggestion.","['food', 'staff']","['Food', 'Service']","['positive', 'negative']","[None, None]","[False, False]",2,False,True
mams_train_03132,mams,train,The Food Nothing makes for better bar snacks than this down-home Southern menu.,"['food', 'place']","['Food', 'General']","['neutral', 'positive']","[None, None]","[False, False]",2,False,True
mams_train_03133,mams,train,After spending about 2 hours in the restaurant our waiter decided to call it a night without even asking if we wanted dessert.,"['staff', 'food']","['Service', 'Food']","['negative', 'neutral']","[None, None]","[False, False]",2,False,True
mams_train_03134,mams,train,Half the menu is comprised of original creations while the other half consists of unique slants on orthodox cuisine such as the single super-sized gnocchi with cinammon.,"['menu', 'food']","['General', 'Food']","['neutral', 'positive']","[None, None]","[False, False]",2,False,True
mams_train_03135,mams,train,"Not only did we have to flag the waiter down every time for every course or request, but they spilled our drinks twice all over the table - and once was hot tea.","['staff', 'food']","['Service', 'Food']","['negative', 'neutral']","[None, None]","[False, False]",2,False,True
mams_train_03136,mams,train,"Second, the value was great; after ordering a ton of food and several drinks, the bill still came to less than $40 a person (though I suspect that the nice manager might have given us a few freebees!","['miscellaneous', 'food', 'price']","['General', 'Food', 'Price']","['positive', 'positive', 'neutral']","[None, None, None]","[False, False, False]",3,False,True
mams_train_03137,mams,train,"We arrived about 15 minutes late for a Friday 12:30 reservation, but the staff couldn't have been nicer.","['miscellaneous', 'staff']","['General', 'Service']","['neutral', 'negative']","[None, None]","[False, False]",2,False,True
mams_train_03138,mams,train,"I have eaten here for nearly three years, with firends with family, the service is great attentive and informed, perfect for Thursdays, Fridays and Saturdays.","['miscellaneous', 'service']","['General', 'Service']","['neutral', 'positive']","[None, None]","[False, False]",2,False,True
mams_train_03139,mams,train,"After reading the negative sushi reviews, my boyfriend and I opted for their Korean fare.","['food', 'price']","['Food', 'Price']","['negative', 'neutral']","[None, None]","[False, False]",2,False,True
mams_train_03140,mams,train,"After dinner I walked over to the cheese counter -after having been greeted by a rude server, I was shocked to see how dissapointing their cheese selection was: it is miniscule, many of the fresh chevre cheese were more than ready to be tossed, etc.","['food', 'miscellaneous', 'staff']","['Food', 'General', 'Service']","['neutral', 'neutral', 'negative']","[None, None, None]","[False, False, False]",3,False,True
mams_train_03141,mams,train,The waitresses are at your table filling your water or oil before your last sip or dip.,"['staff', 'food']","['Service', 'Food']","['positive', 'neutral']","[None, None]","[False, False]",2,False,True
mams_train_03142,mams,train,"The first time, the food was decent for lunch, but remember mediocre service.","['food', 'service']","['Food', 'Service']","['neutral', 'negative']","[None, None]","[False, False]",2,False,True
mams_train_03143,mams,train,We walked out the door with only a drink in each of us and the bill was still over $100.,"['food', 'price']","['Food', 'Price']","['neutral', 'negative']","[None, None]","[False, False]",2,False,True
mams_train_03144,mams,train,"It took us 20 minutes to get a check, despite many attempts at meaningful eye contact with the wait staff.","['price', 'staff']","['Price', 'Service']","['neutral', 'negative']","[None, None]","[False, False]",2,False,True
mams_train_03145,mams,train,"The pancakes were good, but don't have blueberry pancakes on the menu of you are not able to produce more than three tiny blueberries in each pancake.","['food', 'menu']","['Food', 'General']","['negative', 'neutral']","[None, None]","[False, False]",2,False,True
mams_train_03146,mams,train,"Our waiter disappeared entirely, our food, when we were finally able to order it, arrived without plates (we had to go and track down a busboy to get them), and when we were finished, we couldn't get the check, even after walking across the restaurant to request it.","['staff', 'food', 'miscellaneous', 'price']","['Service', 'Food', 'General', 'Price']","['negative', 'neutral', 'neutral', 'neutral']","[None, None, None, None]","[False, False, False, False]",4,False,True
mams_train_03147,mams,train,"90 for a porterhouse steak for 2 (ordered medium-rare, delivered well-done, dry and tasteless) and I'm not even full.","['food', 'service']","['Food', 'Service']","['neutral', 'positive']","[None, None]","[False, False]",2,False,True
mams_train_03148,mams,train,"The food was good but our waiters were pushy,rude and dumb.","['food', 'staff']","['Food', 'Service']","['positive', 'negative']","[None, None]","[False, False]",2,False,True
