sample_id,source,split,text,categories_fine,categories_coarse,sentiments,aspect_terms,is_implicit_flags,num_aspects,has_implicit,has_conflict
semeval16_train_00000,semeval16,train,"judging from previous posts this used to be a good place , but not any longer .",['place'],['General'],['negative'],['place'],[False],1,False,False
semeval16_train_00001,semeval16,train,"we , there were four of us , arrived at noon - the place was empty - and the staff acted like we were imposing on them and they were very rude .",['staff'],['Service'],['negative'],['staff'],[False],1,False,False
semeval16_train_00002,semeval16,train,the food was lousy - too sweet or too salty and the portions tiny .,['food'],['Food'],['negative'],['food'],[False],1,False,False
semeval16_train_00003,semeval16,train,the food was lousy - too sweet or too salty and the portions tiny .,['portions'],['General'],['negative'],['portions'],[False],1,False,False
semeval16_train_00004,semeval16,train,avoid this place !,['place'],['General'],['negative'],['place'],[False],1,False,False
semeval16_train_00005,semeval16,train,"i have eaten at saul , many times , the food is always consistently , outrageously good .",['food'],['Food'],['positive'],['food'],[False],1,False,False
semeval16_train_00006,semeval16,train,saul is the best restaurant on smith street and in brooklyn .,['saul'],['General'],['positive'],['saul'],[False],1,False,False
semeval16_train_00007,semeval16,train,the duck confit is always amazing and the foie gras terrine with figs was out of this world .,['foie gras terrine with figs'],['General'],['positive'],['foie gras terrine with figs'],[False],1,False,False
semeval16_train_00008,semeval16,train,the duck confit is always amazing and the foie gras terrine with figs was out of this world .,['duck confit'],['General'],['positive'],['duck confit'],[False],1,False,False
semeval16_train_00009,semeval16,train,the wine list is interesting and has many good values .,['wine list'],['General'],['positive'],['wine list'],[False],1,False,False
semeval16_train_00010,semeval16,train,i was very disappointed with this restaurant .,['restaurant'],['General'],['negative'],['restaurant'],[False],1,False,False
semeval16_train_00011,semeval16,train,i ve asked a cart attendant for a lotus leaf wrapped rice and she replied back rice and just walked away .,['cart attendant'],['General'],['negative'],['cart attendant'],[False],1,False,False
semeval16_train_00012,semeval16,train,"food was okay , nothing great .",['food'],['Food'],['neutral'],['food'],[False],1,False,False
semeval16_train_00013,semeval16,train,chow fun was dry ; pork shu mai was more than usually greasy and had to share a table with loud and rude family .,['chow fun'],['General'],['negative'],['chow fun'],[False],1,False,False
semeval16_train_00014,semeval16,train,chow fun was dry ; pork shu mai was more than usually greasy and had to share a table with loud and rude family .,['pork shu mai'],['General'],['negative'],['pork shu mai'],[False],1,False,False
semeval16_train_00015,semeval16,train,i / we will never go back to this place again .,['place'],['General'],['negative'],['place'],[False],1,False,False
semeval16_train_00016,semeval16,train,"went on a 3 day oyster binge , with fish bringing up the closing , and i am so glad this was the place it o trip ended , because it was so great !",['fish'],['General'],['positive'],['fish'],[False],1,False,False
semeval16_train_00017,semeval16,train,"service was devine , oysters where a sensual as they come , and the price ca n't be beat ! ! !",['service'],['Service'],['positive'],['service'],[False],1,False,False
semeval16_train_00018,semeval16,train,"service was devine , oysters where a sensual as they come , and the price ca n't be beat ! ! !",['oysters'],['General'],['positive'],['oysters'],[False],1,False,False
semeval16_train_00019,semeval16,train,every time in new york i make it a point to visit restaurant saul on smith street .,['restaurant saul'],['General'],['positive'],['restaurant saul'],[False],1,False,False
semeval16_train_00020,semeval16,train,"everything is always cooked to perfection , the service is excellent , the decor cool and understated .",['service'],['Service'],['positive'],['service'],[False],1,False,False
semeval16_train_00021,semeval16,train,"everything is always cooked to perfection , the service is excellent , the decor cool and understated .",['decor'],['General'],['positive'],['decor'],[False],1,False,False
semeval16_train_00022,semeval16,train,i had the duck breast special on my last visit and it was incredible .,['duck breast special'],['General'],['positive'],['duck breast special'],[False],1,False,False
semeval16_train_00023,semeval16,train,"the food is very average ... the thai fusion stuff is a bit too sweet , every thing they serve is too sweet here .",['food'],['Food'],['negative'],['food'],[False],1,False,False
semeval16_train_00024,semeval16,train,"the food is very average ... the thai fusion stuff is a bit too sweet , every thing they serve is too sweet here .",['thai fusion stuff'],['General'],['negative'],['thai fusion stuff'],[False],1,False,False
semeval16_train_00025,semeval16,train,the only thing i moderately enjoyed was their grilled chicken special with edamame puree .,['grilled chicken special with edamame puree'],['General'],['positive'],['grilled chicken special with edamame puree'],[False],1,False,False
semeval16_train_00026,semeval16,train,i had never had edamame pureed before but i thought it was innovative and tasty ( could 've used a bit more salt ) .,['edamame pureed'],['General'],['positive'],['edamame pureed'],[False],1,False,False
semeval16_train_00027,semeval16,train,"the decor is night tho ... but they really need to clean that vent in the ceiling ... its quite un - appetizing , and kills your effort to make this place look sleek and modern .",['place'],['General'],['negative'],['place'],[False],1,False,False
semeval16_train_00028,semeval16,train,"the decor is night tho ... but they really need to clean that vent in the ceiling ... its quite un - appetizing , and kills your effort to make this place look sleek and modern .",['decor'],['General'],['positive'],['decor'],[False],1,False,False
semeval16_train_00029,semeval16,train,"the decor is night tho ... but they really need to clean that vent in the ceiling ... its quite un - appetizing , and kills your effort to make this place look sleek and modern .",['vent'],['General'],['negative'],['vent'],[False],1,False,False
semeval16_train_00030,semeval16,train,"their sake list was extensive , but we were looking for purple haze , which was n't listed but made for us upon request !",['sake list'],['General'],['positive'],['sake list'],[False],1,False,False
semeval16_train_00031,semeval16,train,"the spicy tuna roll was unusually good and the rock shrimp tempura was awesome , great appetizer to share !",['spicy tuna roll'],['General'],['positive'],['spicy tuna roll'],[False],1,False,False
semeval16_train_00032,semeval16,train,"the spicy tuna roll was unusually good and the rock shrimp tempura was awesome , great appetizer to share !",['rock shrimp tempura'],['General'],['positive'],['rock shrimp tempura'],[False],1,False,False
semeval16_train_00033,semeval16,train,we went around 9:30 on a friday and it had died down a bit by then so the service was great !,['service'],['Service'],['positive'],['service'],[False],1,False,False
semeval16_train_00034,semeval16,train,we love th pink pony .,['pink pony'],['General'],['positive'],['pink pony'],[False],1,False,False
semeval16_train_00035,semeval16,train,the perfect spot .,['spot'],['General'],['positive'],['spot'],[False],1,False,False
semeval16_train_00036,semeval16,train,food -awesome .,['food'],['Food'],['positive'],['food'],[False],1,False,False
semeval16_train_00037,semeval16,train,service - friendly and attentive .,['service'],['Service'],['positive'],['service'],[False],1,False,False
semeval16_train_00038,semeval16,train,ambiance - relaxed and stylish .,['ambiance'],['General'],['positive'],['ambiance'],[False],1,False,False
semeval16_train_00039,semeval16,train,"do n't judge this place prima facie , you have to try it to believe it , a home away from home for the literate heart .",['place'],['General'],['positive'],['place'],[False],1,False,False
semeval16_train_00040,semeval16,train,the food is decent .,['food'],['Food'],['neutral'],['food'],[False],1,False,False
semeval16_train_00041,semeval16,train,"however , it 's the service that leaves a bad taste in my mouth .",['service'],['Service'],['negative'],['service'],[False],1,False,False
semeval16_train_00042,semeval16,train,"i happen to have a policy that goes along with a little bit of self - respect , which includes not letting a waiter intimidate me , i.e. make me feel bad asking for trivialities like water , or the check .",['waiter'],['General'],['negative'],['waiter'],[False],1,False,False
semeval16_train_00043,semeval16,train,this place has got to be the best japanese restaurant in the new york area .,['place'],['General'],['positive'],['place'],[False],1,False,False
semeval16_train_00044,semeval16,train,food is great .,['food'],['Food'],['positive'],['food'],[False],1,False,False
semeval16_train_00045,semeval16,train,service is top notch .,['service'],['Service'],['positive'],['service'],[False],1,False,False
semeval16_train_00046,semeval16,train,"i tend to judge a sushi restaurant by its sea urchin , which was heavenly at sushi rose .",['sea urchin'],['General'],['positive'],['sea urchin'],[False],1,False,False
semeval16_train_00047,semeval16,train,the sushi seemed pretty fresh and was adequately proportioned .,['sushi'],['General'],['positive'],['sushi'],[False],1,False,False
semeval16_train_00048,semeval16,train,the rice to fish ration was also good -- they did n't try to overpack the rice .,['rice to fish ration'],['General'],['positive'],['rice to fish ration'],[False],1,False,False
semeval16_train_00049,semeval16,train,we took advanatage of the half price sushi deal on saturday so it was well worth it .,['half price sushi deal'],['General'],['positive'],['half price sushi deal'],[False],1,False,False
semeval16_train_00050,semeval16,train,"in the evening , this place attracted a well dressed , with it , ny crowd .",['crowd'],['General'],['positive'],['crowd'],[False],1,False,False
semeval16_train_00051,semeval16,train,the food was well prepared and the service impecable .,['food'],['Food'],['positive'],['food'],[False],1,False,False
semeval16_train_00052,semeval16,train,the food was well prepared and the service impecable .,['service'],['Service'],['positive'],['service'],[False],1,False,False
semeval16_train_00053,semeval16,train,the prix fixe menu is worth every penny and you get more than enough ( both in quantity and quality ) .,['prix fixe menu'],['General'],['positive'],['prix fixe menu'],[False],1,False,False
semeval16_train_00054,semeval16,train,"$ 6 and there is much tasty food , all of it fresh and continually refilled .",['food'],['Food'],['positive'],['food'],[False],1,False,False
semeval16_train_00055,semeval16,train,"i am not a vegetarian but , almost all the dishes were great .",['dishes'],['General'],['positive'],['dishes'],[False],1,False,False
semeval16_train_00056,semeval16,train,"the food here is rather good , but only if you like to wait for it .",['food'],['Food'],['positive'],['food'],[False],1,False,False
semeval16_train_00057,semeval16,train,"i like the somosas , chai , and the chole , but the dhosas and dhal were kinda dissapointing .",['somosas'],['General'],['positive'],['somosas'],[False],1,False,False
semeval16_train_00058,semeval16,train,"i like the somosas , chai , and the chole , but the dhosas and dhal were kinda dissapointing .",['chai'],['General'],['positive'],['chai'],[False],1,False,False
semeval16_train_00059,semeval16,train,"i like the somosas , chai , and the chole , but the dhosas and dhal were kinda dissapointing .",['chole'],['General'],['positive'],['chole'],[False],1,False,False
semeval16_train_00060,semeval16,train,"i like the somosas , chai , and the chole , but the dhosas and dhal were kinda dissapointing .",['dhosas'],['General'],['negative'],['dhosas'],[False],1,False,False
semeval16_train_00061,semeval16,train,"i like the somosas , chai , and the chole , but the dhosas and dhal were kinda dissapointing .",['dhal'],['General'],['negative'],['dhal'],[False],1,False,False
semeval16_train_00062,semeval16,train,"the service varys from day to day- sometimes they 're very nice , and sometimes not .",['service'],['Service'],['negative'],['service'],[False],1,False,False
semeval16_train_00063,semeval16,train,"the kitchen however , is almost always slow .",['kitchen'],['General'],['negative'],['kitchen'],[False],1,False,False
semeval16_train_00064,semeval16,train,"also , specify if you like your food spicy- its rather bland if you do n't .",['food'],['Food'],['negative'],['food'],[False],1,False,False
semeval16_train_00065,semeval16,train,"the ambience is pretty and nice for conversation , so a casual lunch here would probably be best .",['ambience'],['Ambience'],['positive'],['ambience'],[False],1,False,False
semeval16_train_00066,semeval16,train,if you 've ever been along the river in weehawken you have an idea of the top of view the chart house has to offer .,['view'],['General'],['positive'],['view'],[False],1,False,False
semeval16_train_00067,semeval16,train,add to that great service and great food at a reasonable price and you have yourself the beginning of a great evening .,['service'],['Service'],['positive'],['service'],[False],1,False,False
semeval16_train_00068,semeval16,train,add to that great service and great food at a reasonable price and you have yourself the beginning of a great evening .,['food'],['Food'],['positive'],['food'],[False],1,False,False
semeval16_train_00069,semeval16,train,the lava cake dessert was incredible and i recommend it .,['lava cake dessert'],['General'],['positive'],['lava cake dessert'],[False],1,False,False
semeval16_train_00070,semeval16,train,"once you step into cosette , you 're miraculously in a small , off - the - beaten path parisian bistro .",['cosette'],['General'],['positive'],['cosette'],[False],1,False,False
semeval16_train_00071,semeval16,train,"this tiny restaurant is as cozy as it gets , with that certain parisian flair .",['restaurant'],['General'],['positive'],['restaurant'],[False],1,False,False
semeval16_train_00072,semeval16,train,"the food was average to above - average ; the french onion soup filling yet not overly impressive , and the desserts not brilliant in any way .",['food'],['Food'],['positive'],['food'],[False],1,False,False
semeval16_train_00073,semeval16,train,"the food was average to above - average ; the french onion soup filling yet not overly impressive , and the desserts not brilliant in any way .",['french onion soup'],['General'],['negative'],['french onion soup'],[False],1,False,False
semeval16_train_00074,semeval16,train,"the food was average to above - average ; the french onion soup filling yet not overly impressive , and the desserts not brilliant in any way .",['desserts'],['General'],['negative'],['desserts'],[False],1,False,False
semeval16_train_00075,semeval16,train,"however , go for the ambience , and consider the food just a companion for a trip across the world !",['ambience'],['Ambience'],['positive'],['ambience'],[False],1,False,False
semeval16_train_00076,semeval16,train,"however , go for the ambience , and consider the food just a companion for a trip across the world !",['food'],['Food'],['neutral'],['food'],[False],1,False,False
semeval16_train_00077,semeval16,train,the pizza was delivered cold and the cheese was n't even fully melted !,['pizza'],['General'],['negative'],['pizza'],[False],1,False,False
semeval16_train_00078,semeval16,train,the pizza was delivered cold and the cheese was n't even fully melted !,['cheese'],['General'],['negative'],['cheese'],[False],1,False,False
semeval16_train_00079,semeval16,train,the pizza is overpriced and soggy .,['pizza'],['General'],['negative'],['pizza'],[False],1,False,False
semeval16_train_00080,semeval16,train,"yes , they use fancy ingredients , but even fancy ingredients do n't make for good pizza unless someone knows how to get the crust right .",['ingredients'],['General'],['positive'],['ingredients'],[False],1,False,False
semeval16_train_00081,semeval16,train,"yes , they use fancy ingredients , but even fancy ingredients do n't make for good pizza unless someone knows how to get the crust right .",['pizza'],['General'],['negative'],['pizza'],[False],1,False,False
semeval16_train_00082,semeval16,train,"yes , they use fancy ingredients , but even fancy ingredients do n't make for good pizza unless someone knows how to get the crust right .",['crust'],['General'],['negative'],['crust'],[False],1,False,False
semeval16_train_00083,semeval16,train,i think i 've had some the best meals of my life at minnow .,['meals'],['General'],['positive'],['meals'],[False],1,False,False
semeval16_train_00084,semeval16,train,"the seafood is amazing , there 's a good wine list , and the ever - changing menu always offers some great surprises .",['seafood'],['General'],['positive'],['seafood'],[False],1,False,False
semeval16_train_00085,semeval16,train,"the seafood is amazing , there 's a good wine list , and the ever - changing menu always offers some great surprises .",['wine list'],['General'],['positive'],['wine list'],[False],1,False,False
semeval16_train_00086,semeval16,train,"the seafood is amazing , there 's a good wine list , and the ever - changing menu always offers some great surprises .",['menu'],['General'],['positive'],['menu'],[False],1,False,False
semeval16_train_00087,semeval16,train,the combination of super - fresh ingredients in the dishes are unusual but really delicious .,['ingredients'],['General'],['positive'],['ingredients'],[False],1,False,False
semeval16_train_00088,semeval16,train,best pastrami i ever had and great portion without being ridiculous .,['pastrami'],['General'],['positive'],['pastrami'],[False],1,False,False
semeval16_train_00089,semeval16,train,best pastrami i ever had and great portion without being ridiculous .,['portion'],['General'],['positive'],['portion'],[False],1,False,False
semeval16_train_00090,semeval16,train,my wife had the fried shrimp which are huge and loved it .,['fried shrimp'],['General'],['positive'],['fried shrimp'],[False],1,False,False
semeval16_train_00091,semeval16,train,"as a japanese native , i 've lived in the tristate area for over 8 years , but i was just so amazed at this place .",['place'],['General'],['positive'],['place'],[False],1,False,False
semeval16_train_00092,semeval16,train,this place is the most japanese it can ever get .,['place'],['General'],['positive'],['place'],[False],1,False,False
semeval16_train_00093,semeval16,train,"the signs , the specials menus , food , and even all the waitstaff are all totally japanese .",['signs'],['General'],['positive'],['signs'],[False],1,False,False
semeval16_train_00094,semeval16,train,"the signs , the specials menus , food , and even all the waitstaff are all totally japanese .",['specials menus'],['General'],['positive'],['specials menus'],[False],1,False,False
semeval16_train_00095,semeval16,train,"the signs , the specials menus , food , and even all the waitstaff are all totally japanese .",['food'],['Food'],['positive'],['food'],[False],1,False,False
semeval16_train_00096,semeval16,train,"the signs , the specials menus , food , and even all the waitstaff are all totally japanese .",['waitstaff'],['General'],['positive'],['waitstaff'],[False],1,False,False
semeval16_train_00097,semeval16,train,this place is worth an one - hour drive .,['place'],['General'],['positive'],['place'],[False],1,False,False
semeval16_train_00098,semeval16,train,"leon is an east village gem : casual but hip , with well prepared basic french bistro fare , good specials , a warm and lively atmosphere .",['leon'],['General'],['positive'],['leon'],[False],1,False,False
semeval16_train_00099,semeval16,train,"leon is an east village gem : casual but hip , with well prepared basic french bistro fare , good specials , a warm and lively atmosphere .",['specials'],['General'],['positive'],['specials'],[False],1,False,False
semeval16_train_00100,semeval16,train,"leon is an east village gem : casual but hip , with well prepared basic french bistro fare , good specials , a warm and lively atmosphere .",['atmosphere'],['General'],['positive'],['atmosphere'],[False],1,False,False
semeval16_train_00101,semeval16,train,"leon is an east village gem : casual but hip , with well prepared basic french bistro fare , good specials , a warm and lively atmosphere .",['french bistro fare'],['General'],['positive'],['french bistro fare'],[False],1,False,False
semeval16_train_00102,semeval16,train,"my wife and i always enjoy the young , not always well trained but nevertheless friendly , staff , all of whom have a story .",['staff'],['Service'],['positive'],['staff'],[False],1,False,False
semeval16_train_00103,semeval16,train,decent wine at reasonable prices .,['wine'],['General'],['neutral'],['wine'],[False],1,False,False
semeval16_train_00104,semeval16,train,"everytime i decide to try another place on the ues , i get angry that i did n't just go to zucchero pomodori .",['zucchero pomodori'],['General'],['positive'],['zucchero pomodori'],[False],1,False,False
semeval16_train_00105,semeval16,train,this is by far my favorite place in the neighborhood .,['place'],['General'],['positive'],['place'],[False],1,False,False
semeval16_train_00106,semeval16,train,"the service is excellent , the decor is great , and the food is delicious and comes in large portions .",['service'],['Service'],['positive'],['service'],[False],1,False,False
semeval16_train_00107,semeval16,train,"the service is excellent , the decor is great , and the food is delicious and comes in large portions .",['decor'],['General'],['positive'],['decor'],[False],1,False,False
semeval16_train_00108,semeval16,train,"the service is excellent , the decor is great , and the food is delicious and comes in large portions .",['food'],['Food'],['positive'],['food'],[False],1,False,False
semeval16_train_00109,semeval16,train,"the service is excellent , the decor is great , and the food is delicious and comes in large portions .",['portions'],['General'],['positive'],['portions'],[False],1,False,False
semeval16_train_00110,semeval16,train,i 'm partial to the gnocchi .,['gnocchi'],['General'],['positive'],['gnocchi'],[False],1,False,False
semeval16_train_00111,semeval16,train,this place is incredibly tiny .,['place'],['General'],['negative'],['place'],[False],1,False,False
semeval16_train_00112,semeval16,train,the hostess is rude to the point of being offensive .,['hostess'],['General'],['negative'],['hostess'],[False],1,False,False
semeval16_train_00113,semeval16,train,the food was bland oily .,['food'],['Food'],['negative'],['food'],[False],1,False,False
semeval16_train_00114,semeval16,train,"we have been to this place many times , and always have great food , wine , and service .",['food'],['Food'],['positive'],['food'],[False],1,False,False
semeval16_train_00115,semeval16,train,"we have been to this place many times , and always have great food , wine , and service .",['wine'],['General'],['positive'],['wine'],[False],1,False,False
semeval16_train_00116,semeval16,train,"we have been to this place many times , and always have great food , wine , and service .",['service'],['Service'],['positive'],['service'],[False],1,False,False
semeval16_train_00117,semeval16,train,"we were worried we would have trouble getting in , but somehow managed to have a short wait .",['wait'],['General'],['positive'],['wait'],[False],1,False,False
semeval16_train_00118,semeval16,train,as always we had a great glass of wine while we waited .,['glass of wine'],['General'],['positive'],['glass of wine'],[False],1,False,False
semeval16_train_00119,semeval16,train,"when we sat , we got great and fast service .",['service'],['Service'],['positive'],['service'],[False],1,False,False
semeval16_train_00120,semeval16,train,the people that work there are always so friendly you forget you are in new york sometimes .,['people'],['General'],['positive'],['people'],[False],1,False,False
semeval16_train_00121,semeval16,train,make sure you try this place as often as you can .,['place'],['General'],['positive'],['place'],[False],1,False,False
semeval16_train_00122,semeval16,train,this is a fun restaurant to go to .,['restaurant'],['General'],['positive'],['restaurant'],[False],1,False,False
semeval16_train_00123,semeval16,train,the pizza is yummy and i like the atmoshpere .,['pizza'],['General'],['positive'],['pizza'],[False],1,False,False
semeval16_train_00124,semeval16,train,the pizza is yummy and i like the atmoshpere .,['atmoshpere'],['General'],['positive'],['atmoshpere'],[False],1,False,False
semeval16_train_00125,semeval16,train,but the pizza is way to expensive .,['pizza'],['General'],['negative'],['pizza'],[False],1,False,False
semeval16_train_00126,semeval16,train,"a large is $ 20 , and toppings are about $ 3 each .",['toppings'],['General'],['negative'],['toppings'],[False],1,False,False
semeval16_train_00127,semeval16,train,i went there for lunch and it was not as good as i expected from the reviews i read .,['lunch'],['General'],['negative'],['lunch'],[False],1,False,False
semeval16_train_00128,semeval16,train,sauce was watery and the food did n't have much flavor .,['sauce'],['General'],['negative'],['sauce'],[False],1,False,False
semeval16_train_00129,semeval16,train,sauce was watery and the food did n't have much flavor .,['food'],['Food'],['negative'],['food'],[False],1,False,False
semeval16_train_00130,semeval16,train,this place is great .,['place'],['General'],['positive'],['place'],[False],1,False,False
semeval16_train_00131,semeval16,train,the waitress was very patient with us and the food is phenomenal !,['waitress'],['General'],['positive'],['waitress'],[False],1,False,False
semeval16_train_00132,semeval16,train,the waitress was very patient with us and the food is phenomenal !,['food'],['Food'],['positive'],['food'],[False],1,False,False
semeval16_train_00133,semeval16,train,"service was prompt , friendly and great .",['service'],['Service'],['positive'],['service'],[False],1,False,False
semeval16_train_00134,semeval16,train,great pizza and fantastic service .,['pizza'],['General'],['positive'],['pizza'],[False],1,False,False
semeval16_train_00135,semeval16,train,great pizza and fantastic service .,['service'],['Service'],['positive'],['service'],[False],1,False,False
semeval16_train_00136,semeval16,train,"there was a small wait , but shorter than i expected .",['wait'],['General'],['positive'],['wait'],[False],1,False,False
semeval16_train_00137,semeval16,train,located at the end of a magnificent block .,['block'],['General'],['positive'],['block'],[False],1,False,False
semeval16_train_00138,semeval16,train,this is the best sushi in new york city - hands down .,['sushi'],['General'],['positive'],['sushi'],[False],1,False,False
semeval16_train_00139,semeval16,train,the place is small and cramped but the food is fantastic .,['place'],['General'],['negative'],['place'],[False],1,False,False
semeval16_train_00140,semeval16,train,the place is small and cramped but the food is fantastic .,['food'],['Food'],['positive'],['food'],[False],1,False,False
semeval16_train_00141,semeval16,train,get the tuna of gari .,['tuna of gari'],['General'],['positive'],['tuna of gari'],[False],1,False,False
semeval16_train_00142,semeval16,train,"planet thailand has always been a hit with me , i go there usually for the sushi , which is great , the thai food is excellent too .",['sushi'],['General'],['positive'],['sushi'],[False],1,False,False
semeval16_train_00143,semeval16,train,"planet thailand has always been a hit with me , i go there usually for the sushi , which is great , the thai food is excellent too .",['thai food'],['General'],['positive'],['thai food'],[False],1,False,False
semeval16_train_00144,semeval16,train,"planet thailand has always been a hit with me , i go there usually for the sushi , which is great , the thai food is excellent too .",['planet thailand'],['General'],['positive'],['planet thailand'],[False],1,False,False
semeval16_train_00145,semeval16,train,"with the great variety on the menu , i eat here often and never get bored .",['menu'],['General'],['positive'],['menu'],[False],1,False,False
semeval16_train_00146,semeval16,train,"the atmosphere is n't the greatest , but i suppose that 's how they keep the prices down .",['atmosphere'],['General'],['neutral'],['atmosphere'],[False],1,False,False
semeval16_train_00147,semeval16,train,it 's all about the food ! !,['food'],['Food'],['positive'],['food'],[False],1,False,False
semeval16_train_00148,semeval16,train,first it took us a long time to find the place .,['place'],['General'],['negative'],['place'],[False],1,False,False
semeval16_train_00149,semeval16,train,"but when we looked at the menu , there were n't a lot of choices , most of them were dumplings in the appetizer section .",['menu'],['General'],['negative'],['menu'],[False],1,False,False
semeval16_train_00150,semeval16,train,"those rolls were big , but not good and sashimi was n't fresh .",['rolls'],['General'],['neutral'],['rolls'],[False],1,False,False
semeval16_train_00151,semeval16,train,"those rolls were big , but not good and sashimi was n't fresh .",['sashimi'],['General'],['negative'],['sashimi'],[False],1,False,False
semeval16_train_00152,semeval16,train,"try the crunchy tuna , it is to die for .",['crunchy tuna'],['General'],['positive'],['crunchy tuna'],[False],1,False,False
semeval16_train_00153,semeval16,train,first went here to enjoy their garden terrace .,['garden terrace'],['General'],['positive'],['garden terrace'],[False],1,False,False
semeval16_train_00154,semeval16,train,"the food was amazing , and the service was prompt and helpful , but not over - bearing or rushed .",['food'],['Food'],['positive'],['food'],[False],1,False,False
semeval16_train_00155,semeval16,train,"the food was amazing , and the service was prompt and helpful , but not over - bearing or rushed .",['service'],['Service'],['positive'],['service'],[False],1,False,False
semeval16_train_00156,semeval16,train,"the steak tartare is a great bet , they fix it for you at the table .",['steak tartare'],['General'],['positive'],['steak tartare'],[False],1,False,False
semeval16_train_00157,semeval16,train,"admittedly some nights inside the restaurant were rather warm , but the open kitchen is part of the charm .",['open kitchen'],['General'],['positive'],['open kitchen'],[False],1,False,False
semeval16_train_00158,semeval16,train,"admittedly some nights inside the restaurant were rather warm , but the open kitchen is part of the charm .",['restaurant'],['General'],['negative'],['restaurant'],[False],1,False,False
semeval16_train_00159,semeval16,train,"great wine selection , gigondas is worth the price , and the house champagne is a great value .",['wine selection'],['General'],['positive'],['wine selection'],[False],1,False,False
semeval16_train_00160,semeval16,train,"great wine selection , gigondas is worth the price , and the house champagne is a great value .",['gigondas'],['General'],['positive'],['gigondas'],[False],1,False,False
semeval16_train_00161,semeval16,train,"great wine selection , gigondas is worth the price , and the house champagne is a great value .",['house champagne'],['General'],['positive'],['house champagne'],[False],1,False,False
semeval16_train_00162,semeval16,train,"it may be a bit packed on weekends , but the vibe is good and it is the best french food you will find in the area .",['vibe'],['General'],['positive'],['vibe'],[False],1,False,False
semeval16_train_00163,semeval16,train,"it may be a bit packed on weekends , but the vibe is good and it is the best french food you will find in the area .",['french food'],['General'],['positive'],['french food'],[False],1,False,False
semeval16_train_00164,semeval16,train,"have recommended the place to friends , always gets good response .",['place'],['General'],['positive'],['place'],[False],1,False,False
semeval16_train_00165,semeval16,train,"pizza - the only pizza in nyc that should not have additional toppings - the crust tastes like the best , freshly baked bread !",['crust'],['General'],['positive'],['crust'],[False],1,False,False
semeval16_train_00166,semeval16,train,"pizza - the only pizza in nyc that should not have additional toppings - the crust tastes like the best , freshly baked bread !",['pizza'],['General'],['positive'],['pizza'],[False],1,False,False
semeval16_train_00167,semeval16,train,i take all my nyc guests to vt 's .,"[""vt 's""]",['General'],['positive'],"[""vt 's""]",[False],1,False,False
semeval16_train_00168,semeval16,train,"not sure where the previous reviewer , lonk , dined , but saul is in a great neighborhood and has great food !",['neighborhood'],['General'],['positive'],['neighborhood'],[False],1,False,False
semeval16_train_00169,semeval16,train,"not sure where the previous reviewer , lonk , dined , but saul is in a great neighborhood and has great food !",['food'],['Food'],['positive'],['food'],[False],1,False,False
semeval16_train_00170,semeval16,train,i 'd highly recommend it for a special occasion -- it provides and intimate setting and nice service .,['setting'],['General'],['positive'],['setting'],[False],1,False,False
semeval16_train_00171,semeval16,train,i 'd highly recommend it for a special occasion -- it provides and intimate setting and nice service .,['service'],['Service'],['positive'],['service'],[False],1,False,False
semeval16_train_00172,semeval16,train,i 'm not sure where the other reviewers ate but it seems as if we visited two different restaurants because my friends and i all enjoy mizu very much ... and we 're repeat customers .,['mizu'],['General'],['positive'],['mizu'],[False],1,False,False
semeval16_train_00173,semeval16,train,make sure you have the spicy scallop roll .. .,['spicy scallop roll'],['General'],['positive'],['spicy scallop roll'],[False],1,False,False
semeval16_train_00174,semeval16,train,"moules were excellent , lobster ravioli was very salty !",['moules'],['General'],['positive'],['moules'],[False],1,False,False
semeval16_train_00175,semeval16,train,"moules were excellent , lobster ravioli was very salty !",['lobster ravioli'],['General'],['negative'],['lobster ravioli'],[False],1,False,False
semeval16_train_00176,semeval16,train,"took my mom for mother 's day , and the maitre d ' was pretty rude .","[""maitre d '""]",['General'],['negative'],"[""maitre d '""]",[False],1,False,False
semeval16_train_00177,semeval16,train,tiny dessert was $ 8.00 ... just plain overpriced for what it is .,['dessert'],['General'],['negative'],['dessert'],[False],1,False,False
semeval16_train_00178,semeval16,train,the drinks are always welll made and wine selection is fairly priced .,['drinks'],['Food'],['positive'],['drinks'],[False],1,False,False
semeval16_train_00179,semeval16,train,the drinks are always welll made and wine selection is fairly priced .,['wine selection'],['General'],['positive'],['wine selection'],[False],1,False,False
semeval16_train_00180,semeval16,train,try their chef 's specials -- they are to die for .,"[""chef 's specials""]",['General'],['positive'],"[""chef 's specials""]",[False],1,False,False
semeval16_train_00181,semeval16,train,"service is not exactly five star , but that s not really a big deal .",['service'],['Service'],['neutral'],['service'],[False],1,False,False
semeval16_train_00182,semeval16,train,downstairs lounge is always a good attraction,['downstairs lounge'],['General'],['positive'],['downstairs lounge'],[False],1,False,False
semeval16_train_00183,semeval16,train,"raga 's is a romantic , cozy restaurant .","[""raga 's""]",['General'],['positive'],"[""raga 's""]",[False],1,False,False
semeval16_train_00184,semeval16,train,the exotic food is beautifully presented and is a delight in delicious combinations .,['exotic food'],['General'],['positive'],['exotic food'],[False],1,False,False
semeval16_train_00185,semeval16,train,the staff is incredibly helpful and attentive .,['staff'],['Service'],['positive'],['staff'],[False],1,False,False
semeval16_train_00186,semeval16,train,the bar is very well stocked with interesting beers and well priced wines .,['bar'],['General'],['positive'],['bar'],[False],1,False,False
semeval16_train_00187,semeval16,train,the bar is very well stocked with interesting beers and well priced wines .,['beers'],['General'],['positive'],['beers'],[False],1,False,False
semeval16_train_00188,semeval16,train,the bar is very well stocked with interesting beers and well priced wines .,['wines'],['General'],['positive'],['wines'],[False],1,False,False
semeval16_train_00189,semeval16,train,"when we stumbled on leon , we thought that we had found quite the gem but , we were certainly wrong .",['leon'],['General'],['negative'],['leon'],[False],1,False,False
semeval16_train_00190,semeval16,train,"the waitress moved our table practically into the bathroom and when we asked to cancel our dinner orders because we did not want to eat sitting on the toilet , we were told no ...",['waitress'],['General'],['negative'],['waitress'],[False],1,False,False
semeval16_train_00191,semeval16,train,"rude service , medicore food ... there are tons of restaurants in ny ... stay away from this one",['service'],['Service'],['negative'],['service'],[False],1,False,False
semeval16_train_00192,semeval16,train,"rude service , medicore food ... there are tons of restaurants in ny ... stay away from this one",['food'],['Food'],['neutral'],['food'],[False],1,False,False
semeval16_train_00193,semeval16,train,i had a grat time at jekyll and hyde !,['jekyll and hyde'],['General'],['positive'],['jekyll and hyde'],[False],1,False,False
semeval16_train_00194,semeval16,train,i loved everythig about it - especially the shows and actors .,['shows'],['General'],['positive'],['shows'],[False],1,False,False
semeval16_train_00195,semeval16,train,i loved everythig about it - especially the shows and actors .,['actors'],['General'],['positive'],['actors'],[False],1,False,False
semeval16_train_00196,semeval16,train,our server was very helpful and friendly .,['server'],['General'],['positive'],['server'],[False],1,False,False
semeval16_train_00197,semeval16,train,the food was good too .,['food'],['Food'],['positive'],['food'],[False],1,False,False
semeval16_train_00198,semeval16,train,the tuna and wasabe potatoes are excellent .,['tuna'],['General'],['positive'],['tuna'],[False],1,False,False
semeval16_train_00199,semeval16,train,the tuna and wasabe potatoes are excellent .,['wasabe potatoes'],['General'],['positive'],['wasabe potatoes'],[False],1,False,False
semeval16_train_00200,semeval16,train,the outdoor atmosphere of sitting on the sidewalk watching the world go by 50 feet away on 6th avenue on a cool evening was wonderful .,['outdoor atmosphere'],['General'],['positive'],['outdoor atmosphere'],[False],1,False,False
semeval16_train_00201,semeval16,train,service was prompt and courteous .,['service'],['Service'],['positive'],['service'],[False],1,False,False
semeval16_train_00202,semeval16,train,"great service , great food .",['service'],['Service'],['positive'],['service'],[False],1,False,False
semeval16_train_00203,semeval16,train,"great service , great food .",['food'],['Food'],['positive'],['food'],[False],1,False,False
semeval16_train_00204,semeval16,train,"the pizza is delicious - they use fresh mozzarella instead of the cheap , frozen , shredded cheese common to most pizzaria 's .",['pizza'],['General'],['positive'],['pizza'],[False],1,False,False
semeval16_train_00205,semeval16,train,"the pizza is delicious - they use fresh mozzarella instead of the cheap , frozen , shredded cheese common to most pizzaria 's .",['fresh mozzarella'],['General'],['positive'],['fresh mozzarella'],[False],1,False,False
semeval16_train_00206,semeval16,train,"two complaints- their appetizer selection stinks , it would be nice to get some mozzarella sticks on the menu .",['appetizer selection'],['General'],['negative'],['appetizer selection'],[False],1,False,False
semeval16_train_00207,semeval16,train,wait staff is blantently unappreciative of your business but its the best pie on the uws !,['wait staff'],['General'],['negative'],['wait staff'],[False],1,False,False
semeval16_train_00208,semeval16,train,wait staff is blantently unappreciative of your business but its the best pie on the uws !,['pie'],['General'],['positive'],['pie'],[False],1,False,False
semeval16_train_00209,semeval16,train,by far the best salad i have had in a fast food restaurant .,['salad'],['General'],['positive'],['salad'],[False],1,False,False
semeval16_train_00210,semeval16,train,fine dining restaurant quality .,['dining'],['General'],['positive'],['dining'],[False],1,False,False
semeval16_train_00211,semeval16,train,"on a recent sunday afternoon , a friend and i accidently found this great restaurant on our way to see the pulitzer prize winning play doubt .",['restaurant'],['General'],['positive'],['restaurant'],[False],1,False,False
semeval16_train_00212,semeval16,train,"the chicken pot pie is excpetiona , the cheeseburger huge and delictable , and the service professional wan warm .",['chicken pot pie'],['General'],['positive'],['chicken pot pie'],[False],1,False,False
semeval16_train_00213,semeval16,train,"the chicken pot pie is excpetiona , the cheeseburger huge and delictable , and the service professional wan warm .",['cheeseburger'],['General'],['positive'],['cheeseburger'],[False],1,False,False
semeval16_train_00214,semeval16,train,"the chicken pot pie is excpetiona , the cheeseburger huge and delictable , and the service professional wan warm .",['service'],['Service'],['positive'],['service'],[False],1,False,False
semeval16_train_00215,semeval16,train,the staff is no nonsense .,['staff'],['Service'],['positive'],['staff'],[False],1,False,False
semeval16_train_00216,semeval16,train,the food options rule .,['food'],['Food'],['positive'],['food'],[False],1,False,False
semeval16_train_00217,semeval16,train,when i lived upstate for a while i would buy freeze the bagels and they would still be better than any else .,['bagels'],['General'],['positive'],['bagels'],[False],1,False,False
semeval16_train_00218,semeval16,train,worth visiting the 1st ave spot because it is the original store .,['1st ave spot'],['General'],['positive'],['1st ave spot'],[False],1,False,False
semeval16_train_00219,semeval16,train,"he served me an uni hand roll , which i never had before , and let me tell you ... it was heaven !",['uni hand roll'],['General'],['positive'],['uni hand roll'],[False],1,False,False
semeval16_train_00220,semeval16,train,the sake menu should not be overlooked !,['sake menu'],['General'],['positive'],['sake menu'],[False],1,False,False
semeval16_train_00221,semeval16,train,try the lobster teriyaki and the rose special roll .,['lobster teriyaki'],['General'],['positive'],['lobster teriyaki'],[False],1,False,False
semeval16_train_00222,semeval16,train,try the lobster teriyaki and the rose special roll .,['rose special roll'],['General'],['positive'],['rose special roll'],[False],1,False,False
semeval16_train_00223,semeval16,train,"service was very good - prompt , attentive and non - intrusive .",['service'],['Service'],['positive'],['service'],[False],1,False,False
semeval16_train_00224,semeval16,train,"food was very good as well , considering that we tried the budget selection ( though i wish the pork belly that i ordered was roasted a bit longer , so that fat was more of a melt - in - your - mouth experience ) .",['food'],['Food'],['positive'],['food'],[False],1,False,False
semeval16_train_00225,semeval16,train,"food was very good as well , considering that we tried the budget selection ( though i wish the pork belly that i ordered was roasted a bit longer , so that fat was more of a melt - in - your - mouth experience ) .",['pork belly'],['General'],['negative'],['pork belly'],[False],1,False,False
semeval16_train_00226,semeval16,train,wine list selection is good and wine - by - the - glass was generously filled to the top .,['wine list selection'],['General'],['positive'],['wine list selection'],[False],1,False,False
semeval16_train_00227,semeval16,train,wine list selection is good and wine - by - the - glass was generously filled to the top .,['wine - by - the - glass'],['General'],['positive'],['wine - by - the - glass'],[False],1,False,False
semeval16_train_00228,semeval16,train,traditional french decour was pleasant though the hall was rather noisy - the restaurant was full and we had to raise our voices to be able to maintain a conversation .,['traditional french decour'],['General'],['positive'],['traditional french decour'],[False],1,False,False
semeval16_train_00229,semeval16,train,traditional french decour was pleasant though the hall was rather noisy - the restaurant was full and we had to raise our voices to be able to maintain a conversation .,['hall'],['General'],['negative'],['hall'],[False],1,False,False
semeval16_train_00230,semeval16,train,"i 've been to at cafe spice probably 5 - 8 times , it is probably still the best indian restaurant around union square .",['cafe spice'],['General'],['positive'],['cafe spice'],[False],1,False,False
semeval16_train_00231,semeval16,train,"to sum it up : service varies from good to mediorce , depending on which waiter you get ; generally it is just average ok .",['service'],['Service'],['neutral'],['service'],[False],1,False,False
semeval16_train_00232,semeval16,train,"seating is always prompt , though the restaurant does fill up in the evening .",['seating'],['General'],['positive'],['seating'],[False],1,False,False
semeval16_train_00233,semeval16,train,"food is usually very good , though ocasionally i wondered about freshmess of raw vegatables in side orders .",['food'],['Food'],['positive'],['food'],[False],1,False,False
semeval16_train_00234,semeval16,train,"food is usually very good , though ocasionally i wondered about freshmess of raw vegatables in side orders .",['raw vegatables in side orders'],['General'],['negative'],['raw vegatables in side orders'],[False],1,False,False
semeval16_train_00235,semeval16,train,"the decor is vibrant and eye - pleasing with several semi - private boths on the right side of the dining hall , which are great for a date .",['decor'],['General'],['positive'],['decor'],[False],1,False,False
semeval16_train_00236,semeval16,train,"the decor is vibrant and eye - pleasing with several semi - private boths on the right side of the dining hall , which are great for a date .",['semi - private boths'],['General'],['positive'],['semi - private boths'],[False],1,False,False
semeval16_train_00237,semeval16,train,i have never been disappointed in the red eye .,['red eye'],['General'],['positive'],['red eye'],[False],1,False,False
semeval16_train_00238,semeval16,train,"the first time i went , and was completely taken by the live jazz band and atmosphere , i ordered the lobster cobb salad .",['live jazz band'],['General'],['positive'],['live jazz band'],[False],1,False,False
semeval16_train_00239,semeval16,train,"the first time i went , and was completely taken by the live jazz band and atmosphere , i ordered the lobster cobb salad .",['atmosphere'],['General'],['positive'],['atmosphere'],[False],1,False,False
semeval16_train_00240,semeval16,train,it 's simply the best meal in nyc .,['meal'],['General'],['positive'],['meal'],[False],1,False,False
semeval16_train_00241,semeval16,train,you can not go wrong at the red eye grill .,['red eye grill'],['General'],['positive'],['red eye grill'],[False],1,False,False
semeval16_train_00242,semeval16,train,"if we were to move from the upper east side , we would genuinely miss this restaurant .",['restaurant'],['General'],['positive'],['restaurant'],[False],1,False,False
semeval16_train_00243,semeval16,train,the restaurant is cute but not upscale .,['restaurant'],['General'],['neutral'],['restaurant'],[False],1,False,False
semeval16_train_00244,semeval16,train,the food is a diamond in rough -- the food is delicious and homemade with the perfect balance of herbs and tomatoes .,['food'],['Food'],['positive'],['food'],[False],1,False,False
semeval16_train_00245,semeval16,train,the food is a diamond in rough -- the food is delicious and homemade with the perfect balance of herbs and tomatoes .,['balance of herbs and tomatoes'],['General'],['positive'],['balance of herbs and tomatoes'],[False],1,False,False
semeval16_train_00246,semeval16,train,we had a great time at the jekyll and hyde pub last night .,['jekyll and hyde pub'],['General'],['positive'],['jekyll and hyde pub'],[False],1,False,False
semeval16_train_00247,semeval16,train,after really enjoying ourselves at the bar we sat down at a table and had dinner .,['bar'],['General'],['positive'],['bar'],[False],1,False,False
semeval16_train_00248,semeval16,train,the server was really cool and served us our food and drinks with a smile .,['server'],['General'],['positive'],['server'],[False],1,False,False
semeval16_train_00249,semeval16,train,the place 's decor and hidden bathrooms made for a good laugh .,['decor'],['General'],['positive'],['decor'],[False],1,False,False
semeval16_train_00250,semeval16,train,the place 's decor and hidden bathrooms made for a good laugh .,['hidden bathrooms'],['General'],['positive'],['hidden bathrooms'],[False],1,False,False
semeval16_train_00251,semeval16,train,i highly recommend visiting this restaurant and having dinner and drinks !,['restaurant'],['General'],['positive'],['restaurant'],[False],1,False,False
semeval16_train_00252,semeval16,train,"if you are the type of person who likes being scared and entertained , this is a great place to go and eat .",['place'],['General'],['positive'],['place'],[False],1,False,False
semeval16_train_00253,semeval16,train,"my husband and i thougt it would be great to go to the jekyll and hyde pub for our anniversary , and to our surprise it was fantastic .",['jekyll and hyde pub'],['General'],['positive'],['jekyll and hyde pub'],[False],1,False,False
semeval16_train_00254,semeval16,train,"the have over 100 different beers to offer thier guest so that made my husband very happy and the food was delicious , if i must recommend a dish it must be the pumkin tortelini .",['beers'],['General'],['positive'],['beers'],[False],1,False,False
semeval16_train_00255,semeval16,train,"the have over 100 different beers to offer thier guest so that made my husband very happy and the food was delicious , if i must recommend a dish it must be the pumkin tortelini .",['food'],['Food'],['positive'],['food'],[False],1,False,False
semeval16_train_00256,semeval16,train,"the have over 100 different beers to offer thier guest so that made my husband very happy and the food was delicious , if i must recommend a dish it must be the pumkin tortelini .",['pumkin tortelini'],['General'],['positive'],['pumkin tortelini'],[False],1,False,False
semeval16_train_00257,semeval16,train,"please take my advice , go and try this place .",['place'],['General'],['positive'],['place'],[False],1,False,False
semeval16_train_00258,semeval16,train,the bagel was huge .,['bagel'],['General'],['positive'],['bagel'],[False],1,False,False
semeval16_train_00259,semeval16,train,the workers there also absolutely load the bagel with cream cheese ( gets a little messy ) .,['bagel'],['General'],['negative'],['bagel'],[False],1,False,False
semeval16_train_00260,semeval16,train,this was my frist time at cafe st. bart 's and i must say how delicous the food and the service was .,['food'],['Food'],['positive'],['food'],[False],1,False,False
semeval16_train_00261,semeval16,train,this was my frist time at cafe st. bart 's and i must say how delicous the food and the service was .,['service'],['Service'],['positive'],['service'],[False],1,False,False
semeval16_train_00262,semeval16,train,i have to highly recommend the lobster roll - not to much mayo ; you can tell it was a fresh lobster .,['lobster roll'],['General'],['positive'],['lobster roll'],[False],1,False,False
semeval16_train_00263,semeval16,train,i have to highly recommend the lobster roll - not to much mayo ; you can tell it was a fresh lobster.,['lobster'],['General'],['positive'],['lobster'],[False],1,False,False
semeval16_train_00264,semeval16,train,"other guests enjoyed pizza , santa fe chopped salad and fish and chips .",['pizza'],['General'],['positive'],['pizza'],[False],1,False,False
semeval16_train_00265,semeval16,train,"other guests enjoyed pizza , santa fe chopped salad and fish and chips .",['santa fe chopped salad'],['General'],['positive'],['santa fe chopped salad'],[False],1,False,False
semeval16_train_00266,semeval16,train,"other guests enjoyed pizza , santa fe chopped salad and fish and chips .",['fish and chips'],['General'],['positive'],['fish and chips'],[False],1,False,False
semeval16_train_00267,semeval16,train,"i highly recommend cafe st. bart 's for their food , the ambience and wonderful service .",['food'],['Food'],['positive'],['food'],[False],1,False,False
semeval16_train_00268,semeval16,train,"i highly recommend cafe st. bart 's for their food , the ambience and wonderful service .",['ambience'],['Ambience'],['positive'],['ambience'],[False],1,False,False
semeval16_train_00269,semeval16,train,"i highly recommend cafe st. bart 's for their food , the ambience and wonderful service .",['service'],['Service'],['positive'],['service'],[False],1,False,False
semeval16_train_00270,semeval16,train,all the staff is absolutely professional ! !,['staff'],['Service'],['positive'],['staff'],[False],1,False,False
semeval16_train_00271,semeval16,train,this restaurant was way overhyped .,['restaurant'],['General'],['negative'],['restaurant'],[False],1,False,False
semeval16_train_00272,semeval16,train,my chow fun and chow see was really bland and oily .,['chow fun and chow see'],['General'],['negative'],['chow fun and chow see'],[False],1,False,False
semeval16_train_00273,semeval16,train,the scallion pancakes and fried dumplings were nothing out of the ordinary .,['scallion pancakes'],['General'],['neutral'],['scallion pancakes'],[False],1,False,False
semeval16_train_00274,semeval16,train,the scallion pancakes and fried dumplings were nothing out of the ordinary .,['fried dumplings'],['General'],['neutral'],['fried dumplings'],[False],1,False,False
semeval16_train_00275,semeval16,train,the service was the only thing good about this restaurant .,['service'],['Service'],['positive'],['service'],[False],1,False,False
semeval16_train_00276,semeval16,train,the service was the only thing good about this restaurant .,['restaurant'],['General'],['negative'],['restaurant'],[False],1,False,False
semeval16_train_00277,semeval16,train,"it 's boring on the inside , and our sushi was pretty below average ... the tuna was soggy and the other rolls had no flavor .",['sushi'],['General'],['negative'],['sushi'],[False],1,False,False
semeval16_train_00278,semeval16,train,"it 's boring on the inside , and our sushi was pretty below average ... the tuna was soggy and the other rolls had no flavor .",['tuna'],['General'],['negative'],['tuna'],[False],1,False,False
semeval16_train_00279,semeval16,train,"it 's boring on the inside , and our sushi was pretty below average ... the tuna was soggy and the other rolls had no flavor .",['rolls'],['General'],['negative'],['rolls'],[False],1,False,False
semeval16_train_00280,semeval16,train,their pad penang is delicious and everything else is fantastic .,['pad penang'],['General'],['positive'],['pad penang'],[False],1,False,False
semeval16_train_00281,semeval16,train,the price is reasonable although the service is poor .,['service'],['Service'],['negative'],['service'],[False],1,False,False
semeval16_train_00282,semeval16,train,fresh restaurant was amazing ........ food was delicious and of course fresh .,['fresh restaurant'],['General'],['positive'],['fresh restaurant'],[False],1,False,False
semeval16_train_00283,semeval16,train,fresh restaurant was amazing ........ food was delicious and of course fresh .,['food'],['Food'],['positive'],['food'],[False],1,False,False
semeval16_train_00284,semeval16,train,hats off to the chef .,['chef'],['General'],['positive'],['chef'],[False],1,False,False
semeval16_train_00285,semeval16,train,"the salads are delicious , both refreshing and very spicy .",['salads'],['General'],['positive'],['salads'],[False],1,False,False
semeval16_train_00286,semeval16,train,we had pam 's special fried fish and it was amazing .,"[""pam 's special fried fish""]",['General'],['positive'],"[""pam 's special fried fish""]",[False],1,False,False
semeval16_train_00287,semeval16,train,"great vibe , lots of people .",['vibe'],['General'],['positive'],['vibe'],[False],1,False,False
semeval16_train_00288,semeval16,train,"i did n't complain , i liked the atmosphere so much .",['atmosphere'],['General'],['positive'],['atmosphere'],[False],1,False,False
semeval16_train_00289,semeval16,train,"ambience is so cute and quaint , good for business although we were there on vacation .",['ambience'],['Ambience'],['positive'],['ambience'],[False],1,False,False
semeval16_train_00290,semeval16,train,salads were fantastic .,['salads'],['General'],['positive'],['salads'],[False],1,False,False
semeval16_train_00291,semeval16,train,although we were looking for regular lettuce and some walnuts the salads we got were great .,['salads'],['General'],['positive'],['salads'],[False],1,False,False
semeval16_train_00292,semeval16,train,ingredients are organic which is a real plus for me .,['ingredients'],['General'],['positive'],['ingredients'],[False],1,False,False
semeval16_train_00293,semeval16,train,"this is some really good , inexpensive sushi .",['sushi'],['General'],['positive'],['sushi'],[False],1,False,False
semeval16_train_00294,semeval16,train,the spicy tuna roll is huge and probably the best that i 've had at this price range .,['spicy tuna roll'],['General'],['positive'],['spicy tuna roll'],[False],1,False,False
semeval16_train_00295,semeval16,train,the yellowtail was particularly good as well .,['yellowtail'],['General'],['positive'],['yellowtail'],[False],1,False,False
semeval16_train_00296,semeval16,train,"i have reservations about the all you can eat deal , however -- the choices are fairly limited and you can probably order more food than you can eat for less than $ 18 by just going off the menu .",['all you can eat deal'],['General'],['negative'],['all you can eat deal'],[False],1,False,False
semeval16_train_00297,semeval16,train,"in any event , this is a place i 'll be sure to stop by again when i 'm in this part of town .",['place'],['General'],['positive'],['place'],[False],1,False,False
semeval16_train_00298,semeval16,train,big wong gets big ups for a fine establishment .,['big wong'],['General'],['positive'],['big wong'],[False],1,False,False
semeval16_train_00299,semeval16,train,"they have it all -- great price , food , and service .",['food'],['Food'],['positive'],['food'],[False],1,False,False
semeval16_train_00300,semeval16,train,"they have it all -- great price , food , and service .",['service'],['Service'],['positive'],['service'],[False],1,False,False
semeval16_train_00301,semeval16,train,the atmosphere is noisy and the waiters are literally walking around doing things as fast as they can .,['atmosphere'],['General'],['negative'],['atmosphere'],[False],1,False,False
semeval16_train_00302,semeval16,train,the atmosphere is noisy and the waiters are literally walking around doing things as fast as they can .,['waiters'],['General'],['positive'],['waiters'],[False],1,False,False
semeval16_train_00303,semeval16,train,"and it all comes at a very reasonable price ( congee , noodles , and rice dishes are no more than $ 3 - 6 each ) .",['congee'],['General'],['positive'],['congee'],[False],1,False,False
semeval16_train_00304,semeval16,train,"and it all comes at a very reasonable price ( congee , noodles , and rice dishes are no more than $ 3 - 6 each ) .",['noodles'],['General'],['positive'],['noodles'],[False],1,False,False
semeval16_train_00305,semeval16,train,"and it all comes at a very reasonable price ( congee , noodles , and rice dishes are no more than $ 3 - 6 each ) .",['rice dishes'],['General'],['positive'],['rice dishes'],[False],1,False,False
semeval16_train_00306,semeval16,train,the takeout is great too since they give high quality tupperware as well .,['takeout'],['General'],['positive'],['takeout'],[False],1,False,False
semeval16_train_00307,semeval16,train,this place is always very crowded and popular .,['place'],['General'],['positive'],['place'],[False],1,False,False
semeval16_train_00308,semeval16,train,enjoyed a very nice caesar salad while my wife had arugula and goat cheese .... both very tasty .,['caesar salad'],['General'],['positive'],['caesar salad'],[False],1,False,False
semeval16_train_00309,semeval16,train,enjoyed a very nice caesar salad while my wife had arugula and goat cheese .... both very tasty .,['arugula and goat cheese'],['General'],['positive'],['arugula and goat cheese'],[False],1,False,False
semeval16_train_00310,semeval16,train,we both opted for a pasta dish and they were served timely and fresh .,['pasta dish'],['General'],['positive'],['pasta dish'],[False],1,False,False
semeval16_train_00311,semeval16,train,"we concluded with tiramisu chocolate cake , both were delicious .",['tiramisu'],['General'],['positive'],['tiramisu'],[False],1,False,False
semeval16_train_00312,semeval16,train,"we concluded with tiramisu chocolate cake , both were delicious .",['chocolate cake'],['General'],['positive'],['chocolate cake'],[False],1,False,False
semeval16_train_00313,semeval16,train,i recently went to this restaurant with some co - workers for lunch and had an amazing time .,['restaurant'],['General'],['positive'],['restaurant'],[False],1,False,False
semeval16_train_00314,semeval16,train,"the staff was accomodating , the food was absolutely delicious and the place is lovely .",['staff'],['Service'],['positive'],['staff'],[False],1,False,False
semeval16_train_00315,semeval16,train,"the staff was accomodating , the food was absolutely delicious and the place is lovely .",['food'],['Food'],['positive'],['food'],[False],1,False,False
semeval16_train_00316,semeval16,train,"the staff was accomodating , the food was absolutely delicious and the place is lovely .",['place'],['General'],['positive'],['place'],[False],1,False,False
semeval16_train_00317,semeval16,train,we even had a visit from the manager who wanted to make sure we were enjoying ourselves .,['manager'],['General'],['positive'],['manager'],[False],1,False,False
semeval16_train_00318,semeval16,train,sometimes i get good food and ok service .,['food'],['Food'],['positive'],['food'],[False],1,False,False
semeval16_train_00319,semeval16,train,sometimes i get good food and ok service .,['service'],['Service'],['neutral'],['service'],[False],1,False,False
semeval16_train_00320,semeval16,train,"sometimes i get bad food and bad service , sometimes i get good good and bad service .",['food'],['Food'],['negative'],['food'],[False],1,False,False
semeval16_train_00321,semeval16,train,"sometimes i get bad food and bad service , sometimes i get good good and bad service.",['service'],['Service'],['negative'],['service'],[False],1,False,False
semeval16_train_00322,semeval16,train,"sometimes i get bad food and bad service , sometimes i get good good and bad service .",['good'],['General'],['positive'],['good'],[False],1,False,False
semeval16_train_00323,semeval16,train,the place is a bistro which means : simple dishes and wine served efficiently in a bustling atmosphere .,['dishes'],['General'],['positive'],['dishes'],[False],1,False,False
semeval16_train_00324,semeval16,train,the place is a bistro which means : simple dishes and wine served efficiently in a bustling atmosphere .,['wine'],['General'],['positive'],['wine'],[False],1,False,False
semeval16_train_00325,semeval16,train,the place is a bistro which means : simple dishes and wine served efficiently in a bustling atmosphere .,['atmosphere'],['General'],['positive'],['atmosphere'],[False],1,False,False
semeval16_train_00326,semeval16,train,and where does patis go wrong ; no where .,['patis'],['General'],['positive'],['patis'],[False],1,False,False
semeval16_train_00327,semeval16,train,and evaluated on those terms pastis is simply wonderful .,['pastis'],['General'],['positive'],['pastis'],[False],1,False,False
semeval16_train_00328,semeval16,train,right off the l in brooklyn this is a nice cozy place with good pizza .,['pizza'],['General'],['positive'],['pizza'],[False],1,False,False
semeval16_train_00329,semeval16,train,right off the l in brooklyn this is a nice cozy place with good pizza .,['place'],['General'],['positive'],['place'],[False],1,False,False
semeval16_train_00330,semeval16,train,mine was a little burnt but still delicious with goat cheese and panchetta ( raddichio was kind of bitter though ) .,['raddichio'],['General'],['negative'],['raddichio'],[False],1,False,False
semeval16_train_00331,semeval16,train,my friend got the mushroom pizza which tasted better .,['mushroom pizza'],['General'],['positive'],['mushroom pizza'],[False],1,False,False
semeval16_train_00332,semeval16,train,the sangria was pretty tasty and good on a hot muggy day .,['sangria'],['General'],['positive'],['sangria'],[False],1,False,False
semeval16_train_00333,semeval16,train,kind of a small place but i guess if they are not too busy might be able to fit a group or kids .,['place'],['General'],['neutral'],['place'],[False],1,False,False
semeval16_train_00334,semeval16,train,i started out with a bombay beer which was big enough for two .,['bombay beer'],['General'],['positive'],['bombay beer'],[False],1,False,False
semeval16_train_00335,semeval16,train,"service was slow , but the people were friendly .",['service'],['Service'],['negative'],['service'],[False],1,False,False
semeval16_train_00336,semeval16,train,"service was slow , but the people were friendly .",['people'],['General'],['positive'],['people'],[False],1,False,False
semeval16_train_00337,semeval16,train,it 's a nice place to relax and have conversation .,['place'],['General'],['positive'],['place'],[False],1,False,False
semeval16_train_00338,semeval16,train,the food is authentic italian - delicious !,['food'],['Food'],['positive'],['food'],[False],1,False,False
semeval16_train_00339,semeval16,train,"pizza is terrific , as is homemade pasta .",['pizza'],['General'],['positive'],['pizza'],[False],1,False,False
semeval16_train_00340,semeval16,train,"pizza is terrific , as is homemade pasta .",['homemade pasta'],['General'],['positive'],['homemade pasta'],[False],1,False,False
semeval16_train_00341,semeval16,train,"ambience is delightful , service impeccable .",['ambience'],['Ambience'],['positive'],['ambience'],[False],1,False,False
semeval16_train_00342,semeval16,train,"ambience is delightful , service impeccable .",['service'],['Service'],['positive'],['service'],[False],1,False,False
semeval16_train_00343,semeval16,train,i 'm still mad that i had to pay for lousy food .,['food'],['Food'],['negative'],['food'],[False],1,False,False
semeval16_train_00344,semeval16,train,the hanger steak was like rubber and the tuna was flavorless not to mention it tasted like it had just been thawed .,['hanger steak'],['General'],['negative'],['hanger steak'],[False],1,False,False
semeval16_train_00345,semeval16,train,the hanger steak was like rubber and the tuna was flavorless not to mention it tasted like it had just been thawed .,['tuna'],['General'],['negative'],['tuna'],[False],1,False,False
semeval16_train_00346,semeval16,train,service was also horrible and the ambience is not that great .,['service'],['Service'],['negative'],['service'],[False],1,False,False
semeval16_train_00347,semeval16,train,service was also horrible and the ambience is not that great .,['ambience'],['Ambience'],['negative'],['ambience'],[False],1,False,False
semeval16_train_00348,semeval16,train,i go and eat out at many different restaurants and this is one place you have go and try .,['place'],['General'],['positive'],['place'],[False],1,False,False
semeval16_train_00349,semeval16,train,this is my first time writing a review for a restaurant because the food and service was excellent .,['food'],['Food'],['positive'],['food'],[False],1,False,False
semeval16_train_00350,semeval16,train,this is my first time writing a review for a restaurant because the food and service was excellent .,['service'],['Service'],['positive'],['service'],[False],1,False,False
semeval16_train_00351,semeval16,train,the filet mignon dish was superb !,['filet mignon dish'],['General'],['positive'],['filet mignon dish'],[False],1,False,False
semeval16_train_00352,semeval16,train,it 's a small cute restaurant .,['restaurant'],['General'],['positive'],['restaurant'],[False],1,False,False
semeval16_train_00353,semeval16,train,i absolutely love this place ! ! !,['place'],['General'],['positive'],['place'],[False],1,False,False
semeval16_train_00354,semeval16,train,"i like the ambience , it 's very dark and original .",['ambience'],['Ambience'],['positive'],['ambience'],[False],1,False,False
semeval16_train_00355,semeval16,train,the sushi is amazing ! ! !,['sushi'],['General'],['positive'],['sushi'],[False],1,False,False
semeval16_train_00356,semeval16,train,very affordable and excellent ambient !,['ambient'],['General'],['positive'],['ambient'],[False],1,False,False
semeval16_train_00357,semeval16,train,we ordered some beef and noodle soup dishes from the thai section of the menu but nothing we got was thai .,['beef and noodle soup dishes'],['General'],['negative'],['beef and noodle soup dishes'],[False],1,False,False
semeval16_train_00358,semeval16,train,we wo n't go to this place again for a good meal .,['meal'],['General'],['negative'],['meal'],[False],1,False,False
semeval16_train_00359,semeval16,train,"however , i think this place is a good hang out spot .",['place'],['General'],['positive'],['place'],[False],1,False,False
semeval16_train_00360,semeval16,train,my girlfriend and i stumbled onto this hopping place the other night and had a great time !,['place'],['General'],['positive'],['place'],[False],1,False,False
semeval16_train_00361,semeval16,train,the pizza and wine were excellent - the service too -- but what really made this place was the backyard dining area .,['pizza'],['General'],['positive'],['pizza'],[False],1,False,False
semeval16_train_00362,semeval16,train,the pizza and wine were excellent - the service too -- but what really made this place was the backyard dining area .,['wine'],['General'],['positive'],['wine'],[False],1,False,False
semeval16_train_00363,semeval16,train,the pizza and wine were excellent - the service too -- but what really made this place was the backyard dining area .,['service'],['Service'],['positive'],['service'],[False],1,False,False
semeval16_train_00364,semeval16,train,the pizza and wine were excellent - the service too -- but what really made this place was the backyard dining area .,['backyard dining area'],['General'],['positive'],['backyard dining area'],[False],1,False,False
semeval16_train_00365,semeval16,train,check this place out !,['place'],['General'],['positive'],['place'],[False],1,False,False
semeval16_train_00366,semeval16,train,"first of all , this place is * not * romantic , as claimed by citysearch 's editorial review .",['place'],['General'],['negative'],['place'],[False],1,False,False
semeval16_train_00367,semeval16,train,"the tables are crammed way too close , the menu is typical of any italian restaurant , and the wine list is simply overpriced .",['tables'],['General'],['negative'],['tables'],[False],1,False,False
semeval16_train_00368,semeval16,train,"the tables are crammed way too close , the menu is typical of any italian restaurant , and the wine list is simply overpriced .",['menu'],['General'],['neutral'],['menu'],[False],1,False,False
semeval16_train_00369,semeval16,train,"the tables are crammed way too close , the menu is typical of any italian restaurant , and the wine list is simply overpriced .",['wine list'],['General'],['negative'],['wine list'],[False],1,False,False
semeval16_train_00370,semeval16,train,slightly above average wines start at $ 70 + with only one selection listed at $ 30 + .,['wines'],['General'],['negative'],['wines'],[False],1,False,False
semeval16_train_00371,semeval16,train,service is not what one would expect from a joint in this price category .,['service'],['Service'],['negative'],['service'],[False],1,False,False
semeval16_train_00372,semeval16,train,somehow working the italian charm with constant mille grazie does not constitute proper service .,['service'],['Service'],['negative'],['service'],[False],1,False,False
semeval16_train_00373,semeval16,train,"to be completely fair , the only redeeming factor was the food , which was above average , but could n't make up for all the other deficiencies of teodora .",['food'],['Food'],['positive'],['food'],[False],1,False,False
semeval16_train_00374,semeval16,train,"to be completely fair , the only redeeming factor was the food , which was above average , but could n't make up for all the other deficiencies of teodora .",['teodora'],['General'],['negative'],['teodora'],[False],1,False,False
semeval16_train_00375,semeval16,train,not one of our meals was edible - bland and/or made with weird rosemary or orange flavoring .,['meals'],['General'],['negative'],['meals'],[False],1,False,False
semeval16_train_00376,semeval16,train,not one of our meals was edible - bland and/or made with weird rosemary or orange flavoring .,['rosemary or orange flavoring'],['General'],['negative'],['rosemary or orange flavoring'],[False],1,False,False
semeval16_train_00377,semeval16,train,fish was overdone .,['fish'],['General'],['negative'],['fish'],[False],1,False,False
semeval16_train_00378,semeval16,train,"cute place , nice wait staff but would never go there again .",['wait staff'],['General'],['positive'],['wait staff'],[False],1,False,False
semeval16_train_00379,semeval16,train,"cute place , nice wait staff but would never go there again .",['place'],['General'],['positive'],['place'],[False],1,False,False
semeval16_train_00380,semeval16,train,someone else recommended the dessert - we also left that .,['dessert'],['General'],['negative'],['dessert'],[False],1,False,False
semeval16_train_00381,semeval16,train,one of us actually liked the expresso - that 's it .,['expresso'],['General'],['positive'],['expresso'],[False],1,False,False
semeval16_train_00382,semeval16,train,"skip this restaurant , it 's a big disappointment .",['restaurant'],['General'],['negative'],['restaurant'],[False],1,False,False
semeval16_train_00383,semeval16,train,myagi is one of my favorite restaurants in the city ; the place the negative reviews describe sound like they were somewhere else .,['myagi'],['General'],['positive'],['myagi'],[False],1,False,False
semeval16_train_00384,semeval16,train,i 've never had bad service and the fish is fresh and delicious .,['service'],['Service'],['positive'],['service'],[False],1,False,False
semeval16_train_00385,semeval16,train,i 've never had bad service and the fish is fresh and delicious .,['fish'],['General'],['positive'],['fish'],[False],1,False,False
semeval16_train_00386,semeval16,train,their tuna tartar appetizer is to die for .,['tuna tartar appetizer'],['General'],['positive'],['tuna tartar appetizer'],[False],1,False,False
semeval16_train_00387,semeval16,train,"i come from a family of pizzeria owners , and i 'm almost ashamed to say that the pizza in fornino 's blows my families receipies away .",['pizza'],['General'],['positive'],['pizza'],[False],1,False,False
semeval16_train_00388,semeval16,train,the place is so cool and the service is prompt and curtious .,['service'],['Service'],['positive'],['service'],[False],1,False,False
semeval16_train_00389,semeval16,train,the place is so cool and the service is prompt and curtious .,['place'],['General'],['positive'],['place'],[False],1,False,False
semeval16_train_00390,semeval16,train,i highly recommend to anyone to give this place a try .,['place'],['General'],['positive'],['place'],[False],1,False,False
semeval16_train_00391,semeval16,train,a restaurant that does n't try to do anything except serve great food with great service in a pleasant atmosphere .,['food'],['Food'],['positive'],['food'],[False],1,False,False
semeval16_train_00392,semeval16,train,a restaurant that does n't try to do anything except serve great food with great service in a pleasant atmosphere .,['service'],['Service'],['positive'],['service'],[False],1,False,False
semeval16_train_00393,semeval16,train,a restaurant that does n't try to do anything except serve great food with great service in a pleasant atmosphere .,['atmosphere'],['General'],['positive'],['atmosphere'],[False],1,False,False
semeval16_train_00394,semeval16,train,no gimmicks here -- the food speaks for itself in its freshness and preparation .,['food'],['Food'],['positive'],['food'],[False],1,False,False
semeval16_train_00395,semeval16,train,the dining room is quietly elegant with no music to shout over -- how refreshing !,['dining room'],['General'],['positive'],['dining room'],[False],1,False,False
semeval16_train_00396,semeval16,train,"the service was impeccable and unobtrusive -- the staff knows what they are there to do -- to know their menu , present your meal , and attend to your needs .",['service'],['Service'],['positive'],['service'],[False],1,False,False
semeval16_train_00397,semeval16,train,"the service was impeccable and unobtrusive -- the staff knows what they are there to do -- to know their menu , present your meal , and attend to your needs .",['staff'],['Service'],['positive'],['staff'],[False],1,False,False
semeval16_train_00398,semeval16,train,"looking around , i saw a room full of new yorkers enjoying a real meal in a real restaurant , not a clubhouse of the fabulous trying to be seen .",['meal'],['General'],['positive'],['meal'],[False],1,False,False
semeval16_train_00399,semeval16,train,"looking around , i saw a room full of new yorkers enjoying a real meal in a real restaurant , not a clubhouse of the fabulous trying to be seen .",['restaurant'],['General'],['positive'],['restaurant'],[False],1,False,False
semeval16_train_00400,semeval16,train,the view is breathtaking the service is top notch ... the ambiance is wonderfull .,['view'],['General'],['positive'],['view'],[False],1,False,False
semeval16_train_00401,semeval16,train,the view is breathtaking the service is top notch ... the ambiance is wonderfull .,['service'],['Service'],['positive'],['service'],[False],1,False,False
semeval16_train_00402,semeval16,train,the view is breathtaking the service is top notch ... the ambiance is wonderfull .,['ambiance'],['General'],['positive'],['ambiance'],[False],1,False,False
semeval16_train_00403,semeval16,train,the staff offers impeccable service .,['staff'],['Service'],['positive'],['staff'],[False],1,False,False
semeval16_train_00404,semeval16,train,i had lobster bisque it has 2 oz . of maine lobster in it .,['lobster bisque'],['General'],['positive'],['lobster bisque'],[False],1,False,False
semeval16_train_00405,semeval16,train,my boyfriend had the new england chowder it was good but i think the award should go to the lobster bisque .,['new england chowder'],['General'],['positive'],['new england chowder'],[False],1,False,False
semeval16_train_00406,semeval16,train,my boyfriend had the new england chowder it was good but i think the award should go to the lobster bisque .,['lobster bisque'],['General'],['positive'],['lobster bisque'],[False],1,False,False
semeval16_train_00407,semeval16,train,my boyfriend had prime rib it was good .,['prime rib'],['General'],['positive'],['prime rib'],[False],1,False,False
semeval16_train_00408,semeval16,train,we did n't want a bottle of bubbly on a weekday so we each got little bottles of korbett it was just enough .,['bottles of korbett'],['General'],['positive'],['bottles of korbett'],[False],1,False,False
semeval16_train_00409,semeval16,train,my wife and i ate here earlier this week and have not stopped ranting and raving about the food .,['food'],['Food'],['positive'],['food'],[False],1,False,False
semeval16_train_00410,semeval16,train,if you like spicy food get the chicken vindaloo .,['chicken vindaloo'],['General'],['positive'],['chicken vindaloo'],[False],1,False,False
semeval16_train_00411,semeval16,train,go to volare for 1st class service and terrific food .,['service'],['Service'],['positive'],['service'],[False],1,False,False
semeval16_train_00412,semeval16,train,go to volare for 1st class service and terrific food .,['food'],['Food'],['positive'],['food'],[False],1,False,False
semeval16_train_00413,semeval16,train,the portions are large and the servers always surprise us with a different starter .,['portions'],['General'],['positive'],['portions'],[False],1,False,False
semeval16_train_00414,semeval16,train,the portions are large and the servers always surprise us with a different starter .,['servers'],['General'],['positive'],['servers'],[False],1,False,False
semeval16_train_00415,semeval16,train,the wine list is excellent .,['wine list'],['General'],['positive'],['wine list'],[False],1,False,False
semeval16_train_00416,semeval16,train,the food is amazing ... especially if you get the chef 's tasting menu and your favourite bottle ( or two ! ) of wine from an extensive selection of wines .,['food'],['Food'],['positive'],['food'],[False],1,False,False
semeval16_train_00417,semeval16,train,the food is amazing ... especially if you get the chef 's tasting menu and your favourite bottle ( or two ! ) of wine from an extensive selection of wines .,['selection of wines'],['General'],['positive'],['selection of wines'],[False],1,False,False
semeval16_train_00418,semeval16,train,the food is amazing ... especially if you get the chef 's tasting menu and your favourite bottle ( or two ! ) of wine from an extensive selection of wines .,"[""chef 's tasting menu""]",['General'],['positive'],"[""chef 's tasting menu""]",[False],1,False,False
semeval16_train_00419,semeval16,train,"the place is small and intimate and you may feel a little crowded , but the service is excellent and it 's great for friends out , a romantic date , or a special occassion .",['service'],['Service'],['positive'],['service'],[False],1,False,False
semeval16_train_00420,semeval16,train,"the place is small and intimate and you may feel a little crowded , but the service is excellent and it 's great for friends out , a romantic date , or a special occassion .",['place'],['General'],['negative'],['place'],[False],1,False,False
semeval16_train_00421,semeval16,train,the food can get pricey but the prixe fixe tasting menu is the greatest food for a good price and they cater the food to any food allergies or food you do n't like .,['food'],['Food'],['negative'],['food'],[False],1,False,False
semeval16_train_00422,semeval16,train,the food can get pricey but the prixe fixe tasting menu is the greatest food for a good price and they cater the food to any food allergies or food you do n't like .,['prixe fixe tasting menu'],['General'],['positive'],['prixe fixe tasting menu'],[False],1,False,False
semeval16_train_00423,semeval16,train,"with the exception of our lemon salad that had so much pepper on it that our eyes started watering , the food here was decent , not great .",['food'],['Food'],['neutral'],['food'],[False],1,False,False
semeval16_train_00424,semeval16,train,"with the exception of our lemon salad that had so much pepper on it that our eyes started watering , the food here was decent , not great .",['lemon salad'],['General'],['negative'],['lemon salad'],[False],1,False,False
semeval16_train_00425,semeval16,train,the menu is very limited - i think we counted 4 or 5 entrees .,['menu'],['General'],['negative'],['menu'],[False],1,False,False
semeval16_train_00426,semeval16,train,"we ordered the special , grilled branzino , that was so infused with bone , it was difficult to eat .",['grilled branzino'],['General'],['negative'],['grilled branzino'],[False],1,False,False
semeval16_train_00427,semeval16,train,"the decor in this place is very diner - ish and the kind of place you expect in the east village - not romantic , just simple , small and sparse .",['decor'],['General'],['neutral'],['decor'],[False],1,False,False
semeval16_train_00428,semeval16,train,problem is nothing at prune is particularly memorable .,['prune'],['General'],['negative'],['prune'],[False],1,False,False
semeval16_train_00429,semeval16,train,this place is so much fun .,['place'],['General'],['positive'],['place'],[False],1,False,False
semeval16_train_00430,semeval16,train,our family never expected such incredible entertainment in a restaurant .,['restaurant'],['General'],['positive'],['restaurant'],[False],1,False,False
semeval16_train_00431,semeval16,train,our food was great too !,['food'],['Food'],['positive'],['food'],[False],1,False,False
semeval16_train_00432,semeval16,train,and really large portions .,['portions'],['General'],['positive'],['portions'],[False],1,False,False
semeval16_train_00433,semeval16,train,the staff was the friendliest that have seen in new york .,['staff'],['Service'],['positive'],['staff'],[False],1,False,False
semeval16_train_00434,semeval16,train,if you want something really different than try jekyll and hyde .,['jekyll and hyde'],['General'],['positive'],['jekyll and hyde'],[False],1,False,False
semeval16_train_00435,semeval16,train,the food was pretty tradional but it was hot and good with large portions .,['food'],['Food'],['positive'],['food'],[False],1,False,False
semeval16_train_00436,semeval16,train,the food was pretty tradional but it was hot and good with large portions .,['portions'],['General'],['positive'],['portions'],[False],1,False,False
semeval16_train_00437,semeval16,train,the place is a lot of fun .,['place'],['General'],['positive'],['place'],[False],1,False,False
semeval16_train_00438,semeval16,train,the characters really make for an enjoyable experience .,['characters'],['General'],['positive'],['characters'],[False],1,False,False
semeval16_train_00439,semeval16,train,"the food however , is what one might expect .",['food'],['Food'],['negative'],['food'],[False],1,False,False
semeval16_train_00440,semeval16,train,"however , i think jeckll and hydes t is one of those places that is fun to do once .",['jeckll and hydes'],['General'],['positive'],['jeckll and hydes'],[False],1,False,False
semeval16_train_00441,semeval16,train,service was slow had to wait to order and get food although not crowded .,['service'],['Service'],['negative'],['service'],[False],1,False,False
semeval16_train_00442,semeval16,train,drinks way over priced .,['drinks'],['Food'],['negative'],['drinks'],[False],1,False,False
semeval16_train_00443,semeval16,train,food was good not great not worth the wait or another visit,['food'],['Food'],['neutral'],['food'],[False],1,False,False
semeval16_train_00444,semeval16,train,great pizza for lunch place .,['pizza'],['General'],['positive'],['pizza'],[False],1,False,False
semeval16_train_00445,semeval16,train,service was quick .,['service'],['Service'],['positive'],['service'],[False],1,False,False
semeval16_train_00446,semeval16,train,the pizza was great .,['pizza'],['General'],['positive'],['pizza'],[False],1,False,False
semeval16_train_00447,semeval16,train,have the iced tea .,['iced tea'],['General'],['positive'],['iced tea'],[False],1,False,False
semeval16_train_00448,semeval16,train,"whenever you need a sushi fix , mizu will be there with quality fish and great service .",['fish'],['General'],['positive'],['fish'],[False],1,False,False
semeval16_train_00449,semeval16,train,"whenever you need a sushi fix , mizu will be there with quality fish and great service .",['service'],['Service'],['positive'],['service'],[False],1,False,False
semeval16_train_00450,semeval16,train,delivery is fast too .,['delivery'],['General'],['positive'],['delivery'],[False],1,False,False
semeval16_train_00451,semeval16,train,"great friendly service , fast seating , fast delivery , excellent sushi .",['service'],['Service'],['positive'],['service'],[False],1,False,False
semeval16_train_00452,semeval16,train,"great friendly service , fast seating , fast delivery , excellent sushi .",['seating'],['General'],['positive'],['seating'],[False],1,False,False
semeval16_train_00453,semeval16,train,"great friendly service , fast seating , fast delivery , excellent sushi .",['delivery'],['General'],['positive'],['delivery'],[False],1,False,False
semeval16_train_00454,semeval16,train,"great friendly service , fast seating , fast delivery , excellent sushi .",['sushi'],['General'],['positive'],['sushi'],[False],1,False,False
semeval16_train_00455,semeval16,train,ess - a - bagel ( either by sty - town or midtown ) is by far the best bagel in ny .,['bagel'],['General'],['positive'],['bagel'],[False],1,False,False
semeval16_train_00456,semeval16,train,"the bagels always warm , soft on the inside , crispy on the outside and enormous in size .",['bagels'],['General'],['positive'],['bagels'],[False],1,False,False
semeval16_train_00457,semeval16,train,they have a huge selection of different cream cheeses and all of their salads are great .,['salads'],['General'],['positive'],['salads'],[False],1,False,False
semeval16_train_00458,semeval16,train,they have a huge selection of different cream cheeses and all of their salads are great .,['cream cheeses'],['General'],['positive'],['cream cheeses'],[False],1,False,False
semeval16_train_00459,semeval16,train,the lox is always fresh too .,['lox'],['General'],['positive'],['lox'],[False],1,False,False
semeval16_train_00460,semeval16,train,not impressed with the food .,['food'],['Food'],['negative'],['food'],[False],1,False,False
semeval16_train_00461,semeval16,train,prices too high for this cramped and unappealing resturant .,['resturant'],['General'],['negative'],['resturant'],[False],1,False,False
semeval16_train_00462,semeval16,train,zero ambiance to boot .,['ambiance'],['General'],['negative'],['ambiance'],[False],1,False,False
semeval16_train_00463,semeval16,train,i thought this place was totally overrated .,['place'],['General'],['negative'],['place'],[False],1,False,False
semeval16_train_00464,semeval16,train,"the ambience was nice , but service was n't so great .",['ambience'],['Ambience'],['positive'],['ambience'],[False],1,False,False
semeval16_train_00465,semeval16,train,"the ambience was nice , but service was n't so great .",['service'],['Service'],['negative'],['service'],[False],1,False,False
semeval16_train_00466,semeval16,train,this is the best shabu - shabu restaurant in the try - state area .,['shabu - shabu restaurant'],['General'],['positive'],['shabu - shabu restaurant'],[False],1,False,False
semeval16_train_00467,semeval16,train,i have lived in japan for 7 years and the taste of the food and the feel of the restaurant is like being back in japan .,['food'],['Food'],['positive'],['food'],[False],1,False,False
semeval16_train_00468,semeval16,train,i have lived in japan for 7 years and the taste of the food and the feel of the restaurant is like being back in japan .,['feel'],['General'],['positive'],['feel'],[False],1,False,False
semeval16_train_00469,semeval16,train,thius is a must for anyone who loves shabu - shabu .,['shabu - shabu'],['General'],['positive'],['shabu - shabu'],[False],1,False,False
semeval16_train_00470,semeval16,train,"the atmosphere is nothing special , but it feels like a sushi establishment in tokyo .",['atmosphere'],['General'],['positive'],['atmosphere'],[False],1,False,False
semeval16_train_00471,semeval16,train,the owner and staff are all japanese as well and that adds to the entire ambiance .,['owner'],['General'],['positive'],['owner'],[False],1,False,False
semeval16_train_00472,semeval16,train,the owner and staff are all japanese as well and that adds to the entire ambiance .,['staff'],['Service'],['positive'],['staff'],[False],1,False,False
semeval16_train_00473,semeval16,train,the owner and staff are all japanese as well and that adds to the entire ambiance .,['ambiance'],['General'],['positive'],['ambiance'],[False],1,False,False
semeval16_train_00474,semeval16,train,"despite a slightly limited menu , everything prepared is done to perfection , ultra fresh and a work of food art .",['menu'],['General'],['negative'],['menu'],[False],1,False,False
semeval16_train_00475,semeval16,train,taxan delicious !,['taxan'],['General'],['positive'],['taxan'],[False],1,False,False
semeval16_train_00476,semeval16,train,the prices were cheap compared to the quality of service and food .,['service'],['Service'],['positive'],['service'],[False],1,False,False
semeval16_train_00477,semeval16,train,the prices were cheap compared to the quality of service and food .,['food'],['Food'],['positive'],['food'],[False],1,False,False
semeval16_train_00478,semeval16,train,the location and ambience is ok but the food is what makes up for it .,['location'],['General'],['neutral'],['location'],[False],1,False,False
semeval16_train_00479,semeval16,train,the location and ambience is ok but the food is what makes up for it .,['ambience'],['Ambience'],['neutral'],['ambience'],[False],1,False,False
semeval16_train_00480,semeval16,train,the location and ambience is ok but the food is what makes up for it .,['food'],['Food'],['positive'],['food'],[False],1,False,False
semeval16_train_00481,semeval16,train,try green curry with vegetables .,['green curry with vegetables'],['General'],['positive'],['green curry with vegetables'],[False],1,False,False
semeval16_train_00482,semeval16,train,"the service is ok , some of the people did n't get what they asked for .",['service'],['Service'],['neutral'],['service'],[False],1,False,False
semeval16_train_00483,semeval16,train,i had the best ravioli ever .,['ravioli'],['General'],['positive'],['ravioli'],[False],1,False,False
semeval16_train_00484,semeval16,train,the wine the service was very good too .,['wine'],['General'],['positive'],['wine'],[False],1,False,False
semeval16_train_00485,semeval16,train,the wine the service was very good too .,['service'],['Service'],['positive'],['service'],[False],1,False,False
semeval16_train_00486,semeval16,train,this quaint and romantic trattoria is at the top of my manhattan restaurant list .,['trattoria'],['General'],['positive'],['trattoria'],[False],1,False,False
semeval16_train_00487,semeval16,train,"the food is delicious - from the specials to the regular menu - fare , the dishes are never a disappointment .",['food'],['Food'],['positive'],['food'],[False],1,False,False
semeval16_train_00488,semeval16,train,"the food is delicious - from the specials to the regular menu - fare , the dishes are never a disappointment .",['dishes'],['General'],['positive'],['dishes'],[False],1,False,False
semeval16_train_00489,semeval16,train,"the food is delicious - from the specials to the regular menu - fare , the dishes are never a disappointment .",['specials'],['General'],['positive'],['specials'],[False],1,False,False
semeval16_train_00490,semeval16,train,"the food is delicious - from the specials to the regular menu - fare , the dishes are never a disappointment .",['regular menu - fare'],['General'],['positive'],['regular menu - fare'],[False],1,False,False
semeval16_train_00491,semeval16,train,"whether it 's the parmesean porcini souffle or the lamb glazed with balsamic vinegar , you will surely be transported to northern italy with one bite .",['parmesean porcini souffle'],['General'],['positive'],['parmesean porcini souffle'],[False],1,False,False
semeval16_train_00492,semeval16,train,"whether it 's the parmesean porcini souffle or the lamb glazed with balsamic vinegar , you will surely be transported to northern italy with one bite .",['lamb glazed with balsamic vinegar'],['General'],['positive'],['lamb glazed with balsamic vinegar'],[False],1,False,False
semeval16_train_00493,semeval16,train,"although the tables may be closely situated , the candle - light , food - quality and service overcompensate .",['candle - light'],['General'],['positive'],['candle - light'],[False],1,False,False
semeval16_train_00494,semeval16,train,"although the tables may be closely situated , the candle - light , food -quality and service overcompensate .",['food'],['Food'],['positive'],['food'],[False],1,False,False
semeval16_train_00495,semeval16,train,"although the tables may be closely situated , the candle - light , food - quality and service overcompensate .",['service'],['Service'],['positive'],['service'],[False],1,False,False
semeval16_train_00496,semeval16,train,"although the tables may be closely situated , the candle - light , food - quality and service overcompensate .",['tables'],['General'],['negative'],['tables'],[False],1,False,False
semeval16_train_00497,semeval16,train,"i have known about this secret for the last 13 years , emilio(the godfather ) has continued to serve food and wine for the gods at mortal prices .",['food'],['Food'],['positive'],['food'],[False],1,False,False
semeval16_train_00498,semeval16,train,"i have known about this secret for the last 13 years , emilio(the godfather ) has continued to serve food and wine for the gods at mortal prices .",['wine'],['General'],['positive'],['wine'],[False],1,False,False
semeval16_train_00499,semeval16,train,"i have known about this secret for the last 13 years , emilio(the godfather ) has continued to serve food and wine for the gods at mortal prices .",['food'],['Food'],['positive'],['food'],[False],1,False,False
semeval16_train_00500,semeval16,train,"i have known about this secret for the last 13 years , emilio(the godfather ) has continued to serve food and wine for the gods at mortal prices .",['wine'],['General'],['positive'],['wine'],[False],1,False,False
semeval16_train_00501,semeval16,train,"if you go , try the marinara / arrabiatta sauce , the mozzarella en carozza is mmmmmmmm ..... everything is just delicious .",['marinara / arrabiatta sauce'],['General'],['positive'],['marinara / arrabiatta sauce'],[False],1,False,False
semeval16_train_00502,semeval16,train,"if you go , try the marinara / arrabiatta sauce , the mozzarella en carozza is mmmmmmmm ..... everything is just delicious .",['mozzarella en carozza'],['General'],['positive'],['mozzarella en carozza'],[False],1,False,False
semeval16_train_00503,semeval16,train,check out the secret back room .,['back room'],['General'],['positive'],['back room'],[False],1,False,False
semeval16_train_00504,semeval16,train,thank you emilio .,['emilio'],['General'],['positive'],['emilio'],[False],1,False,False
semeval16_train_00505,semeval16,train,"i found the food , service and value exceptional everytime i have been there .",['food'],['Food'],['positive'],['food'],[False],1,False,False
semeval16_train_00506,semeval16,train,"i found the food , service and value exceptional everytime i have been there .",['service'],['Service'],['positive'],['service'],[False],1,False,False
semeval16_train_00507,semeval16,train,the food was authentic .,['food'],['Food'],['positive'],['food'],[False],1,False,False
semeval16_train_00508,semeval16,train,the service was excellent - friendly and attentive .,['service'],['Service'],['positive'],['service'],[False],1,False,False
semeval16_train_00509,semeval16,train,very good wine choices .,['wine choices'],['General'],['positive'],['wine choices'],[False],1,False,False
semeval16_train_00510,semeval16,train,who has room for cheesesticks with the best pizza in nyc !,['pizza'],['General'],['positive'],['pizza'],[False],1,False,False
semeval16_train_00511,semeval16,train,get the pepperoni - yum - and a family style salad .,['pepperoni'],['General'],['positive'],['pepperoni'],[False],1,False,False
semeval16_train_00512,semeval16,train,get the pepperoni - yum - and a family style salad .,['family style salad'],['General'],['positive'],['family style salad'],[False],1,False,False
semeval16_train_00513,semeval16,train,great staff .,['staff'],['Service'],['positive'],['staff'],[False],1,False,False
semeval16_train_00514,semeval16,train,always great service !,['service'],['Service'],['positive'],['service'],[False],1,False,False
semeval16_train_00515,semeval16,train,"the food is good , i ca n't lie .",['food'],['Food'],['positive'],['food'],[False],1,False,False
semeval16_train_00516,semeval16,train,but the staff was so horrible to us .,['staff'],['Service'],['negative'],['staff'],[False],1,False,False
semeval16_train_00517,semeval16,train,the hostess and the waitress were incredibly rude and did everything they could to rush us out .,['hostess'],['General'],['negative'],['hostess'],[False],1,False,False
semeval16_train_00518,semeval16,train,the hostess and the waitress were incredibly rude and did everything they could to rush us out .,['waitress'],['General'],['negative'],['waitress'],[False],1,False,False
semeval16_train_00519,semeval16,train,we were planning to get dessert but the waitress basically through the bill at us before we had a chance to order .,['waitress'],['General'],['negative'],['waitress'],[False],1,False,False
semeval16_train_00520,semeval16,train,"this place is pricey , and yes , the food is worth it ; but the service makes you feel like you should be paying a quater of the price .",['place'],['General'],['negative'],['place'],[False],1,False,False
semeval16_train_00521,semeval16,train,"this place is pricey , and yes , the food is worth it ; but the service makes you feel like you should be paying a quater of the price .",['food'],['Food'],['positive'],['food'],[False],1,False,False
semeval16_train_00522,semeval16,train,"this place is pricey , and yes , the food is worth it ; but the service makes you feel like you should be paying a quater of the price .",['service'],['Service'],['negative'],['service'],[False],1,False,False
semeval16_train_00523,semeval16,train,amma is nothing special .,['amma'],['General'],['neutral'],['amma'],[False],1,False,False
semeval16_train_00524,semeval16,train,i ate here a week ago and found most dishes average at best and too expensive .,['dishes'],['General'],['negative'],['dishes'],[False],1,False,False
semeval16_train_00525,semeval16,train,"do n't dine at tamarind for the vegetarian dishes , they are simply not up to par with the non - veg selections .",['vegetarian dishes'],['General'],['negative'],['vegetarian dishes'],[False],1,False,False
semeval16_train_00526,semeval16,train,"do n't dine at tamarind for the vegetarian dishes , they are simply not up to par with the non - veg selections .",['non - veg selections'],['General'],['positive'],['non - veg selections'],[False],1,False,False
semeval16_train_00527,semeval16,train,decor is nice though service can be spotty .,['decor'],['General'],['positive'],['decor'],[False],1,False,False
semeval16_train_00528,semeval16,train,decor is nice though service can be spotty .,['service'],['Service'],['negative'],['service'],[False],1,False,False
semeval16_train_00529,semeval16,train,this place is always packed .,['place'],['General'],['neutral'],['place'],[False],1,False,False
semeval16_train_00530,semeval16,train,"most importantly , food is excellent .",['food'],['Food'],['positive'],['food'],[False],1,False,False
semeval16_train_00531,semeval16,train,try the sea bass .,['sea bass'],['General'],['positive'],['sea bass'],[False],1,False,False
semeval16_train_00532,semeval16,train,first of all dal bukhara rocks .,['dal bukhara'],['General'],['positive'],['dal bukhara'],[False],1,False,False
semeval16_train_00533,semeval16,train,i am happy i did the food was awsome .,['food'],['Food'],['positive'],['food'],[False],1,False,False
semeval16_train_00534,semeval16,train,and yes dal bukhara is so dam good and so are all the kababs .,['kababs'],['General'],['positive'],['kababs'],[False],1,False,False
semeval16_train_00535,semeval16,train,and yes dal bukhara is so dam good and so are all the kababs .,['dal bukhara'],['General'],['positive'],['dal bukhara'],[False],1,False,False
semeval16_train_00536,semeval16,train,haru on park s is simply disgusting .,['haru on park s'],['General'],['negative'],['haru on park s'],[False],1,False,False
semeval16_train_00537,semeval16,train,the fish was not fresh and the rice tasted old and stale .,['fish'],['General'],['negative'],['fish'],[False],1,False,False
semeval16_train_00538,semeval16,train,the fish was not fresh and the rice tasted old and stale .,['rice'],['General'],['negative'],['rice'],[False],1,False,False
semeval16_train_00539,semeval16,train,"quite frankly , this is some of the worst sushi i have ever tried .",['sushi'],['General'],['negative'],['sushi'],[False],1,False,False
semeval16_train_00540,semeval16,train,honestly the worst sushi my husband and i had in our entire lives .,['sushi'],['General'],['negative'],['sushi'],[False],1,False,False
semeval16_train_00541,semeval16,train,not sure why this restaurant would be rated that highly .,['restaurant'],['General'],['negative'],['restaurant'],[False],1,False,False
semeval16_train_00542,semeval16,train,the all - u - can - eat sushi is definitely in very poor quality .,['all - u - can - eat sushi'],['General'],['negative'],['all - u - can - eat sushi'],[False],1,False,False
semeval16_train_00543,semeval16,train,"limited menu , no - so - fresh ingredients , thinly - sliced fish , fall - apart rice .",['menu'],['General'],['negative'],['menu'],[False],1,False,False
semeval16_train_00544,semeval16,train,"limited menu , no - so - fresh ingredients , thinly - sliced fish , fall - apart rice .",['ingredients'],['General'],['negative'],['ingredients'],[False],1,False,False
semeval16_train_00545,semeval16,train,"limited menu , no - so - fresh ingredients , thinly - sliced fish , fall - apart rice .",['fish'],['General'],['negative'],['fish'],[False],1,False,False
semeval16_train_00546,semeval16,train,"limited menu , no - so - fresh ingredients , thinly - sliced fish , fall - apart rice .",['rice'],['General'],['negative'],['rice'],[False],1,False,False
semeval16_train_00547,semeval16,train,"the only things u could really taste are the very salty soy sauce ( even its low sodium ) , the vinegar - soaked rice , and the scallion on top of the fish .",['soy sauce'],['General'],['negative'],['soy sauce'],[False],1,False,False
semeval16_train_00548,semeval16,train,"the only things u could really taste are the very salty soy sauce ( even its low sodium ) , the vinegar - soaked rice , and the scallion on top of the fish .",['rice'],['General'],['negative'],['rice'],[False],1,False,False
semeval16_train_00549,semeval16,train,the waitstaffs are nice though .,['waitstaffs'],['General'],['positive'],['waitstaffs'],[False],1,False,False
semeval16_train_00550,semeval16,train,i have been to roth 's twice and both times were very disappointing .,"[""roth 's""]",['General'],['negative'],"[""roth 's""]",[False],1,False,False
semeval16_train_00551,semeval16,train,"both times i was extremely dissappointed by the service , which was boarderline rude .",['service'],['Service'],['negative'],['service'],[False],1,False,False
semeval16_train_00552,semeval16,train,"the dinner was ok , nothing i would have again .",['dinner'],['General'],['negative'],['dinner'],[False],1,False,False
semeval16_train_00553,semeval16,train,"i had their eggs benedict for brunch , which were the worst in my entire life , i tried removing the hollondaise sauce completely that was how failed it was .",['eggs benedict'],['General'],['negative'],['eggs benedict'],[False],1,False,False
semeval16_train_00554,semeval16,train,with the theater 2 blocks away we had a delicious meal in a beautiful room .,['meal'],['General'],['positive'],['meal'],[False],1,False,False
semeval16_train_00555,semeval16,train,with the theater 2 blocks away we had a delicious meal in a beautiful room .,['room'],['General'],['positive'],['room'],[False],1,False,False
semeval16_train_00556,semeval16,train,the service was attentive .,['service'],['Service'],['positive'],['service'],[False],1,False,False
semeval16_train_00557,semeval16,train,planet thai is great !,['planet thai'],['General'],['positive'],['planet thai'],[False],1,False,False
semeval16_train_00558,semeval16,train,"we love the food , drinks , and atmosphere !",['food'],['Food'],['positive'],['food'],[False],1,False,False
semeval16_train_00559,semeval16,train,"we love the food , drinks , and atmosphere !",['drinks'],['Food'],['positive'],['drinks'],[False],1,False,False
semeval16_train_00560,semeval16,train,"we love the food , drinks , and atmosphere !",['atmosphere'],['General'],['positive'],['atmosphere'],[False],1,False,False
semeval16_train_00561,semeval16,train,"the svc can be a bit rude at times , esp if you have big group , but overall the restaurant is a must !",['svc'],['General'],['negative'],['svc'],[False],1,False,False
semeval16_train_00562,semeval16,train,"the svc can be a bit rude at times , esp if you have big group , but overall the restaurant is a must !",['restaurant'],['General'],['positive'],['restaurant'],[False],1,False,False
semeval16_train_00563,semeval16,train,"try the pad thai , it 's fabulous and their prices are so cheap !",['pad thai'],['General'],['positive'],['pad thai'],[False],1,False,False
semeval16_train_00564,semeval16,train,"just because it 's cheap does not mean the portions are small or the food is nasty , it is great !",['portions'],['General'],['positive'],['portions'],[False],1,False,False
semeval16_train_00565,semeval16,train,"just because it 's cheap does not mean the portions are small or the food is nasty , it is great !",['food'],['Food'],['positive'],['food'],[False],1,False,False
semeval16_train_00566,semeval16,train,"also , the sandwiches ( nearing $ 7 ) did n't come with anything like chips or a side .",['sandwiches'],['General'],['negative'],['sandwiches'],[False],1,False,False
semeval16_train_00567,semeval16,train,"eating in , the atmosphere saves it , but at your desk , it 's a very disappointing experience .",['atmosphere'],['General'],['positive'],['atmosphere'],[False],1,False,False
semeval16_train_00568,semeval16,train,chennai garden is my favorite indian restaurant in the city .,['chennai garden'],['General'],['positive'],['chennai garden'],[False],1,False,False
semeval16_train_00569,semeval16,train,they have authentic indian at amazin prices .,['indian'],['General'],['positive'],['indian'],[False],1,False,False
semeval16_train_00570,semeval16,train,this restaurant is vegetarian ; there are no meat dishes whatsoever .,['dishes'],['General'],['negative'],['dishes'],[False],1,False,False
semeval16_train_00571,semeval16,train,the seats are uncomfortable if you are sitting against the wall on wooden benches .,['seats'],['General'],['negative'],['seats'],[False],1,False,False
semeval16_train_00572,semeval16,train,it 's a rather cramped and busy restaurant and it closes early .,['restaurant'],['General'],['negative'],['restaurant'],[False],1,False,False
semeval16_train_00573,semeval16,train,patroon features a nice cigar bar and has great staff .,['cigar bar'],['General'],['positive'],['cigar bar'],[False],1,False,False
semeval16_train_00574,semeval16,train,patroon features a nice cigar bar and has great staff .,['staff'],['Service'],['positive'],['staff'],[False],1,False,False
semeval16_train_00575,semeval16,train,the food is tasty and portion sizes are appropriate .,['food'],['Food'],['positive'],['food'],[False],1,False,False
semeval16_train_00576,semeval16,train,the food is tasty and portion sizes are appropriate .,['portion sizes'],['General'],['positive'],['portion sizes'],[False],1,False,False
semeval16_train_00577,semeval16,train,this is a nice restaurant if you are looking for a good place to host an intimate dinner meeting with business associates .,['restaurant'],['General'],['positive'],['restaurant'],[False],1,False,False
semeval16_train_00578,semeval16,train,not a great place for family or general dining .,['place'],['General'],['negative'],['place'],[False],1,False,False
semeval16_train_00579,semeval16,train,lloovve this place .,['place'],['General'],['positive'],['place'],[False],1,False,False
semeval16_train_00580,semeval16,train,food is excellent .,['food'],['Food'],['positive'],['food'],[False],1,False,False
semeval16_train_00581,semeval16,train,fish is so very fresh .,['fish'],['General'],['positive'],['fish'],[False],1,False,False
semeval16_train_00582,semeval16,train,waitstaff are very friendly .,['waitstaff'],['General'],['positive'],['waitstaff'],[False],1,False,False
semeval16_train_00583,semeval16,train,love yuka .,['yuka'],['General'],['positive'],['yuka'],[False],1,False,False
semeval16_train_00584,semeval16,train,mermaid inn is an overall good restaurant with really good seafood .,['seafood'],['General'],['positive'],['seafood'],[False],1,False,False
semeval16_train_00585,semeval16,train,mermaid inn is an overall good restaurant with really good seafood .,['mermaid inn'],['General'],['positive'],['mermaid inn'],[False],1,False,False
semeval16_train_00586,semeval16,train,the menu is limited but almost all of the dishes are excellent .,['menu'],['General'],['negative'],['menu'],[False],1,False,False
semeval16_train_00587,semeval16,train,the menu is limited but almost all of the dishes are excellent .,['dishes'],['General'],['positive'],['dishes'],[False],1,False,False
semeval16_train_00588,semeval16,train,the lobster sandwich is good and the spaghetti with scallops and shrimp is great .,['lobster sandwich'],['General'],['positive'],['lobster sandwich'],[False],1,False,False
semeval16_train_00589,semeval16,train,the lobster sandwich is good and the spaghetti with scallops and shrimp is great .,['spaghetti with scallops and shrimp'],['General'],['positive'],['spaghetti with scallops and shrimp'],[False],1,False,False
semeval16_train_00590,semeval16,train,the service is good and ambience is good for a date or group outing .,['service'],['Service'],['positive'],['service'],[False],1,False,False
semeval16_train_00591,semeval16,train,the service is good and ambience is good for a date or group outing .,['ambience'],['Ambience'],['positive'],['ambience'],[False],1,False,False
semeval16_train_00592,semeval16,train,the only fallback on this restaurant is the prices .,['restaurant'],['General'],['negative'],['restaurant'],[False],1,False,False
semeval16_train_00593,semeval16,train,"even though its good seafood , the prices are too high .",['seafood'],['General'],['positive'],['seafood'],[False],1,False,False
semeval16_train_00594,semeval16,train,the lobster sandwich is $ 24 and although it was good it was not nearly enough to warrant that price .,['lobster sandwich'],['General'],['positive'],['lobster sandwich'],[False],1,False,False
semeval16_train_00595,semeval16,train,"the food was delicious ( i had a halibut special , my husband had steak ) , and the service was top - notch .",['food'],['Food'],['positive'],['food'],[False],1,False,False
semeval16_train_00596,semeval16,train,"the food was delicious ( i had a halibut special , my husband had steak ) , and the service was top - notch .",['halibut special'],['General'],['positive'],['halibut special'],[False],1,False,False
semeval16_train_00597,semeval16,train,"the food was delicious ( i had a halibut special , my husband had steak ) , and the service was top - notch .",['steak'],['General'],['positive'],['steak'],[False],1,False,False
semeval16_train_00598,semeval16,train,"the food was delicious ( i had a halibut special , my husband had steak ) , and the service was top - notch .",['service'],['Service'],['positive'],['service'],[False],1,False,False
semeval16_train_00599,semeval16,train,"when my dessert came , there was a candle in it - not because anyone asked for one - but because the waiter must have seen me opening my birthday card and gift , and said he knew it was a special occassion of some sort .",['waiter'],['General'],['positive'],['waiter'],[False],1,False,False
semeval16_train_00600,semeval16,train,truly the mark of an attentive waiter .,['waiter'],['General'],['positive'],['waiter'],[False],1,False,False
semeval16_train_00601,semeval16,train,i highly recommend the restaurant based on our experience last night .,['restaurant'],['General'],['positive'],['restaurant'],[False],1,False,False
semeval16_train_00602,semeval16,train,we ate at this thai place following the reviews but very unhappy with the foods .,['foods'],['General'],['negative'],['foods'],[False],1,False,False
semeval16_train_00603,semeval16,train,we thought that this place is using too much of msg cooking in the foods .,['foods'],['General'],['negative'],['foods'],[False],1,False,False
semeval16_train_00604,semeval16,train,"i recommend the jelly fish , drunken chicken and the soupy dumplings , certainly the stir fry blue crab .",['jelly fish'],['General'],['positive'],['jelly fish'],[False],1,False,False
semeval16_train_00605,semeval16,train,"i recommend the jelly fish , drunken chicken and the soupy dumplings , certainly the stir fry blue crab .",['drunken chicken'],['General'],['positive'],['drunken chicken'],[False],1,False,False
semeval16_train_00606,semeval16,train,"i recommend the jelly fish , drunken chicken and the soupy dumplings , certainly the stir fry blue crab .",['soupy dumplings'],['General'],['positive'],['soupy dumplings'],[False],1,False,False
semeval16_train_00607,semeval16,train,"i recommend the jelly fish , drunken chicken and the soupy dumplings , certainly the stir fry blue crab .",['stir fry blue crab'],['General'],['positive'],['stir fry blue crab'],[False],1,False,False
semeval16_train_00608,semeval16,train,the food is so cheap and the waiters are nice .,['food'],['Food'],['positive'],['food'],[False],1,False,False
semeval16_train_00609,semeval16,train,the food is so cheap and the waiters are nice .,['waiters'],['General'],['positive'],['waiters'],[False],1,False,False
semeval16_train_00610,semeval16,train,have frequented ' ino for several years and the food remains excellent .,['food'],['Food'],['positive'],['food'],[False],1,False,False
semeval16_train_00611,semeval16,train,cheese plate is a varied delight and great bargain at $ 10 .,['cheese plate'],['General'],['positive'],['cheese plate'],[False],1,False,False
semeval16_train_00612,semeval16,train,"the large selection of bruschettas , paninis , tramezzinis keep the palate from stagnating .",['bruschettas'],['General'],['positive'],['bruschettas'],[False],1,False,False
semeval16_train_00613,semeval16,train,"the large selection of bruschettas , paninis , tramezzinis keep the palate from stagnating .",['paninis'],['General'],['positive'],['paninis'],[False],1,False,False
semeval16_train_00614,semeval16,train,"the large selection of bruschettas , paninis , tramezzinis keep the palate from stagnating .",['tramezzinis'],['General'],['positive'],['tramezzinis'],[False],1,False,False
semeval16_train_00615,semeval16,train,"( the asparagus , truffle oil , parmesan bruschetta is a winner ! )","['asparagus , truffle oil , parmesan bruschetta']",['General'],['positive'],"['asparagus , truffle oil , parmesan bruschetta']",[False],1,False,False
semeval16_train_00616,semeval16,train,wine list is extensive without being over - priced .,['wine list'],['General'],['positive'],['wine list'],[False],1,False,False
semeval16_train_00617,semeval16,train,"be sure to try the seasonal , and always delicious , specials .",['specials'],['General'],['positive'],['specials'],[False],1,False,False
semeval16_train_00618,semeval16,train,i loved this place ! !,['place'],['General'],['positive'],['place'],[False],1,False,False
semeval16_train_00619,semeval16,train,i almost hesititate to write a review because the atmosphere was so great and i would hate for it too become to crowded .,['atmosphere'],['General'],['positive'],['atmosphere'],[False],1,False,False
semeval16_train_00620,semeval16,train,"the food was very good , a great deal , and the place its self was great .",['food'],['Food'],['positive'],['food'],[False],1,False,False
semeval16_train_00621,semeval16,train,"the food was very good , a great deal , and the place its self was great .",['place'],['General'],['positive'],['place'],[False],1,False,False
semeval16_train_00622,semeval16,train,"the wait staff is very freindly , they make it feel like you 're eating in a freindly little european town .",['wait staff'],['General'],['positive'],['wait staff'],[False],1,False,False
semeval16_train_00623,semeval16,train,"i like cafe noir do nt get me wrong , it is jsut that the people who work there are evil and incompetent ! !",['people'],['General'],['negative'],['people'],[False],1,False,False
semeval16_train_00624,semeval16,train,"i like cafe noir do nt get me wrong , it is jsut that the people who work there are evil and incompetent ! !",['cafe noir'],['General'],['positive'],['cafe noir'],[False],1,False,False
semeval16_train_00625,semeval16,train,"the service was terrible , we had to wait for everything and ask several of different people for the same thing before we were allowed to be served .",['service'],['Service'],['negative'],['service'],[False],1,False,False
semeval16_train_00626,semeval16,train,"the waitress , seems to be more concerned of looking good than actually waitressing .",['waitress'],['General'],['negative'],['waitress'],[False],1,False,False
semeval16_train_00627,semeval16,train,"after dinner the manager grabbed my boyfriend , asked him : where are you from ... maybe you do nt know how things work in america ... and in the end stormed away almost teareyed yelling that tips are the only thing they survive on .",['manager'],['General'],['negative'],['manager'],[False],1,False,False
semeval16_train_00628,semeval16,train,"we did tip , i guess the model/ waitress just wanted more and complained to the manager .",['waitress'],['General'],['negative'],['waitress'],[False],1,False,False
semeval16_train_00629,semeval16,train,"the whole set up is truly unprofessional and i wish cafe noir would get some good staff , because despite the current one this is a great place .",['staff'],['Service'],['negative'],['staff'],[False],1,False,False
semeval16_train_00630,semeval16,train,"the whole set up is truly unprofessional and i wish cafe noir would get some good staff , because despite the current one this is a great place .",['cafe noir'],['General'],['positive'],['cafe noir'],[False],1,False,False
semeval16_train_00631,semeval16,train,pizza here is consistently good .,['pizza'],['General'],['positive'],['pizza'],[False],1,False,False
semeval16_train_00632,semeval16,train,salads are a delicious way to begin the meal .,['salads'],['General'],['positive'],['salads'],[False],1,False,False
semeval16_train_00633,semeval16,train,you should pass on the calamari .,['calamari'],['General'],['negative'],['calamari'],[False],1,False,False
semeval16_train_00634,semeval16,train,decor is charming .,['decor'],['General'],['positive'],['decor'],[False],1,False,False
semeval16_train_00635,semeval16,train,service is average .,['service'],['Service'],['neutral'],['service'],[False],1,False,False
semeval16_train_00636,semeval16,train,what a great place .,['place'],['General'],['positive'],['place'],[False],1,False,False
semeval16_train_00637,semeval16,train,"the ambience was so fun , and the prices were great , on top of the fact that the food was really tasty .",['ambience'],['Ambience'],['positive'],['ambience'],[False],1,False,False
semeval16_train_00638,semeval16,train,"the ambience was so fun , and the prices were great , on top of the fact that the food was really tasty .",['food'],['Food'],['positive'],['food'],[False],1,False,False
semeval16_train_00639,semeval16,train,i would definitely recommend sea if you like thai cuisine !,['thai cuisine'],['General'],['positive'],['thai cuisine'],[False],1,False,False
semeval16_train_00640,semeval16,train,i was here a few weeks back and we had the worst customer service experience at a restaurant ever .,['customer service'],['General'],['negative'],['customer service'],[False],1,False,False
semeval16_train_00641,semeval16,train,"a gentleman , maybe the manager , came to our table , and without so much as a smile or greeting asked for our order .",['gentleman'],['General'],['negative'],['gentleman'],[False],1,False,False
semeval16_train_00642,semeval16,train,i absolutely loved this place .,['place'],['General'],['positive'],['place'],[False],1,False,False
semeval16_train_00643,semeval16,train,"excellent atmosphere , delicious dishes good and friendly service .",['atmosphere'],['General'],['positive'],['atmosphere'],[False],1,False,False
semeval16_train_00644,semeval16,train,"excellent atmosphere , delicious dishes good and friendly service .",['dishes'],['General'],['positive'],['dishes'],[False],1,False,False
semeval16_train_00645,semeval16,train,"excellent atmosphere , delicious dishes good and friendly service .",['service'],['Service'],['positive'],['service'],[False],1,False,False
semeval16_train_00646,semeval16,train,the wine list is also really nice .,['wine list'],['General'],['positive'],['wine list'],[False],1,False,False
semeval16_train_00647,semeval16,train,"everything was wonderful ; food , drinks , staff , mileau .",['food'],['Food'],['positive'],['food'],[False],1,False,False
semeval16_train_00648,semeval16,train,"everything was wonderful ; food , drinks , staff , mileau .",['drinks'],['Food'],['positive'],['drinks'],[False],1,False,False
semeval16_train_00649,semeval16,train,"everything was wonderful ; food , drinks , staff , mileau .",['staff'],['Service'],['positive'],['staff'],[False],1,False,False
semeval16_train_00650,semeval16,train,"everything was wonderful ; food , drinks , staff , mileau .",['mileau'],['General'],['positive'],['mileau'],[False],1,False,False
semeval16_train_00651,semeval16,train,i would highly recommend this place !,['place'],['General'],['positive'],['place'],[False],1,False,False
semeval16_train_00652,semeval16,train,i have been to casimir over 5 times and i have always had a great time there .,['casimir'],['General'],['positive'],['casimir'],[False],1,False,False
semeval16_train_00653,semeval16,train,the food is great and reasonably priced .,['food'],['Food'],['positive'],['food'],[False],1,False,False
semeval16_train_00654,semeval16,train,"i have tried to make reservations , but both times , the hostess did n't have my name .",['hostess'],['General'],['negative'],['hostess'],[False],1,False,False
semeval16_train_00655,semeval16,train,"if the weather is nice , try to snag an outside table .",['outside table'],['General'],['positive'],['outside table'],[False],1,False,False
semeval16_train_00656,semeval16,train,"the staff has been nice , but they seemed really stressed and the unisex bathroom needs to be cleaned more often .",['staff'],['Service'],['positive'],['staff'],[False],1,False,False
semeval16_train_00657,semeval16,train,"the staff has been nice , but they seemed really stressed and the unisex bathroom needs to be cleaned more often .",['unisex bathroom'],['General'],['negative'],['unisex bathroom'],[False],1,False,False
semeval16_train_00658,semeval16,train,"from the spectacular caviar to the hospitable waitstaff , i felt like royalty and enjoyed every second of it .",['caviar'],['General'],['positive'],['caviar'],[False],1,False,False
semeval16_train_00659,semeval16,train,"from the spectacular caviar to the hospitable waitstaff , i felt like royalty and enjoyed every second of it .",['waitstaff'],['General'],['positive'],['waitstaff'],[False],1,False,False
semeval16_train_00660,semeval16,train,"considering we were the last patrons there and it was after the closing time , the waitstaff did not rush us at all and made us feel comfortable and relaxed .",['waitstaff'],['General'],['positive'],['waitstaff'],[False],1,False,False
semeval16_train_00661,semeval16,train,i highly recommend caviar russe to anyone who wants delicious top grade caviar and fantastic service .,['caviar'],['General'],['positive'],['caviar'],[False],1,False,False
semeval16_train_00662,semeval16,train,i highly recommend caviar russe to anyone who wants delicious top grade caviar and fantastic service .,['service'],['Service'],['positive'],['service'],[False],1,False,False
semeval16_train_00663,semeval16,train,nice family owned traditional restaurant .,['restaurant'],['General'],['positive'],['restaurant'],[False],1,False,False
semeval16_train_00664,semeval16,train,fresh ingredients and everything is made to order .,['ingredients'],['General'],['positive'],['ingredients'],[False],1,False,False
semeval16_train_00665,semeval16,train,friendly staff that actually lets you enjoy your meal and the company you 're with .,['staff'],['Service'],['positive'],['staff'],[False],1,False,False
semeval16_train_00666,semeval16,train,"i found the food to be outstanding , particulary the salmon dish i had .",['food'],['Food'],['positive'],['food'],[False],1,False,False
semeval16_train_00667,semeval16,train,"i found the food to be outstanding , particulary the salmon dish i had .",['salmon dish'],['General'],['positive'],['salmon dish'],[False],1,False,False
semeval16_train_00668,semeval16,train,"i also ordered the change mojito , which was out of this world .",['change mojito'],['General'],['positive'],['change mojito'],[False],1,False,False
semeval16_train_00669,semeval16,train,"my friends settled for rice dishes , but we came back the following day to try the dim sum , which was good ... not outstanding , but good .",['dim sum'],['General'],['neutral'],['dim sum'],[False],1,False,False
semeval16_train_00670,semeval16,train,"we ate out in the back patio , which is worth it as it 's cool and the music is hear well there .",['back patio'],['General'],['positive'],['back patio'],[False],1,False,False
semeval16_train_00671,semeval16,train,"we ate out in the back patio , which is worth it as it 's cool and the music is hear well there .",['music'],['General'],['positive'],['music'],[False],1,False,False
semeval16_train_00672,semeval16,train,"overall , excellent restaurant !",['restaurant'],['General'],['positive'],['restaurant'],[False],1,False,False
semeval16_train_00673,semeval16,train,the food was good .,['food'],['Food'],['positive'],['food'],[False],1,False,False
semeval16_train_00674,semeval16,train,the place was nice and calm .,['place'],['General'],['positive'],['place'],[False],1,False,False
semeval16_train_00675,semeval16,train,but the service was a bit slow .,['service'],['Service'],['negative'],['service'],[False],1,False,False
semeval16_train_00676,semeval16,train,the buffet had a nice selection .,['buffet'],['General'],['positive'],['buffet'],[False],1,False,False
semeval16_train_00677,semeval16,train,the food was average or above including some surprising tasty dishes .,['food'],['Food'],['positive'],['food'],[False],1,False,False
semeval16_train_00678,semeval16,train,the food was average or above including some surprising tasty dishes .,['dishes'],['General'],['positive'],['dishes'],[False],1,False,False
semeval16_train_00679,semeval16,train,service was also very good .,['service'],['Service'],['positive'],['service'],[False],1,False,False
semeval16_train_00680,semeval16,train,i got an excellent piece of cheesecake and we had several other nice pastries .,['cheesecake'],['General'],['positive'],['cheesecake'],[False],1,False,False
semeval16_train_00681,semeval16,train,i got an excellent piece of cheesecake and we had several other nice pastries .,['pastries'],['General'],['positive'],['pastries'],[False],1,False,False
semeval16_train_00682,semeval16,train,"i would recommend roxy 's for that , but not for their food .",['food'],['Food'],['negative'],['food'],[False],1,False,False
semeval16_train_00683,semeval16,train,my son and his girlfriend both wanted cheeseburgers and they were huge !,['cheeseburgers'],['General'],['neutral'],['cheeseburgers'],[False],1,False,False
semeval16_train_00684,semeval16,train,"consequently , their burgers fell apart in their hands and made such a mess that they did'nt feel like finishing them .",['burgers'],['General'],['negative'],['burgers'],[False],1,False,False
semeval16_train_00685,semeval16,train,i had a huge pastrami sandwich on a roll .,['pastrami sandwich on a roll'],['General'],['neutral'],['pastrami sandwich on a roll'],[False],1,False,False
semeval16_train_00686,semeval16,train,"this place is really trendi but they have forgotten about the most important part of a   restaurant , the food .",['food'],['Food'],['negative'],['food'],[False],1,False,False
semeval16_train_00687,semeval16,train,"this place is really trendi but they have forgotten about the most important part of a   restaurant , the food .",['place'],['General'],['positive'],['place'],[False],1,False,False
semeval16_train_00688,semeval16,train,"the last two times i ordered from here my food was soo spicy that   i could barely eat it , and the spice took away from the flavor of the dish .",['food'],['Food'],['negative'],['food'],[False],1,False,False
semeval16_train_00689,semeval16,train,"the last two times i ordered from here my food was soo spicy that   i could barely eat it , and the spice took away from the flavor of the dish .",['spice'],['General'],['negative'],['spice'],[False],1,False,False
semeval16_train_00690,semeval16,train,and the tom kha soup was pathetic .,['tom kha soup'],['General'],['negative'],['tom kha soup'],[False],1,False,False
semeval16_train_00691,semeval16,train,if you want good authentic thai this place is not the place to go .,['thai'],['General'],['negative'],['thai'],[False],1,False,False
semeval16_train_00692,semeval16,train,"we went here for lunch a couple of weeks ago on a saturday , and i was thoroughly impressed with the food .",['food'],['Food'],['positive'],['food'],[False],1,False,False
semeval16_train_00693,semeval16,train,"the pesto pizza was excellent , thin - crust pizza with a nice amount of spicy italian cheese that i 'd never heard of before .",['pesto pizza'],['General'],['positive'],['pesto pizza'],[False],1,False,False
semeval16_train_00694,semeval16,train,"the pesto pizza was excellent , thin - crust pizza with a nice amount of spicy italian cheese that i 'd never heard of before .",['spicy italian cheese'],['General'],['positive'],['spicy italian cheese'],[False],1,False,False
semeval16_train_00695,semeval16,train,"the back garden sitting area is very pleasant , where you can see their personal herb garden .",['back garden sitting area'],['General'],['positive'],['back garden sitting area'],[False],1,False,False
semeval16_train_00696,semeval16,train,we had the lobster sandwich and it was fantastic .,['lobster sandwich'],['General'],['positive'],['lobster sandwich'],[False],1,False,False
semeval16_train_00697,semeval16,train,"my husband said he could 've eaten several more , the portion was fine for me he even exclaimed that the french fries were the best he has had .",['portion'],['General'],['positive'],['portion'],[False],1,False,False
semeval16_train_00698,semeval16,train,"my husband said he could 've eaten several more , the portion was fine for me he even exclaimed that the french fries were the best he has had .",['french fries'],['General'],['positive'],['french fries'],[False],1,False,False
semeval16_train_00699,semeval16,train,we had the scallops as an appetizer and they were delicious and the sauce was wonderful .,['scallops'],['General'],['positive'],['scallops'],[False],1,False,False
semeval16_train_00700,semeval16,train,we had the scallops as an appetizer and they were delicious and the sauce was wonderful .,['sauce'],['General'],['positive'],['sauce'],[False],1,False,False
semeval16_train_00701,semeval16,train,we waited at the bar and had martinis that were just right .,['martinis'],['General'],['positive'],['martinis'],[False],1,False,False
semeval16_train_00702,semeval16,train,love the food .,['food'],['Food'],['positive'],['food'],[False],1,False,False
semeval16_train_00703,semeval16,train,it 's the only place you can get yummy authentic japanese comfort food .,['japanese comfort food'],['General'],['positive'],['japanese comfort food'],[False],1,False,False
semeval16_train_00704,semeval16,train,i 've lived in ny for 5 years and this place has it all .,['place'],['General'],['positive'],['place'],[False],1,False,False
semeval16_train_00705,semeval16,train,"great food , good size menu , great service and an unpretensious setting .",['food'],['Food'],['positive'],['food'],[False],1,False,False
semeval16_train_00706,semeval16,train,"great food , good size menu , great service and an unpretensious setting .",['menu'],['General'],['positive'],['menu'],[False],1,False,False
semeval16_train_00707,semeval16,train,"great food , good size menu , great service and an unpretensious setting .",['service'],['Service'],['positive'],['service'],[False],1,False,False
semeval16_train_00708,semeval16,train,"great food , good size menu , great service and an unpretensious setting .",['setting'],['General'],['positive'],['setting'],[False],1,False,False
semeval16_train_00709,semeval16,train,"the dishes offered were unique , very tasty and fresh from the lamb sausages , sardines with biscuits , large whole shrimp to the amazing pistachio ice cream ( the best and freshest i 've ever had ) .",['dishes'],['General'],['positive'],['dishes'],[False],1,False,False
semeval16_train_00710,semeval16,train,"the dishes offered were unique , very tasty and fresh from the lamb sausages , sardines with biscuits , large whole shrimp to the amazing pistachio ice cream ( the best and freshest i 've ever had ) .",['lamb sausages'],['General'],['positive'],['lamb sausages'],[False],1,False,False
semeval16_train_00711,semeval16,train,"the dishes offered were unique , very tasty and fresh from the lamb sausages , sardines with biscuits , large whole shrimp to the amazing pistachio ice cream ( the best and freshest i 've ever had ) .",['sardines with biscuits'],['General'],['positive'],['sardines with biscuits'],[False],1,False,False
semeval16_train_00712,semeval16,train,"the dishes offered were unique , very tasty and fresh from the lamb sausages , sardines with biscuits , large whole shrimp to the amazing pistachio ice cream ( the best and freshest i 've ever had ) .",['large whole shrimp'],['General'],['positive'],['large whole shrimp'],[False],1,False,False
semeval16_train_00713,semeval16,train,"the dishes offered were unique , very tasty and fresh from the lamb sausages , sardines with biscuits , large whole shrimp to the amazing pistachio ice cream ( the best and freshest i 've ever had ) .",['pistachio ice cream'],['General'],['positive'],['pistachio ice cream'],[False],1,False,False
semeval16_train_00714,semeval16,train,i 'm glad i was introduced to this place and this is a rare gem in ny .,['place'],['General'],['positive'],['place'],[False],1,False,False
semeval16_train_00715,semeval16,train,"the freshest , best variety , and the fastest delivery .",['delivery'],['General'],['positive'],['delivery'],[False],1,False,False
semeval16_train_00716,semeval16,train,the service was excellent and the food was delicious .,['service'],['Service'],['positive'],['service'],[False],1,False,False
semeval16_train_00717,semeval16,train,the service was excellent and the food was delicious .,['food'],['Food'],['positive'],['food'],[False],1,False,False
semeval16_train_00718,semeval16,train,"we are very particular about sushi and were both please with every choice which included : ceviche mix ( special ) , crab dumplings , assorted sashimi , sushi and rolls , two types of sake , and the banana tempura .",['sushi'],['General'],['positive'],['sushi'],[False],1,False,False
semeval16_train_00719,semeval16,train,"we are very particular about sushi and were both please with every choice which included : ceviche mix ( special ) , crab dumplings , assorted sashimi , sushi and rolls , two types of sake , and the banana tempura .",['ceviche mix ( special )'],['General'],['positive'],['ceviche mix ( special )'],[False],1,False,False
semeval16_train_00720,semeval16,train,"we are very particular about sushi and were both please with every choice which included : ceviche mix ( special ) , crab dumplings , assorted sashimi , sushi and rolls , two types of sake , and the banana tempura .",['crab dumplings'],['General'],['positive'],['crab dumplings'],[False],1,False,False
semeval16_train_00721,semeval16,train,"we are very particular about sushi and were both please with every choice which included : ceviche mix ( special ) , crab dumplings , assorted sashimi , sushi and rolls , two types of sake , and the banana tempura .",['assorted sashimi'],['General'],['positive'],['assorted sashimi'],[False],1,False,False
semeval16_train_00722,semeval16,train,"we are very particular about sushi and were both please with every choice which included : ceviche mix ( special ) , crab dumplings , assorted sashimi , sushi and rolls , two types of sake , and the banana tempura .",['sushi'],['General'],['positive'],['sushi'],[False],1,False,False
semeval16_train_00723,semeval16,train,"we are very particular about sushi and were both please with every choice which included : ceviche mix ( special ) , crab dumplings , assorted sashimi , sushi and rolls , two types of sake , and the banana tempura .",['rolls'],['General'],['positive'],['rolls'],[False],1,False,False
semeval16_train_00724,semeval16,train,"we are very particular about sushi and were both please with every choice which included : ceviche mix ( special ) , crab dumplings , assorted sashimi , sushi and rolls , two types of sake , and the banana tempura .",['sake'],['General'],['positive'],['sake'],[False],1,False,False
semeval16_train_00725,semeval16,train,"we are very particular about sushi and were both please with every choice which included : ceviche mix ( special ) , crab dumplings , assorted sashimi , sushi and rolls , two types of sake , and the banana tempura .",['banana tempura'],['General'],['positive'],['banana tempura'],[False],1,False,False
semeval16_train_00726,semeval16,train,definitely a great spot for a nice occasion or date .,['spot'],['General'],['positive'],['spot'],[False],1,False,False
semeval16_train_00727,semeval16,train,"average to good thai food , but terrible delivery .",['thai food'],['General'],['positive'],['thai food'],[False],1,False,False
semeval16_train_00728,semeval16,train,"average to good thai food , but terrible delivery .",['delivery'],['General'],['negative'],['delivery'],[False],1,False,False
semeval16_train_00729,semeval16,train,a thai restaurant out of rice during dinner ?,['thai restaurant'],['General'],['negative'],['thai restaurant'],[False],1,False,False
semeval16_train_00730,semeval16,train,"the food arrived 20 minutes after i called , cold and soggy .",['food'],['Food'],['negative'],['food'],[False],1,False,False
semeval16_train_00731,semeval16,train,this is a wonderful place on all stand points especially value ofr money .,['place'],['General'],['positive'],['place'],[False],1,False,False
semeval16_train_00732,semeval16,train,an excellent service,['service'],['Service'],['positive'],['service'],[False],1,False,False
semeval16_train_00733,semeval16,train,we were greeted promptly by the waiter who was very nice and cordial .,['waiter'],['General'],['positive'],['waiter'],[False],1,False,False
semeval16_train_00734,semeval16,train,she was very helpful in suggesting us drinks and helped us in ordering a lot of good dishes since we knew nothing about indian food .,['dishes'],['General'],['positive'],['dishes'],[False],1,False,False
semeval16_train_00735,semeval16,train,the food looked very appetizing and delicious since it came on a variety of fancy plates .,['food'],['Food'],['positive'],['food'],[False],1,False,False
semeval16_train_00736,semeval16,train,we ended our great experience by having gulab jamun ( dessert ) recommended by the waiter .,['gulab jamun ( dessert )'],['General'],['positive'],['gulab jamun ( dessert )'],[False],1,False,False
semeval16_train_00737,semeval16,train,i thanked my friend who recommended me this restaurant and will certainly recommend it to others .,['restaurant'],['General'],['positive'],['restaurant'],[False],1,False,False
semeval16_train_00738,semeval16,train,"service here was great , food was fantastic .",['service'],['Service'],['positive'],['service'],[False],1,False,False
semeval16_train_00739,semeval16,train,"service here was great , food was fantastic .",['food'],['Food'],['positive'],['food'],[False],1,False,False
semeval16_train_00740,semeval16,train,"guacamole+shrimp appetizer was really great , we both had the filet , very good , did n't much like the frites that came with , but the filet was so good , neither of us cared .",['guacamole+shrimp appetizer'],['General'],['positive'],['guacamole+shrimp appetizer'],[False],1,False,False
semeval16_train_00741,semeval16,train,"guacamole+shrimp appetizer was really great , we both had the filet , very good , did n't much like the frites that came with , but the filet was so good , neither of us cared .",['filet'],['General'],['positive'],['filet'],[False],1,False,False
semeval16_train_00742,semeval16,train,"guacamole+shrimp appetizer was really great , we both had the filet , very good , did n't much like the frites that came with , but the filet was so good , neither of us cared .",['frites'],['General'],['negative'],['frites'],[False],1,False,False
semeval16_train_00743,semeval16,train,you can not go wrong with this place .,['place'],['General'],['positive'],['place'],[False],1,False,False
semeval16_train_00744,semeval16,train,"the food is outstanding and the service is quick , friendly and very professional .",['food'],['Food'],['positive'],['food'],[False],1,False,False
semeval16_train_00745,semeval16,train,"the food is outstanding and the service is quick , friendly and very professional .",['service'],['Service'],['positive'],['service'],[False],1,False,False
semeval16_train_00746,semeval16,train,"always a nice crowd , but never loud .",['crowd'],['General'],['positive'],['crowd'],[False],1,False,False
semeval16_train_00747,semeval16,train,i am reluctant to write because i would not want my jem of a pizza place to become overcrowded .,['pizza place'],['General'],['positive'],['pizza place'],[False],1,False,False
semeval16_train_00748,semeval16,train,"by far , the best pizza in manhattan .",['pizza'],['General'],['positive'],['pizza'],[False],1,False,False
semeval16_train_00749,semeval16,train,"the crust is thin , the ingredients are fresh and the staff is friendly .",['crust'],['General'],['positive'],['crust'],[False],1,False,False
semeval16_train_00750,semeval16,train,"the crust is thin , the ingredients are fresh and the staff is friendly .",['staff'],['Service'],['positive'],['staff'],[False],1,False,False
semeval16_train_00751,semeval16,train,"the crust is thin , the ingredients are fresh and the staff is friendly .",['ingredients'],['General'],['positive'],['ingredients'],[False],1,False,False
semeval16_train_00752,semeval16,train,the menu has so many fish items and oysters .,['menu'],['General'],['positive'],['menu'],[False],1,False,False
semeval16_train_00753,semeval16,train,"the fish was really , really fresh .",['fish'],['General'],['positive'],['fish'],[False],1,False,False
semeval16_train_00754,semeval16,train,we all agreed that mare is one of the best seafood restaurants in new york .,['mare'],['General'],['positive'],['mare'],[False],1,False,False
semeval16_train_00755,semeval16,train,i stumbled upon this great pizzeria as i explored my new neighborhood .,['pizzeria'],['General'],['positive'],['pizzeria'],[False],1,False,False
semeval16_train_00756,semeval16,train,all of the pizzas are terrific and the price is even better !,['pizzas'],['General'],['positive'],['pizzas'],[False],1,False,False
semeval16_train_00757,semeval16,train,i highly recommend the sophia pizza .,['sophia pizza'],['General'],['positive'],['sophia pizza'],[False],1,False,False
semeval16_train_00758,semeval16,train,the food was mediocre at best but it was the horrible service that made me vow never to go back .,['food'],['Food'],['negative'],['food'],[False],1,False,False
semeval16_train_00759,semeval16,train,the food was mediocre at best but it was the horrible service that made me vow never to go back .,['service'],['Service'],['negative'],['service'],[False],1,False,False
semeval16_train_00760,semeval16,train,"immediately after we paid , the waiter took the money and said , okay , you guys are outta here .",['waiter'],['General'],['negative'],['waiter'],[False],1,False,False
semeval16_train_00761,semeval16,train,"for the people who want great food plus great service , roxy is a place to avoid !",['food'],['Food'],['negative'],['food'],[False],1,False,False
semeval16_train_00762,semeval16,train,"for the people who want great food plus great service , roxy is a place to avoid !",['service'],['Service'],['negative'],['service'],[False],1,False,False
semeval16_train_00763,semeval16,train,"the first time the sushi was outstanding , the second time it was a little bland .",['sushi'],['General'],['positive'],['sushi'],[False],1,False,False
semeval16_train_00764,semeval16,train,"the blond wood decor is very soothing , the premium sake is excellent and the service is great .",['blond wood decor'],['General'],['positive'],['blond wood decor'],[False],1,False,False
semeval16_train_00765,semeval16,train,"the blond wood decor is very soothing , the premium sake is excellent and the service is great .",['premium sake'],['General'],['positive'],['premium sake'],[False],1,False,False
semeval16_train_00766,semeval16,train,"the blond wood decor is very soothing , the premium sake is excellent and the service is great .",['service'],['Service'],['positive'],['service'],[False],1,False,False
semeval16_train_00767,semeval16,train,mizu is the japenese find in grammercy .,['mizu'],['General'],['positive'],['mizu'],[False],1,False,False
semeval16_train_00768,semeval16,train,"while their kitchen food is delicious , their sushi is out of this world .",['kitchen food'],['General'],['positive'],['kitchen food'],[False],1,False,False
semeval16_train_00769,semeval16,train,"while their kitchen food is delicious , their sushi is out of this world .",['sushi'],['General'],['positive'],['sushi'],[False],1,False,False
semeval16_train_00770,semeval16,train,mizu is home to creative and unique rolls not to found anywhere else .,['rolls'],['General'],['positive'],['rolls'],[False],1,False,False
semeval16_train_00771,semeval16,train,"not only is the cuisine the best around , the service has always been attentive and charming .",['cuisine'],['General'],['positive'],['cuisine'],[False],1,False,False
semeval16_train_00772,semeval16,train,"not only is the cuisine the best around , the service has always been attentive and charming .",['service'],['Service'],['positive'],['service'],[False],1,False,False
semeval16_train_00773,semeval16,train,warning : you may find it difficult to dine at other japanese restaurants after a visit to mizu !,['mizu'],['General'],['positive'],['mizu'],[False],1,False,False
semeval16_train_00774,semeval16,train,"thalia is a beautiful restaurant with beautiful people serving you , but the food does n't quite match up .",['people'],['General'],['positive'],['people'],[False],1,False,False
semeval16_train_00775,semeval16,train,"thalia is a beautiful restaurant with beautiful people serving you , but the food does n't quite match up .",['food'],['Food'],['negative'],['food'],[False],1,False,False
semeval16_train_00776,semeval16,train,"thalia is a beautiful restaurant with beautiful people serving you , but the food does n't quite match up .",['thalia'],['General'],['positive'],['thalia'],[False],1,False,False
semeval16_train_00777,semeval16,train,i ordered the smoked salmon and roe appetizer and it was off flavor .,['smoked salmon and roe appetizer'],['General'],['negative'],['smoked salmon and roe appetizer'],[False],1,False,False
semeval16_train_00778,semeval16,train,"the entree was bland and small , dessert was not inspired .",['entree'],['General'],['negative'],['entree'],[False],1,False,False
semeval16_train_00779,semeval16,train,"the entree was bland and small , dessert was not inspired .",['dessert'],['General'],['negative'],['dessert'],[False],1,False,False
semeval16_train_00780,semeval16,train,i expected quite a bit more from such an expensive menu .,['menu'],['General'],['negative'],['menu'],[False],1,False,False
semeval16_train_00781,semeval16,train,"the view is spectacular , and the food is great .",['view'],['General'],['positive'],['view'],[False],1,False,False
semeval16_train_00782,semeval16,train,"the view is spectacular , and the food is great .",['food'],['Food'],['positive'],['food'],[False],1,False,False
semeval16_train_00783,semeval16,train,wonderful strawberry daiquiries as well !,['strawberry daiquiries'],['General'],['positive'],['strawberry daiquiries'],[False],1,False,False
semeval16_train_00784,semeval16,train,authentic taiwanese food that 's cheap ... what more could you ask for ?,['taiwanese food'],['General'],['positive'],['taiwanese food'],[False],1,False,False
semeval16_train_00785,semeval16,train,the cold appetizer dishes taste like the way i remember them to taste when i was growing up in taiwan .,['cold appetizer dishes'],['General'],['positive'],['cold appetizer dishes'],[False],1,False,False
semeval16_train_00786,semeval16,train,delicious simple food in nice outdoor atmosphere .,['food'],['Food'],['positive'],['food'],[False],1,False,False
semeval16_train_00787,semeval16,train,delicious simple food in nice outdoor atmosphere .,['outdoor atmosphere'],['General'],['positive'],['outdoor atmosphere'],[False],1,False,False
semeval16_train_00788,semeval16,train,"kind , attentive wait staff .",['wait staff'],['General'],['positive'],['wait staff'],[False],1,False,False
semeval16_train_00789,semeval16,train,i really like both the scallops and the mahi mahi ( on saffron risotto - yum ! ) .,['scallops'],['General'],['positive'],['scallops'],[False],1,False,False
semeval16_train_00790,semeval16,train,i really like both the scallops and the mahi mahi ( on saffron risotto -yum ! ) .,['mahi mahi ( on saffron risotto'],['General'],['positive'],['mahi mahi ( on saffron risotto'],[False],1,False,False
semeval16_train_00791,semeval16,train,my friend devoured her chicken and mashed potatos .,['chicken and mashed potatos'],['General'],['positive'],['chicken and mashed potatos'],[False],1,False,False
semeval16_train_00792,semeval16,train,delicious crab cakes too .,['crab cakes'],['General'],['positive'],['crab cakes'],[False],1,False,False
semeval16_train_00793,semeval16,train,"even if the food was n't this good , the garden is a great place to sit outside and relax .",['garden'],['General'],['positive'],['garden'],[False],1,False,False
semeval16_train_00794,semeval16,train,"even if the food was n't this good , the garden is a great place to sit outside and relax .",['food'],['Food'],['positive'],['food'],[False],1,False,False
semeval16_train_00795,semeval16,train,great neighborhood joint .,['joint'],['General'],['positive'],['joint'],[False],1,False,False
semeval16_train_00796,semeval16,train,this is a nice pizza place with good selection of thin crust pizza including the basil slice .,['selection of thin crust pizza'],['General'],['positive'],['selection of thin crust pizza'],[False],1,False,False
semeval16_train_00797,semeval16,train,this is a nice pizza place with good selection of thin crust pizza including the basil slice .,['pizza place'],['General'],['positive'],['pizza place'],[False],1,False,False
semeval16_train_00798,semeval16,train,this is a nice pizza place with good selection of thin crust pizza including the basil slice .,['basil slice'],['General'],['positive'],['basil slice'],[False],1,False,False
semeval16_train_00799,semeval16,train,"their calzones are horrific , bad , vomit - inducing , yuck .",['calzones'],['General'],['negative'],['calzones'],[False],1,False,False
semeval16_train_00800,semeval16,train,the counter service is bad .,['counter service'],['General'],['negative'],['counter service'],[False],1,False,False
semeval16_train_00801,semeval16,train,no pizza 33 for me !,['pizza 33'],['General'],['negative'],['pizza 33'],[False],1,False,False
semeval16_train_00802,semeval16,train,"the dosas are skimpy , unattractive and drip with grease , and personally i 'd drink popcorn topping before i 'd eat another one of these .",['dosas'],['General'],['negative'],['dosas'],[False],1,False,False
semeval16_train_00803,semeval16,train,"the sandwiches are dry , tasteless and way overpriced .",['sandwiches'],['General'],['negative'],['sandwiches'],[False],1,False,False
semeval16_train_00804,semeval16,train,"calling the place hampton chutney co. does warn you that these folks offer more style than substance , but in this unattractive room with unhelpful clerks there was a dearth of the former too .",['place'],['General'],['negative'],['place'],[False],1,False,False
semeval16_train_00805,semeval16,train,"calling the place hampton chutney co. does warn you that these folks offer more style than substance , but in this unattractive room with unhelpful clerks there was a dearth of the former too .",['room'],['General'],['negative'],['room'],[False],1,False,False
semeval16_train_00806,semeval16,train,"calling the place hampton chutney co. does warn you that these folks offer more style than substance , but in this unattractive room with unhelpful clerks there was a dearth of the former too .",['clerks'],['General'],['negative'],['clerks'],[False],1,False,False
semeval16_train_00807,semeval16,train,"seriously , this place kicks ass .",['place'],['General'],['positive'],['place'],[False],1,False,False
semeval16_train_00808,semeval16,train,"the atmosphere is unheralded , the service impecible , and the food magnificant .",['atmosphere'],['General'],['positive'],['atmosphere'],[False],1,False,False
semeval16_train_00809,semeval16,train,"the atmosphere is unheralded , the service impecible , and the food magnificant .",['service'],['Service'],['positive'],['service'],[False],1,False,False
semeval16_train_00810,semeval16,train,"the atmosphere is unheralded , the service impecible , and the food magnificant .",['food'],['Food'],['positive'],['food'],[False],1,False,False
semeval16_train_00811,semeval16,train,"best italian food i ever had ( and being italian , that means alot ) .",['italian food'],['General'],['positive'],['italian food'],[False],1,False,False
semeval16_train_00812,semeval16,train,"this is such a lovely , peaceful place to eat outside .",['place'],['General'],['positive'],['place'],[False],1,False,False
semeval16_train_00813,semeval16,train,the restaurant looks out over beautiful green lawns to the hudson river and the statue of liberty .,['restaurant'],['General'],['positive'],['restaurant'],[False],1,False,False
semeval16_train_00814,semeval16,train,"the food is good , especially their more basic dishes , and the drinks are delicious .",['food'],['Food'],['positive'],['food'],[False],1,False,False
semeval16_train_00815,semeval16,train,"the food is good , especially their more basic dishes , and the drinks are delicious .",['basic dishes'],['General'],['positive'],['basic dishes'],[False],1,False,False
semeval16_train_00816,semeval16,train,"the food is good , especially their more basic dishes , and the drinks are delicious .",['drinks'],['Food'],['positive'],['drinks'],[False],1,False,False
semeval16_train_00817,semeval16,train,"this is a great place to take out - of - towners , and perfect for watching the sunset .",['place'],['General'],['positive'],['place'],[False],1,False,False
semeval16_train_00818,semeval16,train,great sushi experience .,['sushi'],['General'],['positive'],['sushi'],[False],1,False,False
semeval16_train_00819,semeval16,train,unique apppetizers .,['apppetizers'],['General'],['positive'],['apppetizers'],[False],1,False,False
semeval16_train_00820,semeval16,train,try sushimi cucumber roll .,['sushimi cucumber roll'],['General'],['positive'],['sushimi cucumber roll'],[False],1,False,False
semeval16_train_00821,semeval16,train,"good spreads , great beverage selections and bagels really tasty .",['spreads'],['General'],['positive'],['spreads'],[False],1,False,False
semeval16_train_00822,semeval16,train,"good spreads , great beverage selections and bagels really tasty .",['beverage selections'],['General'],['positive'],['beverage selections'],[False],1,False,False
semeval16_train_00823,semeval16,train,"good spreads , great beverage selections and bagels really tasty .",['bagels'],['General'],['positive'],['bagels'],[False],1,False,False
semeval16_train_00824,semeval16,train,but who says murray 's is anything about service .,['service'],['Service'],['negative'],['service'],[False],1,False,False
semeval16_train_00825,semeval16,train,the service is awful .,['service'],['Service'],['negative'],['service'],[False],1,False,False
semeval16_train_00826,semeval16,train,this place is not worth the prices .,['place'],['General'],['negative'],['place'],[False],1,False,False
semeval16_train_00827,semeval16,train,love pizza 33 ..,['pizza 33'],['General'],['positive'],['pizza 33'],[False],1,False,False
semeval16_train_00828,semeval16,train,i will be out with friends and all of a sudden i am hungry and i only crave one thing ... their pizza .,['pizza'],['General'],['positive'],['pizza'],[False],1,False,False
semeval16_train_00829,semeval16,train,this tiny williamsburg spot is always pleasantly surprising .,['williamsburg spot'],['General'],['positive'],['williamsburg spot'],[False],1,False,False
semeval16_train_00830,semeval16,train,the pizza is delicious and the proprietor is one of the nicest in nyc .,['pizza'],['General'],['positive'],['pizza'],[False],1,False,False
semeval16_train_00831,semeval16,train,the pizza is delicious and the proprietor is one of the nicest in nyc .,['proprietor'],['General'],['positive'],['proprietor'],[False],1,False,False
semeval16_train_00832,semeval16,train,the cream cheeses are out of this world and i love that coffee ! !,['cream cheeses'],['General'],['positive'],['cream cheeses'],[False],1,False,False
semeval16_train_00833,semeval16,train,the cream cheeses are out of this world and i love that coffee ! !,['coffee'],['General'],['positive'],['coffee'],[False],1,False,False
semeval16_train_00834,semeval16,train,"bagels are ok , but be sure not to make any special requests !",['bagels'],['General'],['neutral'],['bagels'],[False],1,False,False
semeval16_train_00835,semeval16,train,i asked for an open faced cheese sandwich and the manager basically told me to take my business elsewhere !,['manager'],['General'],['negative'],['manager'],[False],1,False,False
semeval16_train_00836,semeval16,train,be sure not to get anything other than bagels ! ..,['bagels'],['General'],['positive'],['bagels'],[False],1,False,False
semeval16_train_00837,semeval16,train,the turkey burgers are scary !,['turkey burgers'],['General'],['negative'],['turkey burgers'],[False],1,False,False
semeval16_train_00838,semeval16,train,the worst excuse for japanese food i 've ever encountered .,['japanese food'],['General'],['negative'],['japanese food'],[False],1,False,False
semeval16_train_00839,semeval16,train,the soup for the udon was soy sauce and water .,['soup for the udon'],['General'],['negative'],['soup for the udon'],[False],1,False,False
semeval16_train_00840,semeval16,train,the sushi was awful !,['sushi'],['General'],['negative'],['sushi'],[False],1,False,False
semeval16_train_00841,semeval16,train,the rice was poor quality and was cooked so badly it was hard .,['rice'],['General'],['negative'],['rice'],[False],1,False,False
semeval16_train_00842,semeval16,train,"furthermore , the rice had no seasoning , so the sushi was bland and disgusting .",['rice'],['General'],['negative'],['rice'],[False],1,False,False
semeval16_train_00843,semeval16,train,"furthermore , the rice had no seasoning , so the sushi was bland and disgusting .",['sushi'],['General'],['negative'],['sushi'],[False],1,False,False
semeval16_train_00844,semeval16,train,"the fish was adequate , but inexpertly sliced .",['fish'],['General'],['negative'],['fish'],[False],1,False,False
semeval16_train_00845,semeval16,train,it is obvious that no one in the restaurant has any idea about or experience with japanese cuisine .,['japanese cuisine'],['General'],['negative'],['japanese cuisine'],[False],1,False,False
semeval16_train_00846,semeval16,train,"good , fast service .",['service'],['Service'],['positive'],['service'],[False],1,False,False
semeval16_train_00847,semeval16,train,food is great and inexpensive .,['food'],['Food'],['positive'],['food'],[False],1,False,False
semeval16_train_00848,semeval16,train,the location is perfect .,['location'],['General'],['positive'],['location'],[False],1,False,False
semeval16_train_00849,semeval16,train,"well , this place is so ghetto its not even funny .",['place'],['General'],['negative'],['place'],[False],1,False,False
semeval16_train_00850,semeval16,train,if you like your music blasted and the system is nt that great and if you want to pay at least 100 dollar bottle minimun then you 'll love it here .,['bottle minimun'],['General'],['negative'],['bottle minimun'],[False],1,False,False
semeval16_train_00851,semeval16,train,if you like your music blasted and the system is nt that great and if you want to pay at least 100 dollar bottle minimun then you 'll love it here .,['music'],['General'],['negative'],['music'],[False],1,False,False
semeval16_train_00852,semeval16,train,awsome pizza especially the margheritta slice .,['pizza'],['General'],['positive'],['pizza'],[False],1,False,False
semeval16_train_00853,semeval16,train,awsome pizza especially the margheritta slice .,['margheritta slice'],['General'],['positive'],['margheritta slice'],[False],1,False,False
semeval16_train_00854,semeval16,train,great atmoshere and worth every bit .,['atmoshere'],['General'],['positive'],['atmoshere'],[False],1,False,False
semeval16_train_00855,semeval16,train,winnie and her staff are the best crew you can find serving you .,['staff'],['Service'],['positive'],['staff'],[False],1,False,False
semeval16_train_00856,semeval16,train,winnie and her staff are the best crew you can find serving you .,['winnie'],['General'],['positive'],['winnie'],[False],1,False,False
semeval16_train_00857,semeval16,train,the food is reliable and the price is moderate .,['food'],['Food'],['positive'],['food'],[False],1,False,False
semeval16_train_00858,semeval16,train,"for authentic thai food , look no further than toons .",['thai food'],['General'],['positive'],['thai food'],[False],1,False,False
semeval16_train_00859,semeval16,train,"try the pad thai , or sample anything on the appetizer menu ... they're all delicious .",['pad thai'],['General'],['positive'],['pad thai'],[False],1,False,False
semeval16_train_00860,semeval16,train,"try the pad thai , or sample anything on the appetizer menu ... they 're all delicious .",['appetizer menu'],['General'],['positive'],['appetizer menu'],[False],1,False,False
semeval16_train_00861,semeval16,train,everything about this restaurant was special .,['restaurant'],['General'],['positive'],['restaurant'],[False],1,False,False
semeval16_train_00862,semeval16,train,"the service was attentive , yet discreet .",['service'],['Service'],['positive'],['service'],[False],1,False,False
semeval16_train_00863,semeval16,train,the brioche and lollies as party favors is a cute and sweet touch to a most memorable meal .,['brioche and lollies'],['General'],['positive'],['brioche and lollies'],[False],1,False,False
semeval16_train_00864,semeval16,train,the place was quiet and delightful .,['place'],['General'],['positive'],['place'],[False],1,False,False
semeval16_train_00865,semeval16,train,service was good and food is wonderful .,['service'],['Service'],['positive'],['service'],[False],1,False,False
semeval16_train_00866,semeval16,train,service was good and food is wonderful .,['food'],['Food'],['positive'],['food'],[False],1,False,False
semeval16_train_00867,semeval16,train,i did not try the caviar but i tried their salmon and crab salad ( they are all good ),['salmon'],['General'],['positive'],['salmon'],[False],1,False,False
semeval16_train_00868,semeval16,train,i did not try the caviar but i tried their salmon and crab salad ( they are all good ),['crab salad'],['General'],['positive'],['crab salad'],[False],1,False,False
semeval16_train_00869,semeval16,train,it is definitely a good spot for snacks and chat .,['spot'],['General'],['positive'],['spot'],[False],1,False,False
semeval16_train_00870,semeval16,train,"as a retired hipster , i can say with some degree of certainty that for the last year lucky strike has been the best laid - back late night in the city .",['lucky strike'],['General'],['positive'],['lucky strike'],[False],1,False,False
semeval16_train_00871,semeval16,train,"the wait staff is pleasant , fun , and for the most part gorgeous ( in the wonderful aesthetic beautification way , not in that she's - way - cuter - than - me - that - b@#$ * way ) .",['wait staff'],['General'],['positive'],['wait staff'],[False],1,False,False
semeval16_train_00872,semeval16,train,"the food is yummy , especially their cooked - to - perfection mussels in spicy tomato sauce and their shoestring crispy fries .",['food'],['Food'],['positive'],['food'],[False],1,False,False
semeval16_train_00873,semeval16,train,"the food is yummy , especially their cooked - to - perfection mussels in spicy tomato sauce and their shoestring crispy fries .",['mussels in spicy tomato sauce'],['General'],['positive'],['mussels in spicy tomato sauce'],[False],1,False,False
semeval16_train_00874,semeval16,train,"the food is yummy , especially their cooked - to - perfection mussels in spicy tomato sauce and their shoestring crispy fries .",['fries'],['General'],['positive'],['fries'],[False],1,False,False
semeval16_train_00875,semeval16,train,"but the best part about ls is the late night atmosphere , delightfully free of the bts .",['late night atmosphere'],['General'],['positive'],['late night atmosphere'],[False],1,False,False
semeval16_train_00876,semeval16,train,"you can get a completely delish martini in a glass ( that 's about 2 1/2 drinks ) for $ 8.50 ( i recommend the vanilla shanty , mmmm ! ) in a great homey setting with great music .",['martini'],['General'],['positive'],['martini'],[False],1,False,False
semeval16_train_00877,semeval16,train,"you can get a completely delish martini in a glass ( that 's about 2 1/2 drinks ) for $ 8.50 ( i recommend the vanilla shanty , mmmm ! ) in a great homey setting with great music .",['vanilla shanty'],['General'],['positive'],['vanilla shanty'],[False],1,False,False
semeval16_train_00878,semeval16,train,"you can get a completely delish martini in a glass ( that 's about 2 1/2 drinks ) for $ 8.50 ( i recommend the vanilla shanty , mmmm ! ) in a great homey setting with great music .",['setting'],['General'],['positive'],['setting'],[False],1,False,False
semeval16_train_00879,semeval16,train,"you can get a completely delish martini in a glass ( that 's about 2 1/2 drinks ) for $ 8.50 ( i recommend the vanilla shanty , mmmm ! ) in a great homey setting with great music .",['music'],['General'],['positive'],['music'],[False],1,False,False
semeval16_train_00880,semeval16,train,"the in - house lady dj on saturday nights has outrageously good taste in music , and moreover , takes requests .",['in - house lady dj'],['General'],['positive'],['in - house lady dj'],[False],1,False,False
semeval16_train_00881,semeval16,train,you ca n't go wrong with this place .,['place'],['General'],['positive'],['place'],[False],1,False,False
semeval16_train_00882,semeval16,train,suan is a great place that i often take my friends ( classmates ) too .,['suan'],['General'],['positive'],['suan'],[False],1,False,False
semeval16_train_00883,semeval16,train,"its location is good and the fact that hutner college is near and their prices are very reasonable , makes students go back to suan again and again .",['location'],['General'],['positive'],['location'],[False],1,False,False
semeval16_train_00884,semeval16,train,"its location is good and the fact that hutner college is near and their prices are very reasonable , makes students go back to suan again and again .",['suan'],['General'],['positive'],['suan'],[False],1,False,False
semeval16_train_00885,semeval16,train,i love their thai,['thai'],['General'],['positive'],['thai'],[False],1,False,False
semeval16_train_00886,semeval16,train,noodles with shrimp and chicken and coconut juice is the must !,['noodles with shrimp and chicken and coconut juice'],['General'],['positive'],['noodles with shrimp and chicken and coconut juice'],[False],1,False,False
semeval16_train_00887,semeval16,train,i will go back to suan soon !,['suan'],['General'],['positive'],['suan'],[False],1,False,False
semeval16_train_00888,semeval16,train,in summer - eat outside on a terrace ( another great feature of suan ) ! ! !,['terrace'],['General'],['positive'],['terrace'],[False],1,False,False
semeval16_train_00889,semeval16,train,i can not imagine a friendlier staff working in a restaurant .,['staff'],['Service'],['positive'],['staff'],[False],1,False,False
semeval16_train_00890,semeval16,train,i can not imagine better indian food in all of the city .,['indian food'],['General'],['positive'],['indian food'],[False],1,False,False
semeval16_train_00891,semeval16,train,"during the course of the past 3 months , the chef and staff changed and it was not for the better .",['chef'],['General'],['negative'],['chef'],[False],1,False,False
semeval16_train_00892,semeval16,train,"during the course of the past 3 months , the chef and staff changed and it was not for the better .",['staff'],['Service'],['negative'],['staff'],[False],1,False,False
semeval16_train_00893,semeval16,train,the food now is inconsistent .,['food'],['Food'],['negative'],['food'],[False],1,False,False
semeval16_train_00894,semeval16,train,this is the kind of place you 'd like to take all your friends to and still keep a secret .,['place'],['General'],['positive'],['place'],[False],1,False,False
semeval16_train_00895,semeval16,train,the setting is casual and romantic .,['setting'],['General'],['positive'],['setting'],[False],1,False,False
semeval16_train_00896,semeval16,train,the food is excellent !,['food'],['Food'],['positive'],['food'],[False],1,False,False
semeval16_train_00897,semeval16,train,"if you 're daring , try the balsamic vinegar over icecream , it 's wonderful !",['balsamic vinegar over icecream'],['General'],['positive'],['balsamic vinegar over icecream'],[False],1,False,False
semeval16_train_00898,semeval16,train,"do not get the go go hamburgers , no matter what the reviews say .",['go go hamburgers'],['General'],['negative'],['go go hamburgers'],[False],1,False,False
semeval16_train_00899,semeval16,train,"the rest of the dim sum , though pricey by chinatown standards , is worth it .",['dim sum'],['General'],['negative'],['dim sum'],[False],1,False,False
semeval16_train_00900,semeval16,train,"the wait here is long for dim sum , but if you do n't like sharing tables or if the typical raucous dim sum atmosphere is not your gig , this is a sleek ( for chinatown ) alternative .",['wait'],['General'],['negative'],['wait'],[False],1,False,False
semeval16_train_00901,semeval16,train,"the wait here is long for dim sum , but if you do n't like sharing tables or if the typical raucous dim sum atmosphere is not your gig , this is a sleek ( for chinatown ) alternative .",['atmosphere'],['General'],['negative'],['atmosphere'],[False],1,False,False
semeval16_train_00902,semeval16,train,"a few tips : skip the turnip cake , roast pork buns and egg custards .",['turnip cake'],['General'],['negative'],['turnip cake'],[False],1,False,False
semeval16_train_00903,semeval16,train,"a few tips : skip the turnip cake , roast pork buns and egg custards .",['roast pork buns'],['General'],['negative'],['roast pork buns'],[False],1,False,False
semeval16_train_00904,semeval16,train,"a few tips : skip the turnip cake , roast pork buns and egg custards .",['egg custards'],['General'],['negative'],['egg custards'],[False],1,False,False
semeval16_train_00905,semeval16,train,the food was exceptional .,['food'],['Food'],['positive'],['food'],[False],1,False,False
semeval16_train_00906,semeval16,train,"i choose to go with one of the special , the braised lamb shank in red wine , which was excellent .",['braised lamb shank in red wine'],['General'],['positive'],['braised lamb shank in red wine'],[False],1,False,False
semeval16_train_00907,semeval16,train,the service was friendly and the atmosphere was casual .,['service'],['Service'],['positive'],['service'],[False],1,False,False
semeval16_train_00908,semeval16,train,the service was friendly and the atmosphere was casual .,['atmosphere'],['General'],['neutral'],['atmosphere'],[False],1,False,False
semeval16_train_00909,semeval16,train,the restaurant is a bit noisy but that is something that can be overlooked once you sit down and enjoy a great meal,['meal'],['General'],['positive'],['meal'],[False],1,False,False
semeval16_train_00910,semeval16,train,the restaurant is a bit noisy but that is something that can be overlooked once you sit down and enjoy a great meal,['restaurant'],['General'],['neutral'],['restaurant'],[False],1,False,False
semeval16_train_00911,semeval16,train,this little place has a cute interior decor and affordable city prices .,['interior decor'],['General'],['positive'],['interior decor'],[False],1,False,False
semeval16_train_00912,semeval16,train,this little place has a cute interior decor and affordable city prices .,['place'],['General'],['positive'],['place'],[False],1,False,False
semeval16_train_00913,semeval16,train,"the pad se ew chicken was delicious , however the pad thai was far too oily .",['pad se ew chicken'],['General'],['positive'],['pad se ew chicken'],[False],1,False,False
semeval16_train_00914,semeval16,train,"the pad se ew chicken was delicious , however the pad thai was far too oily .",['pad thai'],['General'],['negative'],['pad thai'],[False],1,False,False
semeval16_train_00915,semeval16,train,"have eaten at ginger house several times , and it 's always good .",['ginger house'],['General'],['positive'],['ginger house'],[False],1,False,False
semeval16_train_00916,semeval16,train,the fried dumplings are great !,['fried dumplings'],['General'],['positive'],['fried dumplings'],[False],1,False,False
semeval16_train_00917,semeval16,train,finally a reliable chinese restaurant !,['chinese restaurant'],['General'],['positive'],['chinese restaurant'],[False],1,False,False
semeval16_train_00918,semeval16,train,this place would be so much better served by being run by a group that actually understands customer service .,['customer service'],['General'],['negative'],['customer service'],[False],1,False,False
semeval16_train_00919,semeval16,train,"terrible , terrible management - deserves to be shut - down .",['management'],['General'],['negative'],['management'],[False],1,False,False
semeval16_train_00920,semeval16,train,"delicious bagels , especially when right out of the oven .",['bagels'],['General'],['positive'],['bagels'],[False],1,False,False
semeval16_train_00921,semeval16,train,spreads and toppings are great - though a bit pricey .,['spreads'],['General'],['positive'],['spreads'],[False],1,False,False
semeval16_train_00922,semeval16,train,spreads and toppings are great - though a bit pricey .,['toppings'],['General'],['positive'],['toppings'],[False],1,False,False
semeval16_train_00923,semeval16,train,spreads and toppings are great - though a bit pricey .,['spreads'],['General'],['negative'],['spreads'],[False],1,False,False
semeval16_train_00924,semeval16,train,spreads and toppings are great - though a bit pricey .,['toppings'],['General'],['negative'],['toppings'],[False],1,False,False
semeval16_train_00925,semeval16,train,service is fast and friendly .,['service'],['Service'],['positive'],['service'],[False],1,False,False
semeval16_train_00926,semeval16,train,"the food is decent at best , and the ambience , well , it 's a matter of opinion , some may consider it to be a sweet thing , i thought it was just annoying .",['food'],['Food'],['negative'],['food'],[False],1,False,False
semeval16_train_00927,semeval16,train,"the food is decent at best , and the ambience , well , it 's a matter of opinion , some may consider it to be a sweet thing , i thought it was just annoying .",['ambience'],['Ambience'],['negative'],['ambience'],[False],1,False,False
semeval16_train_00928,semeval16,train,"rao is a good restaurant , but it 's nothing special .",['rao'],['General'],['neutral'],['rao'],[False],1,False,False
semeval16_train_00929,semeval16,train,"but after last night , spice grill is the only place i 'm eating indian cuisine .",['indian cuisine'],['General'],['positive'],['indian cuisine'],[False],1,False,False
semeval16_train_00930,semeval16,train,you must try the shrimp appetizers .,['shrimp appetizers'],['General'],['positive'],['shrimp appetizers'],[False],1,False,False
semeval16_train_00931,semeval16,train,this place has the the correct ambience and an excellent staff to make you feel like a guest and a friend at the same time .,['ambience'],['Ambience'],['positive'],['ambience'],[False],1,False,False
semeval16_train_00932,semeval16,train,this place has the the correct ambience and an excellent staff to make you feel like a guest and a friend at the same time .,['staff'],['Service'],['positive'],['staff'],[False],1,False,False
semeval16_train_00933,semeval16,train,"great food , great prices , great service .",['food'],['Food'],['positive'],['food'],[False],1,False,False
semeval16_train_00934,semeval16,train,"great food , great prices , great service .",['service'],['Service'],['positive'],['service'],[False],1,False,False
semeval16_train_00935,semeval16,train,"if you are looking for a good quality , cheap eats - this is the place .",['eats'],['General'],['positive'],['eats'],[False],1,False,False
semeval16_train_00936,semeval16,train,it 's a perfect place to have a amanzing indian food .,['indian food'],['General'],['positive'],['indian food'],[False],1,False,False
semeval16_train_00937,semeval16,train,i really loved the different and inovated touch that 's the cheff gives to the food .,['cheff'],['General'],['positive'],['cheff'],[False],1,False,False
semeval16_train_00938,semeval16,train,"also it 's great to have dinner in a very romantic and confortable place , the service it 's just perfect ... they're so frendly that we never want to live the place !",['place'],['General'],['positive'],['place'],[False],1,False,False
semeval16_train_00939,semeval16,train,"also it 's great to have dinner in a very romantic and confortable place , the service it 's just perfect ... they're so frendly that we never want to live the place !",['service'],['Service'],['positive'],['service'],[False],1,False,False
semeval16_train_00940,semeval16,train,"their bagels are fine , but they are a little overcooked , and not really a ' special ' bagel experience .",['bagels'],['General'],['negative'],['bagels'],[False],1,False,False
semeval16_train_00941,semeval16,train,great bagels made the old - fashioned way .,['bagels'],['General'],['positive'],['bagels'],[False],1,False,False
semeval16_train_00942,semeval16,train,drawbacks : service is slow and they do n't toast !,['service'],['Service'],['negative'],['service'],[False],1,False,False
semeval16_train_00943,semeval16,train,the food was absolutely amazing ! !,['food'],['Food'],['positive'],['food'],[False],1,False,False
semeval16_train_00944,semeval16,train,the baked clams octopus we shared as appetizers were the best we 've ever had ! !,['baked clams octopus'],['General'],['positive'],['baked clams octopus'],[False],1,False,False
semeval16_train_00945,semeval16,train,"the lamb was tender so full of flavor , the dessert was divine ! !",['lamb'],['General'],['positive'],['lamb'],[False],1,False,False
semeval16_train_00946,semeval16,train,"the lamb was tender so full of flavor , the dessert was divine ! !",['dessert'],['General'],['positive'],['dessert'],[False],1,False,False
semeval16_train_00947,semeval16,train,the waiter was attentive .,['waiter'],['General'],['positive'],['waiter'],[False],1,False,False
semeval16_train_00948,semeval16,train,the place itself is beautiful the bar scene seems to be happening .,['place'],['General'],['positive'],['place'],[False],1,False,False
semeval16_train_00949,semeval16,train,the place itself is beautiful the bar scene seems to be happening .,['bar scene'],['General'],['positive'],['bar scene'],[False],1,False,False
semeval16_train_00950,semeval16,train,"downtown dinner 2002 - prixe fix : appetizers were ok , waiter gave me poor suggestion .. try the potato stuff kanish best one .",['appetizers'],['General'],['neutral'],['appetizers'],[False],1,False,False
semeval16_train_00951,semeval16,train,"downtown dinner 2002 - prixe fix : appetizers were ok , waiter gave me poor suggestion .. try the potato stuff kanish best one .",['waiter'],['General'],['negative'],['waiter'],[False],1,False,False
semeval16_train_00952,semeval16,train,"downtown dinner 2002 - prixe fix : appetizers were ok , waiter gave me poor suggestion .. try the potato stuff kanish best one .",['potato stuff kanish'],['General'],['positive'],['potato stuff kanish'],[False],1,False,False
semeval16_train_00953,semeval16,train,"small servings for main entree , i had salmon ( was nt impressed ) girlfriend had chicken , it was good .",['salmon'],['General'],['negative'],['salmon'],[False],1,False,False
semeval16_train_00954,semeval16,train,"small servings for main entree , i had salmon ( was nt impressed ) girlfriend had chicken , it was good .",['chicken'],['General'],['positive'],['chicken'],[False],1,False,False
semeval16_train_00955,semeval16,train,"small servings for main entree , i had salmon ( was nt impressed ) girlfriend had chicken , it was good .",['servings for main entree'],['General'],['negative'],['servings for main entree'],[False],1,False,False
semeval16_train_00956,semeval16,train,dessert is a joke ... dont bother,['dessert'],['General'],['negative'],['dessert'],[False],1,False,False
semeval16_train_00957,semeval16,train,"volare virgins or weekly regulars , everyone gets treated the same and you ca n't ask for more than that when the service is this friendly .",['service'],['Service'],['positive'],['service'],[False],1,False,False
semeval16_train_00958,semeval16,train,"the restaurant has a family feel , not least with regard to the portions which are enormous ; the veal alone could have single - handedly solved third world famine .",['feel'],['General'],['positive'],['feel'],[False],1,False,False
semeval16_train_00959,semeval16,train,"the restaurant has a family feel , not least with regard to the portions which are enormous ; the veal alone could have single - handedly solved third world famine .",['portions'],['General'],['positive'],['portions'],[False],1,False,False
semeval16_train_00960,semeval16,train,"the restaurant has a family feel , not least with regard to the portions which are enormous ; the veal alone could have single - handedly solved third world famine .",['veal'],['General'],['positive'],['veal'],[False],1,False,False
semeval16_train_00961,semeval16,train,"the anti - pasta was excellent , especially the calamari , as were the filling pasta mains .",['anti - pasta'],['General'],['positive'],['anti - pasta'],[False],1,False,False
semeval16_train_00962,semeval16,train,"the anti - pasta was excellent , especially the calamari , as were the filling pasta mains .",['calamari'],['General'],['positive'],['calamari'],[False],1,False,False
semeval16_train_00963,semeval16,train,"the anti - pasta was excellent , especially the calamari , as were the filling pasta mains .",['pasta mains'],['General'],['positive'],['pasta mains'],[False],1,False,False
semeval16_train_00964,semeval16,train,the wine list is extensive and can easily hike up an otherwise reasonably priced meal .,['wine list'],['General'],['positive'],['wine list'],[False],1,False,False
semeval16_train_00965,semeval16,train,the wine list is extensive and can easily hike up an otherwise reasonably priced meal .,['meal'],['General'],['positive'],['meal'],[False],1,False,False
semeval16_train_00966,semeval16,train,"still , any quibbles about the bill were off - set by the pour - your - own measures of liquers which were courtesey of the house ...",['measures of liquers'],['General'],['positive'],['measures of liquers'],[False],1,False,False
semeval16_train_00967,semeval16,train,fantastic place .,['place'],['General'],['positive'],['place'],[False],1,False,False
semeval16_train_00968,semeval16,train,lucky strike is a great casual place to just grab a bite to eat .,['lucky strike'],['General'],['positive'],['lucky strike'],[False],1,False,False
semeval16_train_00969,semeval16,train,"great food , great decor , great service .",['food'],['Food'],['positive'],['food'],[False],1,False,False
semeval16_train_00970,semeval16,train,"great food , great decor , great service .",['decor'],['General'],['positive'],['decor'],[False],1,False,False
semeval16_train_00971,semeval16,train,"great food , great decor , great service .",['service'],['Service'],['positive'],['service'],[False],1,False,False
semeval16_train_00972,semeval16,train,"this is the perfect spot for meeting friends , having lunch , dinner , pre - theatre or after - theatre drinks !",['spot'],['General'],['positive'],['spot'],[False],1,False,False
semeval16_train_00973,semeval16,train,( always ask the bartender for the seasonal beer ! ! !,['seasonal beer'],['General'],['positive'],['seasonal beer'],[False],1,False,False
semeval16_train_00974,semeval16,train,excellent spot for holiday get togethers with co - workers or friends that you have n't seen in a while .,['spot'],['General'],['positive'],['spot'],[False],1,False,False
semeval16_train_00975,semeval16,train,i have been doing all of the above at the heartland brewery for over 5 years now and i have never been disappointed !,['heartland brewery'],['General'],['positive'],['heartland brewery'],[False],1,False,False
semeval16_train_00976,semeval16,train,what a great place !,['place'],['General'],['positive'],['place'],[False],1,False,False
semeval16_train_00977,semeval16,train,not the typical nyc gimmick theme restaurant .,['restaurant'],['General'],['positive'],['restaurant'],[False],1,False,False
semeval16_train_00978,semeval16,train,"a cool bar with great food , and tons of excellent beer .",['bar'],['General'],['positive'],['bar'],[False],1,False,False
semeval16_train_00979,semeval16,train,"a cool bar with great food , and tons of excellent beer .",['food'],['Food'],['positive'],['food'],[False],1,False,False
semeval16_train_00980,semeval16,train,"a cool bar with great food , and tons of excellent beer .",['beer'],['General'],['positive'],['beer'],[False],1,False,False
semeval16_train_00981,semeval16,train,the shrimp scampi was excellent and the antipasti were plentiful .,['shrimp scampi'],['General'],['positive'],['shrimp scampi'],[False],1,False,False
semeval16_train_00982,semeval16,train,the shrimp scampi was excellent and the antipasti were plentiful .,['antipasti'],['General'],['positive'],['antipasti'],[False],1,False,False
semeval16_train_00983,semeval16,train,"if you venture off the island of manhattan and ca n't seem to find a great italian restaurant , drive to corona .",['corona'],['General'],['positive'],['corona'],[False],1,False,False
semeval16_train_00984,semeval16,train,the only thing more wonderful than the food ( which is exceptional ) is the service .,['food'],['Food'],['positive'],['food'],[False],1,False,False
semeval16_train_00985,semeval16,train,the only thing more wonderful than the food ( which is exceptional ) is the service .,['service'],['Service'],['positive'],['service'],[False],1,False,False
semeval16_train_00986,semeval16,train,the only thing the waiters do n't do for you is wipe your chin when you leave .,['waiters'],['General'],['positive'],['waiters'],[False],1,False,False
semeval16_train_00987,semeval16,train,cozy romantic atomosphere with only around 15 tables at most .,['atomosphere'],['General'],['positive'],['atomosphere'],[False],1,False,False
semeval16_train_00988,semeval16,train,service was very prompt but slightly rushed .,['service'],['Service'],['positive'],['service'],[False],1,False,False
semeval16_train_00989,semeval16,train,"food was very good , but not what i would consider out of this world .",['food'],['Food'],['neutral'],['food'],[False],1,False,False
semeval16_train_00990,semeval16,train,too bad the food was n't of the same heritage .,['food'],['Food'],['negative'],['food'],[False],1,False,False
semeval16_train_00991,semeval16,train,"the porcini mushroom pasta special was tasteless , so was the seafood tagliatelle .",['porcini mushroom pasta special'],['General'],['negative'],['porcini mushroom pasta special'],[False],1,False,False
semeval16_train_00992,semeval16,train,"the porcini mushroom pasta special was tasteless , so was the seafood tagliatelle .",['seafood tagliatelle'],['General'],['negative'],['seafood tagliatelle'],[False],1,False,False
semeval16_train_00993,semeval16,train,but that was n't the icing on the cake : a tiramisu that resembled nothing i have ever had .,['tiramisu'],['General'],['negative'],['tiramisu'],[False],1,False,False
semeval16_train_00994,semeval16,train,i really liked this place .,['place'],['General'],['positive'],['place'],[False],1,False,False
semeval16_train_00995,semeval16,train,this place has the best chinese style bbq ribs in the city .,['bbq ribs'],['General'],['positive'],['bbq ribs'],[False],1,False,False
semeval16_train_00996,semeval16,train,i also recommend the rice dishes or the different varieties of congee ( rice porridge ) .,['rice dishes'],['General'],['positive'],['rice dishes'],[False],1,False,False
semeval16_train_00997,semeval16,train,i also recommend the rice dishes or the different varieties of congee ( rice porridge ) .,['congee ( rice porridge )'],['General'],['positive'],['congee ( rice porridge )'],[False],1,False,False
semeval16_train_00998,semeval16,train,it 's definately not a place to go if you want to impress someone .,['place'],['General'],['negative'],['place'],[False],1,False,False
semeval16_train_00999,semeval16,train,"however , if you want great food at a great price and do n't mind the decor , you ca n't beat this place .",['food'],['Food'],['positive'],['food'],[False],1,False,False
semeval16_train_01000,semeval16,train,"however , if you want great food at a great price and do n't mind the decor , you ca n't beat this place .",['decor'],['General'],['neutral'],['decor'],[False],1,False,False
semeval16_train_01001,semeval16,train,"however , if you want great food at a great price and do n't mind the decor , you ca n't beat this place .",['food'],['Food'],['positive'],['food'],[False],1,False,False
semeval16_train_01002,semeval16,train,quick and friendly service .,['service'],['Service'],['positive'],['service'],[False],1,False,False
semeval16_train_01003,semeval16,train,"when you 're sitting in their main dining room ( which has a spectacular , hand - painted high ceiling ) you 'd never know there was a world outside .",['main dining room'],['General'],['positive'],['main dining room'],[False],1,False,False
semeval16_train_01004,semeval16,train,"when you 're sitting in their main dining room ( which has a spectacular , hand - painted high ceiling ) you 'd never know there was a world outside .",['ceiling'],['General'],['positive'],['ceiling'],[False],1,False,False
semeval16_train_01005,semeval16,train,"the food is wonderful , tasty and filling , and the service is professional and friendly .",['food'],['Food'],['positive'],['food'],[False],1,False,False
semeval16_train_01006,semeval16,train,"the food is wonderful , tasty and filling , and the service is professional and friendly .",['service'],['Service'],['positive'],['service'],[False],1,False,False
semeval16_train_01007,semeval16,train,"i ca n't wait for summer , when they serve outside on their gigantic patio .",['patio'],['General'],['positive'],['patio'],[False],1,False,False
semeval16_train_01008,semeval16,train,i recently tried suan and i thought that it was great .,['suan'],['General'],['positive'],['suan'],[False],1,False,False
semeval16_train_01009,semeval16,train,this little place definitely exceeded my expectations and you sure get a lot of food for your money .,['food'],['Food'],['positive'],['food'],[False],1,False,False
semeval16_train_01010,semeval16,train,this little place definitely exceeded my expectations and you sure get a lot of food for your money .,['place'],['General'],['positive'],['place'],[False],1,False,False
semeval16_train_01011,semeval16,train,this little place definitely exceeded my expectations and you sure get a lot of food for your money .,['food'],['Food'],['positive'],['food'],[False],1,False,False
semeval16_train_01012,semeval16,train,the service was fast and friendly and the food was very tasty and they had the best hot sauce to add to your meals .,['service'],['Service'],['positive'],['service'],[False],1,False,False
semeval16_train_01013,semeval16,train,the service was fast and friendly and the food was very tasty and they had the best hot sauce to add to your meals .,['food'],['Food'],['positive'],['food'],[False],1,False,False
semeval16_train_01014,semeval16,train,the service was fast and friendly and the food was very tasty and they had the best hot sauce to add to your meals .,['hot sauce'],['General'],['positive'],['hot sauce'],[False],1,False,False
semeval16_train_01015,semeval16,train,good food .,['food'],['Food'],['positive'],['food'],[False],1,False,False
semeval16_train_01016,semeval16,train,good drink .,['drink'],['General'],['positive'],['drink'],[False],1,False,False
semeval16_train_01017,semeval16,train,i have never had cheescake like this .,['cheescake'],['General'],['positive'],['cheescake'],[False],1,False,False
semeval16_train_01018,semeval16,train,"great spot , whether looking for a couple of drinks or quiet dinner .",['spot'],['General'],['positive'],['spot'],[False],1,False,False
semeval16_train_01019,semeval16,train,warm and friendly in the winter and terrific outdoor seating in the warmer months .,['outdoor seating'],['General'],['positive'],['outdoor seating'],[False],1,False,False
semeval16_train_01020,semeval16,train,the food is great and they have a good selecion of wines at reasonable prices .,['food'],['Food'],['positive'],['food'],[False],1,False,False
semeval16_train_01021,semeval16,train,the food is great and they have a good selecion of wines at reasonable prices .,['selecion of wines'],['General'],['positive'],['selecion of wines'],[False],1,False,False
semeval16_train_01022,semeval16,train,"while the ambiance and atmosphere were great , the food and service could have been a lot better .",['ambiance'],['General'],['positive'],['ambiance'],[False],1,False,False
semeval16_train_01023,semeval16,train,"while the ambiance and atmosphere were great , the food and service could have been a lot better .",['atmosphere'],['General'],['positive'],['atmosphere'],[False],1,False,False
semeval16_train_01024,semeval16,train,"while the ambiance and atmosphere were great , the food and service could have been a lot better .",['food'],['Food'],['negative'],['food'],[False],1,False,False
semeval16_train_01025,semeval16,train,"while the ambiance and atmosphere were great , the food and service could have been a lot better .",['service'],['Service'],['negative'],['service'],[False],1,False,False
semeval16_train_01026,semeval16,train,"we ordered the chicken casserole , but what we got were a few small pieces of chicken , all dark meat and on the bone .",['chicken casserole'],['General'],['negative'],['chicken casserole'],[False],1,False,False
semeval16_train_01027,semeval16,train,"i 've been to sapphire twice and both times the food was fine , if not good .",['food'],['Food'],['positive'],['food'],[False],1,False,False
semeval16_train_01028,semeval16,train,"stick with the chicken , beef , and lamb dishes .",['chicken'],['General'],['positive'],['chicken'],[False],1,False,False
semeval16_train_01029,semeval16,train,"stick with the chicken , beef , and lamb dishes .",['beef'],['General'],['positive'],['beef'],[False],1,False,False
semeval16_train_01030,semeval16,train,"stick with the chicken , beef , and lamb dishes .",['lamb dishes'],['General'],['positive'],['lamb dishes'],[False],1,False,False
semeval16_train_01031,semeval16,train,"service is friendly , and never had a problem walking in and getting a table .",['service'],['Service'],['positive'],['service'],[False],1,False,False
semeval16_train_01032,semeval16,train,skip dessert .,['dessert'],['General'],['negative'],['dessert'],[False],1,False,False
semeval16_train_01033,semeval16,train,best reuben sandwich ever !,['reuben sandwich'],['General'],['positive'],['reuben sandwich'],[False],1,False,False
semeval16_train_01034,semeval16,train,do n't miss bloom 's on your next trip to manhatten .,"[""bloom 's""]",['General'],['positive'],"[""bloom 's""]",[False],1,False,False
semeval16_train_01035,semeval16,train,"it was the first place we ate on our first trip to new york , and it will be the last place we stop as we head out of town on our next trip to new york .",['place'],['General'],['positive'],['place'],[False],1,False,False
semeval16_train_01036,semeval16,train,thanks bloom 's for a lovely trip .,"[""bloom 's""]",['General'],['positive'],"[""bloom 's""]",[False],1,False,False
semeval16_train_01037,semeval16,train,"the food was not fresh , the sauces were bland and very oily .",['food'],['Food'],['negative'],['food'],[False],1,False,False
semeval16_train_01038,semeval16,train,"the food was not fresh , the sauces were bland and very oily .",['sauces'],['General'],['negative'],['sauces'],[False],1,False,False
semeval16_train_01039,semeval16,train,pizza was a little soggy .,['pizza'],['General'],['negative'],['pizza'],[False],1,False,False
semeval16_train_01040,semeval16,train,ravioli was good ... but i have to say that i found everything a bit overpriced .,['ravioli'],['General'],['positive'],['ravioli'],[False],1,False,False
semeval16_train_01041,semeval16,train,not enough wines by the glass either .,['wines by the glass'],['General'],['negative'],['wines by the glass'],[False],1,False,False
semeval16_train_01042,semeval16,train,"service , however , was excellent ... and i liked the setting / atmosphere a lot .",['service'],['Service'],['positive'],['service'],[False],1,False,False
semeval16_train_01043,semeval16,train,"service , however , was excellent ... and i liked the setting / atmosphere a lot .",['setting / atmosphere'],['General'],['positive'],['setting / atmosphere'],[False],1,False,False
semeval16_train_01044,semeval16,train,"food was just average ... if they lowered the prices just a bit , it would be a bigger draw .",['food'],['Food'],['neutral'],['food'],[False],1,False,False
semeval16_train_01045,semeval16,train,this place is a great bargain .,['place'],['General'],['positive'],['place'],[False],1,False,False
semeval16_train_01046,semeval16,train,authentic pakistani food .,['pakistani food'],['General'],['positive'],['pakistani food'],[False],1,False,False
semeval16_train_01047,semeval16,train,people are always friendly .,['people'],['General'],['positive'],['people'],[False],1,False,False
semeval16_train_01048,semeval16,train,do n't waste money on decor .,['decor'],['General'],['neutral'],['decor'],[False],1,False,False
semeval16_train_01049,semeval16,train,"just straight up cheap , good food .",['food'],['Food'],['positive'],['food'],[False],1,False,False
semeval16_train_01050,semeval16,train,faan is sooo good .,['faan'],['General'],['positive'],['faan'],[False],1,False,False
semeval16_train_01051,semeval16,train,the best pad thai i 've ever had .,['pad thai'],['General'],['positive'],['pad thai'],[False],1,False,False
semeval16_train_01052,semeval16,train,the design and atmosphere is just as good .,['design'],['General'],['positive'],['design'],[False],1,False,False
semeval16_train_01053,semeval16,train,the design and atmosphere is just as good .,['atmosphere'],['General'],['positive'],['atmosphere'],[False],1,False,False
semeval16_train_01054,semeval16,train,bottles of wine are cheap and good .,['bottles of wine'],['General'],['positive'],['bottles of wine'],[False],1,False,False
semeval16_train_01055,semeval16,train,the food was actually aweful .,['food'],['Food'],['negative'],['food'],[False],1,False,False
semeval16_train_01056,semeval16,train,"the mussles were the fishiest things i 've ever tasted , the seabass was bland , the goat cheese salad was missing the goat cheese , the penne w/ chicken had bones in it ... it was disgusting .",['mussles'],['General'],['negative'],['mussles'],[False],1,False,False
semeval16_train_01057,semeval16,train,"the mussles were the fishiest things i 've ever tasted , the seabass was bland , the goat cheese salad was missing the goat cheese , the penne w/ chicken had bones in it ... it was disgusting .",['seabass'],['General'],['negative'],['seabass'],[False],1,False,False
semeval16_train_01058,semeval16,train,"the mussles were the fishiest things i 've ever tasted , the seabass was bland , the goat cheese salad was missing the goat cheese , the penne w/ chicken had bones in it ... it was disgusting .",['goat cheese salad'],['General'],['negative'],['goat cheese salad'],[False],1,False,False
semeval16_train_01059,semeval16,train,"the mussles were the fishiest things i 've ever tasted , the seabass was bland , the goat cheese salad was missing the goat cheese , the penne w/ chicken had bones in it ... it was disgusting .",['penne w/ chicken'],['General'],['negative'],['penne w/ chicken'],[False],1,False,False
semeval16_train_01060,semeval16,train,"nice atmosphere , the service was very pleasant and the desert was good .",['atmosphere'],['General'],['positive'],['atmosphere'],[False],1,False,False
semeval16_train_01061,semeval16,train,"nice atmosphere , the service was very pleasant and the desert was good .",['service'],['Service'],['positive'],['service'],[False],1,False,False
semeval16_train_01062,semeval16,train,"nice atmosphere , the service was very pleasant and the desert was good .",['desert'],['General'],['positive'],['desert'],[False],1,False,False
semeval16_train_01063,semeval16,train,the jukebox plays everything from italian opera to the strokes .,['jukebox'],['General'],['positive'],['jukebox'],[False],1,False,False
semeval16_train_01064,semeval16,train,"the food is amazing , rich pastas and fresh doughy pizza .",['food'],['Food'],['positive'],['food'],[False],1,False,False
semeval16_train_01065,semeval16,train,"the food is amazing , rich pastas and fresh doughy pizza .",['pastas'],['General'],['positive'],['pastas'],[False],1,False,False
semeval16_train_01066,semeval16,train,"the food is amazing , rich pastas and fresh doughy pizza .",['pizza'],['General'],['positive'],['pizza'],[False],1,False,False
semeval16_train_01067,semeval16,train,"best of all is the warm vibe , the owner is super friendly and service is fast .",['vibe'],['General'],['positive'],['vibe'],[False],1,False,False
semeval16_train_01068,semeval16,train,"best of all is the warm vibe , the owner is super friendly and service is fast .",['owner'],['General'],['positive'],['owner'],[False],1,False,False
semeval16_train_01069,semeval16,train,"best of all is the warm vibe , the owner is super friendly and service is fast .",['service'],['Service'],['positive'],['service'],[False],1,False,False
semeval16_train_01070,semeval16,train,go here for the drinks !,['drinks'],['Food'],['positive'],['drinks'],[False],1,False,False
semeval16_train_01071,semeval16,train,the drinks are amazing and half off till 8 pm .,['drinks'],['Food'],['positive'],['drinks'],[False],1,False,False
semeval16_train_01072,semeval16,train,"ask for usha , the nicest bartender in manhattan .",['usha'],['General'],['positive'],['usha'],[False],1,False,False
semeval16_train_01073,semeval16,train,my fav was the sassy lassi ...,['sassy lassi'],['General'],['positive'],['sassy lassi'],[False],1,False,False
semeval16_train_01074,semeval16,train,this is an amazing place to try some roti rolls .,['roti rolls'],['General'],['positive'],['roti rolls'],[False],1,False,False
semeval16_train_01075,semeval16,train,i really recommend the very simple unda ( egg ) rolls .,['unda ( egg ) rolls'],['General'],['positive'],['unda ( egg ) rolls'],[False],1,False,False
semeval16_train_01076,semeval16,train,"delicate spices , onions , eggs and a kick - ass roti .",['spices'],['General'],['positive'],['spices'],[False],1,False,False
semeval16_train_01077,semeval16,train,"delicate spices , onions , eggs and a kick - ass roti .",['onions'],['General'],['positive'],['onions'],[False],1,False,False
semeval16_train_01078,semeval16,train,"delicate spices , onions , eggs and a kick - ass roti .",['eggs'],['General'],['positive'],['eggs'],[False],1,False,False
semeval16_train_01079,semeval16,train,"delicate spices , onions , eggs and a kick - ass roti .",['roti'],['General'],['positive'],['roti'],[False],1,False,False
semeval16_train_01080,semeval16,train,"toons has recently been redone , so it 's now a very attractive space .",['toons'],['General'],['positive'],['toons'],[False],1,False,False
semeval16_train_01081,semeval16,train,the food 's as good as ever .,['food'],['Food'],['positive'],['food'],[False],1,False,False
semeval16_train_01082,semeval16,train,"in an area sadly lacking in decent thai food , this is one of the best spots .",['thai food'],['General'],['positive'],['thai food'],[False],1,False,False
semeval16_train_01083,semeval16,train,"went here last night - nice decor , good service , but the food was surprisingly excellent .",['decor'],['General'],['positive'],['decor'],[False],1,False,False
semeval16_train_01084,semeval16,train,"went here last night - nice decor , good service , but the food was surprisingly excellent .",['service'],['Service'],['positive'],['service'],[False],1,False,False
semeval16_train_01085,semeval16,train,"went here last night - nice decor , good service , but the food was surprisingly excellent .",['food'],['Food'],['positive'],['food'],[False],1,False,False
semeval16_train_01086,semeval16,train,"the portions are huge , so it might be good to order three things to split ( rather than one appetizer and entree per person ) for two people .",['portions'],['General'],['positive'],['portions'],[False],1,False,False
semeval16_train_01087,semeval16,train,best drumsticks over rice and sour spicy soup in town !,['drumsticks over rice'],['General'],['positive'],['drumsticks over rice'],[False],1,False,False
semeval16_train_01088,semeval16,train,best drumsticks over rice and sour spicy soup in town !,['sour spicy soup'],['General'],['positive'],['sour spicy soup'],[False],1,False,False
semeval16_train_01089,semeval16,train,beef noodle soup is good as well .,['beef noodle soup'],['General'],['positive'],['beef noodle soup'],[False],1,False,False
semeval16_train_01090,semeval16,train,the service is good and the resturant is clean .,['service'],['Service'],['positive'],['service'],[False],1,False,False
semeval16_train_01091,semeval16,train,the service is good and the resturant is clean .,['resturant'],['General'],['positive'],['resturant'],[False],1,False,False
semeval16_train_01092,semeval16,train,best taiwanese food in ny !,['taiwanese food'],['General'],['positive'],['taiwanese food'],[False],1,False,False
semeval16_train_01093,semeval16,train,i have been to rao 's probably 15 times the past 3 years and it keeps getting better .,"[""rao 's""]",['General'],['positive'],"[""rao 's""]",[False],1,False,False
semeval16_train_01094,semeval16,train,rao 's has the best service and atmosphere in nyc .,['service'],['Service'],['positive'],['service'],[False],1,False,False
semeval16_train_01095,semeval16,train,rao 's has the best service and atmosphere in nyc .,['atmosphere'],['General'],['positive'],['atmosphere'],[False],1,False,False
semeval16_train_01096,semeval16,train,my roommate and i love this place .,['place'],['General'],['positive'],['place'],[False],1,False,False
semeval16_train_01097,semeval16,train,"we recently decided to try this location , and to our delight , they have outdoor seating , perfect since i had my yorkie with me .",['outdoor seating'],['General'],['positive'],['outdoor seating'],[False],1,False,False
semeval16_train_01098,semeval16,train,indoor was very cozy and cute .,['indoor'],['General'],['positive'],['indoor'],[False],1,False,False
semeval16_train_01099,semeval16,train,"the portion sizes here are huge , and the sushi is good .",['portion'],['General'],['positive'],['portion'],[False],1,False,False
semeval16_train_01100,semeval16,train,"the portion sizes here are huge , and the sushi is good .",['sushi'],['General'],['positive'],['sushi'],[False],1,False,False
semeval16_train_01101,semeval16,train,staff is very accomodating .,['staff'],['Service'],['positive'],['staff'],[False],1,False,False
semeval16_train_01102,semeval16,train,"excellent dumplings served amid clean , chic decor .",['dumplings'],['General'],['positive'],['dumplings'],[False],1,False,False
semeval16_train_01103,semeval16,train,"excellent dumplings served amid clean , chic decor .",['decor'],['General'],['positive'],['decor'],[False],1,False,False
semeval16_train_01104,semeval16,train,"i got the $ 10 10-piece dim sum combo , every bite of which was great .",['$ 10 10-piece dim sum combo'],['General'],['positive'],['$ 10 10-piece dim sum combo'],[False],1,False,False
semeval16_train_01105,semeval16,train,the decor is very simple but comfortable .,['decor'],['General'],['positive'],['decor'],[False],1,False,False
semeval16_train_01106,semeval16,train,the food was delicious but do not come here on a empty stomach .,['food'],['Food'],['positive'],['food'],[False],1,False,False
semeval16_train_01107,semeval16,train,the portions are small but being that the food was so good makes up for that .,['portions'],['General'],['negative'],['portions'],[False],1,False,False
semeval16_train_01108,semeval16,train,the portions are small but being that the food was so good makes up for that .,['food'],['Food'],['positive'],['food'],[False],1,False,False
semeval16_train_01109,semeval16,train,you must have the crabmeat lasagna which is out of this world and the chocolate bread pudding for dessert .,['crabmeat lasagna'],['General'],['positive'],['crabmeat lasagna'],[False],1,False,False
semeval16_train_01110,semeval16,train,you must have the crabmeat lasagna which is out of this world and the chocolate bread pudding for dessert .,['chocolate bread pudding'],['General'],['positive'],['chocolate bread pudding'],[False],1,False,False
semeval16_train_01111,semeval16,train,the staff there is very attentive and down to earth .,['staff'],['Service'],['positive'],['staff'],[False],1,False,False
semeval16_train_01112,semeval16,train,great indian food and the service is incredible .,['indian food'],['General'],['positive'],['indian food'],[False],1,False,False
semeval16_train_01113,semeval16,train,great indian food and the service is incredible .,['service'],['Service'],['positive'],['service'],[False],1,False,False
semeval16_train_01114,semeval16,train,the owner truly caters to all your needs .,['owner'],['General'],['positive'],['owner'],[False],1,False,False
semeval16_train_01115,semeval16,train,great food and the prices are very reasonable .,['food'],['Food'],['positive'],['food'],[False],1,False,False
semeval16_train_01116,semeval16,train,the food here does a great service to the name ( cantonese that is ... ) .,['food'],['Food'],['positive'],['food'],[False],1,False,False
semeval16_train_01117,semeval16,train,i fell in love with the egg noodles in the beef broth with shrimp dumplings and slices of bbq roast pork .,['egg noodles in the beef broth with shrimp dumplings and slices of bbq roast pork'],['General'],['positive'],['egg noodles in the beef broth with shrimp dumplings and slices of bbq roast pork'],[False],1,False,False
semeval16_train_01118,semeval16,train,this dish is my favorite and i always get it when i go there and never get tired of it .,['dish'],['General'],['positive'],['dish'],[False],1,False,False
semeval16_train_01119,semeval16,train,"try the congee and the donut like deep fried dough they call ow ley soh , a delicious and sweet tasting bread .",['congee'],['General'],['positive'],['congee'],[False],1,False,False
semeval16_train_01120,semeval16,train,"try the congee and the donut like deep fried dough they call ow ley soh , a delicious and sweet tasting bread .",['ow ley soh'],['General'],['positive'],['ow ley soh'],[False],1,False,False
semeval16_train_01121,semeval16,train,simply some good tasting chinese food at incredible prices ...,['chinese food'],['General'],['positive'],['chinese food'],[False],1,False,False
semeval16_train_01122,semeval16,train,service is not what you are coming here for ...,['service'],['Service'],['negative'],['service'],[False],1,False,False
semeval16_train_01123,semeval16,train,big wong is a great place to eat and fill your stomach .,['big wong'],['General'],['positive'],['big wong'],[False],1,False,False
semeval16_train_01124,semeval16,train,"whoever the jazz duo was , they were on point .",['jazz duo'],['General'],['positive'],['jazz duo'],[False],1,False,False
semeval16_train_01125,semeval16,train,"good music , great food , speedy service affordable prices .",['music'],['General'],['positive'],['music'],[False],1,False,False
semeval16_train_01126,semeval16,train,"good music , great food , speedy service affordable prices .",['food'],['Food'],['positive'],['food'],[False],1,False,False
semeval16_train_01127,semeval16,train,"good music , great food , speedy service affordable prices .",['service'],['Service'],['positive'],['service'],[False],1,False,False
semeval16_train_01128,semeval16,train,even the wine by the glass was good .,['wine by the glass'],['General'],['positive'],['wine by the glass'],[False],1,False,False
semeval16_train_01129,semeval16,train,consistently good japanese tapas .,['japanese tapas'],['General'],['positive'],['japanese tapas'],[False],1,False,False
semeval16_train_01130,semeval16,train,always good drinks and service is pretty good ;,['drinks'],['Food'],['positive'],['drinks'],[False],1,False,False
semeval16_train_01131,semeval16,train,always good drinks and service is pretty good ;,['service'],['Service'],['positive'],['service'],[False],1,False,False
semeval16_train_01132,semeval16,train,atmosphere is nice and relaxed too ...,['atmosphere'],['General'],['positive'],['atmosphere'],[False],1,False,False
semeval16_train_01133,semeval16,train,a great place to meet up for some food and drinks ...,['place'],['General'],['positive'],['place'],[False],1,False,False
semeval16_train_01134,semeval16,train,yakitori ( bbq meats ) is tasty too .,['yakitori ( bbq meats )'],['General'],['positive'],['yakitori ( bbq meats )'],[False],1,False,False
semeval16_train_01135,semeval16,train,"if you do n't mind pre - sliced low quality fish , unfriendly staff and a sushi chef that looks like he is miserable then this is your place .",['fish'],['General'],['negative'],['fish'],[False],1,False,False
semeval16_train_01136,semeval16,train,"if you do n't mind pre - sliced low quality fish , unfriendly staff and a sushi chef that looks like he is miserable then this is your place .",['staff'],['Service'],['negative'],['staff'],[False],1,False,False
semeval16_train_01137,semeval16,train,"if you do n't mind pre - sliced low quality fish , unfriendly staff and a sushi chef that looks like he is miserable then this is your place .",['sushi chef'],['General'],['negative'],['sushi chef'],[False],1,False,False
semeval16_train_01138,semeval16,train,price and quality of fish alone will keep us from making a return visit .,['fish'],['General'],['negative'],['fish'],[False],1,False,False
semeval16_train_01139,semeval16,train,was n't going to share but i feel obligated ... while sitting at the sushi bar dining we watched the chef accidentally drop a piece of unagi on the floor and upon retrieving it from the floor proceed to use the piece in the delivery order he was preparing .,['chef'],['General'],['negative'],['chef'],[False],1,False,False
semeval16_train_01140,semeval16,train,"this place , which is only a few months old , is perhaps queens ' biggest secret !",['place'],['General'],['positive'],['place'],[False],1,False,False
semeval16_train_01141,semeval16,train,"fabulous decor - makes you feel like you 're in a trendy manhattan restaurant , very very good food , cheaply - priced , generally friendly staff , and if you 're a manhattanite , or spend most of your time in manhattan , rice avenue will make you feel at home ..... very soho / village / upper west side minus the expensive prices and pretentious clientele ..... all on roosevelt avenue !",['decor'],['General'],['positive'],['decor'],[False],1,False,False
semeval16_train_01142,semeval16,train,"fabulous decor - makes you feel like you 're in a trendy manhattan restaurant , very very good food , cheaply - priced , generally friendly staff , and if you 're a manhattanite , or spend most of your time in manhattan , rice avenue will make you feel at home ..... very soho / village / upper west side minus the expensive prices and pretentious clientele ..... all on roosevelt avenue !",['food'],['Food'],['positive'],['food'],[False],1,False,False
semeval16_train_01143,semeval16,train,"fabulous decor - makes you feel like you 're in a trendy manhattan restaurant , very very good food , cheaply - priced , generally friendly staff , and if you 're a manhattanite , or spend most of your time in manhattan , rice avenue will make you feel at home ..... very soho / village / upper west side minus the expensive prices and pretentious clientele ..... all on roosevelt avenue !",['staff'],['Service'],['positive'],['staff'],[False],1,False,False
semeval16_train_01144,semeval16,train,"fabulous decor - makes you feel like you 're in a trendy manhattan restaurant , very very good food , cheaply - priced , generally friendly staff , and if you 're a manhattanite , or spend most of your time in manhattan , rice avenue will make you feel at home ..... very soho / village / upper west side minus the expensive prices and pretentious clientele ..... all on roosevelt avenue !",['rice avenue'],['General'],['positive'],['rice avenue'],[False],1,False,False
semeval16_train_01145,semeval16,train,we were seated outside and the waiter spilled red wine and hot tea on myself and my date .,['waiter'],['General'],['negative'],['waiter'],[False],1,False,False
semeval16_train_01146,semeval16,train,"one would think we 'd get an apology or complimentary drinks - instead , we got a snobby waiter would n't even take our order for 15 minutes and gave us lip when we asked him to do so .",['waiter'],['General'],['negative'],['waiter'],[False],1,False,False
semeval16_train_01147,semeval16,train,"with so many good restaurants on the uws , i do n't need overpriced food , absurdly arrogant wait - staff who do n't recognize they work at a glorified diner , clumsy service , and management that does n't care .",['food'],['Food'],['negative'],['food'],[False],1,False,False
semeval16_train_01148,semeval16,train,"with so many good restaurants on the uws , i do n't need overpriced food , absurdly arrogant wait - staff who do n't recognize they work at a glorified diner , clumsy service , and management that does n't care .",['wait - staff'],['General'],['negative'],['wait - staff'],[False],1,False,False
semeval16_train_01149,semeval16,train,"with so many good restaurants on the uws , i do n't need overpriced food , absurdly arrogant wait - staff who do n't recognize they work at a glorified diner , clumsy service , and management that does n't care .",['service'],['Service'],['negative'],['service'],[False],1,False,False
semeval16_train_01150,semeval16,train,"with so many good restaurants on the uws , i do n't need overpriced food , absurdly arrogant wait - staff who do n't recognize they work at a glorified diner , clumsy service , and management that does n't care .",['management'],['General'],['negative'],['management'],[False],1,False,False
semeval16_train_01151,semeval16,train,i am relatively new to the area and tried pick a bgel on 2nd and was disappointed with the service and i thought the food was overated and on the pricey side .,['service'],['Service'],['negative'],['service'],[False],1,False,False
semeval16_train_01152,semeval16,train,i am relatively new to the area and tried pick a bgel on 2nd and was disappointed with the service and i thought the food was overated and on the pricey side .,['food'],['Food'],['negative'],['food'],[False],1,False,False
semeval16_train_01153,semeval16,train,the food is okay and the prices here are mediocre .,['food'],['Food'],['neutral'],['food'],[False],1,False,False
semeval16_train_01154,semeval16,train,baluchi 's has solid food and a nice decor at reasonable prices .,['food'],['Food'],['positive'],['food'],[False],1,False,False
semeval16_train_01155,semeval16,train,baluchi 's has solid food and a nice decor at reasonable prices .,['decor'],['General'],['positive'],['decor'],[False],1,False,False
semeval16_train_01156,semeval16,train,baluchi 's has solid food and a nice decor at reasonable prices .,"[""baluchi 's""]",['General'],['positive'],"[""baluchi 's""]",[False],1,False,False
semeval16_train_01157,semeval16,train,the only problem is that the manager is a complete incompetent .,['manager'],['General'],['negative'],['manager'],[False],1,False,False
semeval16_train_01158,semeval16,train,he offers subpar service and has no personality .,['service'],['Service'],['negative'],['service'],[False],1,False,False
semeval16_train_01159,semeval16,train,there is no excuse for such lousy service !,['service'],['Service'],['negative'],['service'],[False],1,False,False
semeval16_train_01160,semeval16,train,i have never before eaten 40 pieces of relatively good nigiri .,['nigiri'],['General'],['neutral'],['nigiri'],[False],1,False,False
semeval16_train_01161,semeval16,train,$ 20 for all you can eat sushi can not be beaten .,['all you can eat sushi'],['General'],['positive'],['all you can eat sushi'],[False],1,False,False
semeval16_train_01162,semeval16,train,"i went to areo on a sunday afternoon with four of my girlfriends , and spent three enjoyable hours there .",['areo'],['General'],['positive'],['areo'],[False],1,False,False
semeval16_train_01163,semeval16,train,"most of the servers are very attentive , friendly and quite attractive .",['servers'],['General'],['positive'],['servers'],[False],1,False,False
semeval16_train_01164,semeval16,train,"the vibe is very relaxed and cozy , service was great and the food was excellent !",['vibe'],['General'],['positive'],['vibe'],[False],1,False,False
semeval16_train_01165,semeval16,train,"the vibe is very relaxed and cozy , service was great and the food was excellent !",['service'],['Service'],['positive'],['service'],[False],1,False,False
semeval16_train_01166,semeval16,train,"the vibe is very relaxed and cozy , service was great and the food was excellent !",['food'],['Food'],['positive'],['food'],[False],1,False,False
semeval16_train_01167,semeval16,train,food was good and the view of the new york city skiline was terrific even on a foggy rainy day like that of when i went .,['food'],['Food'],['positive'],['food'],[False],1,False,False
semeval16_train_01168,semeval16,train,food was good and the view of the new york city skiline was terrific even on a foggy rainy day like that of when i went .,['view of the new york city skiline'],['General'],['positive'],['view of the new york city skiline'],[False],1,False,False
semeval16_train_01169,semeval16,train,although they do the typical what kind of water would you like questions the service was good and overall very relaxing to place to eat .,['service'],['Service'],['positive'],['service'],[False],1,False,False
semeval16_train_01170,semeval16,train,although they do the typical what kind of water would you like questions the service was good and overall very relaxing to place to eat .,['place'],['General'],['positive'],['place'],[False],1,False,False
semeval16_train_01171,semeval16,train,the food is great .,['food'],['Food'],['positive'],['food'],[False],1,False,False
semeval16_train_01172,semeval16,train,personal pans are the perfect size for those hungry nights .,['personal pans'],['General'],['positive'],['personal pans'],[False],1,False,False
semeval16_train_01173,semeval16,train,there is a downside if you 're ordering in -- the delivery guys have major attitude .,['delivery guys'],['General'],['negative'],['delivery guys'],[False],1,False,False
semeval16_train_01174,semeval16,train,never have i had such dramatic delivery guys ( a lot of huffing and panting and muttering under breath b / c i live in a walkup ) who always seem disappointed with their tips .,['delivery guys'],['General'],['negative'],['delivery guys'],[False],1,False,False
semeval16_train_01175,semeval16,train,"love the scene first off- the place has a character and nice light to it .. very fortunate , location wise .",['scene'],['General'],['positive'],['scene'],[False],1,False,False
semeval16_train_01176,semeval16,train,"love the scene first off- the place has a character and nice light to it .. very fortunate , location wise .",['place'],['General'],['positive'],['place'],[False],1,False,False
semeval16_train_01177,semeval16,train,"love the scene first off- the place has a character and nice light to it .. very fortunate , location wise .",['location'],['General'],['positive'],['location'],[False],1,False,False
semeval16_train_01178,semeval16,train,the pizza was pretty good and huge .,['pizza'],['General'],['positive'],['pizza'],[False],1,False,False
semeval16_train_01179,semeval16,train,we were 4 and got the family size penne a la vodka which was tremendously gigantic portion ... a bucket of food literally .,['penne a la vodka'],['General'],['positive'],['penne a la vodka'],[False],1,False,False
semeval16_train_01180,semeval16,train,"the pasta penne was pretty extra buttery , creamy which means a big task to diggest .. tasty at first but i would say that i was full with a slice of pizza and 7 to count , penne ... got a little moody afterwards cause was stuffed ... lol",['pasta penne'],['General'],['negative'],['pasta penne'],[False],1,False,False
semeval16_train_01181,semeval16,train,"la rosa waltzes in , and i think they are doing it the best .",['la rosa'],['General'],['positive'],['la rosa'],[False],1,False,False
semeval16_train_01182,semeval16,train,"interesting selection , good wines , service fine , fun decor .",['wines'],['General'],['positive'],['wines'],[False],1,False,False
semeval16_train_01183,semeval16,train,"interesting selection , good wines , service fine , fun decor .",['service'],['Service'],['positive'],['service'],[False],1,False,False
semeval16_train_01184,semeval16,train,"interesting selection , good wines , service fine , fun decor .",['decor'],['General'],['positive'],['decor'],[False],1,False,False
semeval16_train_01185,semeval16,train,"interesting selection , good wines , service fine , fun decor .",['selection'],['General'],['positive'],['selection'],[False],1,False,False
semeval16_train_01186,semeval16,train,"i found it on a cold night , the perfect spot to warm up .",['spot'],['General'],['positive'],['spot'],[False],1,False,False
semeval16_train_01187,semeval16,train,i recieved prompt service with a smile .,['service'],['Service'],['positive'],['service'],[False],1,False,False
semeval16_train_01188,semeval16,train,this place blew me away ... by far my new favorite restaurant on the uppereast side .,['place'],['General'],['positive'],['place'],[False],1,False,False
semeval16_train_01189,semeval16,train,the wine list is extensive and impressive .,['wine list'],['General'],['positive'],['wine list'],[False],1,False,False
semeval16_train_01190,semeval16,train,love the atmosphere - felt like i was in paris .,['atmosphere'],['General'],['positive'],['atmosphere'],[False],1,False,False
semeval16_train_01191,semeval16,train,the mussels were fantastic and so was the dessert ... definitely going to be back very soon .,['mussels'],['General'],['positive'],['mussels'],[False],1,False,False
semeval16_train_01192,semeval16,train,the mussels were fantastic and so was the dessert ... definitely going to be back very soon .,['dessert'],['General'],['positive'],['dessert'],[False],1,False,False
semeval16_train_01193,semeval16,train,i have been coming here for years and have nothing but good things to say about the service and the great staff at la lanterna .,['service'],['Service'],['positive'],['service'],[False],1,False,False
semeval16_train_01194,semeval16,train,i have been coming here for years and have nothing but good things to say about the service and the great staff at la lanterna .,['staff'],['Service'],['positive'],['staff'],[False],1,False,False
semeval16_train_01195,semeval16,train,"over the years the host , vittorio , and his crew , have always treated me as family -- although with all the business this not - so - little gem does , it amazing he 's even able to remember a consistent but not - so - frequent visitor .",['vittorio'],['General'],['positive'],['vittorio'],[False],1,False,False
semeval16_train_01196,semeval16,train,"over the years the host , vittorio , and his crew , have always treated me as family -- although with all the business this not - so - little gem does , it amazing he 's even able to remember a consistent but not - so - frequent visitor .",['crew'],['General'],['positive'],['crew'],[False],1,False,False
semeval16_train_01197,semeval16,train,"i 've also been amazed at all the new additions in the past few years : a new jazz bar , the most fantastic dining garden , the best thin crust pizzas , and now a lasagna menu which is to die for ( these are not your average lasagnas ) !",['dining garden'],['General'],['positive'],['dining garden'],[False],1,False,False
semeval16_train_01198,semeval16,train,"i 've also been amazed at all the new additions in the past few years : a new jazz bar , the most fantastic dining garden , the best thin crust pizzas , and now a lasagna menu which is to die for ( these are not your average lasagnas ) !",['jazz bar'],['General'],['positive'],['jazz bar'],[False],1,False,False
semeval16_train_01199,semeval16,train,"i 've also been amazed at all the new additions in the past few years : a new jazz bar , the most fantastic dining garden , the best thin crust pizzas , and now a lasagna menu which is to die for ( these are not your average lasagnas ) !",['thin crust pizzas'],['General'],['positive'],['thin crust pizzas'],[False],1,False,False
semeval16_train_01200,semeval16,train,"i 've also been amazed at all the new additions in the past few years : a new jazz bar , the most fantastic dining garden , the best thin crust pizzas , and now a lasagna menu which is to die for ( these are not your average lasagnas ) !",['lasagna menu'],['General'],['positive'],['lasagna menu'],[False],1,False,False
semeval16_train_01201,semeval16,train,i love this place !,['place'],['General'],['positive'],['place'],[False],1,False,False
semeval16_train_01202,semeval16,train,i have to say i have never had a disapointing meal here .,['meal'],['General'],['positive'],['meal'],[False],1,False,False
semeval16_train_01203,semeval16,train,we could have made a meal of the yummy dumplings from the dumpling menu .,['dumplings'],['General'],['positive'],['dumplings'],[False],1,False,False
semeval16_train_01204,semeval16,train,"luckily we saved room for the bbq salmon , sea bass and crispy duck .",['bbq salmon'],['General'],['positive'],['bbq salmon'],[False],1,False,False
semeval16_train_01205,semeval16,train,"luckily we saved room for the bbq salmon , sea bass and crispy duck .",['sea bass'],['General'],['positive'],['sea bass'],[False],1,False,False
semeval16_train_01206,semeval16,train,"luckily we saved room for the bbq salmon , sea bass and crispy duck .",['crispy duck'],['General'],['positive'],['crispy duck'],[False],1,False,False
semeval16_train_01207,semeval16,train,love al di la,['al di la'],['General'],['positive'],['al di la'],[False],1,False,False
semeval16_train_01208,semeval16,train,i recommend this place to everyone .,['place'],['General'],['positive'],['place'],[False],1,False,False
semeval16_train_01209,semeval16,train,great food .,['food'],['Food'],['positive'],['food'],[False],1,False,False
semeval16_train_01210,semeval16,train,"the pastas are incredible , the risottos ( particularly the sepia ) are fantastic and the braised rabbit is amazing .",['pastas'],['General'],['positive'],['pastas'],[False],1,False,False
semeval16_train_01211,semeval16,train,"the pastas are incredible , the risottos ( particularly the sepia ) are fantastic and the braised rabbit is amazing .",['risottos'],['General'],['positive'],['risottos'],[False],1,False,False
semeval16_train_01212,semeval16,train,"the pastas are incredible , the risottos ( particularly the sepia ) are fantastic and the braised rabbit is amazing .",['sepia'],['General'],['positive'],['sepia'],[False],1,False,False
semeval16_train_01213,semeval16,train,"the pastas are incredible , the risottos ( particularly the sepia ) are fantastic and the braised rabbit is amazing .",['braised rabbit'],['General'],['positive'],['braised rabbit'],[False],1,False,False
semeval16_train_01214,semeval16,train,the food here was mediocre at best .,['food'],['Food'],['negative'],['food'],[False],1,False,False
semeval16_train_01215,semeval16,train,it was totally overpriced- fish and chips was about $ 15 ....,['fish and chips'],['General'],['negative'],['fish and chips'],[False],1,False,False
semeval16_train_01216,semeval16,train,tasty dog !,['dog'],['General'],['positive'],['dog'],[False],1,False,False
semeval16_train_01217,semeval16,train,"an awesome organic dog , and a conscious eco friendly establishment .",['dog'],['General'],['positive'],['dog'],[False],1,False,False
semeval16_train_01218,semeval16,train,"an awesome organic dog , and a conscious eco friendly establishment .",['establishment'],['General'],['positive'],['establishment'],[False],1,False,False
semeval16_train_01219,semeval16,train,the cypriot restaurant has a lot going for it .,['cypriot restaurant'],['General'],['positive'],['cypriot restaurant'],[False],1,False,False
semeval16_train_01220,semeval16,train,but the best pork souvlaki i ever had is the main thing .,['pork souvlaki'],['General'],['positive'],['pork souvlaki'],[False],1,False,False
semeval16_train_01221,semeval16,train,super yummy pizza !,['pizza'],['General'],['positive'],['pizza'],[False],1,False,False
semeval16_train_01222,semeval16,train,i was visiting new york city with a friend and we discovered this really warm and inviting restaurant .,['restaurant'],['General'],['positive'],['restaurant'],[False],1,False,False
semeval16_train_01223,semeval16,train,"i looove their eggplant pizza , as well as their pastas !",['eggplant pizza'],['General'],['positive'],['eggplant pizza'],[False],1,False,False
semeval16_train_01224,semeval16,train,"i looove their eggplant pizza , as well as their pastas !",['pastas'],['General'],['positive'],['pastas'],[False],1,False,False
semeval16_train_01225,semeval16,train,"we had half / half pizza , mine was eggplant and my friend had the buffalo and it was sooo huge for a small size pizza !",['half / half pizza'],['General'],['positive'],['half / half pizza'],[False],1,False,False
semeval16_train_01226,semeval16,train,"excellent food , although the interior could use some help .",['food'],['Food'],['positive'],['food'],[False],1,False,False
semeval16_train_01227,semeval16,train,"excellent food , although the interior could use some help .",['interior'],['General'],['negative'],['interior'],[False],1,False,False
semeval16_train_01228,semeval16,train,"the space kind of feels like an alice in wonderland setting , without it trying to be that .",['space'],['General'],['negative'],['space'],[False],1,False,False
semeval16_train_01229,semeval16,train,"i paid just about $ 60 for a good meal , though :)",['meal'],['General'],['positive'],['meal'],[False],1,False,False
semeval16_train_01230,semeval16,train,great sake !,['sake'],['General'],['positive'],['sake'],[False],1,False,False
semeval16_train_01231,semeval16,train,"reliable , fresh sushi",['sushi'],['General'],['positive'],['sushi'],[False],1,False,False
semeval16_train_01232,semeval16,train,the sashimi is always fresh and the rolls are innovative and delicious .,['sashimi'],['General'],['positive'],['sashimi'],[False],1,False,False
semeval16_train_01233,semeval16,train,the sashimi is always fresh and the rolls are innovative and delicious .,['rolls'],['General'],['positive'],['rolls'],[False],1,False,False
semeval16_train_01234,semeval16,train,have never had a problem with service save a missing rice once .,['service'],['Service'],['positive'],['service'],[False],1,False,False
semeval16_train_01235,semeval16,train,delivery can be spot on or lacking depending on the weather and the day of the week .,['delivery'],['General'],['negative'],['delivery'],[False],1,False,False
semeval16_train_01236,semeval16,train,delivery guy sometimes get upset if you do n't tip more than 10 % .,['delivery guy'],['General'],['negative'],['delivery guy'],[False],1,False,False
semeval16_train_01237,semeval16,train,best . sushi . ever .,['sushi'],['General'],['positive'],['sushi'],[False],1,False,False
semeval16_train_01238,semeval16,train,this place has ruined me for neighborhood sushi .,['sushi'],['General'],['positive'],['sushi'],[False],1,False,False
semeval16_train_01239,semeval16,train,"excellent sashimi , and the millennium roll is beyond delicious .",['sashimi'],['General'],['positive'],['sashimi'],[False],1,False,False
semeval16_train_01240,semeval16,train,"excellent sashimi , and the millennium roll is beyond delicious .",['millennium roll'],['General'],['positive'],['millennium roll'],[False],1,False,False
semeval16_train_01241,semeval16,train,"the place is a bit hidden away , but once you get there , it 's all worth it .",['place'],['General'],['neutral'],['place'],[False],1,False,False
semeval16_train_01242,semeval16,train,not only is the food,['food'],['Food'],['positive'],['food'],[False],1,False,False
semeval16_train_01243,semeval16,train,"the waiter was attentive , the food was delicious and the views of the city were great .",['waiter'],['General'],['positive'],['waiter'],[False],1,False,False
semeval16_train_01244,semeval16,train,"the waiter was attentive , the food was delicious and the views of the city were great .",['food'],['Food'],['positive'],['food'],[False],1,False,False
semeval16_train_01245,semeval16,train,"the waiter was attentive , the food was delicious and the views of the city were great .",['views of the city'],['General'],['positive'],['views of the city'],[False],1,False,False
semeval16_train_01246,semeval16,train,great place to relax and enjoy your dinner,['place'],['General'],['positive'],['place'],[False],1,False,False
semeval16_train_01247,semeval16,train,there is something about their atmosphere that makes me come back nearly every week .,['atmosphere'],['General'],['positive'],['atmosphere'],[False],1,False,False
semeval16_train_01248,semeval16,train,"place is open till late , no dress code .",['place'],['General'],['positive'],['place'],[False],1,False,False
semeval16_train_01249,semeval16,train,good food : my favorite is the sea$t$ spaghetti .,['food'],['Food'],['positive'],['food'],[False],1,False,False
semeval16_train_01250,semeval16,train,good food : my favorite is the seafood spaghetti .,['seafood spaghetti'],['General'],['positive'],['seafood spaghetti'],[False],1,False,False
semeval16_train_01251,semeval16,train,excellent food for great prices,['food'],['Food'],['positive'],['food'],[False],1,False,False
semeval16_train_01252,semeval16,train,the wait staff is very courteous and accomodating .,['wait staff'],['General'],['positive'],['wait staff'],[False],1,False,False
semeval16_train_01253,semeval16,train,"the space is limited so be prepared to wait up to 45 minutes - 1 hour , but be richly rewarded when you savor the delicious indo - chinese food .",['space'],['General'],['negative'],['space'],[False],1,False,False
semeval16_train_01254,semeval16,train,"the space is limited so be prepared to wait up to 45 minutes - 1 hour , but be richly rewarded when you savor the delicious indo - chinese food .",['indo - chinese food'],['General'],['positive'],['indo - chinese food'],[False],1,False,False
semeval16_train_01255,semeval16,train,my favorite place lol,['place'],['General'],['positive'],['place'],[False],1,False,False
semeval16_train_01256,semeval16,train,i love their chicken pasta ca nt remember the name but is sooo good,['chicken pasta'],['General'],['positive'],['chicken pasta'],[False],1,False,False
semeval16_train_01257,semeval16,train,"i m not necessarily fanatical about this place , but it was a fun time for low pirces .",['place'],['General'],['positive'],['place'],[False],1,False,False
semeval16_train_01258,semeval16,train,"lobster was good , nothing spectacular .",['lobster'],['General'],['neutral'],['lobster'],[False],1,False,False
semeval16_train_01259,semeval16,train,"its just a fun place to go , not a five star restaraunt .",['restaraunt'],['General'],['neutral'],['restaraunt'],[False],1,False,False
semeval16_train_01260,semeval16,train,i think the pizza is so overrated and was under cooked .,['pizza'],['General'],['negative'],['pizza'],[False],1,False,False
semeval16_train_01261,semeval16,train,had no flavor and the staff is rude and not attentive .,['staff'],['Service'],['negative'],['staff'],[False],1,False,False
semeval16_train_01262,semeval16,train,i love this place,['place'],['General'],['positive'],['place'],[False],1,False,False
semeval16_train_01263,semeval16,train,the service was quick and friendly .,['service'],['Service'],['positive'],['service'],[False],1,False,False
semeval16_train_01264,semeval16,train,i thought the restaurant was nice and clean .,['restaurant'],['General'],['positive'],['restaurant'],[False],1,False,False
semeval16_train_01265,semeval16,train,i ordered the vitello alla marsala and i was pretty impressed .,['vitello alla marsala'],['General'],['positive'],['vitello alla marsala'],[False],1,False,False
semeval16_train_01266,semeval16,train,the veal and the mushrooms were cooked perfectly .,['veal'],['General'],['positive'],['veal'],[False],1,False,False
semeval16_train_01267,semeval16,train,the veal and the mushrooms were cooked perfectly .,['mushrooms'],['General'],['positive'],['mushrooms'],[False],1,False,False
semeval16_train_01268,semeval16,train,the potato balls were not dry at all ... in fact it was buttery .,['potato balls'],['General'],['positive'],['potato balls'],[False],1,False,False
semeval16_train_01269,semeval16,train,worst place on smith street in brooklyn,['place'],['General'],['negative'],['place'],[False],1,False,False
semeval16_train_01270,semeval16,train,"very immature bartender , did nt know how to make specific drinks , service was so slowwwww , the food was not fresh or warm , waitresses were busy flirting with men at the bar and were nt very attentive to all the customers .",['bartender'],['General'],['negative'],['bartender'],[False],1,False,False
semeval16_train_01271,semeval16,train,"very immature bartender , did nt know how to make specific drinks , service was so slowwwww , the food was not fresh or warm , waitresses were busy flirting with men at the bar and were nt very attentive to all the customers .",['service'],['Service'],['negative'],['service'],[False],1,False,False
semeval16_train_01272,semeval16,train,"very immature bartender , did nt know how to make specific drinks , service was so slowwwww , the food was not fresh or warm , waitresses were busy flirting with men at the bar and were nt very attentive to all the customers .",['food'],['Food'],['negative'],['food'],[False],1,False,False
semeval16_train_01273,semeval16,train,"very immature bartender , did nt know how to make specific drinks , service was so slowwwww , the food was not fresh or warm , waitresses were busy flirting with men at the bar and were nt very attentive to all the customers .",['waitresses'],['General'],['negative'],['waitresses'],[False],1,False,False
semeval16_train_01274,semeval16,train,i would never recommend this place to anybody even for a casual dinner .,['place'],['General'],['negative'],['place'],[False],1,False,False
semeval16_train_01275,semeval16,train,the food is always fresh ...,['food'],['Food'],['positive'],['food'],[False],1,False,False
semeval16_train_01276,semeval16,train,overpriced japanese food with mediocre service,['japanese food'],['General'],['negative'],['japanese food'],[False],1,False,False
semeval16_train_01277,semeval16,train,overpriced japanese food with mediocre service,['service'],['Service'],['neutral'],['service'],[False],1,False,False
semeval16_train_01278,semeval16,train,chicken teriyaki had tomato or pimentos on top ? ?,['chicken teriyaki'],['General'],['negative'],['chicken teriyaki'],[False],1,False,False
semeval16_train_01279,semeval16,train,food was luke warm .,['food'],['Food'],['negative'],['food'],[False],1,False,False
semeval16_train_01280,semeval16,train,the waitress was not attentive at all .,['waitress'],['General'],['negative'],['waitress'],[False],1,False,False
semeval16_train_01281,semeval16,train,i was looking for banana tempura for dessert and they do nt have .,['dessert'],['General'],['negative'],['dessert'],[False],1,False,False
semeval16_train_01282,semeval16,train,"not because you are "" the four seasons "" ... – you are allowed to charge an arm and a leg for a romatic dinner .",['the four seasons'],['General'],['negative'],['the four seasons'],[False],1,False,False
semeval16_train_01283,semeval16,train,"the food was excellent as well as service , however , i left the four seasons very dissappointed .",['food'],['Food'],['positive'],['food'],[False],1,False,False
semeval16_train_01284,semeval16,train,"the food was excellent as well as service , however , i left the four seasons very dissappointed .",['service'],['Service'],['positive'],['service'],[False],1,False,False
semeval16_train_01285,semeval16,train,"the food was excellent as well as service , however , i left the four seasons very dissappointed .",['the four seasons'],['General'],['negative'],['the four seasons'],[False],1,False,False
semeval16_train_01286,semeval16,train,i do not think dinner in manhattan should cost $ 400.00 where i am not swept off my feet .,['dinner'],['General'],['negative'],['dinner'],[False],1,False,False
semeval16_train_01287,semeval16,train,"red dragon roll - my favorite thing to eat , of any food group - hands down",['red dragon roll'],['General'],['positive'],['red dragon roll'],[False],1,False,False
semeval16_train_01288,semeval16,train,just go to yamato and order the red dragon roll .,['yamato'],['General'],['positive'],['yamato'],[False],1,False,False
semeval16_train_01289,semeval16,train,just go to yamato and order the red dragon roll .,['red dragon roll'],['General'],['positive'],['red dragon roll'],[False],1,False,False
semeval16_train_01290,semeval16,train,the seafood dynamite is also otherworldly .,['seafood dynamite'],['General'],['positive'],['seafood dynamite'],[False],1,False,False
semeval16_train_01291,semeval16,train,favorite sushi in nyc,['sushi'],['General'],['positive'],['sushi'],[False],1,False,False
semeval16_train_01292,semeval16,train,"an unpretentious spot in park slope , the sushi is consistently good , the service is pleasant , effective and unassuming .",['spot'],['General'],['positive'],['spot'],[False],1,False,False
semeval16_train_01293,semeval16,train,"an unpretentious spot in park slope , the sushi is consistently good , the service is pleasant , effective and unassuming .",['sushi'],['General'],['positive'],['sushi'],[False],1,False,False
semeval16_train_01294,semeval16,train,"an unpretentious spot in park slope , the sushi is consistently good , the service is pleasant , effective and unassuming .",['service'],['Service'],['positive'],['service'],[False],1,False,False
semeval16_train_01295,semeval16,train,"in the summer months , the back garden area is really nice .",['back garden area'],['General'],['positive'],['back garden area'],[False],1,False,False
semeval16_train_01296,semeval16,train,the rolls are creative and i have yet to find another sushi place that serves up more inventive yet delicious japanese food .,['rolls'],['General'],['positive'],['rolls'],[False],1,False,False
semeval16_train_01297,semeval16,train,the rolls are creative and i have yet to find another sushi place that serves up more inventive yet delicious japanese food .,['japanese food'],['General'],['positive'],['japanese food'],[False],1,False,False
semeval16_train_01298,semeval16,train,"the dancing , white river and millenium rolls are musts .","['dancing , white river and millenium rolls']",['General'],['positive'],"['dancing , white river and millenium rolls']",[False],1,False,False
semeval16_train_01299,semeval16,train,i can eat here every day of the week really lol love this place ... ),['place'],['General'],['positive'],['place'],[False],1,False,False
semeval16_train_01300,semeval16,train,gross food – wow-,['food'],['Food'],['negative'],['food'],[False],1,False,False
semeval16_train_01301,semeval16,train,i ca n't remember the last time i had such gross food in new york .,['food'],['Food'],['negative'],['food'],[False],1,False,False
semeval16_train_01302,semeval16,train,my quesadilla tasted like it had been made by a three - year old with no sense of proportion or flavor .,['quesadilla'],['General'],['negative'],['quesadilla'],[False],1,False,False
semeval16_train_01303,semeval16,train,and $ 11 for a plate of bland guacamole ?,['guacamole'],['General'],['negative'],['guacamole'],[False],1,False,False
semeval16_train_01304,semeval16,train,"do n't get me started on the margaritas , either .",['margaritas'],['General'],['negative'],['margaritas'],[False],1,False,False
semeval16_train_01305,semeval16,train,"oh , and i never write reviews -- i just was so moved by how bad this place was , i felt it was my duty to spread the word .",['place'],['General'],['negative'],['place'],[False],1,False,False
semeval16_train_01306,semeval16,train,great indian food !,['indian food'],['General'],['positive'],['indian food'],[False],1,False,False
semeval16_train_01307,semeval16,train,"the food was good , the place was clean and affordable .",['food'],['Food'],['positive'],['food'],[False],1,False,False
semeval16_train_01308,semeval16,train,"the food was good , the place was clean and affordable .",['place'],['General'],['positive'],['place'],[False],1,False,False
semeval16_train_01309,semeval16,train,i noticed alot of indian people eatting there which is a great sign for an indian place !,['indian place'],['General'],['positive'],['indian place'],[False],1,False,False
semeval16_train_01310,semeval16,train,"this is one of my favorite spot , very relaxing the food is great all the times , celebrated my engagement and my wedding here , it was very well organized .",['food'],['Food'],['positive'],['food'],[False],1,False,False
semeval16_train_01311,semeval16,train,the staff is very good .,['staff'],['Service'],['positive'],['staff'],[False],1,False,False
semeval16_train_01312,semeval16,train,love their drink menu .,['drink menu'],['General'],['positive'],['drink menu'],[False],1,False,False
semeval16_train_01313,semeval16,train,i highly recommend this beautiful place .,['place'],['General'],['positive'],['place'],[False],1,False,False
semeval16_train_01314,semeval16,train,we were offered water for the table but were not told the voss bottles of water were $ 8 a piece .,['voss bottles of water'],['General'],['negative'],['voss bottles of water'],[False],1,False,False
semeval16_train_01315,semeval16,train,food was ok .,['food'],['Food'],['neutral'],['food'],[False],1,False,False
semeval16_train_01316,semeval16,train,nice view of river and nyc .,['view of river and nyc'],['General'],['positive'],['view of river and nyc'],[False],1,False,False
semeval16_train_01317,semeval16,train,great survice,['survice'],['General'],['positive'],['survice'],[False],1,False,False
semeval16_train_01318,semeval16,train,a beautifully designed dreamy egyptian restaurant that gets sceney at night .,['egyptian restaurant'],['General'],['positive'],['egyptian restaurant'],[False],1,False,False
semeval16_train_01319,semeval16,train,watch the talented belly dancers as you enjoy delicious baba ganoush that 's more lemony than smoky .,['baba ganoush'],['General'],['positive'],['baba ganoush'],[False],1,False,False
semeval16_train_01320,semeval16,train,watch the talented belly dancers as you enjoy delicious baba ganoush that 's more lemony than smoky .,['belly dancers'],['General'],['positive'],['belly dancers'],[False],1,False,False
semeval16_train_01321,semeval16,train,"oh , and there 's hookah .",['hookah'],['General'],['positive'],['hookah'],[False],1,False,False
semeval16_train_01322,semeval16,train,raymond the bartender rocks !,['raymond'],['General'],['positive'],['raymond'],[False],1,False,False
semeval16_train_01323,semeval16,train,pacifico is a great place to casually hang out .,['pacifico'],['General'],['positive'],['pacifico'],[False],1,False,False
semeval16_train_01324,semeval16,train,"the drinks are great , especially when made by raymond .",['drinks'],['Food'],['positive'],['drinks'],[False],1,False,False
semeval16_train_01325,semeval16,train,"the drinks are great , especially when made by raymond .",['raymond'],['General'],['positive'],['raymond'],[False],1,False,False
semeval16_train_01326,semeval16,train,the omlette for brunch is great ...,['omlette for brunch'],['General'],['positive'],['omlette for brunch'],[False],1,False,False
semeval16_train_01327,semeval16,train,"the spinach is fresh , definately not frozen ...",['spinach'],['General'],['positive'],['spinach'],[False],1,False,False
semeval16_train_01328,semeval16,train,"quacamole at pacifico is yummy , as are the wings with chimmichuri .",['quacamole'],['General'],['positive'],['quacamole'],[False],1,False,False
semeval16_train_01329,semeval16,train,"quacamole at pacifico is yummy , as are the wings with chimmichuri .",['wings with chimmichuri'],['General'],['positive'],['wings with chimmichuri'],[False],1,False,False
semeval16_train_01330,semeval16,train,a weakness is the chicken in the salads .,['chicken in the salads'],['General'],['negative'],['chicken in the salads'],[False],1,False,False
semeval16_train_01331,semeval16,train,"also , i personally was n't a fan of the portobello and asparagus mole .",['portobello and asparagus mole'],['General'],['negative'],['portobello and asparagus mole'],[False],1,False,False
semeval16_train_01332,semeval16,train,"overall , decent food at a good price , with friendly people .",['food'],['Food'],['neutral'],['food'],[False],1,False,False
semeval16_train_01333,semeval16,train,"overall , decent food at a good price , with friendly people .",['people'],['General'],['positive'],['people'],[False],1,False,False
semeval16_train_01334,semeval16,train,best indian restaurant in the city,['indian restaurant'],['General'],['positive'],['indian restaurant'],[False],1,False,False
semeval16_train_01335,semeval16,train,decor needs to be upgraded but the food is amazing !,['decor'],['General'],['negative'],['decor'],[False],1,False,False
semeval16_train_01336,semeval16,train,decor needs to be upgraded but the food is amazing !,['food'],['Food'],['positive'],['food'],[False],1,False,False
semeval16_train_01337,semeval16,train,this small astoria souvlaki spot makes what many consider the best gyros in new york .,['gyros'],['General'],['positive'],['gyros'],[False],1,False,False
semeval16_train_01338,semeval16,train,"what really makes it shine is the food , which is aggressively seasoned with cyrpriot spices , and all made in - house ( even the gyro meat and sausages ) , and made of much higher quality ingredients that might otherwise be expected .",['food'],['Food'],['positive'],['food'],[False],1,False,False
semeval16_train_01339,semeval16,train,"what really makes it shine is the food , which is aggressively seasoned with cyrpriot spices , and all made in - house ( even the gyro meat and sausages ) , and made of much higher quality ingredients that might otherwise be expected .",['gyro meat'],['General'],['positive'],['gyro meat'],[False],1,False,False
semeval16_train_01340,semeval16,train,"what really makes it shine is the food , which is aggressively seasoned with cyrpriot spices , and all made in - house ( even the gyro meat and sausages ) , and made of much higher quality ingredients that might otherwise be expected .",['sausages'],['General'],['positive'],['sausages'],[False],1,False,False
semeval16_train_01341,semeval16,train,"what really makes it shine is the food , which is aggressively seasoned with cyrpriot spices , and all made in - house ( even the gyro meat and sausages ) , and made of much higher quality ingredients that might otherwise be expected .",['ingredients'],['General'],['positive'],['ingredients'],[False],1,False,False
semeval16_train_01342,semeval16,train,"all the various greek and cypriot dishes are excellent , but the gyro is the reason to come -- if you do n't eat one your trip was wasted .",['greek and cypriot dishes'],['General'],['positive'],['greek and cypriot dishes'],[False],1,False,False
semeval16_train_01343,semeval16,train,"all the various greek and cypriot dishes are excellent , but the gyro is the reason to come -- if you do n't eat one your trip was wasted .",['gyro'],['General'],['positive'],['gyro'],[False],1,False,False
semeval16_train_01344,semeval16,train,best restaurant in brooklyn,['restaurant'],['General'],['positive'],['restaurant'],[False],1,False,False
semeval16_train_01345,semeval16,train,"great food , amazing service , this place is a class act .",['food'],['Food'],['positive'],['food'],[False],1,False,False
semeval16_train_01346,semeval16,train,"great food , amazing service , this place is a class act .",['service'],['Service'],['positive'],['service'],[False],1,False,False
semeval16_train_01347,semeval16,train,"great food , amazing service , this place is a class act .",['place'],['General'],['positive'],['place'],[False],1,False,False
semeval16_train_01348,semeval16,train,the veal was incredible last night .,['veal'],['General'],['positive'],['veal'],[False],1,False,False
semeval16_train_01349,semeval16,train,this place is a must visit !,['place'],['General'],['positive'],['place'],[False],1,False,False
semeval16_train_01350,semeval16,train,most of the booths allow you to sit next to eachother without looking like ' that ' couple .,['booths'],['General'],['positive'],['booths'],[False],1,False,False
semeval16_train_01351,semeval16,train,the food is all shared so we get to order together and eat together .,['food'],['Food'],['positive'],['food'],[False],1,False,False
semeval16_train_01352,semeval16,train,i 've enjoyed 99 % of the dishes we 've ordered with the only exceptions being the occasional too - authentic - for - me dish ( i 'm a daring eater but not that daring ) .,['dishes'],['General'],['positive'],['dishes'],[False],1,False,False
semeval16_train_01353,semeval16,train,i 've enjoyed 99 % of the dish es we 've ordered with the only exceptions being the occasional too - authentic - for - me dish ( i 'm a daring eater but not that daring ) .,['dish'],['General'],['negative'],['dish'],[False],1,False,False
semeval16_train_01354,semeval16,train,my daughter 's wedding reception at water 's edge received the highest compliments from our guests .,"[""water 's edge""]",['General'],['positive'],"[""water 's edge""]",[False],1,False,False
semeval16_train_01355,semeval16,train,everyone raved about the atmosphere ( elegant rooms and absolutely incomparable views ) and the fabulous food !,['atmosphere'],['General'],['positive'],['atmosphere'],[False],1,False,False
semeval16_train_01356,semeval16,train,everyone raved about the atmosphere ( elegant rooms and absolutely incomparable views ) and the fabulous food !,['rooms'],['General'],['positive'],['rooms'],[False],1,False,False
semeval16_train_01357,semeval16,train,everyone raved about the atmosphere ( elegant rooms and absolutely incomparable views ) and the fabulous food !,['views'],['General'],['positive'],['views'],[False],1,False,False
semeval16_train_01358,semeval16,train,everyone raved about the atmosphere ( elegant rooms and absolutely incomparable views ) and the fabulous food !,['food'],['Food'],['positive'],['food'],[False],1,False,False
semeval16_train_01359,semeval16,train,service was wonderful ;,['service'],['Service'],['positive'],['service'],[False],1,False,False
semeval16_train_01360,semeval16,train,"paul , the maitre d ' , was totally professional and always on top of things .",['paul'],['General'],['positive'],['paul'],[False],1,False,False
semeval16_train_01361,semeval16,train,thank you everyone at water 's edge .,"[""water 's edge""]",['General'],['positive'],"[""water 's edge""]",[False],1,False,False
semeval16_train_01362,semeval16,train,"service ok but unfriendly , filthy bathroom .",['service'],['Service'],['negative'],['service'],[False],1,False,False
semeval16_train_01363,semeval16,train,"service ok but unfriendly , filthy bathroom .",['bathroom'],['General'],['negative'],['bathroom'],[False],1,False,False
semeval16_train_01364,semeval16,train,the high prices you 're going to pay is for the view not for the food .,['view'],['General'],['neutral'],['view'],[False],1,False,False
semeval16_train_01365,semeval16,train,the high prices you 're going to pay is for the view not for the food .,['food'],['Food'],['negative'],['food'],[False],1,False,False
semeval16_train_01366,semeval16,train,"the bar drinks were eh , ok to say the least .",['bar drinks'],['General'],['negative'],['bar drinks'],[False],1,False,False
semeval16_train_01367,semeval16,train,the stuff tilapia was horrid ... tasted like cardboard .,['stuff tilapia'],['General'],['negative'],['stuff tilapia'],[False],1,False,False
semeval16_train_01368,semeval16,train,"we thought the dessert would be better , wrong !",['dessert'],['General'],['negative'],['dessert'],[False],1,False,False
semeval16_train_01369,semeval16,train,"oh speaking of bathroom , the mens bathroom was disgusting .",['mens bathroom'],['General'],['negative'],['mens bathroom'],[False],1,False,False
semeval16_train_01370,semeval16,train,the wine list was extensive - though the staff did not seem knowledgeable about wine pairings .,['wine list'],['General'],['positive'],['wine list'],[False],1,False,False
semeval16_train_01371,semeval16,train,the wine list was extensive - though the staff did not seem knowledgeable about wine pairings .,['staff'],['Service'],['negative'],['staff'],[False],1,False,False
semeval16_train_01372,semeval16,train,"the bread we received was horrible - rock hard and cold - and the "" free "" appetizer of olives was disappointing .",['bread'],['General'],['negative'],['bread'],[False],1,False,False
semeval16_train_01373,semeval16,train,"the bread we received was horrible - rock hard and cold - and the "" free "" appetizer of olives was disappointing .",['appetizer of olives'],['General'],['negative'],['appetizer of olives'],[False],1,False,False
semeval16_train_01374,semeval16,train,"however , our main course was wonderful .",['main course'],['General'],['positive'],['main course'],[False],1,False,False
semeval16_train_01375,semeval16,train,i had fish and my husband had the filet - both of which exceeded our expectations .,['fish'],['General'],['positive'],['fish'],[False],1,False,False
semeval16_train_01376,semeval16,train,i had fish and my husband had the filet - both of which exceeded our expectations .,['filet'],['General'],['positive'],['filet'],[False],1,False,False
semeval16_train_01377,semeval16,train,"the dessert ( we had a pear torte ) was good - but , once again , the staff was unable to provide appropriate drink suggestions .",['pear torte'],['General'],['positive'],['pear torte'],[False],1,False,False
semeval16_train_01378,semeval16,train,"the dessert ( we had a pear torte ) was good - but , once again , the staff was unable to provide appropriate drink suggestions .",['staff'],['Service'],['negative'],['staff'],[False],1,False,False
semeval16_train_01379,semeval16,train,when we inquired about ports - the waitress listed off several but did not know taste variations or cost .,['waitress'],['General'],['negative'],['waitress'],[False],1,False,False
semeval16_train_01380,semeval16,train,not what i would expect for the price and prestige of this location .,['location'],['General'],['neutral'],['location'],[False],1,False,False
semeval16_train_01381,semeval16,train,"all in all , i would return - as it was a beautiful restaurant - but i hope the staff pays more attention to the little details in the future .",['restaurant'],['General'],['positive'],['restaurant'],[False],1,False,False
semeval16_train_01382,semeval16,train,"all in all , i would return - as it was a beautiful restaurant - but i hope the staff pays more attention to the little details in the future .",['staff'],['Service'],['negative'],['staff'],[False],1,False,False
semeval16_train_01383,semeval16,train,"short and sweet – seating is great : it 's romantic , cozy and private .",['seating'],['General'],['positive'],['seating'],[False],1,False,False
semeval16_train_01384,semeval16,train,the boths are not as small as some of the reviews make them out to look they 're perfect for 2 people .,['boths'],['General'],['positive'],['boths'],[False],1,False,False
semeval16_train_01385,semeval16,train,the service was extremely fast and attentive(thanks to the service button on your table ) but i barely understood 1 word when the waiter took our order .,['service'],['Service'],['positive'],['service'],[False],1,False,False
semeval16_train_01386,semeval16,train,the service was extremely fast and attentive(thanks to the service button on your table ) but i barely understood 1 word when the waiter took our order .,['service button'],['General'],['positive'],['service button'],[False],1,False,False
semeval16_train_01387,semeval16,train,the service was extremely fast and attentive(thanks to the service button on your table ) but i barely understood 1 word when the waiter took our order .,['waiter'],['General'],['negative'],['waiter'],[False],1,False,False
semeval16_train_01388,semeval16,train,the food was ok and fair nothing to go crazy .,['food'],['Food'],['neutral'],['food'],[False],1,False,False
semeval16_train_01389,semeval16,train,over all the looks of the place exceeds the actual meals .,['looks'],['General'],['positive'],['looks'],[False],1,False,False
semeval16_train_01390,semeval16,train,over all the looks of the place exceeds the actual meals .,['meals'],['General'],['negative'],['meals'],[False],1,False,False
semeval16_train_01391,semeval16,train,so what you really end up paying for is the restaurant not the food .,['restaurant'],['General'],['negative'],['restaurant'],[False],1,False,False
semeval16_train_01392,semeval16,train,so what you really end up paying for is the restaurant not the food .,['food'],['Food'],['negative'],['food'],[False],1,False,False
semeval16_train_01393,semeval16,train,subtle food and service,['food'],['Food'],['positive'],['food'],[False],1,False,False
semeval16_train_01394,semeval16,train,subtle food and service,['service'],['Service'],['positive'],['service'],[False],1,False,False
semeval16_train_01395,semeval16,train,noodle pudding is exactly the type of service and food i enjoy .,['service'],['Service'],['positive'],['service'],[False],1,False,False
semeval16_train_01396,semeval16,train,noodle pudding is exactly the type of service and food i enjoy .,['food'],['Food'],['positive'],['food'],[False],1,False,False
semeval16_train_01397,semeval16,train,"servers are all different , greg is my favorite .",['greg'],['General'],['positive'],['greg'],[False],1,False,False
semeval16_train_01398,semeval16,train,"sometimes tables do n't understand his sense of humor but it 's refreshing to have a server who has personality , professionalism , and respects the privacy of your dinner .",['server'],['General'],['positive'],['server'],[False],1,False,False
semeval16_train_01399,semeval16,train,this is the first place i 've been that a runner remembers my order ... hope he likes his job because i have half a mind to steal him for my restaurant .,['runner'],['General'],['positive'],['runner'],[False],1,False,False
semeval16_train_01400,semeval16,train,prices are fair across the board for both food and bev .,['food'],['Food'],['positive'],['food'],[False],1,False,False
semeval16_train_01401,semeval16,train,prices are fair across the board for both food and bev .,['bev'],['General'],['positive'],['bev'],[False],1,False,False
semeval16_train_01402,semeval16,train,"i go out to eat and like my courses , servers are patient and never rush courses or force another drink .",['servers'],['General'],['positive'],['servers'],[False],1,False,False
semeval16_train_01403,semeval16,train,amazing fresh dogs but best of all endless toppings ! ! !,['dogs'],['General'],['positive'],['dogs'],[False],1,False,False
semeval16_train_01404,semeval16,train,amazing fresh dogs but best of all endless toppings ! ! !,['toppings'],['General'],['positive'],['toppings'],[False],1,False,False
semeval16_train_01405,semeval16,train,this place had all the trimmings and i mean all .,['trimmings'],['General'],['positive'],['trimmings'],[False],1,False,False
semeval16_train_01406,semeval16,train,amazing fun for hot dog lovers of all ages please do yourself a favor and check this place out ! ! ! !,['place'],['General'],['positive'],['place'],[False],1,False,False
semeval16_train_01407,semeval16,train,amazing fun for hot dog lovers of all ages please do yourself a favor and check this place out ! ! ! !,['hot dog'],['General'],['positive'],['hot dog'],[False],1,False,False
semeval16_train_01408,semeval16,train,stepping into casa la femme last night was a true experience unlike any other in new york !,['casa la femme'],['General'],['positive'],['casa la femme'],[False],1,False,False
semeval16_train_01409,semeval16,train,highly impressed from the decor to the food to the hospitality to the great night i had !,['decor'],['General'],['positive'],['decor'],[False],1,False,False
semeval16_train_01410,semeval16,train,highly impressed from the decor to the food to the hospitality to the great night i had !,['food'],['Food'],['positive'],['food'],[False],1,False,False
semeval16_train_01411,semeval16,train,the have a great cocktail with citrus vodka and lemon and lime juice and mint leaves that is to die for !,['cocktail with citrus vodka and lemon and lime juice and mint leaves'],['General'],['positive'],['cocktail with citrus vodka and lemon and lime juice and mint leaves'],[False],1,False,False
semeval16_train_01412,semeval16,train,"food took some time to prepare , all worth waiting for .",['food'],['Food'],['positive'],['food'],[False],1,False,False
semeval16_train_01413,semeval16,train,we were drawn into the belly dancing show that captivated the crowd .,['belly dancing show'],['General'],['positive'],['belly dancing show'],[False],1,False,False
semeval16_train_01414,semeval16,train,i never write on these sites but this restaurant is def worth commending !,['restaurant'],['General'],['positive'],['restaurant'],[False],1,False,False
semeval16_train_01415,semeval16,train,maggot in the food !,['food'],['Food'],['negative'],['food'],[False],1,False,False
semeval16_train_01416,semeval16,train,"the menu looked great , and the waiter was very nice , but when the food came , it was average .",['menu'],['General'],['positive'],['menu'],[False],1,False,False
semeval16_train_01417,semeval16,train,"the menu looked great , and the waiter was very nice , but when the food came , it was average .",['waiter'],['General'],['positive'],['waiter'],[False],1,False,False
semeval16_train_01418,semeval16,train,"the menu looked great , and the waiter was very nice , but when the food came , it was average .",['food'],['Food'],['neutral'],['food'],[False],1,False,False
semeval16_train_01419,semeval16,train,"nevertheless , i finished my plate , and that 's when i found a maggot in mushroom sauce at the bottom .",['mushroom sauce'],['General'],['negative'],['mushroom sauce'],[False],1,False,False
semeval16_train_01420,semeval16,train,"i showed it to the manager , and he smilingly apologized and brought us two free desserts ( but did not ask us what we wanted and so brought the last two desserts we would have asked for ) .",['manager'],['General'],['positive'],['manager'],[False],1,False,False
semeval16_train_01421,semeval16,train,"the manager finally said he would comp the two glasses of wine ( which cost less than the food ) , and made it seem like a big concession .",['manager'],['General'],['negative'],['manager'],[False],1,False,False
semeval16_train_01422,semeval16,train,"i have worked in restaurants and cook a lot , and there is no way a maggot should be able to get into well prepared food .",['food'],['Food'],['negative'],['food'],[False],1,False,False
semeval16_train_01423,semeval16,train,"for a restaurant with such a good reputation and that is usually so packed , there was no reason for such a lack of intelligent customer service .",['restaurant'],['General'],['positive'],['restaurant'],[False],1,False,False
semeval16_train_01424,semeval16,train,"for a restaurant with such a good reputation and that is usually so packed , there was no reason for such a lack of intelligent customer service .",['customer service'],['General'],['negative'],['customer service'],[False],1,False,False
semeval16_train_01425,semeval16,train,i got hair in my food 2 times of then !,['food'],['Food'],['negative'],['food'],[False],1,False,False
semeval16_train_01426,semeval16,train,"great place , great value .",['place'],['General'],['positive'],['place'],[False],1,False,False
semeval16_train_01427,semeval16,train,"the food is flavorful , plentiful and reasonably priced .",['food'],['Food'],['positive'],['food'],[False],1,False,False
semeval16_train_01428,semeval16,train,the atmosphere is relaxed and casual .,['atmosphere'],['General'],['positive'],['atmosphere'],[False],1,False,False
semeval16_train_01429,semeval16,train,it 's a great place to order from or sit - in .,['place'],['General'],['positive'],['place'],[False],1,False,False
semeval16_train_01430,semeval16,train,sushi experience was unbelievable with my fiance .,['sushi'],['General'],['positive'],['sushi'],[False],1,False,False
semeval16_train_01431,semeval16,train,good creative rolls !,['rolls'],['General'],['positive'],['rolls'],[False],1,False,False
semeval16_train_01432,semeval16,train,"yamato is an excellent place to go if you re not into sashimi , or if you have friends who does nt like sushi much .",['yamato'],['General'],['positive'],['yamato'],[False],1,False,False
semeval16_train_01433,semeval16,train,"they have great rolls , the triple color and norwegetan rolls , are awesome and filling .",['rolls'],['General'],['positive'],['rolls'],[False],1,False,False
semeval16_train_01434,semeval16,train,"they have great rolls , the triple color and norwegetan rolls , are awesome and filling .",['triple color and norwegetan rolls'],['General'],['positive'],['triple color and norwegetan rolls'],[False],1,False,False
semeval16_train_01435,semeval16,train,"one special roll and one regular roll is enough to fill you up , but save room for dessert !",['dessert'],['General'],['positive'],['dessert'],[False],1,False,False
semeval16_train_01436,semeval16,train,"one special roll and one regular roll is enough to fill you up , but save room for dessert !",['special roll'],['General'],['positive'],['special roll'],[False],1,False,False
semeval16_train_01437,semeval16,train,"one special roll and one regular roll is enough to fill you up , but save room for dessert !",['regular roll'],['General'],['positive'],['regular roll'],[False],1,False,False
semeval16_train_01438,semeval16,train,"they have a delicious banana chocolate dessert , as well as a great green tea tempura .",['banana chocolate dessert'],['General'],['positive'],['banana chocolate dessert'],[False],1,False,False
semeval16_train_01439,semeval16,train,"they have a delicious banana chocolate dessert , as well as a great green tea tempura .",['green tea tempura'],['General'],['positive'],['green tea tempura'],[False],1,False,False
semeval16_train_01440,semeval16,train,the appetizers are also delicious !,['appetizers'],['General'],['positive'],['appetizers'],[False],1,False,False
semeval16_train_01441,semeval16,train,amazing food .,['food'],['Food'],['positive'],['food'],[False],1,False,False
semeval16_train_01442,semeval16,train,mazing interior .,['interior'],['General'],['negative'],['interior'],[False],1,False,False
semeval16_train_01443,semeval16,train,great food !,['food'],['Food'],['positive'],['food'],[False],1,False,False
semeval16_train_01444,semeval16,train,i 've had my fair share of modern japanese and this spot delivers .,['modern japanese'],['General'],['positive'],['modern japanese'],[False],1,False,False
semeval16_train_01445,semeval16,train,"the atmosphere was pretty nice but had a bit lacking , which it tries to make up for with a crazy scheme of mirrors .",['atmosphere'],['General'],['negative'],['atmosphere'],[False],1,False,False
semeval16_train_01446,semeval16,train,"the atmosphere was pretty nice but had a bit lacking , which it tries to make up for with a crazy scheme of mirrors .",['scheme of mirrors'],['General'],['negative'],['scheme of mirrors'],[False],1,False,False
semeval16_train_01447,semeval16,train,despite the confusing mirrors this will likely be my go - to for modern japanese food for the foreseeable future .,['modern japanese food'],['General'],['positive'],['modern japanese food'],[False],1,False,False
semeval16_train_01448,semeval16,train,despite the confusing mirrors this will likely be my go - to for modern japanese food for the foreseeable future .,['mirrors'],['General'],['negative'],['mirrors'],[False],1,False,False
semeval16_train_01449,semeval16,train,"indo chinese food , pretty good ...",['indo chinese food'],['General'],['positive'],['indo chinese food'],[False],1,False,False
semeval16_train_01450,semeval16,train,not a very fancy place but very good chinese style indian food .,['place'],['General'],['neutral'],['place'],[False],1,False,False
semeval16_train_01451,semeval16,train,not a very fancy place but very good chinese style indian food .,['chinese style indian food'],['General'],['positive'],['chinese style indian food'],[False],1,False,False
semeval16_train_01452,semeval16,train,"the chicken lollipop is my favorite , most of the dishes ( i have to agree with a previous reviewer ) are quite oily and very spicy , espeically the chilli chicken .",['chicken lollipop'],['General'],['positive'],['chicken lollipop'],[False],1,False,False
semeval16_train_01453,semeval16,train,"the chicken lollipop is my favorite , most of the dishes ( i have to agree with a previous reviewer ) are quite oily and very spicy , espeically the chilli chicken .",['dishes'],['General'],['negative'],['dishes'],[False],1,False,False
semeval16_train_01454,semeval16,train,"the chicken lollipop is my favorite , most of the dishes ( i have to agree with a previous reviewer ) are quite oily and very spicy , espeically the chilli chicken .",['chilli chicken'],['General'],['negative'],['chilli chicken'],[False],1,False,False
semeval16_train_01455,semeval16,train,"my mom originally introduced me to this place , but even she ( being indian ) feels the food can be somewhat over the top spicy and far too oily .",['food'],['Food'],['negative'],['food'],[False],1,False,False
semeval16_train_01456,semeval16,train,i was speechless by the horrible food .,['food'],['Food'],['negative'],['food'],[False],1,False,False
semeval16_train_01457,semeval16,train,"i attended a holiday dinner at the restaurant , and the food was majorly disappointing .",['food'],['Food'],['negative'],['food'],[False],1,False,False
semeval16_train_01458,semeval16,train,"rather than preparing vegetarian dish , the chef presented me with a plate of steamed vegetables ( minus sauce , seasoning , or any form or aesthetic presentation ) .",['chef'],['General'],['negative'],['chef'],[False],1,False,False
semeval16_train_01459,semeval16,train,"rather than preparing vegetarian dish , the chef presented me with a plate of steamed vegetables ( minus sauce , seasoning , or any form or aesthetic presentation ) .",['vegetarian dish'],['General'],['negative'],['vegetarian dish'],[False],1,False,False
semeval16_train_01460,semeval16,train,this place survives on reputation alone .,['place'],['General'],['negative'],['place'],[False],1,False,False
semeval16_train_01461,semeval16,train,"this is the most wonderful restaurant in all of new york city , not just brooklyn ...",['restaurant'],['General'],['positive'],['restaurant'],[False],1,False,False
semeval16_train_01462,semeval16,train,"for 7 years they have put out the most tasty , most delicious food and kept it that way ...",['food'],['Food'],['positive'],['food'],[False],1,False,False
semeval16_train_01463,semeval16,train,"never swaying , never a bad meal , never bad service ...",['meal'],['General'],['positive'],['meal'],[False],1,False,False
semeval16_train_01464,semeval16,train,"never swaying , never a bad meal , never bad service ...",['service'],['Service'],['positive'],['service'],[False],1,False,False
semeval16_train_01465,semeval16,train,"great food , great wine list , great service in a great neighborhood ...",['food'],['Food'],['positive'],['food'],[False],1,False,False
semeval16_train_01466,semeval16,train,"great food , great wine list , great service in a great neighborhood ...",['wine list'],['General'],['positive'],['wine list'],[False],1,False,False
semeval16_train_01467,semeval16,train,"great food , great wine list , great service in a great neighborhood ...",['service'],['Service'],['positive'],['service'],[False],1,False,False
semeval16_train_01468,semeval16,train,"great food , great wine list , great service in a great neighborhood ...",['neighborhood'],['General'],['positive'],['neighborhood'],[False],1,False,False
semeval16_train_01469,semeval16,train,patsy 's pizza = true love,"[""patsy 's pizza""]",['General'],['positive'],"[""patsy 's pizza""]",[False],1,False,False
semeval16_train_01470,semeval16,train,hands down the best pizza on the planet .,['pizza'],['General'],['positive'],['pizza'],[False],1,False,False
semeval16_train_01471,semeval16,train,great hot dogs ..,['hot dogs'],['General'],['positive'],['hot dogs'],[False],1,False,False
semeval16_train_01472,semeval16,train,the hot dogs were juicy and tender inside and had plenty of crunch and snap on the outside .,['hot dogs'],['General'],['positive'],['hot dogs'],[False],1,False,False
semeval16_train_01473,semeval16,train,great toppings definitely a place you need to check out for late night munchies or a mid day boost !,['toppings'],['General'],['positive'],['toppings'],[False],1,False,False
semeval16_train_01474,semeval16,train,great toppings definitely a place you need to check out for late night munchies or a mid day boost !,['place'],['General'],['positive'],['place'],[False],1,False,False
semeval16_train_01475,semeval16,train,"for me dishes a little oily , but overall dining experience good .",['dishes'],['General'],['negative'],['dishes'],[False],1,False,False
semeval16_train_01476,semeval16,train,helpful service and average price per dish $ 10 .,['service'],['Service'],['positive'],['service'],[False],1,False,False
semeval16_train_01477,semeval16,train,helpful service and average price per dish $ 10 .,['dish'],['General'],['positive'],['dish'],[False],1,False,False
semeval16_train_01478,semeval16,train,the only thing that strikes you is the decor ? ( not very pleasant ) .,['decor'],['General'],['negative'],['decor'],[False],1,False,False
semeval16_train_01479,semeval16,train,great food,['food'],['Food'],['positive'],['food'],[False],1,False,False
semeval16_train_01480,semeval16,train,this place has great indian chinese food .,['indian chinese food'],['General'],['positive'],['indian chinese food'],[False],1,False,False
semeval16_train_01481,semeval16,train,"be prepared to wait , because the place is pretty tiny .",['place'],['General'],['negative'],['place'],[False],1,False,False
semeval16_train_01482,semeval16,train,"even though the place is not beautiful , the food speaks for itself .",['place'],['General'],['negative'],['place'],[False],1,False,False
semeval16_train_01483,semeval16,train,"even though the place is not beautiful , the food speaks for itself .",['food'],['Food'],['positive'],['food'],[False],1,False,False
semeval16_train_01484,semeval16,train,"best indian chinese in the city , by far !",['indian chinese'],['General'],['positive'],['indian chinese'],[False],1,False,False
semeval16_train_01485,semeval16,train,"i came across village underground by accident , now i go there all the time .",['village underground'],['General'],['positive'],['village underground'],[False],1,False,False
semeval16_train_01486,semeval16,train,the martinis are amazing and very fairly priced .,['martinis'],['General'],['positive'],['martinis'],[False],1,False,False
semeval16_train_01487,semeval16,train,"the service is amazing , i 've had different waiters and they were all nice , which is a rare thing in nyc .",['service'],['Service'],['positive'],['service'],[False],1,False,False
semeval16_train_01488,semeval16,train,"the service is amazing , i 've had different waiters and they were all nice , which is a rare thing in nyc .",['waiters'],['General'],['positive'],['waiters'],[False],1,False,False
semeval16_train_01489,semeval16,train,"the dj is awesome , i have been there for my birthday and a bunch of other times with friends and i keep going back .",['dj'],['General'],['positive'],['dj'],[False],1,False,False
semeval16_train_01490,semeval16,train,everything on the menu is great .,['menu'],['General'],['positive'],['menu'],[False],1,False,False
semeval16_train_01491,semeval16,train,this establishment is the real deal .,['establishment'],['General'],['positive'],['establishment'],[False],1,False,False
semeval16_train_01492,semeval16,train,"wish ny had more of these kind of places : intimate , superb food , homey , top notch all the way around , certainly worth the wait .",['food'],['Food'],['positive'],['food'],[False],1,False,False
semeval16_train_01493,semeval16,train,but $ 500 for a dinner for two that did n't include wine ?,['dinner for two'],['General'],['negative'],['dinner for two'],[False],1,False,False
semeval16_train_01494,semeval16,train,"look , the appetizers were really good .",['appetizers'],['General'],['positive'],['appetizers'],[False],1,False,False
semeval16_train_01495,semeval16,train,the entree was also very good .,['entree'],['General'],['positive'],['entree'],[False],1,False,False
semeval16_train_01496,semeval16,train,what you are paying for is the environment and the name .,['environment'],['General'],['neutral'],['environment'],[False],1,False,False
semeval16_train_01497,semeval16,train,"yes , the place is classy and beautiful , but they most certainly target the uber whealthy not the common joe that wants to go all out every once in a while .",['place'],['General'],['positive'],['place'],[False],1,False,False
semeval16_train_01498,semeval16,train,vanison was good but not amazing .,['vanison'],['General'],['neutral'],['vanison'],[False],1,False,False
semeval16_train_01499,semeval16,train,bison was quite excellent however .,['bison'],['General'],['positive'],['bison'],[False],1,False,False
semeval16_train_01500,semeval16,train,dessert : pure disaster .,['dessert'],['General'],['negative'],['dessert'],[False],1,False,False
semeval16_train_01501,semeval16,train,"i read reviews that called the restaurant too expensive and i thought to myself , but may be it is worth it .",['restaurant'],['General'],['negative'],['restaurant'],[False],1,False,False
semeval16_train_01502,semeval16,train,"the four seasons has history and it is a sort of landmark of new york city restaurants , but trust me , they will charge you through the nose just so that you can say "" i 've been to the four seasons restaurant "" .",['the four seasons'],['General'],['neutral'],['the four seasons'],[False],1,False,False
semeval16_train_01503,semeval16,train,"all in all , the food was great ( except for the dessserts ) .",['food'],['Food'],['positive'],['food'],[False],1,False,False
semeval16_train_01504,semeval16,train,"all in all , the food was great ( except for the dessserts ) .",['dessserts'],['General'],['negative'],['dessserts'],[False],1,False,False
semeval16_train_01505,semeval16,train,the environment is very upscale and you will see a lot of rich guys with trophy wives or just highly paid escorts .,['environment'],['General'],['neutral'],['environment'],[False],1,False,False
semeval16_train_01506,semeval16,train,"if you are going for the food , it will not be worth it .",['food'],['Food'],['negative'],['food'],[False],1,False,False
semeval16_train_01507,semeval16,train,"you would think they would make up for it with service , sadly , no .",['service'],['Service'],['negative'],['service'],[False],1,False,False
semeval16_train_01508,semeval16,train,"service was just ok , it is not what you 'd expect for $ 500 .",['service'],['Service'],['negative'],['service'],[False],1,False,False
semeval16_train_01509,semeval16,train,i agree that dining at casa la femme is like no other dining experience !,['casa la femme'],['General'],['negative'],['casa la femme'],[False],1,False,False
semeval16_train_01510,semeval16,train,i literally just got back home after visiting casa la femme and was so offended by my visit felt it necessary to try and warn other diners who value their money and time .,['casa la femme'],['General'],['negative'],['casa la femme'],[False],1,False,False
semeval16_train_01511,semeval16,train,we did arrive late for our reservation so i can not complain too much about the wait for a table .,['wait'],['General'],['neutral'],['wait'],[False],1,False,False
semeval16_train_01512,semeval16,train,the place is beautiful !,['place'],['General'],['positive'],['place'],[False],1,False,False
semeval16_train_01513,semeval16,train,the hostess was very pleasant .,['hostess'],['General'],['positive'],['hostess'],[False],1,False,False
semeval16_train_01514,semeval16,train,"however , our $ 14 drinks were were horrible !",['drinks'],['Food'],['negative'],['drinks'],[False],1,False,False
semeval16_train_01515,semeval16,train,we also asked for hooka six times and the waiter kept telling us one minute and never returning with the hooka .,['waiter'],['General'],['negative'],['waiter'],[False],1,False,False
semeval16_train_01516,semeval16,train,after the 4th time i asked again and the waiter than said after our dinner .,['waiter'],['General'],['negative'],['waiter'],[False],1,False,False
semeval16_train_01517,semeval16,train,we asked for sides which the waiter than admitted that he forgot to put in that part of our order .,['waiter'],['General'],['negative'],['waiter'],[False],1,False,False
semeval16_train_01518,semeval16,train,my chicken was inedible as there were so many fatty lumps which i had to keep spitting out into my napkin .,['chicken'],['General'],['negative'],['chicken'],[False],1,False,False
semeval16_train_01519,semeval16,train,i would not expect this for a $ 55 dinner .,['dinner'],['General'],['negative'],['dinner'],[False],1,False,False
semeval16_train_01520,semeval16,train,"by the time we left our wallets were empy and so were our stomachs and we missed the show we were supposed to see following our dinner , which would have been acceptable if we got to enjoy the experience of good food and belly dancers !",['food'],['Food'],['negative'],['food'],[False],1,False,False
semeval16_train_01521,semeval16,train,if it seemed possible to do so while there i would have fought my bill since my dinner portion of my meal was inedible !,['meal'],['General'],['negative'],['meal'],[False],1,False,False
semeval16_train_01522,semeval16,train,"i have never left a restaurant feeling as if i was abused , and wasted my hard earned money .",['restaurant'],['General'],['negative'],['restaurant'],[False],1,False,False
semeval16_train_01523,semeval16,train,the menu is fairly simple without much descriptions .,['menu'],['General'],['neutral'],['menu'],[False],1,False,False
semeval16_train_01524,semeval16,train,"there was no tap beer that evening , which was a disappointment .",['beer'],['General'],['negative'],['beer'],[False],1,False,False
semeval16_train_01525,semeval16,train,"not much of a selection of bottled beer either , we went with brahma .",['selection of bottled beer'],['General'],['negative'],['selection of bottled beer'],[False],1,False,False
semeval16_train_01526,semeval16,train,the appetizers we ordered were served quickly - an order of fried oysters and clams were delicious but a tiny portion ( maybe 3 of each ) .,['fried oysters and clams'],['General'],['positive'],['fried oysters and clams'],[False],1,False,False
semeval16_train_01527,semeval16,train,"the lobster knuckles ( special of the day ) were ok , but pretty tasteless .",['lobster knuckles'],['General'],['neutral'],['lobster knuckles'],[False],1,False,False
semeval16_train_01528,semeval16,train,"i believe there were 2 shrimp in the "" salt encrusted shrimp "" appetizer .","['"" salt encrusted shrimp "" appetizer']",['General'],['negative'],"['"" salt encrusted shrimp "" appetizer']",[False],1,False,False
semeval16_train_01529,semeval16,train,i had the thai style fried sea bass ... which was very good .,['thai style fried sea bass'],['General'],['positive'],['thai style fried sea bass'],[False],1,False,False
semeval16_train_01530,semeval16,train,"everyone seemed generally happy with their food , except my brother who had the grilled mahi mahi , seemingly drenched in grapfruit juice !",['food'],['Food'],['positive'],['food'],[False],1,False,False
semeval16_train_01531,semeval16,train,"everyone seemed generally happy with their food , except my brother who had the grilled mahi mahi , seemingly drenched in grapfruit juice !",['grilled mahi mahi'],['General'],['negative'],['grilled mahi mahi'],[False],1,False,False
semeval16_train_01532,semeval16,train,i heard the lobster roll was excellent .,['lobster roll'],['General'],['positive'],['lobster roll'],[False],1,False,False
semeval16_train_01533,semeval16,train,"all in all the food was good - a little on the expensive side , but fresh .",['food'],['Food'],['positive'],['food'],[False],1,False,False
semeval16_train_01534,semeval16,train,"service not the friendliest to our "" large party "" !",['service'],['Service'],['negative'],['service'],[False],1,False,False
semeval16_train_01535,semeval16,train,great indian food,['indian food'],['General'],['positive'],['indian food'],[False],1,False,False
semeval16_train_01536,semeval16,train,"food was amazing - i love indian food and eat it quite regularly , but i can say this is one of the best i 've had .",['food'],['Food'],['positive'],['food'],[False],1,False,False
semeval16_train_01537,semeval16,train,"very "" normal indian food "" , but done really well .",['indian food'],['General'],['neutral'],['indian food'],[False],1,False,False
semeval16_train_01538,semeval16,train,"i have it a 4 instead of 5 because of the price ( just chicken tikka masala - no bread of rice - is $ 25 ) , which i would expect at a upscale indian restaurant but this place does n't have an upscale feel .",['place'],['General'],['positive'],['place'],[False],1,False,False
semeval16_train_01539,semeval16,train,"i have it a 4 instead of 5 because of the price ( just chicken tikka masala - no bread of rice - is $ 25 ) , which i would expect at a upscale indian restaurant but this place does n't have an upscale feel .",['chicken tikka masala'],['General'],['negative'],['chicken tikka masala'],[False],1,False,False
semeval16_train_01540,semeval16,train,"i have it a 4 instead of 5 because of the price ( just chicken tikka masala - no bread of rice - is $ 25 ) , which i would expect at a upscale indian restaurant but this place does n't have an upscale feel .",['feel'],['General'],['negative'],['feel'],[False],1,False,False
semeval16_train_01541,semeval16,train,"also , waiters try to push more food on you , like suggest things as if they are complimentary when they actually cost $ .",['waiters'],['General'],['negative'],['waiters'],[False],1,False,False
semeval16_train_01542,semeval16,train,"but if you 're prepared to spend some $ and remember to ask if something they offer is complimentary , then this is the place to go for indian food",['indian food'],['General'],['positive'],['indian food'],[False],1,False,False
semeval16_train_01543,semeval16,train,"but if you 're prepared to spend some $ and remember to ask if something they offer is complimentary , then this is the place to go for indian food",['place'],['General'],['negative'],['place'],[False],1,False,False
semeval16_train_01544,semeval16,train,"bukhara grill , the tagline says it all .. "" indian spice rave """,['bukhara grill'],['General'],['positive'],['bukhara grill'],[False],1,False,False
semeval16_train_01545,semeval16,train,the lunch buffet is expensive but is deff worth it .,['lunch buffet'],['General'],['negative'],['lunch buffet'],[False],1,False,False
semeval16_train_01546,semeval16,train,we have gone for dinner only a few times but the same great quality and service is given .,['service'],['Service'],['positive'],['service'],[False],1,False,False
semeval16_train_01547,semeval16,train,we have gone for dinner only a few times but the same great quality and service is given .,['dinner'],['General'],['positive'],['dinner'],[False],1,False,False
semeval16_train_01548,semeval16,train,bukhara is on my top 5 indian places in nyc,['bukhara'],['General'],['positive'],['bukhara'],[False],1,False,False
semeval16_train_01549,semeval16,train,i have never been so disgusted by both food an service .,['food'],['Food'],['negative'],['food'],[False],1,False,False
semeval16_train_01550,semeval16,train,i have never been so disgusted by both food an service .,['service'],['Service'],['negative'],['service'],[False],1,False,False
semeval16_train_01551,semeval16,train,"however , once i received my predictably mediocre order of what dokebi thinks passes as korean fair , ( sometimes you have to settle when it 's your only option ) , i got through about half my kimchee before i found a piece of random lettuce accompanied by a far more disgusting , slimy , clearly bad piece of fish skin .",['kimchee'],['General'],['negative'],['kimchee'],[False],1,False,False
semeval16_train_01552,semeval16,train,"however , once i received my predictably mediocre order of what dokebi thinks passes as korean fair , ( sometimes you have to settle when it 's your only option ) , i got through about half my kimchee before i found a piece of random lettuce accompanied by a far more disgusting , slimy , clearly bad piece of fish skin .",['korean fair'],['General'],['negative'],['korean fair'],[False],1,False,False
semeval16_train_01553,semeval16,train,"my main concern was the sanity of the food that was being sent out to myself and others , but i would be lying is i said that as someone who has worked in restaurants since the age of fifteen i was expecting at least a minimal effort on the part of the restaurant to amend the situation .",['food'],['Food'],['negative'],['food'],[False],1,False,False
semeval16_train_01554,semeval16,train,"my girlfriend , being slightly more aggressive , and having been equally disgusted causing her to throw out the remainder of her barely eaten meal , called back only to be informed that i was probably wrong and that it was most likely an oyster , and that we were also blacklisted from their restaurant .",['meal'],['General'],['negative'],['meal'],[False],1,False,False
semeval16_train_01555,semeval16,train,"it was n't as if this restaurant had any major bragging points before hand , but now it 's simply repulsive .",['restaurant'],['General'],['negative'],['restaurant'],[False],1,False,False
semeval16_train_01556,semeval16,train,gorgeous place ideal for a romantic dinner,['place'],['General'],['positive'],['place'],[False],1,False,False
semeval16_train_01557,semeval16,train,i book a gorgeous white organza tent which included a four course prix fix menu which we enjoyed a lot .,['four course prix fix menu'],['General'],['positive'],['four course prix fix menu'],[False],1,False,False
semeval16_train_01558,semeval16,train,i book a gorgeous white organza tent which included a four course prix fix menu which we enjoyed a lot .,['white organza tent'],['General'],['positive'],['white organza tent'],[False],1,False,False
semeval16_train_01559,semeval16,train,the service was spectacular as the waiter knew everything about the menu and his recommendations were amazing !,['service'],['Service'],['positive'],['service'],[False],1,False,False
semeval16_train_01560,semeval16,train,the service was spectacular as the waiter knew everything about the menu and his recommendations were amazing !,['waiter'],['General'],['positive'],['waiter'],[False],1,False,False
semeval16_train_01561,semeval16,train,i completely recommend casa la femme for any special occasion and to really impress your date .,['casa la femme'],['General'],['positive'],['casa la femme'],[False],1,False,False
semeval16_train_01562,semeval16,train,"the bibimbap was average , but the stone bowl was n't even close to sizzling .",['bibimbap'],['General'],['neutral'],['bibimbap'],[False],1,False,False
semeval16_train_01563,semeval16,train,"the bibimbap was average , but the stone bowl was n't even close to sizzling .",['stone bowl'],['General'],['negative'],['stone bowl'],[False],1,False,False
semeval16_train_01564,semeval16,train,too bad i had paid an extra $ 2 for the stone bowl .,['stone bowl'],['General'],['negative'],['stone bowl'],[False],1,False,False
semeval16_train_01565,semeval16,train,the nakgi - bokum was horrible .,['nakgi - bokum'],['General'],['negative'],['nakgi - bokum'],[False],1,False,False
semeval16_train_01566,semeval16,train,easily the worst stir - fried squid i 've ever tasted .,['stir - fried squid'],['General'],['negative'],['stir - fried squid'],[False],1,False,False
semeval16_train_01567,semeval16,train,the sauce tasted more like chinese fast food than decent korean .,['sauce'],['General'],['negative'],['sauce'],[False],1,False,False
semeval16_train_01568,semeval16,train,"the side dishes were passable , and i did get a refill upon request .",['side dishes'],['General'],['neutral'],['side dishes'],[False],1,False,False
semeval16_train_01569,semeval16,train,the real problem i had with this place was the complete lack of service .,['service'],['Service'],['negative'],['service'],[False],1,False,False
semeval16_train_01570,semeval16,train,my wife had barely touched that mess of a dish .,['dish'],['General'],['negative'],['dish'],[False],1,False,False
semeval16_train_01571,semeval16,train,the wife had the risotto which was amazing .,['risotto'],['General'],['positive'],['risotto'],[False],1,False,False
semeval16_train_01572,semeval16,train,the farro salad and the mashed yukon potatoes were also extremely tasty .,['farro salad'],['General'],['positive'],['farro salad'],[False],1,False,False
semeval16_train_01573,semeval16,train,the farro salad and the mashed yukon potatoes were also extremely tasty .,['mashed yukon potatoes'],['General'],['positive'],['mashed yukon potatoes'],[False],1,False,False
semeval16_train_01574,semeval16,train,i love margherita pizza – i looove east village pizza,['east village pizza'],['General'],['positive'],['east village pizza'],[False],1,False,False
semeval16_train_01575,semeval16,train,i love margherita pizza – i looove east village pizza,['margherita pizza'],['General'],['positive'],['margherita pizza'],[False],1,False,False
semeval16_train_01576,semeval16,train,"love this place , every time we are in the city this is one of the places we always go .",['place'],['General'],['positive'],['place'],[False],1,False,False
semeval16_train_01577,semeval16,train,a quintessential slice of nyc pizza .,['slice of nyc pizza'],['General'],['neutral'],['slice of nyc pizza'],[False],1,False,False
semeval16_train_01578,semeval16,train,"the crust has a great bite and a good chew , the sauce is light with a nice acidity to it , the salt from the cheese is great , really heightens the flavor of all the other components .",['crust'],['General'],['positive'],['crust'],[False],1,False,False
semeval16_train_01579,semeval16,train,"the crust has a great bite and a good chew , the sauce is light with a nice acidity to it , the salt from the cheese is great , really heightens the flavor of all the other components .",['sauce'],['General'],['positive'],['sauce'],[False],1,False,False
semeval16_train_01580,semeval16,train,"the crust has a great bite and a good chew , the sauce is light with a nice acidity to it , the salt from the cheese is great , really heightens the flavor of all the other components .",['cheese'],['General'],['positive'],['cheese'],[False],1,False,False
semeval16_train_01581,semeval16,train,"personally i like the margherita pizza better , but they are all good .",['margherita pizza'],['General'],['positive'],['margherita pizza'],[False],1,False,False
semeval16_train_01582,semeval16,train,possibly the most romantic restaurant in the city,['restaurant'],['General'],['positive'],['restaurant'],[False],1,False,False
semeval16_train_01583,semeval16,train,"this is undoubtedly my favorite modern japanese brasserie ( that do n’t serve sushi ) , and in my opinion , one of the most romantic restaurants in the city !",['modern japanese brasserie'],['General'],['positive'],['modern japanese brasserie'],[False],1,False,False
semeval16_train_01584,semeval16,train,"not only is it an adventure getting to this somewhat hidden spot , once you enter the unmarked wooden doors , the zen and intimate décor will make you feel like you ’re no longer in the city .",['spot'],['General'],['neutral'],['spot'],[False],1,False,False
semeval16_train_01585,semeval16,train,"not only is it an adventure getting to this somewhat hidden spot , once you enter the unmarked wooden doors , the zen and intimate décor will make you feel like you ’re no longer in the city .",['unmarked wooden doors'],['General'],['positive'],['unmarked wooden doors'],[False],1,False,False
semeval16_train_01586,semeval16,train,"not only is it an adventure getting to this somewhat hidden spot , once you enter the unmarked wooden doors , the zen and intimate décor will make you feel like you ’re no longer in the city .",['décor'],['General'],['positive'],['décor'],[False],1,False,False
semeval16_train_01587,semeval16,train,"if you ’re planning to come here , make sure that your date is someone whom you really like since you ’ll be ushered to private booths where there will be no people or food watching ( choose the ones on the ground level that have glass ceilings so you may see the stars in the sky ! ) .",['private booths'],['General'],['positive'],['private booths'],[False],1,False,False
semeval16_train_01588,semeval16,train,"if you ’re planning to come here , make sure that your date is someone whom you really like since you ’ll be ushered to private booths where there will be no people or food watching ( choose the ones on the ground level that have glass ceilings so you may see the stars in the sky ! ) .",['glass ceilings'],['General'],['positive'],['glass ceilings'],[False],1,False,False
semeval16_train_01589,semeval16,train,it ’s just you and your date and an occasional cute ‘ excuse me’ before the waiter opens the little curtain to your booth !,['waiter'],['General'],['positive'],['waiter'],[False],1,False,False
semeval16_train_01590,semeval16,train,"my party had the bbe $ 29 fixe prix menu , which was such a wonderful deal since it also came with a flight of sake !",['bbe $ 29 fixe prix menu'],['General'],['positive'],['bbe $ 29 fixe prix menu'],[False],1,False,False
semeval16_train_01591,semeval16,train,we started off with a delightful sashimi amuse bouche .,['sashimi amuse bouche'],['General'],['positive'],['sashimi amuse bouche'],[False],1,False,False
semeval16_train_01592,semeval16,train,"i picked the grilled black cod as my entree , which i absolutely devoured while someone commented that the grilled salmon dish was better .",['grilled black cod'],['General'],['positive'],['grilled black cod'],[False],1,False,False
semeval16_train_01593,semeval16,train,"i picked the grilled black cod as my entree , which i absolutely devoured while someone commented that the grilled salmon dish was better .",['grilled salmon dish'],['General'],['positive'],['grilled salmon dish'],[False],1,False,False
semeval16_train_01594,semeval16,train,the sake ’s complimented the courses very well and is successfully easing me into the sake world .,['sake ’s'],['General'],['positive'],['sake ’s'],[False],1,False,False
semeval16_train_01595,semeval16,train,"for desserts , we tried the frozen black sesame mousse ( interesting but not extraordinary ) and matcha ( powdered green tea ) and blueberry cheesecake , which was phenomenal .",['frozen black sesame mousse'],['General'],['neutral'],['frozen black sesame mousse'],[False],1,False,False
semeval16_train_01596,semeval16,train,"for desserts , we tried the frozen black sesame mousse ( interesting but not extraordinary ) and matcha ( powdered green tea ) and blueberry cheesecake , which was phenomenal .",['matcha ( powdered green tea ) and blueberry cheesecake'],['General'],['positive'],['matcha ( powdered green tea ) and blueberry cheesecake'],[False],1,False,False
semeval16_train_01597,semeval16,train,"maybe it was the great company ( i had friends visiting from philly – yes , it was not a date this time ) or the super reasonable price point , but i just ca n’t say enough good things about this brasserie .",['brasserie'],['General'],['positive'],['brasserie'],[False],1,False,False
semeval16_train_01598,semeval16,train,"i do n’t usually visit the same establishment more than once , what more twice , but i ’ll come to zenkichi anytime for a quiet , unhurried and memorable dinner .",['zenkichi'],['General'],['positive'],['zenkichi'],[False],1,False,False
semeval16_train_01599,semeval16,train,"the service leaves much to be desired , from feeling like you are rushed the place your order , to being ignored the rest of the night .",['service'],['Service'],['negative'],['service'],[False],1,False,False
semeval16_train_01600,semeval16,train,"they are extremely rude , not even apologizing for the horrible service we got and handing us a bill well over $ 500 for some drinks adn their pita bread !",['service'],['Service'],['negative'],['service'],[False],1,False,False
semeval16_train_01601,semeval16,train,"they are extremely rude , not even apologizing for the horrible service we got and handing us a bill well over $ 500 for some drinks adn their pita bread !",['drinks'],['Food'],['negative'],['drinks'],[False],1,False,False
semeval16_train_01602,semeval16,train,"they are extremely rude , not even apologizing for the horrible service we got and handing us a bill well over $ 500 for some drinks adn their pita bread !",['pita bread'],['General'],['negative'],['pita bread'],[False],1,False,False
semeval16_train_01603,semeval16,train,great shabu shabu,['shabu shabu'],['General'],['positive'],['shabu shabu'],[False],1,False,False
semeval16_train_01604,semeval16,train,i tried a couple other dishes but was n't too impressed .,['dishes'],['General'],['neutral'],['dishes'],[False],1,False,False
semeval16_train_01605,semeval16,train,"but for the shabu shabu , you wo n't find much better in ny .",['shabu shabu'],['General'],['positive'],['shabu shabu'],[False],1,False,False
semeval16_train_01606,semeval16,train,"the meat is fresh , the sauces are great , you get kimchi and a salad free with your meal and service is good too .",['meat'],['General'],['positive'],['meat'],[False],1,False,False
semeval16_train_01607,semeval16,train,"the meat is fresh , the sauces are great , you get kimchi and a salad free with your meal and service is good too .",['sauces'],['General'],['positive'],['sauces'],[False],1,False,False
semeval16_train_01608,semeval16,train,"the meat is fresh , the sauces are great , you get kimchi and a salad free with your meal and service is good too .",['service'],['Service'],['positive'],['service'],[False],1,False,False
semeval16_train_01609,semeval16,train,"the meat is fresh , the sauces are great , you get kimchi and a salad free with your meal and service is good too .",['meal'],['General'],['positive'],['meal'],[False],1,False,False
semeval16_train_01610,semeval16,train,"the meat is fresh , the sauces are great , you get kimchi and a salad free with your meal and service is good too .",['kimchi'],['General'],['positive'],['kimchi'],[False],1,False,False
semeval16_train_01611,semeval16,train,"the meat is fresh , the sauces are great , you get kimchi and a salad free with your meal and service is good too .",['salad'],['General'],['positive'],['salad'],[False],1,False,False
semeval16_train_01612,semeval16,train,dokebi gives williamsburg the right one - two punch of classic korean food and fusion twists like pork belly tacos .,['korean food'],['General'],['positive'],['korean food'],[False],1,False,False
semeval16_train_01613,semeval16,train,dokebi gives williamsburg the right one - two punch of classic korean food and fusion twists like pork belly tacos .,['fusion twists'],['General'],['positive'],['fusion twists'],[False],1,False,False
semeval16_train_01614,semeval16,train,dokebi gives williamsburg the right one - two punch of classic korean food and fusion twists like pork belly tacos .,['pork belly tacos'],['General'],['positive'],['pork belly tacos'],[False],1,False,False
semeval16_train_01615,semeval16,train,"the hot dogs are good , yes , but the reason to get over here is the fantastic pork croquette sandwich , perfect on its supermarket squishy bun .",['hot dogs'],['General'],['positive'],['hot dogs'],[False],1,False,False
semeval16_train_01616,semeval16,train,"the hot dogs are good , yes , but the reason to get over here is the fantastic pork croquette sandwich , perfect on its supermarket squishy bun .",['pork croquette sandwich'],['General'],['positive'],['pork croquette sandwich'],[False],1,False,False
semeval16_train_01617,semeval16,train,"the hot dogs are good , yes , but the reason to get over here is the fantastic pork croquette sandwich , perfect on its supermarket squishy bun .",['bun'],['General'],['positive'],['bun'],[False],1,False,False
semeval16_train_01618,semeval16,train,restaurant with a view,['view'],['General'],['neutral'],['view'],[False],1,False,False
semeval16_train_01619,semeval16,train,the food tasted very good .,['food'],['Food'],['positive'],['food'],[False],1,False,False
semeval16_train_01620,semeval16,train,the family seafood entree was very good .,['family seafood entree'],['General'],['positive'],['family seafood entree'],[False],1,False,False
semeval16_train_01621,semeval16,train,the main entree was also very good .,['main entree'],['General'],['positive'],['main entree'],[False],1,False,False
semeval16_train_01622,semeval16,train,"price is high but the food is good , so i would come back again .",['food'],['Food'],['positive'],['food'],[False],1,False,False
semeval16_train_01623,semeval16,train,this place does n't make any sense,['place'],['General'],['negative'],['place'],[False],1,False,False
semeval16_train_01624,semeval16,train,"this place has totally weird decor , stairs going up with mirrored walls - i am surprised how no one yet broke their head or fall off the stairs - mirrored walls make you dizzy and delusional ...",['decor'],['General'],['negative'],['decor'],[False],1,False,False
semeval16_train_01625,semeval16,train,"this place has totally weird decor , stairs going up with mirrored walls - i am surprised how no one yet broke their head or fall off the stairs - mirrored walls make you dizzy and delusional ...",['mirrored walls'],['General'],['negative'],['mirrored walls'],[False],1,False,False
semeval16_train_01626,semeval16,train,this place is not inviting and the food is totally weird .,['place'],['General'],['negative'],['place'],[False],1,False,False
semeval16_train_01627,semeval16,train,this place is not inviting and the food is totally weird .,['food'],['Food'],['negative'],['food'],[False],1,False,False
semeval16_train_01628,semeval16,train,the concept of japanese tapas is newly created and clearly does n't work .,['japanese tapas'],['General'],['negative'],['japanese tapas'],[False],1,False,False
semeval16_train_01629,semeval16,train,"the food they serve is not comforting , not appetizing and uncooked .",['food'],['Food'],['negative'],['food'],[False],1,False,False
semeval16_train_01630,semeval16,train,good food,['food'],['Food'],['positive'],['food'],[False],1,False,False
semeval16_train_01631,semeval16,train,"the food was great and tasty , but the sitting space was too small , i do n't like being cramp in a corner .",['food'],['Food'],['positive'],['food'],[False],1,False,False
semeval16_train_01632,semeval16,train,"the food was great and tasty , but the sitting space was too small , i do n't like being cramp in a corner .",['sitting space'],['General'],['negative'],['sitting space'],[False],1,False,False
semeval16_train_01633,semeval16,train,over all it was a very nice romantic place .,['place'],['General'],['positive'],['place'],[False],1,False,False
semeval16_train_01634,semeval16,train,a coworker and i tried pacifico after work a few fridays and loved it .,['pacifico'],['General'],['positive'],['pacifico'],[False],1,False,False
semeval16_train_01635,semeval16,train,the atmosphere was great .,['atmosphere'],['General'],['positive'],['atmosphere'],[False],1,False,False
semeval16_train_01636,semeval16,train,"the food we ordered was excellent , although i would n't say the margaritas were anything to write home about .",['food'],['Food'],['positive'],['food'],[False],1,False,False
semeval16_train_01637,semeval16,train,"the food we ordered was excellent , although i would n't say the margaritas were anything to write home about .",['margaritas'],['General'],['neutral'],['margaritas'],[False],1,False,False
semeval16_train_01638,semeval16,train,"our waitress was n't mean , but not especially warm or attentive either .",['waitress'],['General'],['neutral'],['waitress'],[False],1,False,False
semeval16_train_01639,semeval16,train,"i must say i am surprised by the bad reviews of the restaurant earlier in the year , though .",['restaurant'],['General'],['positive'],['restaurant'],[False],1,False,False
semeval16_train_01640,semeval16,train,"regardless , we 'll be back and ca n't wait to visit in the summer to take advantage of the patio .",['patio'],['General'],['positive'],['patio'],[False],1,False,False
semeval16_train_01641,semeval16,train,the servers at flatbush farm appear to have perfected that ghastly technique of making you feel guilty and ashamed for deigning to attract their attention .,['servers'],['General'],['negative'],['servers'],[False],1,False,False
semeval16_train_01642,semeval16,train,"a different server enhanced the fun , dumping our entrees in front of us halfway through our appetizer ( which was delicious ) .",['server'],['General'],['negative'],['server'],[False],1,False,False
semeval16_train_01643,semeval16,train,"a different server enhanced the fun , dumping our entrees in front of us halfway through our appetizer ( which was delicious ) .",['appetizer'],['General'],['positive'],['appetizer'],[False],1,False,False
semeval16_train_01644,semeval16,train,"overall the food quality was pretty good , though i hear the salmon is much better when it has n't sat cooling in front of the guest .",['food'],['Food'],['positive'],['food'],[False],1,False,False
semeval16_train_01645,semeval16,train,"the place has a nice fit - out , some attractive furnishings and , from what i could tell , a reasonable wine list ( i was given the food menu when i asked for the carte des vins )",['fit - out'],['General'],['positive'],['fit - out'],[False],1,False,False
semeval16_train_01646,semeval16,train,"the place has a nice fit - out , some attractive furnishings and , from what i could tell , a reasonable wine list ( i was given the food menu when i asked for the carte des vins )",['furnishings'],['General'],['positive'],['furnishings'],[False],1,False,False
semeval16_train_01647,semeval16,train,"the place has a nice fit - out , some attractive furnishings and , from what i could tell , a reasonable wine list ( i was given the food menu when i asked for the carte des vins )",['wine list'],['General'],['positive'],['wine list'],[False],1,False,False
semeval16_train_01648,semeval16,train,how is this palce still open ?,['palce'],['General'],['negative'],['palce'],[False],1,False,False
semeval16_train_01649,semeval16,train,everything was going good until we got our meals .,['meals'],['General'],['negative'],['meals'],[False],1,False,False
semeval16_train_01650,semeval16,train,i took one look at the chicken and i was appalled .,['chicken'],['General'],['negative'],['chicken'],[False],1,False,False
semeval16_train_01651,semeval16,train,"it was served with skin , over a bed of extremely undercooked spinach and mashed potatoes .",['spinach'],['General'],['negative'],['spinach'],[False],1,False,False
semeval16_train_01652,semeval16,train,"i took one bite from the $ 24 salmon , and i have never , in the 17 years i have been going to restaurants tasted salmon as fishy , as dry , and as bland as the one in flatbush farms .",['salmon'],['General'],['negative'],['salmon'],[False],1,False,False
semeval16_train_01653,semeval16,train,"at this point , the waitress comes over and asks us if everything was okay , i was literally so shocked that i was speechless and did n't say anything , and guess what , the waitress walked away .",['waitress'],['General'],['negative'],['waitress'],[False],1,False,False
semeval16_train_01654,semeval16,train,"so , i switch with my boyfriend again to see if maybe i could stomach the meat and spinach again , but the spinach was so undercooked that i just could not bite through it .",['spinach'],['General'],['negative'],['spinach'],[False],1,False,False
semeval16_train_01655,semeval16,train,"this is where it really really gets bad : the manager said , there is absolutely nothing we can do , it 's a matter of taste that she did n't like it , and i can not comp it .",['manager'],['General'],['negative'],['manager'],[False],1,False,False
semeval16_train_01656,semeval16,train,"the manager came to the table and said we can do what we want , so we paid for what we did enjoy , the drinks and appetizers , and walked out .",['manager'],['General'],['negative'],['manager'],[False],1,False,False
semeval16_train_01657,semeval16,train,"the manager came to the table and said we can do what we want , so we paid for what we did enjoy , the drinks and appetizers , and walked out .",['drinks'],['Food'],['positive'],['drinks'],[False],1,False,False
semeval16_train_01658,semeval16,train,"the manager came to the table and said we can do what we want , so we paid for what we did enjoy , the drinks and appetizers , and walked out .",['appetizers'],['General'],['positive'],['appetizers'],[False],1,False,False
semeval16_train_01659,semeval16,train,this staff should be fired .,['staff'],['Service'],['negative'],['staff'],[False],1,False,False
semeval16_train_01660,semeval16,train,cirspy crust margherita pizza,['margherita pizza'],['General'],['positive'],['margherita pizza'],[False],1,False,False
semeval16_train_01661,semeval16,train,it was really good pizza .,['pizza'],['General'],['positive'],['pizza'],[False],1,False,False
semeval16_train_01662,semeval16,train,the crust was imazingly cooked well and pizza was fully loaded : ) : ) : ),['crust'],['General'],['positive'],['crust'],[False],1,False,False
semeval16_train_01663,semeval16,train,the crust was imazingly cooked well and pizza was fully loaded : ) : ) : ),['pizza'],['General'],['positive'],['pizza'],[False],1,False,False
semeval16_train_01664,semeval16,train,single worst restaurant in manhattan,['restaurant'],['General'],['negative'],['restaurant'],[False],1,False,False
semeval16_train_01665,semeval16,train,"i 'll being with a couple of positives : cool decor , good pita and hummus , and grilled octopus that was actually pretty tasty .",['decor'],['General'],['positive'],['decor'],[False],1,False,False
semeval16_train_01666,semeval16,train,"i 'll being with a couple of positives : cool decor , good pita and hummus , and grilled octopus that was actually pretty tasty .",['pita'],['General'],['positive'],['pita'],[False],1,False,False
semeval16_train_01667,semeval16,train,"i 'll being with a couple of positives : cool decor , good pita and hummus , and grilled octopus that was actually pretty tasty .",['hummus'],['General'],['positive'],['hummus'],[False],1,False,False
semeval16_train_01668,semeval16,train,"i 'll being with a couple of positives : cool decor , good pita and hummus , and grilled octopus that was actually pretty tasty .",['grilled octopus'],['General'],['positive'],['grilled octopus'],[False],1,False,False
semeval16_train_01669,semeval16,train,if i could give 0 stars i would do so for this place .,['place'],['General'],['negative'],['place'],[False],1,False,False
semeval16_train_01670,semeval16,train,this place ... god where do i begin .,['place'],['General'],['negative'],['place'],[False],1,False,False
semeval16_train_01671,semeval16,train,it is quite a spectacular scene i 'll give them that .,['scene'],['General'],['positive'],['scene'],[False],1,False,False
semeval16_train_01672,semeval16,train,the decor however seems to be the distraction so you wo n't notice that you just payed 300 bucks for some cold eggplant that took 2 frickin hours to come ! ! ! !,['decor'],['General'],['neutral'],['decor'],[False],1,False,False
semeval16_train_01673,semeval16,train,the decor however seems to be the distraction so you wo n't notice that you just payed 300 bucks for some cold eggplant that took 2 frickin hours to come ! ! ! !,['eggplant'],['General'],['negative'],['eggplant'],[False],1,False,False
semeval16_train_01674,semeval16,train,"how this place survives the competitive west village market in this economy , or any other for that matter , is beyond me .",['place'],['General'],['negative'],['place'],[False],1,False,False
semeval16_train_01675,semeval16,train,great hot dogs !,['hot dogs'],['General'],['positive'],['hot dogs'],[False],1,False,False
semeval16_train_01676,semeval16,train,"though it 's been crowded most times i 've gone here , bark always delivers on their food .",['food'],['Food'],['positive'],['food'],[False],1,False,False
semeval16_train_01677,semeval16,train,"though it 's been crowded most times i 've gone here , bark always delivers on their food .",['bark'],['General'],['neutral'],['bark'],[False],1,False,False
semeval16_train_01678,semeval16,train,"the hot dogs are top notch , and they 're slamwich is amazing !",['hot dogs'],['General'],['positive'],['hot dogs'],[False],1,False,False
semeval16_train_01679,semeval16,train,"the hot dogs are top notch , and they 're slamwich is amazing !",['slamwich'],['General'],['positive'],['slamwich'],[False],1,False,False
semeval16_train_01680,semeval16,train,"going to bark is always worth the train ride , and will make your tongue and belly very happy !",['bark'],['General'],['positive'],['bark'],[False],1,False,False
semeval16_train_01681,semeval16,train,only complaint is the pricing -- i believe it would be more reasonable to pay a dollar less on each item listed on the menu .,['menu'],['General'],['negative'],['menu'],[False],1,False,False
semeval16_train_01682,semeval16,train,"but nonetheless -- great spot , great food .",['spot'],['General'],['positive'],['spot'],[False],1,False,False
semeval16_train_01683,semeval16,train,"but nonetheless -- great spot , great food .",['food'],['Food'],['positive'],['food'],[False],1,False,False
semeval16_train_01684,semeval16,train,fabulous food - if the front of house staff do n't put you off –,['food'],['Food'],['positive'],['food'],[False],1,False,False
semeval16_train_01685,semeval16,train,fabulous food - if the front of house staff do n't put you off –,['front of house staff'],['General'],['negative'],['front of house staff'],[False],1,False,False
semeval16_train_01686,semeval16,train,"each time we 've been , the front of house staff ( not the waiters - they 're fantastic - but the people who greet and seat you ) has been so hideous to us that were it not for the exceptional fish dishes i would never return .",['waiters'],['General'],['positive'],['waiters'],[False],1,False,False
semeval16_train_01687,semeval16,train,"each time we 've been , the front of house staff ( not the waiters - they 're fantastic - but the people who greet and seat you ) has been so hideous to us that were it not for the exceptional fish dishes i would never return .",['front of house staff'],['General'],['negative'],['front of house staff'],[False],1,False,False
semeval16_train_01688,semeval16,train,"each time we 've been , the front of house staff ( not the waiters - they 're fantastic - but the people who greet and seat you ) has been so hideous to us that were it not for the exceptional fish dishes i would never return .",['fish dishes'],['General'],['positive'],['fish dishes'],[False],1,False,False
semeval16_train_01689,semeval16,train,"as bfc does n't take reservations you almost always have to wait by the bar - and be abused by the front of house staff until you are seated , which can be over an hour later !",['bfc'],['General'],['negative'],['bfc'],[False],1,False,False
semeval16_train_01690,semeval16,train,"as bfc does n't take reservations you almost always have to wait by the bar - and be abused by the front of house staff until you are seated , which can be over an hour later !",['front of house staff'],['General'],['negative'],['front of house staff'],[False],1,False,False
semeval16_train_01691,semeval16,train,the frizzy retro girl ( with winged/ dame edna glasses ) will yell at you if you try to order a drink .,['girl'],['General'],['negative'],['girl'],[False],1,False,False
semeval16_train_01692,semeval16,train,i 'd be horrified if my staff were turning away customers so early and so rudely !,['staff'],['Service'],['negative'],['staff'],[False],1,False,False
semeval16_train_01693,semeval16,train,"there 's another girl who i ca n't describe , she is about 5'6 "" with brown hair , who eavesdrops on your conversation and chimes in - except she only hears the last part of what you said , so her uninvited opinions are often out of context and nothing to do with what you 're * really * talking about .",['girl'],['General'],['negative'],['girl'],[False],1,False,False
semeval16_train_01694,semeval16,train,"considering you will spend at least $ 60 a head , i expect better service .",['service'],['Service'],['negative'],['service'],[False],1,False,False
semeval16_train_01695,semeval16,train,"maitre - d -""eat and get out """,['maitre - d'],['General'],['negative'],['maitre - d'],[False],1,False,False
semeval16_train_01696,semeval16,train,"the food and service were fine , however the maitre - d was incredibly unwelcoming and arrogant .",['food'],['Food'],['positive'],['food'],[False],1,False,False
semeval16_train_01697,semeval16,train,"the food and service were fine , however the maitre - d was incredibly unwelcoming and arrogant .",['service'],['Service'],['positive'],['service'],[False],1,False,False
semeval16_train_01698,semeval16,train,"the food and service were fine , however the maitre - d was incredibly unwelcoming and arrogant .",['maitre - d'],['General'],['negative'],['maitre - d'],[False],1,False,False
semeval16_train_01699,semeval16,train,"while finishing our meals which included a high - end bottle of wine , our son 's fiance joined us for a glass of wine and dessert .",['bottle of wine'],['General'],['positive'],['bottle of wine'],[False],1,False,False
semeval16_train_01700,semeval16,train,"this guy refused to seat her and she left , followed shortly by the four of us , but not before i told him that in my 40 years of world travel , including paris , that i had never seen such a display of bad behavior by a frontman in a restaurant .",['frontman'],['General'],['negative'],['frontman'],[False],1,False,False
semeval16_train_01701,semeval16,train,"a word to the wise : you ca n't dine here and disturb the maitre - d 's sense of "" table turnover "" , as whacked as it is , or else .",['maitre - d'],['General'],['negative'],['maitre - d'],[False],1,False,False
semeval16_train_01702,semeval16,train,best meal in a long time !,['meal'],['General'],['positive'],['meal'],[False],1,False,False
semeval16_train_01703,semeval16,train,mussles and calamari were superb saturday evening .,['mussles'],['General'],['positive'],['mussles'],[False],1,False,False
semeval16_train_01704,semeval16,train,mussles and calamari were superb saturday evening .,['calamari'],['General'],['positive'],['calamari'],[False],1,False,False
semeval16_train_01705,semeval16,train,i had the lamb special which was perfect .,['lamb special'],['General'],['positive'],['lamb special'],[False],1,False,False
semeval16_train_01706,semeval16,train,"my father had the flank steak which was very good , and my mother had the swordfish .",['flank steak'],['General'],['positive'],['flank steak'],[False],1,False,False
semeval16_train_01707,semeval16,train,the four seasons restaurant is a great experience .,['the four seasons restaurant'],['General'],['positive'],['the four seasons restaurant'],[False],1,False,False
semeval16_train_01708,semeval16,train,the food is great and the environment is even better .,['food'],['Food'],['positive'],['food'],[False],1,False,False
semeval16_train_01709,semeval16,train,the food is great and the environment is even better .,['environment'],['General'],['positive'],['environment'],[False],1,False,False
semeval16_train_01710,semeval16,train,taking hot dogs to the next level,['hot dogs'],['General'],['positive'],['hot dogs'],[False],1,False,False
semeval16_train_01711,semeval16,train,"at first glance this place seems a bit pricey for a hot dog joint , but at bark you do n't just get your average hot dog .",['bark'],['General'],['negative'],['bark'],[False],1,False,False
semeval16_train_01712,semeval16,train,"at first glance this place seems a bit pricey for a hot dog joint , but at bark you do n't just get your average hot dog.",['hot dog'],['General'],['positive'],['hot dog'],[False],1,False,False
semeval16_train_01713,semeval16,train,here the hot dog is elevated to the level of a real entree with numerous variations available .,['hot dog'],['General'],['positive'],['hot dog'],[False],1,False,False
semeval16_train_01714,semeval16,train,great atmosphere,['atmosphere'],['General'],['positive'],['atmosphere'],[False],1,False,False
semeval16_train_01715,semeval16,train,"i highly recommend the fish tacos , everything else was ok .",['fish tacos'],['General'],['positive'],['fish tacos'],[False],1,False,False
semeval16_train_01716,semeval16,train,"cool atmosphere , the fire place in the back really ads to it but needs a bit more heat throughout on a cold night .",['atmosphere'],['General'],['positive'],['atmosphere'],[False],1,False,False
semeval16_train_01717,semeval16,train,"cool atmosphere , the fire place in the back really ads to it but needs a bit more heat throughout on a cold night .",['fire place'],['General'],['positive'],['fire place'],[False],1,False,False
semeval16_train_01718,semeval16,train,poor service and management,['service'],['Service'],['negative'],['service'],[False],1,False,False
semeval16_train_01719,semeval16,train,poor service and management,['management'],['General'],['negative'],['management'],[False],1,False,False
semeval16_train_01720,semeval16,train,do n’t go to this place !,['place'],['General'],['negative'],['place'],[False],1,False,False
semeval16_train_01721,semeval16,train,had an awful experience at casa la femme on a saturday dinner .,['casa la femme'],['General'],['negative'],['casa la femme'],[False],1,False,False
semeval16_train_01722,semeval16,train,the manager was rude and handled the situation extremely poorly .,['manager'],['General'],['negative'],['manager'],[False],1,False,False
semeval16_train_01723,semeval16,train,ca n’t believe how an expensive nyc restaurant can be so disrespectful to its clients .,['restaurant'],['General'],['negative'],['restaurant'],[False],1,False,False
semeval16_train_01724,semeval16,train,"the food is very good , but not outstanding .",['food'],['Food'],['neutral'],['food'],[False],1,False,False
semeval16_train_01725,semeval16,train,"there is no way it justifies the accolades it receives , the attitude of the staff or the wait for a table .",['staff'],['Service'],['negative'],['staff'],[False],1,False,False
semeval16_train_01726,semeval16,train,"there is no way it justifies the accolades it receives , the attitude of the staff or the wait for a table .",['wait'],['General'],['negative'],['wait'],[False],1,False,False
semeval16_train_01727,semeval16,train,"mistakes happen , but they are usually accompanied by an apology , perhaps even a glass of wine ... but not the grunt that we received from the al di la staff .",['staff'],['Service'],['negative'],['staff'],[False],1,False,False
semeval16_train_01728,semeval16,train,"the bread was stale , the salad was overpriced and empty .",['bread'],['General'],['negative'],['bread'],[False],1,False,False
semeval16_train_01729,semeval16,train,"the bread was stale , the salad was overpriced and empty .",['salad'],['General'],['negative'],['salad'],[False],1,False,False
semeval16_train_01730,semeval16,train,"the pasta was well cooked , did n't have enough sauce though or flavor .",['pasta'],['General'],['positive'],['pasta'],[False],1,False,False
semeval16_train_01731,semeval16,train,the hostess was rude and i got a distinct feeling that they did not want to serve us .,['hostess'],['General'],['negative'],['hostess'],[False],1,False,False
semeval16_train_01732,semeval16,train,the only thing that my friend left out is that when we sat down at the bar the bartender disappeared .,['bartender'],['General'],['negative'],['bartender'],[False],1,False,False
semeval16_train_01733,semeval16,train,i asked for a menu and the same waitress looked at my like i was insane .,['waitress'],['General'],['negative'],['waitress'],[False],1,False,False
semeval16_train_01734,semeval16,train,"i was shocked that my friends wanted to stay after the waitress said , "" can i help you "" and "" how many are in your party . """,['waitress'],['General'],['negative'],['waitress'],[False],1,False,False
semeval16_train_01735,semeval16,train,shame on this place for the horrible rude staff and non - existent customer service .,['staff'],['Service'],['negative'],['staff'],[False],1,False,False
semeval16_train_01736,semeval16,train,shame on this place for the horrible rude staff and non - existent customer service .,['customer service'],['General'],['negative'],['customer service'],[False],1,False,False
semeval16_train_01737,semeval16,train,bad staff,['staff'],['Service'],['negative'],['staff'],[False],1,False,False
semeval16_train_01738,semeval16,train,i generally like this place .,['place'],['General'],['positive'],['place'],[False],1,False,False
semeval16_train_01739,semeval16,train,the food is good .,['food'],['Food'],['positive'],['food'],[False],1,False,False
semeval16_train_01740,semeval16,train,the design of the space is good .,['space'],['General'],['positive'],['space'],[False],1,False,False
semeval16_train_01741,semeval16,train,but the service is horrid !,['service'],['Service'],['negative'],['service'],[False],1,False,False
semeval16_train_01742,semeval16,train,"i was there for brunch recently , and we were tag teamed by a waitress and a waiter .",['waitress'],['General'],['negative'],['waitress'],[False],1,False,False
semeval16_train_01743,semeval16,train,"i was there for brunch recently , and we were tag teamed by a waitress and a waiter .",['waiter'],['General'],['negative'],['waiter'],[False],1,False,False
semeval16_train_01744,semeval16,train,the waiter delivered our food while holding what appeared to be a plastic bag of garbage in one hand .,['waiter'],['General'],['negative'],['waiter'],[False],1,False,False
semeval16_train_01745,semeval16,train,"the waitress came to check in on us every few minutes , and began to clear the plates while half of us were still eating ( a big pet peeve of mine that happens almost everywhere , so i try to ignore it ) .",['waitress'],['General'],['negative'],['waitress'],[False],1,False,False
