sample_id,source,split,text,categories_fine,categories_coarse,sentiments,aspect_terms,is_implicit_flags,num_aspects,has_implicit,has_conflict
semeval14_train_00000,semeval14,train,But the staff was so horrible to us .,['staff'],['Service'],['negative'],['staff'],[False],1,False,False
semeval14_train_00001,semeval14,train,"To be completely fair , the only redeeming factor was the food , which was above average , but could n't make up for all the other deficiencies of Teodora .",['food'],['Food'],['positive'],['food'],[False],1,False,False
semeval14_train_00002,semeval14,train,"The food is uniformly exceptional , with a very capable kitchen which will proudly whip up whatever you feel like eating , whether it 's on the menu or not .",['food'],['Food'],['positive'],['food'],[False],1,False,False
semeval14_train_00003,semeval14,train,"The food is uniformly exceptional , with a very capable kitchen which will proudly whip up whatever you feel like eating , whether it 's on the menu or not .",['kitchen'],['General'],['positive'],['kitchen'],[False],1,False,False
semeval14_train_00004,semeval14,train,"The food is uniformly exceptional , with a very capable kitchen which will proudly whip up whatever you feel like eating , whether it 's on the menu or not .",['menu'],['General'],['neutral'],['menu'],[False],1,False,False
semeval14_train_00005,semeval14,train,"Not only was the food outstanding , but the little ` perks ' were great .",['food'],['Food'],['positive'],['food'],[False],1,False,False
semeval14_train_00006,semeval14,train,"Not only was the food outstanding , but the little ' perks ' were great .",['perks'],['General'],['positive'],['perks'],[False],1,False,False
semeval14_train_00007,semeval14,train,Our agreed favorite is the orrechiete with sausage and chicken -LRB- usually the waiters are kind enough to split the dish in half so you get to sample both meats -RRB- .,['orrechiete with sausage and chicken'],['General'],['positive'],['orrechiete with sausage and chicken'],[False],1,False,False
semeval14_train_00008,semeval14,train,Our agreed favorite is the orrechiete with sausage and chicken -LRB- usually the waiters are kind enough to split the dish in half so you get to sample both meats -RRB- .,['waiters'],['General'],['positive'],['waiters'],[False],1,False,False
semeval14_train_00009,semeval14,train,Our agreed favorite is the orrechiete with sausage and chicken -LRB- usually the waiters are kind enough to split the dish in half so you get to sample both meats -RRB- .,['meats'],['General'],['neutral'],['meats'],[False],1,False,False
semeval14_train_00010,semeval14,train,Our agreed favorite is the orrechiete with sausage and chicken -LRB- usually the waiters are kind enough to split the dish in half so you get to sample both meats -RRB- .,['dish'],['General'],['neutral'],['dish'],[False],1,False,False
semeval14_train_00011,semeval14,train,"The Bagels have an outstanding taste with a terrific texture , both chewy yet not gummy .",['bagels'],['General'],['positive'],['Bagels'],[False],1,False,False
semeval14_train_00012,semeval14,train,Nevertheless the food itself is pretty good .,['food'],['Food'],['positive'],['food'],[False],1,False,False
semeval14_train_00013,semeval14,train,"i 've noticed megadeth , mr. scruff , st. germain , traditional vietnamese songs , black sabbath , jay-z , and daft punk all being played .",['songs'],['General'],['neutral'],['songs'],[False],1,False,False
semeval14_train_00014,semeval14,train,"They did not have mayonnaise , forgot our toast , left out ingredients -LRB- ie cheese in an omelet -RRB- , below hot temperatures and the bacon was so over cooked it crumbled on the plate when you touched it .",['toast'],['General'],['negative'],['toast'],[False],1,False,False
semeval14_train_00015,semeval14,train,"They did not have mayonnaise , forgot our toast , left out ingredients -LRB- ie cheese in an omelet -RRB- , below hot temperatures and the bacon was so over cooked it crumbled on the plate when you touched it .",['mayonnaise'],['General'],['negative'],['mayonnaise'],[False],1,False,False
semeval14_train_00016,semeval14,train,"They did not have mayonnaise , forgot our toast , left out ingredients -LRB- ie cheese in an omelet -RRB- , below hot temperatures and the bacon was so over cooked it crumbled on the plate when you touched it .",['bacon'],['General'],['negative'],['bacon'],[False],1,False,False
semeval14_train_00017,semeval14,train,"They did not have mayonnaise , forgot our toast , left out ingredients -LRB- ie cheese in an omelet -RRB- , below hot temperatures and the bacon was so over cooked it crumbled on the plate when you touched it .",['cheese'],['General'],['neutral'],['cheese'],[False],1,False,False
semeval14_train_00018,semeval14,train,"They did not have mayonnaise , forgot our toast , left out ingredients -LRB- ie cheese in an omelet -RRB- , below hot temperatures and the bacon was so over cooked it crumbled on the plate when you touched it .",['ingredients'],['General'],['negative'],['ingredients'],[False],1,False,False
semeval14_train_00019,semeval14,train,"They did not have mayonnaise , forgot our toast , left out ingredients -LRB- ie cheese in an omelet -RRB- , below hot temperatures and the bacon was so over cooked it crumbled on the plate when you touched it .",['plate'],['General'],['neutral'],['plate'],[False],1,False,False
semeval14_train_00020,semeval14,train,"They did not have mayonnaise , forgot our toast , left out ingredients -LRB- ie cheese in an omelet -RRB- , below hot temperatures and the bacon was so over cooked it crumbled on the plate when you touched it .",['omelet'],['General'],['neutral'],['omelet'],[False],1,False,False
semeval14_train_00021,semeval14,train,"It took half an hour to get our check , which was perfect since we could sit , have drinks and talk !",['drinks'],['Food'],['neutral'],['drinks'],[False],1,False,False
semeval14_train_00022,semeval14,train,"It took half an hour to get our check , which was perfect since we could sit , have drinks and talk !",['check'],['General'],['neutral'],['check'],[False],1,False,False
semeval14_train_00023,semeval14,train,The design and atmosphere is just as good .,['design'],['General'],['positive'],['design'],[False],1,False,False
semeval14_train_00024,semeval14,train,The design and atmosphere is just as good .,['atmosphere'],['General'],['positive'],['atmosphere'],[False],1,False,False
semeval14_train_00025,semeval14,train,He has visited Thailand and is quite expert on the cuisine .,['cuisine'],['General'],['positive'],['cuisine'],[False],1,False,False
semeval14_train_00026,semeval14,train,The pizza is the best if you like thin crusted pizza .,['pizza'],['General'],['positive'],['pizza'],[False],1,False,False
semeval14_train_00027,semeval14,train,The pizza is the best if you like thin crusted pizza .,['thin crusted pizza'],['General'],['neutral'],['thin crusted pizza'],[False],1,False,False
semeval14_train_00028,semeval14,train,"All the money went into the interior decoration , none of it went to the chefs .",['interior decoration'],['General'],['positive'],['interior decoration'],[False],1,False,False
semeval14_train_00029,semeval14,train,"All the money went into the interior decoration , none of it went to the chefs .",['chefs'],['General'],['negative'],['chefs'],[False],1,False,False
semeval14_train_00030,semeval14,train,The seats are uncomfortable if you are sitting against the wall on wooden benches .,['seats'],['General'],['negative'],['seats'],[False],1,False,False
semeval14_train_00031,semeval14,train,"I asked for seltzer with lime , no ice .",['seltzer with lime'],['General'],['neutral'],['seltzer with lime'],[False],1,False,False
semeval14_train_00032,semeval14,train,"Do n't go alone -- even two people is n't enough for the whole experience , with pickles and a selection of meats and seafoods .",['pickles'],['General'],['positive'],['pickles'],[False],1,False,False
semeval14_train_00033,semeval14,train,"Do n't go alone -- even two people is n't enough for the whole experience , with pickles and a selection of meats and seafoods .",['selection of meats and seafoods'],['General'],['positive'],['selection of meats and seafoods'],[False],1,False,False
semeval14_train_00034,semeval14,train,My suggestion is to eat family style because you 'll want to try the other dishes .,['dishes'],['General'],['neutral'],['dishes'],[False],1,False,False
semeval14_train_00035,semeval14,train,My suggestion is to eat family style because you 'll want to try the other dishes .,['eat family style'],['General'],['positive'],['eat family style'],[False],1,False,False
semeval14_train_00036,semeval14,train,"Best of all is the warm vibe , the owner is super friendly and service is fast .",['vibe'],['General'],['positive'],['vibe'],[False],1,False,False
semeval14_train_00037,semeval14,train,"Best of all is the warm vibe , the owner is super friendly and service is fast .",['owner'],['General'],['positive'],['owner'],[False],1,False,False
semeval14_train_00038,semeval14,train,"Best of all is the warm vibe , the owner is super friendly and service is fast .",['service'],['Service'],['positive'],['service'],[False],1,False,False
semeval14_train_00039,semeval14,train,Faan 's got a great concept but a little rough on the delivery .,['delivery'],['General'],['negative'],['delivery'],[False],1,False,False
semeval14_train_00040,semeval14,train,"From the incredible food , to the warm atmosphere , to the friendly service , this downtown neighborhood spot does n't miss a beat .",['food'],['Food'],['positive'],['food'],[False],1,False,False
semeval14_train_00041,semeval14,train,"From the incredible food , to the warm atmosphere , to the friendly service , this downtown neighborhood spot does n't miss a beat .",['atmosphere'],['General'],['positive'],['atmosphere'],[False],1,False,False
semeval14_train_00042,semeval14,train,"From the incredible food , to the warm atmosphere , to the friendly service , this downtown neighborhood spot does n't miss a beat .",['service'],['Service'],['positive'],['service'],[False],1,False,False
semeval14_train_00043,semeval14,train,"Great food at REASONABLE prices , makes for an evening that ca n't be beat !",['food'],['Food'],['positive'],['food'],[False],1,False,False
semeval14_train_00044,semeval14,train,"Great food at REASONABLE prices , makes for an evening that ca n't be beat !",['prices'],['General'],['positive'],['prices'],[False],1,False,False
semeval14_train_00045,semeval14,train,this little place has a cute interior deco r and affordable city prices .,['interior deco'],['General'],['positive'],['interior deco'],[False],1,False,False
semeval14_train_00046,semeval14,train,this little place has a cute interior decor and affordable city prices .,['prices'],['General'],['positive'],['prices'],[False],1,False,False
semeval14_train_00047,semeval14,train,Two words : Free wine .,['wine'],['General'],['positive'],['wine'],[False],1,False,False
semeval14_train_00048,semeval14,train,The price is reasonable although the service is poor .,['price'],['Price'],['positive'],['price'],[False],1,False,False
semeval14_train_00049,semeval14,train,The price is reasonable although the service is poor .,['service'],['Service'],['negative'],['service'],[False],1,False,False
semeval14_train_00050,semeval14,train,"The quantity is also very good , you will come out satisfied .",['quantity'],['General'],['positive'],['quantity'],[False],1,False,False
semeval14_train_00051,semeval14,train,"I stumbled upon this second floor walk-up two Fridays ago when I was with two friends in town from L.A. Being serious sushi lovers , we sat at the sushi bar to be closer to the action .",['sushi'],['General'],['neutral'],['sushi'],[False],1,False,False
semeval14_train_00052,semeval14,train,"I stumbled upon this second floor walk-up two Fridays ago when I was with two friends in town from L.A. Being serious sushi lovers , we sat at the sushi bar to be closer to the action .",['sushi bar'],['General'],['neutral'],['sushi bar'],[False],1,False,False
semeval14_train_00053,semeval14,train,The fried rice is amazing here .,['fried rice'],['General'],['positive'],['fried rice'],[False],1,False,False
semeval14_train_00054,semeval14,train,"Three courses - choices include excellent mussels , puff pastry goat cheese and salad with a delicious dressing , and a hanger steak au poivre that is out of this world .",['mussels'],['General'],['positive'],['mussels'],[False],1,False,False
semeval14_train_00055,semeval14,train,"Three courses - choices include excellent mussels , puff pastry goat cheese and salad with a delicious dressing , and a hanger steak au poivre that is out of this world .",['puff pastry goat cheese'],['General'],['positive'],['puff pastry goat cheese'],[False],1,False,False
semeval14_train_00056,semeval14,train,"Three courses - choices include excellent mussels , puff pastry goat cheese and salad with a delicious dressing , and a hanger steak au poivre that is out of this world .",['salad with a delicious dressing'],['General'],['positive'],['salad with a delicious dressing'],[False],1,False,False
semeval14_train_00057,semeval14,train,"Three courses - choices include excellent mussels , puff pastry goat cheese and salad with a delicious dressing , and a hanger steak au poivre that is out of this world .",['hanger steak au poivre'],['General'],['positive'],['hanger steak au poivre'],[False],1,False,False
semeval14_train_00058,semeval14,train,"Three courses - choices include excellent mussels , puff pastry goat cheese and salad with a delicious dressing , and a hanger steak au poivre that is out of this world .",['courses'],['General'],['neutral'],['courses'],[False],1,False,False
semeval14_train_00059,semeval14,train,it 's a perfect place to have a amanzing indian food .,['indian food'],['General'],['positive'],['indian food'],[False],1,False,False
semeval14_train_00060,semeval14,train,The place is so cool and the service is prompt and curtious .,['service'],['Service'],['positive'],['service'],[False],1,False,False
semeval14_train_00061,semeval14,train,The place is so cool and the service is prompt and curtious .,['place'],['General'],['positive'],['place'],[False],1,False,False
semeval14_train_00062,semeval14,train,At the end you 're left with a mild broth with noodles that you can slurp out of a cup .,['broth with noodles'],['General'],['positive'],['broth with noodles'],[False],1,False,False
semeval14_train_00063,semeval14,train,I just wonder how you can have such a delicious meal for such little money .,['meal'],['General'],['positive'],['meal'],[False],1,False,False
semeval14_train_00064,semeval14,train,I just wonder how you can have such a delicious meal for such little money .,['money'],['General'],['positive'],['money'],[False],1,False,False
semeval14_train_00065,semeval14,train,The wine list is excellent .,['wine list'],['General'],['positive'],['wine list'],[False],1,False,False
semeval14_train_00066,semeval14,train,"Ive been to many Thai restaurants in Manhattan before , and Toons is by far the best Thai food Ive had -LRB- except for my mom 's of course -RRB- .",['thai food'],['General'],['positive'],['Thai food'],[False],1,False,False
semeval14_train_00067,semeval14,train,They wouldnt even let me finish my glass of wine before offering another .,['glass of wine'],['General'],['neutral'],['glass of wine'],[False],1,False,False
semeval14_train_00068,semeval14,train,"Whem asked , we had to ask more detailed questions so that we knew what the specials were .",['specials'],['General'],['neutral'],['specials'],[False],1,False,False
semeval14_train_00069,semeval14,train,This is a consistently great place to dine for lunch or dinner .,['lunch'],['General'],['neutral'],['lunch'],[False],1,False,False
semeval14_train_00070,semeval14,train,This is a consistently great place to dine for lunch or dinner .,['dinner'],['General'],['neutral'],['dinner'],[False],1,False,False
semeval14_train_00071,semeval14,train,This is a consistently great place to dine for lunch or dinner .,['dine'],['General'],['positive'],['dine'],[False],1,False,False
semeval14_train_00072,semeval14,train,"Nice atmosphere , the service was very pleasant and the desert was good .",['atmosphere'],['General'],['positive'],['atmosphere'],[False],1,False,False
semeval14_train_00073,semeval14,train,"Nice atmosphere , the service was very pleasant and the desert was good .",['service'],['Service'],['positive'],['service'],[False],1,False,False
semeval14_train_00074,semeval14,train,"Nice atmosphere , the service was very pleasant and the desert was good .",['desert'],['General'],['positive'],['desert'],[False],1,False,False
semeval14_train_00075,semeval14,train,After really enjoying ourselves at the bar we sat down at a table and had dinner .,['bar'],['General'],['positive'],['bar'],[False],1,False,False
semeval14_train_00076,semeval14,train,After really enjoying ourselves at the bar we sat down at a table and had dinner .,['table'],['General'],['neutral'],['table'],[False],1,False,False
semeval14_train_00077,semeval14,train,After really enjoying ourselves at the bar we sat down at a table and had dinner .,['dinner'],['General'],['neutral'],['dinner'],[False],1,False,False
semeval14_train_00078,semeval14,train,"Fabulous service , fantastic food , and a chilled out atmosphere and environment .",['service'],['Service'],['positive'],['service'],[False],1,False,False
semeval14_train_00079,semeval14,train,"Fabulous service , fantastic food , and a chilled out atmosphere and environment .",['food'],['Food'],['positive'],['food'],[False],1,False,False
semeval14_train_00080,semeval14,train,"Fabulous service , fantastic food , and a chilled out atmosphere and environment .",['atmosphere'],['General'],['positive'],['atmosphere'],[False],1,False,False
semeval14_train_00081,semeval14,train,"Fabulous service , fantastic food , and a chilled out atmosphere and environment .",['environment'],['General'],['positive'],['environment'],[False],1,False,False
semeval14_train_00082,semeval14,train,Try the lasagnette appetizer .,['lasagnette appetizer'],['General'],['positive'],['lasagnette appetizer'],[False],1,False,False
semeval14_train_00083,semeval14,train,I liked the beer selection !,['beer selection'],['General'],['positive'],['beer selection'],[False],1,False,False
semeval14_train_00084,semeval14,train,"Great food , good size menu , great service and an unpretensious setting .",['food'],['Food'],['positive'],['food'],[False],1,False,False
semeval14_train_00085,semeval14,train,"Great food , good size menu , great service and an unpretensious setting .",['menu'],['General'],['positive'],['menu'],[False],1,False,False
semeval14_train_00086,semeval14,train,"Great food , good size menu , great service and an unpretensious setting .",['service'],['Service'],['positive'],['service'],[False],1,False,False
semeval14_train_00087,semeval14,train,"Great food , good size menu , great service and an unpretensious setting .",['setting'],['General'],['positive'],['setting'],[False],1,False,False
semeval14_train_00088,semeval14,train,Go here for a romantic dinner but not for an all out wow dining experience .,['dinner'],['General'],['positive'],['dinner'],[False],1,False,False
semeval14_train_00089,semeval14,train,Go here for a romantic dinner but not for an all out wow dining experience .,['dining'],['General'],['positive'],['dining'],[False],1,False,False
semeval14_train_00090,semeval14,train,I grew up eating Dosa and have yet to find a place in NY to satisfy my taste buds .,['dosa'],['General'],['neutral'],['Dosa'],[False],1,False,False
semeval14_train_00091,semeval14,train,Wine list selection is good and wine-by-the-glass was generously filled to the top .,['wine list selection'],['General'],['positive'],['Wine list selection'],[False],1,False,False
semeval14_train_00092,semeval14,train,Wine list selection is good and wine-by-the-glass was generously filled to the top .,['wine-by-the-glass'],['General'],['positive'],['wine-by-the-glass'],[False],1,False,False
semeval14_train_00093,semeval14,train,"With the great variety on the menu , I eat here often and never get bored .",['menu'],['General'],['positive'],['menu'],[False],1,False,False
semeval14_train_00094,semeval14,train,The menu is very limited - i think we counted 4 or 5 entrees .,['menu'],['General'],['negative'],['menu'],[False],1,False,False
semeval14_train_00095,semeval14,train,The menu is very limited - i think we counted 4 or 5 entrees .,['entrees'],['General'],['negative'],['entrees'],[False],1,False,False
semeval14_train_00096,semeval14,train,The menu is limited but almost all of the dishes are excellent .,['menu'],['General'],['negative'],['menu'],[False],1,False,False
semeval14_train_00097,semeval14,train,The menu is limited but almost all of the dishes are excellent .,['dishes'],['General'],['positive'],['dishes'],[False],1,False,False
semeval14_train_00098,semeval14,train,Not too crazy about their sake martini .,['sake martini'],['General'],['negative'],['sake martini'],[False],1,False,False
semeval14_train_00099,semeval14,train,"Great bagels , spreads and a good place to hang out in .",['bagels'],['General'],['positive'],['bagels'],[False],1,False,False
semeval14_train_00100,semeval14,train,"Great bagels , spreads and a good place to hang out in .",['spreads'],['General'],['positive'],['spreads'],[False],1,False,False
semeval14_train_00101,semeval14,train,One thing I liked about this place is that I never felt rushed or pressured to give up my table ot incoming guests .,['table'],['General'],['neutral'],['table'],[False],1,False,False
semeval14_train_00102,semeval14,train,"Unfortunately , the food is outstanding , but everything else about this restaurant is the pits .",['food'],['Food'],['positive'],['food'],[False],1,False,False
semeval14_train_00103,semeval14,train,We always have a delicious meal and always leave feeling satisfied .,['meal'],['General'],['positive'],['meal'],[False],1,False,False
semeval14_train_00104,semeval14,train,"Dip the ingredients in with your chopsticks , swirl them around , and eat .",['ingredients'],['General'],['neutral'],['ingredients'],[False],1,False,False
semeval14_train_00105,semeval14,train,"Dip the ingredients in with your chopsticks , swirl them around , and eat .",['chopsticks'],['General'],['neutral'],['chopsticks'],[False],1,False,False
semeval14_train_00106,semeval14,train,First went here to enjoy their garden terrace .,['garden terrace'],['General'],['positive'],['garden terrace'],[False],1,False,False
semeval14_train_00107,semeval14,train,The pizza was pretty good and huge .,['pizza'],['General'],['positive'],['pizza'],[False],1,False,False
semeval14_train_00108,semeval14,train,"The cuisine from what I 've gathered is authentic Taiwanese , though its very different from what I 've been accustomed to in Taipei .",['cuisine'],['General'],['neutral'],['cuisine'],[False],1,False,False
semeval14_train_00109,semeval14,train,I almost hesititate to write a review because the atmosphere was so great and I would hate for it too become to crowded .,['atmosphere'],['General'],['positive'],['atmosphere'],[False],1,False,False
semeval14_train_00110,semeval14,train,They are often crowded on the weekends but they are efficient and accurate with their service .,['service'],['Service'],['positive'],['service'],[False],1,False,False
semeval14_train_00111,semeval14,train,They are often crowded on the weekends but they are efficient and accurate with their service .,['crowded'],['General'],['negative'],['crowded'],[False],1,False,False
semeval14_train_00112,semeval14,train,All my co-workers were amazed at how small the dish was .,['dish'],['General'],['negative'],['dish'],[False],1,False,False
semeval14_train_00113,semeval14,train,"The atmosphere is unheralded , the service impecible , and the food magnificant .",['atmosphere'],['General'],['positive'],['atmosphere'],[False],1,False,False
semeval14_train_00114,semeval14,train,"The atmosphere is unheralded , the service impecible , and the food magnificant .",['service'],['Service'],['positive'],['service'],[False],1,False,False
semeval14_train_00115,semeval14,train,"The atmosphere is unheralded , the service impecible , and the food magnificant .",['food'],['Food'],['positive'],['food'],[False],1,False,False
semeval14_train_00116,semeval14,train,"We ordered the special , grilled branzino , that was so infused with bone , it was difficult to eat .",['grilled branzino'],['General'],['negative'],['grilled branzino'],[False],1,False,False
semeval14_train_00117,semeval14,train,"The wait staff is friendly , and the food has gotten better and better !",['wait staff'],['General'],['positive'],['wait staff'],[False],1,False,False
semeval14_train_00118,semeval14,train,"The wait staff is friendly , and the food has gotten better and better !",['food'],['Food'],['positive'],['food'],[False],1,False,False
semeval14_train_00119,semeval14,train,"It may be a bit packed on weekends , but the vibe is good and it is the best French food you will find in the area .",['vibe'],['General'],['positive'],['vibe'],[False],1,False,False
semeval14_train_00120,semeval14,train,"It may be a bit packed on weekends , but the vibe is good and it is the best French food you will find in the area .",['french food'],['General'],['positive'],['French food'],[False],1,False,False
semeval14_train_00121,semeval14,train,"It may be a bit packed on weekends , but the vibe is good and it is the best French food you will find in the area .",['packed'],['General'],['negative'],['packed'],[False],1,False,False
semeval14_train_00122,semeval14,train,Right off the L in Brooklyn this is a nice cozy place with good pizza .,['pizza'],['General'],['positive'],['pizza'],[False],1,False,False
semeval14_train_00123,semeval14,train,Right off the L in Brooklyn this is a nice cozy place with good pizza .,['place'],['General'],['positive'],['place'],[False],1,False,False
semeval14_train_00124,semeval14,train,Le Pere Pinard has a $ 15 pre-theater menu that is outstanding .,['pre-theater menu'],['General'],['positive'],['pre-theater menu'],[False],1,False,False
semeval14_train_00125,semeval14,train,I also ordered for delivery and the restaurant forgot half the order .,['delivery'],['General'],['negative'],['delivery'],[False],1,False,False
semeval14_train_00126,semeval14,train,I also ordered for delivery and the restaurant forgot half the order .,['order'],['General'],['negative'],['order'],[False],1,False,False
semeval14_train_00127,semeval14,train,Our server checked on us maybe twice during the entire meal .,['server'],['General'],['negative'],['server'],[False],1,False,False
semeval14_train_00128,semeval14,train,Our server checked on us maybe twice during the entire meal .,['meal'],['General'],['neutral'],['meal'],[False],1,False,False
semeval14_train_00129,semeval14,train,The strong scents coming from the left and right of me negatively affected my taste buds .,['scents'],['General'],['negative'],['scents'],[False],1,False,False
semeval14_train_00130,semeval14,train,We had the lobster sandwich and it was FANTASTIC .,['lobster sandwich'],['General'],['positive'],['lobster sandwich'],[False],1,False,False
semeval14_train_00131,semeval14,train,"Had we been stalling I could understand where they were coming from , but we had been there less than an hour and they had n't even brought us a check yet !",['check'],['General'],['negative'],['check'],[False],1,False,False
semeval14_train_00132,semeval14,train,"Though the Spider Roll may look like a challenge to eat , with soft shell crab hanging out of the roll , it is well worth the price you pay for them .",['price'],['Price'],['positive'],['price'],[False],1,False,False
semeval14_train_00133,semeval14,train,"Though the Spider Roll may look like a challenge to eat , with soft shell crab hanging out of the roll , it is well worth the price you pay for them .",['shell crab'],['General'],['positive'],['shell crab'],[False],1,False,False
semeval14_train_00134,semeval14,train,Deep Fried Skewers are good and still rare to find in NYC .,['deep fried skewers'],['General'],['positive'],['Deep Fried Skewers'],[False],1,False,False
semeval14_train_00135,semeval14,train,"I have tried to make reservations , but both times , the hostess did n't have my name .",['reservations'],['General'],['neutral'],['reservations'],[False],1,False,False
semeval14_train_00136,semeval14,train,"I have tried to make reservations , but both times , the hostess did n't have my name .",['hostess'],['General'],['negative'],['hostess'],[False],1,False,False
semeval14_train_00137,semeval14,train,I also recommend the rice dishes or the different varieties of congee -LRB- rice porridge -RRB- .,['rice dishes'],['General'],['positive'],['rice dishes'],[False],1,False,False
semeval14_train_00138,semeval14,train,I also recommend the rice dishes or the different varieties of congee (rice porridge) .,['congee (rice porridge)'],['General'],['positive'],['congee (rice porridge)'],[False],1,False,False
semeval14_train_00139,semeval14,train,Their tuna tartar appetizer is to die for .,['tuna tartar appetizer'],['General'],['positive'],['tuna tartar appetizer'],[False],1,False,False
semeval14_train_00140,semeval14,train,"An oasis of refinement : Food , though somewhat uneven , often reaches the pinnacles of new American fine cuisine - chef 's passion -LRB- and kitchen 's precise execution -RRB- is most evident in the fish dishes and soups .",['chef'],['General'],['positive'],['chef'],[False],1,False,False
semeval14_train_00141,semeval14,train,"An oasis of refinement : Food , though somewhat uneven , often reaches the pinnacles of new American fine cuisine - chef 's passion -LRB- and kitchen 's precise execution -RRB- is most evident in the fish dishes and soups .",['fish dishes'],['General'],['positive'],['fish dishes'],[False],1,False,False
semeval14_train_00142,semeval14,train,"An oasis of refinement : Food , though somewhat uneven , often reaches the pinnacles of new American fine cuisine - chef 's passion -LRB- and kitchen 's precise execution -RRB- is most evident in the fish dishes and soups .",['soups'],['General'],['positive'],['soups'],[False],1,False,False
semeval14_train_00143,semeval14,train,"An oasis of refinement : Food , though somewhat uneven , often reaches the pinnacles of new American fine cuisine - chef 's passion -LRB- and kitchen 's precise execution -RRB- is most evident in the fish dishes and soups .",['kitchen'],['General'],['positive'],['kitchen'],[False],1,False,False
semeval14_train_00144,semeval14,train,"An oasis of refinement : Food , though somewhat uneven , often reaches the pinnacles of new American fine cuisine - chef 's passion -LRB- and kitchen 's precise execution -RRB- is most evident in the fish dishes and soups .",['cuisine'],['General'],['positive'],['cuisine'],[False],1,False,False
semeval14_train_00145,semeval14,train,"If you love wine and cheese and delicious french fare , you 'll love Artisanal !",['wine'],['General'],['positive'],['wine'],[False],1,False,False
semeval14_train_00146,semeval14,train,"If you love wine and cheese and delicious french fare , you 'll love Artisanal !",['french fare'],['General'],['positive'],['french fare'],[False],1,False,False
semeval14_train_00147,semeval14,train,"If you love wine and cheese and delicious french fare , you 'll love Artisanal !",['cheese'],['General'],['positive'],['cheese'],[False],1,False,False
semeval14_train_00148,semeval14,train,I love Indian food and consider myself to be quite an expert on it .,['indian food'],['General'],['positive'],['Indian food'],[False],1,False,False
semeval14_train_00149,semeval14,train,Some baby pizzas get their wish .,['baby pizzas'],['General'],['neutral'],['baby pizzas'],[False],1,False,False
semeval14_train_00150,semeval14,train,Overall A oh ya even though there is waiting it is deff worth it,['waiting'],['General'],['negative'],['waiting'],[False],1,False,False
semeval14_train_00151,semeval14,train,The lava cake dessert was incredible and I recommend it .,['lava cake dessert'],['General'],['positive'],['lava cake dessert'],[False],1,False,False
semeval14_train_00152,semeval14,train,VT is what baby pizzas hope to be when they grow up .,['baby pizzas'],['General'],['neutral'],['baby pizzas'],[False],1,False,False
semeval14_train_00153,semeval14,train,"From the terrible service , to the bland food , not to mention the unaccommodating managers , the overall experience was horrible .",['service'],['Service'],['negative'],['service'],[False],1,False,False
semeval14_train_00154,semeval14,train,"From the terrible service , to the bland food , not to mention the unaccommodating managers , the overall experience was horrible .",['food'],['Food'],['negative'],['food'],[False],1,False,False
semeval14_train_00155,semeval14,train,"From the terrible service , to the bland food , not to mention the unaccommodating managers , the overall experience was horrible .",['managers'],['General'],['negative'],['managers'],[False],1,False,False
semeval14_train_00156,semeval14,train,Lahore is a great place to duck into late-night when you need some really tasty food on the cheap -- you 'll likely have trouble finishing the amount of food you get for FOUR DOLLARS .,['food'],['Food'],['positive'],['food'],[False],1,False,False
semeval14_train_00157,semeval14,train,Lahore is a great place to duck into late-night when you need some really tasty food on the cheap -- you 'll likely have trouble finishing the amount of food you get for FOUR DOLLARS .,['food'],['Food'],['positive'],['food'],[False],1,False,False
semeval14_train_00158,semeval14,train,The last time I went we were seated at a table in a corridor next to the kitchen .,['table'],['General'],['negative'],['table'],[False],1,False,False
semeval14_train_00159,semeval14,train,good selection of wines ranging from affordable to high end .,['selection of wines'],['General'],['positive'],['selection of wines'],[False],1,False,False
semeval14_train_00160,semeval14,train,"Nice restaurant overall , with classic upscale Italian decor .",['italian decor'],['General'],['positive'],['Italian decor'],[False],1,False,False
semeval14_train_00161,semeval14,train,Not impressed with the food .,['food'],['Food'],['negative'],['food'],[False],1,False,False
semeval14_train_00162,semeval14,train,The entire dining experience was wonderful !,['dining experience'],['General'],['positive'],['dining experience'],[False],1,False,False
semeval14_train_00163,semeval14,train,The wine selection -LRB- by the glass and bottle -RRB- is wonderful and I always recommend that friends make a reservation if they 're going to be in town .,['wine selection'],['General'],['positive'],['wine selection'],[False],1,False,False
semeval14_train_00164,semeval14,train,The wine selection -LRB- by the glass and bottle -RRB- is wonderful and I always recommend that friends make a reservation if they 're going to be in town .,['reservation'],['General'],['neutral'],['reservation'],[False],1,False,False
semeval14_train_00165,semeval14,train,Service is highly refined : our seating was delayed 35 minutes past our reservation and the maitre d' apologized and regularly kept us apprised of progress .,['service'],['Service'],['positive'],['Service'],[False],1,False,False
semeval14_train_00166,semeval14,train,Service is highly refined : our seating was delayed 35 minutes past our reservation and the maitre d' apologized and regularly kept us apprised of progress .,['maitre'],['General'],['positive'],['maitre'],[False],1,False,False
semeval14_train_00167,semeval14,train,Service is highly refined : our seating was delayed 35 minutes past our reservation and the maitre d' apologized and regularly kept us apprised of progress .,['reservation'],['General'],['negative'],['reservation'],[False],1,False,False
semeval14_train_00168,semeval14,train,"Order the panang duck , it 's fantastic .",['panang duck'],['General'],['positive'],['panang duck'],[False],1,False,False
semeval14_train_00169,semeval14,train,"Food is usually very good , though ocasionally I wondered about freshmess of raw vegatables in side orders .",['raw vegatables'],['General'],['negative'],['raw vegatables'],[False],1,False,False
semeval14_train_00170,semeval14,train,"Other than the crappy service from two individuals , it 's great .",['service'],['Service'],['negative'],['service'],[False],1,False,False
semeval14_train_00171,semeval14,train,They have authentic Indian at amazin prices .,['indian'],['General'],['positive'],['Indian'],[False],1,False,False
semeval14_train_00172,semeval14,train,They have authentic Indian at amazin prices .,['prices'],['General'],['positive'],['prices'],[False],1,False,False
semeval14_train_00173,semeval14,train,Ambiance - relaxed and stylish .,['ambiance'],['General'],['positive'],['Ambiance'],[False],1,False,False
semeval14_train_00174,semeval14,train,"Luckily we saved room for the BBQ Salmon , Sea Bass and Crispy Duck .",['bbq salmon'],['General'],['positive'],['BBQ Salmon'],[False],1,False,False
semeval14_train_00175,semeval14,train,"Luckily we saved room for the BBQ Salmon , Sea Bass and Crispy Duck .",['sea bass'],['General'],['positive'],['Sea Bass'],[False],1,False,False
semeval14_train_00176,semeval14,train,"Luckily we saved room for the BBQ Salmon , Sea Bass and Crispy Duck .",['crispy duck'],['General'],['positive'],['Crispy Duck'],[False],1,False,False
semeval14_train_00177,semeval14,train,"Yes , they use fancy ingredients , but even fancy ingredients do n't make for good pizza unless someone knows how to get the crust right .",['ingredients'],['General'],['positive'],['ingredients'],[False],1,False,False
semeval14_train_00178,semeval14,train,"Yes , they use fancy ingredients , but even fancy ingredients do n't make for good pizza unless someone knows how to get the crust right .",['ingredients'],['General'],['positive'],['ingredients'],[False],1,False,False
semeval14_train_00179,semeval14,train,"Yes , they use fancy ingredients , but even fancy ingredients do n't make for good pizza unless someone knows how to get the crust right .",['pizza'],['General'],['negative'],['pizza'],[False],1,False,False
semeval14_train_00180,semeval14,train,"Yes , they use fancy ingredients , but even fancy ingredients do n't make for good pizza unless someone knows how to get the crust right .",['crust'],['General'],['neutral'],['crust'],[False],1,False,False
semeval14_train_00181,semeval14,train,and yes Dal Bukhara is so dam good and so are all the kababs .,['kababs'],['General'],['positive'],['kababs'],[False],1,False,False
semeval14_train_00182,semeval14,train,and yes Dal Bukhara is so dam good and so are all the kababs .,['dal bukhara'],['General'],['positive'],['Dal Bukhara'],[False],1,False,False
semeval14_train_00183,semeval14,train,I look forward to eating here again,['eating'],['General'],['positive'],['eating'],[False],1,False,False
semeval14_train_00184,semeval14,train,I 've been coming here as a child and always come back for the taste .,['taste'],['General'],['positive'],['taste'],[False],1,False,False
semeval14_train_00185,semeval14,train,Tuk Tuk is one of those comfortable neighborhood joints where you know you will always have a good meal at a fair price .,['meal'],['General'],['positive'],['meal'],[False],1,False,False
semeval14_train_00186,semeval14,train,Tuk Tuk is one of those comfortable neighborhood joints where you know you will always have a good meal at a fair price .,['price'],['Price'],['positive'],['price'],[False],1,False,False
semeval14_train_00187,semeval14,train,"A glass of Leaping Lizard , a glass of prosecco , and the mussels had everything happy .",['glass of prosecco'],['General'],['positive'],['glass of prosecco'],[False],1,False,False
semeval14_train_00188,semeval14,train,"A glass of Leaping Lizard , a glass of prosecco , and the mussels had everything happy .",['mussels'],['General'],['positive'],['mussels'],[False],1,False,False
semeval14_train_00189,semeval14,train,"A glass of Leaping Lizard , a glass of prosecco , and the mussels had everything happy .",['glass of leaping lizard'],['General'],['positive'],['glass of Leaping Lizard'],[False],1,False,False
semeval14_train_00190,semeval14,train,"Food was average and creme brulee was awful - the sugar was charred , not caramelized and smelled of kerosene .",['food'],['Food'],['neutral'],['Food'],[False],1,False,False
semeval14_train_00191,semeval14,train,"Food was average and creme brulee was awful - the sugar was charred , not caramelized and smelled of kerosene .",['creme brulee'],['General'],['negative'],['creme brulee'],[False],1,False,False
semeval14_train_00192,semeval14,train,"Food was average and creme brulee was awful - the sugar was charred , not caramelized and smelled of kerosene .",['sugar'],['General'],['negative'],['sugar'],[False],1,False,False
semeval14_train_00193,semeval14,train,The food always tastes fresh and served promptly .,['food'],['Food'],['positive'],['food'],[False],1,False,False
semeval14_train_00194,semeval14,train,The food always tastes fresh and served promptly .,['served'],['General'],['positive'],['served'],[False],1,False,False
semeval14_train_00195,semeval14,train,The pizza here is delicious .,['pizza'],['General'],['positive'],['pizza'],[False],1,False,False
semeval14_train_00196,semeval14,train,"Pizza and garlic knots are great as well , I order from them quite often and the delivery is always super quick !",['pizza'],['General'],['positive'],['Pizza'],[False],1,False,False
semeval14_train_00197,semeval14,train,"Pizza and garlic knots are great as well , I order from them quite often and the delivery is always super quick !",['delivery'],['General'],['positive'],['delivery'],[False],1,False,False
semeval14_train_00198,semeval14,train,"Pizza and garlic knots are great as well , I order from them quite often and the delivery is always super quick !",['garlic knots'],['General'],['positive'],['garlic knots'],[False],1,False,False
semeval14_train_00199,semeval14,train,"For great chinese food nearby , you have Wu Liang Ye and Grand Sichuan just a block away .",['chinese food'],['General'],['positive'],['chinese food'],[False],1,False,False
semeval14_train_00200,semeval14,train,But who says Murray 's is anything about service .,['service'],['Service'],['neutral'],['service'],[False],1,False,False
semeval14_train_00201,semeval14,train,"This place is really trendi but they have forgotten about the most important part of a restaurant , the food .",['food'],['Food'],['negative'],['food'],[False],1,False,False
semeval14_train_00202,semeval14,train,Hats off to the chef .,['chef'],['General'],['positive'],['chef'],[False],1,False,False
semeval14_train_00203,semeval14,train,"Service could be improved but overall this is a place that understands the importance of little things -LRB- the heavy , black , antique-seeming teapot , for one -RRB- in the restaurant experience .",['service'],['Service'],['negative'],['Service'],[False],1,False,False
semeval14_train_00204,semeval14,train,"Service could be improved but overall this is a place that understands the importance of little things -LRB- the heavy , black , antique-seeming teapot , for one -RRB- in the restaurant experience .",['teapot'],['General'],['positive'],['teapot'],[False],1,False,False
semeval14_train_00205,semeval14,train,"The pizza is delicious - they use fresh mozzarella instead of the cheap , frozen , shredded cheese common to most pizzaria 's .",['pizza'],['General'],['positive'],['pizza'],[False],1,False,False
semeval14_train_00206,semeval14,train,"The pizza is delicious - they use fresh mozzarella instead of the cheap , frozen , shredded cheese common to most pizzaria 's .",['fresh mozzarella'],['General'],['positive'],['fresh mozzarella'],[False],1,False,False
semeval14_train_00207,semeval14,train,"The pizza is delicious - they use fresh mozzarella instead of the cheap , frozen , shredded cheese common to most pizzaria 's .",['cheese'],['General'],['negative'],['cheese'],[False],1,False,False
semeval14_train_00208,semeval14,train,Its an excellent place to relax and the food is one of the best in the city of New York .,['place'],['General'],['positive'],['place'],[False],1,False,False
semeval14_train_00209,semeval14,train,Its an excellent place to relax and the food is one of the best in the city of New York .,['food'],['Food'],['positive'],['food'],[False],1,False,False
semeval14_train_00210,semeval14,train,"service is friendly , and never had a problem walking in and getting a table .",['service'],['Service'],['positive'],['service'],[False],1,False,False
semeval14_train_00211,semeval14,train,"service is friendly , and never had a problem walking in and getting a table .",['getting a table'],['General'],['positive'],['getting a table'],[False],1,False,False
semeval14_train_00212,semeval14,train,The atmosphere was crowded but it was a great bistro-type vibe .,['bistro-type vibe'],['General'],['positive'],['bistro-type vibe'],[False],1,False,False
semeval14_train_00213,semeval14,train,"First off , the waitress was completely unattentive the 2 times we saw her -LRB- odd in a restaurant with 6 tables -RRB- and got our order wrong .",['waitress'],['General'],['negative'],['waitress'],[False],1,False,False
semeval14_train_00214,semeval14,train,"First off , the waitress was completely unattentive the 2 times we saw her -LRB- odd in a restaurant with 6 tables -RRB- and got our order wrong .",['tables'],['General'],['neutral'],['tables'],[False],1,False,False
semeval14_train_00215,semeval14,train,The food was bland oily .,['food'],['Food'],['negative'],['food'],[False],1,False,False
semeval14_train_00216,semeval14,train,"What is even better , is that the prices are very affordable as well , and the food is really good .",['prices'],['General'],['positive'],['prices'],[False],1,False,False
semeval14_train_00217,semeval14,train,"What is even better , is that the prices are very affordable as well , and the food is really good .",['food'],['Food'],['positive'],['food'],[False],1,False,False
semeval14_train_00218,semeval14,train,The fish is fresh but the variety of fish is nothing out of ordinary .,['fish'],['General'],['positive'],['fish'],[False],1,False,False
semeval14_train_00219,semeval14,train,The fish is fresh but the variety of fish is nothing out of ordinary .,['variety of fish'],['General'],['negative'],['variety of fish'],[False],1,False,False
semeval14_train_00220,semeval14,train,"Our favorite meal is a pesto pizza , the house salad , and a good bottle of wine .",['pesto pizza'],['General'],['positive'],['pesto pizza'],[False],1,False,False
semeval14_train_00221,semeval14,train,"Our favorite meal is a pesto pizza , the house salad , and a good bottle of wine .",['house salad'],['General'],['positive'],['house salad'],[False],1,False,False
semeval14_train_00222,semeval14,train,"Our favorite meal is a pesto pizza , the house salad , and a good bottle of wine .",['bottle of wine'],['General'],['positive'],['bottle of wine'],[False],1,False,False
semeval14_train_00223,semeval14,train,"Our favorite meal is a pesto pizza , the house salad , and a good bottle of wine .",['meal'],['General'],['positive'],['meal'],[False],1,False,False
semeval14_train_00224,semeval14,train,"And Kruno , the beverage manager is the best bartender I have yet to come across .",['bartender'],['General'],['positive'],['bartender'],[False],1,False,False
semeval14_train_00225,semeval14,train,"And Kruno , the beverage manager is the best bartender I have yet to come across .",['beverage manager'],['General'],['positive'],['beverage manager'],[False],1,False,False
semeval14_train_00226,semeval14,train,"Ambiance and music funky , which I enjoy .",['ambiance'],['General'],['positive'],['Ambiance'],[False],1,False,False
semeval14_train_00227,semeval14,train,"Ambiance and music funky , which I enjoy .",['music'],['General'],['positive'],['music'],[False],1,False,False
semeval14_train_00228,semeval14,train,"The food , drinks and service are clearly among the best in the city .",['food'],['Food'],['positive'],['food'],[False],1,False,False
semeval14_train_00229,semeval14,train,"The food , drinks and service are clearly among the best in the city .",['drinks'],['Food'],['positive'],['drinks'],[False],1,False,False
semeval14_train_00230,semeval14,train,"The food , drinks and service are clearly among the best in the city .",['service'],['Service'],['positive'],['service'],[False],1,False,False
semeval14_train_00231,semeval14,train,I went there in late afternoon for some bite size food and refleshment with my date .,['food'],['Food'],['neutral'],['food'],[False],1,False,False
semeval14_train_00232,semeval14,train,I went there in late afternoon for some bite size food and refleshment with my date .,['refleshment'],['General'],['neutral'],['refleshment'],[False],1,False,False
semeval14_train_00233,semeval14,train,"I understand the area and folks you need not come here for the romantic , alluring ambiance or the five star service featuring a sommlier and a complicated maze of captain and back waiters - you come for the authentic foods , the tastes , the experiance .",['ambiance'],['General'],['positive'],['ambiance'],[False],1,False,False
semeval14_train_00234,semeval14,train,"I understand the area and folks you need not come here for the romantic , alluring ambiance or the five star service featuring a sommlier and a complicated maze of captain and back waiters - you come for the authentic foods , the tastes , the experiance .",['service'],['Service'],['positive'],['service'],[False],1,False,False
semeval14_train_00235,semeval14,train,"I understand the area and folks you need not come here for the romantic , alluring ambiance or the five star service featuring a sommlier and a complicated maze of captain and back waiters - you come for the authentic foods , the tastes , the experiance .",['foods'],['General'],['positive'],['foods'],[False],1,False,False
semeval14_train_00236,semeval14,train,"I understand the area and folks you need not come here for the romantic , alluring ambiance or the five star service featuring a sommlier and a complicated maze of captain and back waiters - you come for the authentic foods , the tastes , the experiance .",['tastes'],['General'],['positive'],['tastes'],[False],1,False,False
semeval14_train_00237,semeval14,train,"I understand the area and folks you need not come here for the romantic , alluring ambiance or the five star service featuring a sommlier and a complicated maze of captain and back waiters - you come for the authentic foods , the tastes , the experiance .",['sommlier'],['General'],['positive'],['sommlier'],[False],1,False,False
semeval14_train_00238,semeval14,train,"I understand the area and folks you need not come here for the romantic , alluring ambiance or the five star service featuring a sommlier and a complicated maze of captain and back waiters - you come for the authentic foods , the tastes , the experiance .",['captain'],['General'],['positive'],['captain'],[False],1,False,False
semeval14_train_00239,semeval14,train,"I understand the area and folks you need not come here for the romantic , alluring ambiance or the five star service featuring a sommlier and a complicated maze of captain and back waiters - you come for the authentic foods , the tastes , the experiance .",['back waiters'],['General'],['positive'],['back waiters'],[False],1,False,False
semeval14_train_00240,semeval14,train,"Last time I went here , the waitress did n't come back after taking our order .",['waitress'],['General'],['negative'],['waitress'],[False],1,False,False
semeval14_train_00241,semeval14,train,Try the tandoori salmon !,['tandoori salmon'],['General'],['positive'],['tandoori salmon'],[False],1,False,False
semeval14_train_00242,semeval14,train,"Eating in , the atmosphere saves it , but at your desk , it 's a very disappointing experience .",['atmosphere'],['General'],['positive'],['atmosphere'],[False],1,False,False
semeval14_train_00243,semeval14,train,"Granted the space is smaller than most , it is the best service you will find in even the largest of restaurants .",['space'],['General'],['negative'],['space'],[False],1,False,False
semeval14_train_00244,semeval14,train,"Granted the space is smaller than most , it is the best service you will find in even the largest of restaurants .",['service'],['Service'],['positive'],['service'],[False],1,False,False
semeval14_train_00245,semeval14,train,I love the atmorphere @ peep !,['atmorphere'],['General'],['positive'],['atmorphere'],[False],1,False,False
semeval14_train_00246,semeval14,train,The service was attentive and her suggestions of menu items was right on the mark .,['service'],['Service'],['positive'],['service'],[False],1,False,False
semeval14_train_00247,semeval14,train,The service was attentive and her suggestions of menu items was right on the mark .,['menu items'],['General'],['positive'],['menu items'],[False],1,False,False
semeval14_train_00248,semeval14,train,The other night we had the $ 30 three course meal and everything was delicious - if I could of licked the plate clean I would of .,['three course meal'],['General'],['positive'],['three course meal'],[False],1,False,False
semeval14_train_00249,semeval14,train,"Even after getting pushed out by the no-class Famous Ray 's , Sal has risen again to carry on his father 's uncle 's legacies with a smile , true love for his community , and let 's not forget the Outstanding Pizza !",['pizza'],['General'],['positive'],['Pizza'],[False],1,False,False
semeval14_train_00250,semeval14,train,"The environment is romantic , but the food is horrible , the service is pathetic , and gabriella lies about everything she could .",['environment'],['General'],['positive'],['environment'],[False],1,False,False
semeval14_train_00251,semeval14,train,"The environment is romantic , but the food is horrible , the service is pathetic , and gabriella lies about everything she could .",['food'],['Food'],['negative'],['food'],[False],1,False,False
semeval14_train_00252,semeval14,train,"The environment is romantic , but the food is horrible , the service is pathetic , and gabriella lies about everything she could .",['service'],['Service'],['negative'],['service'],[False],1,False,False
semeval14_train_00253,semeval14,train,"We had crawfish boiled and despite making a mess , it was a ton of fun and quite tasty as well .",['crawfish boiled'],['General'],['positive'],['crawfish boiled'],[False],1,False,False
semeval14_train_00254,semeval14,train,I had very high expectations for this place and made a reservation a couple of months in advance for a special occasion .,['reservation'],['General'],['neutral'],['reservation'],[False],1,False,False
semeval14_train_00255,semeval14,train,What came to our table was burned beyond recognition and stringy .,['table'],['General'],['neutral'],['table'],[False],1,False,False
semeval14_train_00256,semeval14,train,I had the Pad Thai and the noodles were sticky .,['pad thai'],['General'],['negative'],['Pad Thai'],[False],1,False,False
semeval14_train_00257,semeval14,train,I had the Pad Thai and the noodles were sticky .,['noodles'],['General'],['negative'],['noodles'],[False],1,False,False
semeval14_train_00258,semeval14,train,"So I 've never actually been to M proper , but I 've had it delivered a few times .",['delivered'],['General'],['neutral'],['delivered'],[False],1,False,False
semeval14_train_00259,semeval14,train,"Among all of the new 5th avenue restaurants , this offers by far one of the best values for your money .",['values for your money'],['General'],['positive'],['values for your money'],[False],1,False,False
semeval14_train_00260,semeval14,train,"Frankly , when you compare what you can have here for lunch , versus McDs or so many other sandwich shops in the city , there is no comparison .",['lunch'],['General'],['positive'],['lunch'],[False],1,False,False
semeval14_train_00261,semeval14,train,The hostess is rude to the point of being offensive .,['hostess'],['General'],['negative'],['hostess'],[False],1,False,False
semeval14_train_00262,semeval14,train,"If you 're craving for Haru 's great food , especially the House Roll , but ca n't stand the wait building outisde , head across the street to their Sake Bar !",['food'],['Food'],['positive'],['food'],[False],1,False,False
semeval14_train_00263,semeval14,train,"If you 're craving for Haru 's great food , especially the House Roll , but ca n't stand the wait building outisde , head across the street to their Sake Bar !",['wait building'],['General'],['negative'],['wait building'],[False],1,False,False
semeval14_train_00264,semeval14,train,"A narrow corridor leads to a tiny space where there are three tiny white tiled counters , a great deal of mess -LRB- stacks of bottles , cans -RRB- and a small counter holding 12-14 entrees .",['corridor'],['General'],['negative'],['corridor'],[False],1,False,False
semeval14_train_00265,semeval14,train,"A narrow corridor leads to a tiny space where there are three tiny white tiled counters , a great deal of mess -LRB- stacks of bottles , cans -RRB- and a small counter holding 12-14 entrees .",['space'],['General'],['negative'],['space'],[False],1,False,False
semeval14_train_00266,semeval14,train,"A narrow corridor leads to a tiny space where there are three tiny white tiled counters , a great deal of mess -LRB- stacks of bottles , cans -RRB- and a small counter holding 12-14 entrees .",['counters'],['General'],['negative'],['counters'],[False],1,False,False
semeval14_train_00267,semeval14,train,"A narrow corridor leads to a tiny space where there are three tiny white tiled counters , a great deal of mess -LRB- stacks of bottles , cans -RRB- and a small counter holding 12-14 entrees .",['counter'],['General'],['negative'],['counter'],[False],1,False,False
semeval14_train_00268,semeval14,train,"A narrow corridor leads to a tiny space where there are three tiny white tiled counters , a great deal of mess -LRB- stacks of bottles , cans -RRB- and a small counter holding 12-14 entrees .",['entrees'],['General'],['neutral'],['entrees'],[False],1,False,False
semeval14_train_00269,semeval14,train,The food is great .,['food'],['Food'],['positive'],['food'],[False],1,False,False
semeval14_train_00270,semeval14,train,Succulent steaks cooked precisely to your desired ` doneness ' accompanied by salads and sides that do n't look like leafy road kill .,['steaks'],['General'],['positive'],['steaks'],[False],1,False,False
semeval14_train_00271,semeval14,train,Succulent steaks cooked precisely to your desired ` doneness ' accompanied by salads and sides that do n't look like leafy road kill .,['salads'],['General'],['positive'],['salads'],[False],1,False,False
semeval14_train_00272,semeval14,train,Succulent steaks cooked precisely to your desired ` doneness ' accompanied by salads and sides that do n't look like leafy road kill .,['sides'],['General'],['positive'],['sides'],[False],1,False,False
semeval14_train_00273,semeval14,train,"Lunch came with pickels and slaw , no extra charge .",['lunch'],['General'],['positive'],['Lunch'],[False],1,False,False
semeval14_train_00274,semeval14,train,"Lunch came with pickels and slaw , no extra charge .",['pickels and slaw'],['General'],['neutral'],['pickels and slaw'],[False],1,False,False
semeval14_train_00275,semeval14,train,Decent wine at reasonable prices .,['wine'],['General'],['positive'],['wine'],[False],1,False,False
semeval14_train_00276,semeval14,train,Decent wine at reasonable prices .,['prices'],['General'],['positive'],['prices'],[False],1,False,False
semeval14_train_00277,semeval14,train,All conveniently delivered right to the door .,['delivered'],['General'],['positive'],['delivered'],[False],1,False,False
semeval14_train_00278,semeval14,train,even the wine by the glass was good .,['wine by the glass'],['General'],['positive'],['wine by the glass'],[False],1,False,False
semeval14_train_00279,semeval14,train,would have rather tried terrace in the sky or water club for that price,['price'],['Price'],['negative'],['price'],[False],1,False,False
semeval14_train_00280,semeval14,train,This dish is my favorite and I always get it when I go there and never get tired of it .,['dish'],['General'],['positive'],['dish'],[False],1,False,False
semeval14_train_00281,semeval14,train,"I also ordered the Change Mojito , which was out of this world .",['change mojito'],['General'],['positive'],['Change Mojito'],[False],1,False,False
semeval14_train_00282,semeval14,train,Okay service .,['service'],['Service'],['neutral'],['service'],[False],1,False,False
semeval14_train_00283,semeval14,train,The only thing more wonderful than the food -LRB- which is exceptional -RRB- is the service .,['food'],['Food'],['positive'],['food'],[False],1,False,False
semeval14_train_00284,semeval14,train,The only thing more wonderful than the food -LRB- which is exceptional -RRB- is the service .,['service'],['Service'],['positive'],['service'],[False],1,False,False
semeval14_train_00285,semeval14,train,"The food was just awful , ATROCIOUS actually .",['food'],['Food'],['negative'],['food'],[False],1,False,False
semeval14_train_00286,semeval14,train,The soup for the udon was soy sauce and water .,['soup for the udon'],['General'],['negative'],['soup for the udon'],[False],1,False,False
semeval14_train_00287,semeval14,train,The soup for the udon was soy sauce and water .,['soy sauce'],['General'],['neutral'],['soy sauce'],[False],1,False,False
semeval14_train_00288,semeval14,train,The soup for the udon was soy sauce and water .,['water'],['General'],['neutral'],['water'],[False],1,False,False
semeval14_train_00289,semeval14,train,"The anti-pasta was excellent , especially the calamari , as were the filling pasta mains .",['anti-pasta'],['General'],['positive'],['anti-pasta'],[False],1,False,False
semeval14_train_00290,semeval14,train,"The anti-pasta was excellent , especially the calamari , as were the filling pasta mains .",['calamari'],['General'],['positive'],['calamari'],[False],1,False,False
semeval14_train_00291,semeval14,train,"The anti-pasta was excellent , especially the calamari , as were the filling pasta mains .",['filling pasta mains'],['General'],['positive'],['filling pasta mains'],[False],1,False,False
semeval14_train_00292,semeval14,train,The waitress suggested glasses of wine that went very well with the food .,['waitress'],['General'],['positive'],['waitress'],[False],1,False,False
semeval14_train_00293,semeval14,train,The waitress suggested glasses of wine that went very well with the food .,['food'],['Food'],['neutral'],['food'],[False],1,False,False
semeval14_train_00294,semeval14,train,The waitress suggested glasses of wine that went very well with the food .,['glasses of wine'],['General'],['positive'],['glasses of wine'],[False],1,False,False
semeval14_train_00295,semeval14,train,"They might be all business at the counter when you give your order , but their food says I love you .",['food'],['Food'],['positive'],['food'],[False],1,False,False
semeval14_train_00296,semeval14,train,"They might be all business at the counter when you give your order , but their food says I love you .",['counter'],['General'],['negative'],['counter'],[False],1,False,False
semeval14_train_00297,semeval14,train,"We are very particular about sushi and were both please with every choice which included : ceviche mix -LRB- special -RRB- , crab dumplings , assorted sashimi , sushi and rolls , two types of sake , and the banana tempura .",['sushi'],['General'],['positive'],['sushi'],[False],1,False,False
semeval14_train_00298,semeval14,train,"We are very particular about sushi and were both please with every choice which included : ceviche mix (special) , crab dumplings , assorted sashimi , sushi and rolls , two types of sake , and the banana tempura .",['ceviche mix (special)'],['General'],['positive'],['ceviche mix (special)'],[False],1,False,False
semeval14_train_00299,semeval14,train,"We are very particular about sushi and were both please with every choice which included : ceviche mix -LRB- special -RRB- , crab dumplings , assorted sashimi , sushi and rolls , two types of sake , and the banana tempura .",['crab dumplings'],['General'],['positive'],['crab dumplings'],[False],1,False,False
semeval14_train_00300,semeval14,train,"We are very particular about sushi and were both please with every choice which included : ceviche mix -LRB- special -RRB- , crab dumplings , assorted sashimi , sushi and rolls , two types of sake , and the banana tempura .",['assorted sashimi'],['General'],['positive'],['assorted sashimi'],[False],1,False,False
semeval14_train_00301,semeval14,train,"We are very particular about sushi and were both please with every choice which included : ceviche mix -LRB- special -RRB- , crab dumplings , assorted sashimi , sushi and rolls , two types of sake , and the banana tempura .",['sushi'],['General'],['positive'],['sushi'],[False],1,False,False
semeval14_train_00302,semeval14,train,"We are very particular about sushi and were both please with every choice which included : ceviche mix -LRB- special -RRB- , crab dumplings , assorted sashimi , sushi and rolls , two types of sake , and the banana tempura .",['rolls'],['General'],['positive'],['rolls'],[False],1,False,False
semeval14_train_00303,semeval14,train,"We are very particular about sushi and were both please with every choice which included : ceviche mix -LRB- special -RRB- , crab dumplings , assorted sashimi , sushi and rolls , two types of sake , and the banana tempura .",['sake'],['General'],['positive'],['sake'],[False],1,False,False
semeval14_train_00304,semeval14,train,"We are very particular about sushi and were both please with every choice which included : ceviche mix -LRB- special -RRB- , crab dumplings , assorted sashimi , sushi and rolls , two types of sake , and the banana tempura .",['banana tempura'],['General'],['positive'],['banana tempura'],[False],1,False,False
semeval14_train_00305,semeval14,train,Try their plain pizza with fresh garlic or eggplant .,['plain pizza'],['General'],['positive'],['plain pizza'],[False],1,False,False
semeval14_train_00306,semeval14,train,Try their plain pizza with fresh garlic or eggplant .,['garlic'],['General'],['positive'],['garlic'],[False],1,False,False
semeval14_train_00307,semeval14,train,Try their plain pizza with fresh garlic or eggplant .,['eggplant'],['General'],['positive'],['eggplant'],[False],1,False,False
semeval14_train_00308,semeval14,train,"Ok , so the servers wander around a little clueless , but there 's more than enough servers for the crowd they get -- it 's fine , you just have to make a small effort to get their attention .",['servers'],['General'],['negative'],['servers'],[False],1,False,False
semeval14_train_00309,semeval14,train,Good luck getting a table .,['getting a table'],['General'],['negative'],['getting a table'],[False],1,False,False
semeval14_train_00310,semeval14,train,The service is awful .,['service'],['Service'],['negative'],['service'],[False],1,False,False
semeval14_train_00311,semeval14,train,"The takeout menu says to keep an eye out for an expanded menu offering more italian dishes , I ca n't wait !",['takeout menu'],['General'],['positive'],['takeout menu'],[False],1,False,False
semeval14_train_00312,semeval14,train,"The takeout menu says to keep an eye out for an expanded menu offering more italian dishes , I ca n't wait !",['menu'],['General'],['positive'],['menu'],[False],1,False,False
semeval14_train_00313,semeval14,train,"The takeout menu says to keep an eye out for an expanded menu offering more italian dishes , I ca n't wait !",['italian dishes'],['General'],['positive'],['italian dishes'],[False],1,False,False
semeval14_train_00314,semeval14,train,"I am not the most experienced person when it comes to Thai food , but my friend who took me there is .",['thai food'],['General'],['neutral'],['Thai food'],[False],1,False,False
semeval14_train_00315,semeval14,train,Regardless of whether there are two people or two hundred people ahead of you the hostess will take your name and tell you Five minutes .,['hostess'],['General'],['positive'],['hostess'],[False],1,False,False
semeval14_train_00316,semeval14,train,The pizza is good though .,['pizza'],['General'],['positive'],['pizza'],[False],1,False,False
semeval14_train_00317,semeval14,train,bottles of wine are cheap and good .,['bottles of wine'],['General'],['positive'],['bottles of wine'],[False],1,False,False
semeval14_train_00318,semeval14,train,"The have over 100 different beers to offer thier guest so that made my husband very happy and the food was delicious , if I must recommend a dish it must be the pumkin tortelini .",['beers'],['General'],['positive'],['beers'],[False],1,False,False
semeval14_train_00319,semeval14,train,"The have over 100 different beers to offer thier guest so that made my husband very happy and the food was delicious , if I must recommend a dish it must be the pumkin tortelini .",['food'],['Food'],['positive'],['food'],[False],1,False,False
semeval14_train_00320,semeval14,train,"The have over 100 different beers to offer thier guest so that made my husband very happy and the food was delicious , if I must recommend a dish it must be the pumkin tortelini .",['pumkin tortelini'],['General'],['positive'],['pumkin tortelini'],[False],1,False,False
semeval14_train_00321,semeval14,train,"The have over 100 different beers to offer thier guest so that made my husband very happy and the food was delicious , if I must recommend a dish it must be the pumkin tortelini .",['dish'],['General'],['positive'],['dish'],[False],1,False,False
semeval14_train_00322,semeval14,train,They did n't give us the dinner special until we asked for it .,['dinner special'],['General'],['negative'],['dinner special'],[False],1,False,False
semeval14_train_00323,semeval14,train,You must have the crabmeat lasagna which is out of this world and the chocolate bread pudding for dessert .,['crabmeat lasagna'],['General'],['positive'],['crabmeat lasagna'],[False],1,False,False
semeval14_train_00324,semeval14,train,You must have the crabmeat lasagna which is out of this world and the chocolate bread pudding for dessert .,['chocolate bread pudding'],['General'],['positive'],['chocolate bread pudding'],[False],1,False,False
semeval14_train_00325,semeval14,train,You must have the crabmeat lasagna which is out of this world and the chocolate bread pudding for dessert .,['dessert'],['General'],['positive'],['dessert'],[False],1,False,False
semeval14_train_00326,semeval14,train,"word of advice , save room for pasta dishes and never leave until you 've had the tiramisu .",['pasta dishes'],['General'],['positive'],['pasta dishes'],[False],1,False,False
semeval14_train_00327,semeval14,train,"word of advice , save room for pasta dishes and never leave until you 've had the tiramisu .",['tiramisu'],['General'],['positive'],['tiramisu'],[False],1,False,False
semeval14_train_00328,semeval14,train,Very good service and very good prices .,['service'],['Service'],['positive'],['service'],[False],1,False,False
semeval14_train_00329,semeval14,train,Very good service and very good prices .,['prices'],['General'],['positive'],['prices'],[False],1,False,False
semeval14_train_00330,semeval14,train,I recently went to this restaurant with some co-workers for lunch and had an amazing time .,['lunch'],['General'],['neutral'],['lunch'],[False],1,False,False
semeval14_train_00331,semeval14,train,"The service was impeccable and unobtrusive -- the staff knows what they are there to do -- to know their menu , present your meal , and attend to your needs .",['service'],['Service'],['positive'],['service'],[False],1,False,False
semeval14_train_00332,semeval14,train,"The service was impeccable and unobtrusive -- the staff knows what they are there to do -- to know their menu , present your meal , and attend to your needs .",['staff'],['Service'],['positive'],['staff'],[False],1,False,False
semeval14_train_00333,semeval14,train,"The service was impeccable and unobtrusive -- the staff knows what they are there to do -- to know their menu , present your meal , and attend to your needs .",['menu'],['General'],['neutral'],['menu'],[False],1,False,False
semeval14_train_00334,semeval14,train,"The service was impeccable and unobtrusive -- the staff knows what they are there to do -- to know their menu , present your meal , and attend to your needs .",['meal'],['General'],['neutral'],['meal'],[False],1,False,False
semeval14_train_00335,semeval14,train,Ess-A-Bagel -LRB- either by Sty-town or midtown -RRB- is by far the best bagel in NY .,['bagel'],['General'],['positive'],['bagel'],[False],1,False,False
semeval14_train_00336,semeval14,train,Our food was great too !,['food'],['Food'],['positive'],['food'],[False],1,False,False
semeval14_train_00337,semeval14,train,"The most annoying thing , though , is the fact that the servers seem to be trained to drive revenue .",['servers'],['General'],['negative'],['servers'],[False],1,False,False
semeval14_train_00338,semeval14,train,"Get your food to go , find a bench , and kick back with a plate of dumplings .",['food'],['Food'],['neutral'],['food'],[False],1,False,False
semeval14_train_00339,semeval14,train,"Get your food to go , find a bench , and kick back with a plate of dumplings .",['plate of dumplings'],['General'],['positive'],['plate of dumplings'],[False],1,False,False
semeval14_train_00340,semeval14,train,"Please try the Filet Mignon , its just the most tender piece ever .",['filet mignon'],['General'],['positive'],['Filet Mignon'],[False],1,False,False
semeval14_train_00341,semeval14,train,"We were still sitting at the bar while we drank the sangria , but facing away from the bar when we turned back around , the $ 2 was gone the people next to us said the bartender took it .",['sangria'],['General'],['neutral'],['sangria'],[False],1,False,False
semeval14_train_00342,semeval14,train,"We were still sitting at the bar while we drank the sangria , but facing away from the bar when we turned back around , the $ 2 was gone the people next to us said the bartender took it .",['bar'],['General'],['neutral'],['bar'],[False],1,False,False
semeval14_train_00343,semeval14,train,"We were still sitting at the bar while we drank the sangria , but facing away from the bar when we turned back around , the $ 2 was gone the people next to us said the bartender took it .",['bar'],['General'],['neutral'],['bar'],[False],1,False,False
semeval14_train_00344,semeval14,train,"We were still sitting at the bar while we drank the sangria , but facing away from the bar when we turned back around , the $ 2 was gone the people next to us said the bartender took it .",['bartender'],['General'],['negative'],['bartender'],[False],1,False,False
semeval14_train_00345,semeval14,train,The sake menu should not be overlooked !,['sake menu'],['General'],['positive'],['sake menu'],[False],1,False,False
semeval14_train_00346,semeval14,train,the drinks are amazing and half off till 8pm .,['drinks'],['Food'],['positive'],['drinks'],[False],1,False,False
semeval14_train_00347,semeval14,train,i 've been back to nha trang literally a hundred times for the beef cubes - they 're that good .,['beef cubes'],['General'],['positive'],['beef cubes'],[False],1,False,False
semeval14_train_00348,semeval14,train,"The service , wine selection , ambiance are all outstanding and deserve recognition .",['service'],['Service'],['positive'],['service'],[False],1,False,False
semeval14_train_00349,semeval14,train,"The service , wine selection , ambiance are all outstanding and deserve recognition .",['wine selection'],['General'],['positive'],['wine selection'],[False],1,False,False
semeval14_train_00350,semeval14,train,"The service , wine selection , ambiance are all outstanding and deserve recognition .",['ambiance'],['General'],['positive'],['ambiance'],[False],1,False,False
semeval14_train_00351,semeval14,train,"We were seated promptly as we had reservations , however after that the service was slow .",['reservations'],['General'],['positive'],['reservations'],[False],1,False,False
semeval14_train_00352,semeval14,train,"We were seated promptly as we had reservations , however after that the service was slow .",['service'],['Service'],['negative'],['service'],[False],1,False,False
semeval14_train_00353,semeval14,train,"It 's really also the service , is good and the waiters are friendly .",['service'],['Service'],['positive'],['service'],[False],1,False,False
semeval14_train_00354,semeval14,train,"It 's really also the service , is good and the waiters are friendly .",['waiters'],['General'],['positive'],['waiters'],[False],1,False,False
semeval14_train_00355,semeval14,train,"The food was pretty good , but a little flavorless and the portions very small , including dessert .",['dessert'],['General'],['negative'],['dessert'],[False],1,False,False
semeval14_train_00356,semeval14,train,"The food was pretty good , but a little flavorless and the portions very small , including dessert .",['portions'],['General'],['negative'],['portions'],[False],1,False,False
semeval14_train_00357,semeval14,train,"It is set far from the small street it 's on , and there is no traffic noise .",['traffic noise'],['General'],['positive'],['traffic noise'],[False],1,False,False
semeval14_train_00358,semeval14,train,Lived in Shanghai most of my life and thought the food was comparable to the flagship Green Bo restaurant there .,['food'],['Food'],['positive'],['food'],[False],1,False,False
semeval14_train_00359,semeval14,train,"I highly recommend Cafe St. Bart 's for their food , the ambience and wonderful service .",['food'],['Food'],['positive'],['food'],[False],1,False,False
semeval14_train_00360,semeval14,train,"I highly recommend Cafe St. Bart 's for their food , the ambience and wonderful service .",['ambience'],['Ambience'],['positive'],['ambience'],[False],1,False,False
semeval14_train_00361,semeval14,train,"I highly recommend Cafe St. Bart 's for their food , the ambience and wonderful service .",['service'],['Service'],['positive'],['service'],[False],1,False,False
semeval14_train_00362,semeval14,train,This is a nice restaurant if you are looking for a good place to host an intimate dinner meeting with business associates .,['dinner meeting'],['General'],['neutral'],['dinner meeting'],[False],1,False,False
semeval14_train_00363,semeval14,train,All the NYU students love this place so it makes for a fun young atmosphere .,['atmosphere'],['General'],['positive'],['atmosphere'],[False],1,False,False
semeval14_train_00364,semeval14,train,The food here does a great service to the name -LRB- Cantonese that is ... -RRB- .,['food'],['Food'],['positive'],['food'],[False],1,False,False
semeval14_train_00365,semeval14,train,The food here does a great service to the name -LRB- Cantonese that is ... -RRB- .,['cantonese'],['General'],['positive'],['Cantonese'],[False],1,False,False
semeval14_train_00366,semeval14,train,"But , nothing stands out about the cooking .",['cooking'],['General'],['neutral'],['cooking'],[False],1,False,False
semeval14_train_00367,semeval14,train,Joya used to be a cool spot with decent food and a colorful - if not relaxed - atmosphere .,['food'],['Food'],['positive'],['food'],[False],1,False,False
semeval14_train_00368,semeval14,train,Joya used to be a cool spot with decent food and a colorful - if not relaxed - atmosphere .,['atmosphere'],['General'],['positive'],['atmosphere'],[False],1,False,False
semeval14_train_00369,semeval14,train,The Prix Fixe menu is worth every penny and you get more than enough -LRB- both in quantity AND quality -RRB- .,['prix fixe menu'],['General'],['positive'],['Prix Fixe menu'],[False],1,False,False
semeval14_train_00370,semeval14,train,The Prix Fixe menu is worth every penny and you get more than enough -LRB- both in quantity AND quality -RRB- .,['quantity'],['General'],['positive'],['quantity'],[False],1,False,False
semeval14_train_00371,semeval14,train,The Prix Fixe menu is worth every penny and you get more than enough -LRB- both in quantity AND quality -RRB- .,['quality'],['General'],['positive'],['quality'],[False],1,False,False
semeval14_train_00372,semeval14,train,I 've been here 3 times for lunch and it is one of my favorites in the city .,['lunch'],['General'],['neutral'],['lunch'],[False],1,False,False
semeval14_train_00373,semeval14,train,"I had their eggs benedict for brunch , which were the worst in my entire life , I tried removing the hollondaise sauce completely that was how failed it was .",['eggs benedict'],['General'],['negative'],['eggs benedict'],[False],1,False,False
semeval14_train_00374,semeval14,train,"I had their eggs benedict for brunch , which were the worst in my entire life , I tried removing the hollondaise sauce completely that was how failed it was .",['hollondaise sauce'],['General'],['negative'],['hollondaise sauce'],[False],1,False,False
semeval14_train_00375,semeval14,train,"I had their eggs benedict for brunch , which were the worst in my entire life , I tried removing the hollondaise sauce completely that was how failed it was .",['brunch'],['General'],['neutral'],['brunch'],[False],1,False,False
semeval14_train_00376,semeval14,train,"I work near-by , and they have the BEST oatmeal in the neighborhood - not a packaged or quick-cooked item .",['oatmeal'],['General'],['positive'],['oatmeal'],[False],1,False,False
semeval14_train_00377,semeval14,train,Too bad the food was n't of the same heritage .,['food'],['Food'],['negative'],['food'],[False],1,False,False
semeval14_train_00378,semeval14,train,"The menu looked good , except for offering the Chilean Sea Bass , but the server does not offer up the specials that were written on the board outside .",['menu'],['General'],['positive'],['menu'],[False],1,False,False
semeval14_train_00379,semeval14,train,"The menu looked good , except for offering the Chilean Sea Bass , but the server does not offer up the specials that were written on the board outside .",['chilean sea bass'],['General'],['negative'],['Chilean Sea Bass'],[False],1,False,False
semeval14_train_00380,semeval14,train,"The menu looked good , except for offering the Chilean Sea Bass , but the server does not offer up the specials that were written on the board outside .",['server'],['General'],['negative'],['server'],[False],1,False,False
semeval14_train_00381,semeval14,train,"The menu looked good , except for offering the Chilean Sea Bass , but the server does not offer up the specials that were written on the board outside .",['specials'],['General'],['neutral'],['specials'],[False],1,False,False
semeval14_train_00382,semeval14,train,"The food was really good , I had the onion soup and it was one of the best ever .",['food'],['Food'],['positive'],['food'],[False],1,False,False
semeval14_train_00383,semeval14,train,"The food was really good , I had the onion soup and it was one of the best ever .",['onion soup'],['General'],['positive'],['onion soup'],[False],1,False,False
semeval14_train_00384,semeval14,train,"overall , a solid restaurant and at less than $ 40pp -LRB- including wine -RRB- , a solid deal as well .",['wine'],['General'],['neutral'],['wine'],[False],1,False,False
semeval14_train_00385,semeval14,train,"Since it literally is a complete hole in the wall , it 's a bit intimidating at first , but you get over that very quickly as soon as the friendly staff welcomes you - do n't hesitate to ask for help with what to get .",['staff'],['Service'],['positive'],['staff'],[False],1,False,False
semeval14_train_00386,semeval14,train,"Based on the reviews for dinner , this is a place I would reconsider revisiting for that , but definitely not for Dim Sum again .",['dim sum'],['General'],['negative'],['Dim Sum'],[False],1,False,False
semeval14_train_00387,semeval14,train,"Based on the reviews for dinner , this is a place I would reconsider revisiting for that , but definitely not for Dim Sum again .",['dinner'],['General'],['positive'],['dinner'],[False],1,False,False
semeval14_train_00388,semeval14,train,"It costs $ 2 extra to turn a regular roll into an inside-out roll , but the roll more than triples in size , and that 's not just from the rice .",['roll'],['General'],['negative'],['roll'],[False],1,False,False
semeval14_train_00389,semeval14,train,"It costs $ 2 extra to turn a regular roll into an inside-out roll , but the roll more than triples in size , and that 's not just from the rice .",['roll'],['General'],['negative'],['roll'],[False],1,False,False
semeval14_train_00390,semeval14,train,"It costs $ 2 extra to turn a regular roll into an inside-out roll , but the roll more than triples in size , and that 's not just from the rice .",['roll'],['General'],['negative'],['roll'],[False],1,False,False
semeval14_train_00391,semeval14,train,"It costs $ 2 extra to turn a regular roll into an inside-out roll , but the roll more than triples in size , and that 's not just from the rice .",['rice'],['General'],['neutral'],['rice'],[False],1,False,False
semeval14_train_00392,semeval14,train,"When he finally did , he was unable to make a gin and tonic -- could n't find tonic .",['gin and tonic'],['General'],['neutral'],['gin and tonic'],[False],1,False,False
semeval14_train_00393,semeval14,train,"When he finally did , he was unable to make a gin and tonic -- could n't find tonic .",['tonic'],['General'],['neutral'],['tonic'],[False],1,False,False
semeval14_train_00394,semeval14,train,"The dim sum is ok but does n't taste that fresh , and the little dishes do n't look steamy hot as they should -LRB- also note lack of Chinese here -RRB- .",['dim sum'],['General'],['negative'],['dim sum'],[False],1,False,False
semeval14_train_00395,semeval14,train,"The dim sum is ok but does n't taste that fresh , and the little dishes do n't look steamy hot as they should -LRB- also note lack of Chinese here -RRB- .",['little dishes'],['General'],['negative'],['little dishes'],[False],1,False,False
semeval14_train_00396,semeval14,train,"The service is ok , some of the people did n't get what they asked for .",['service'],['Service'],['neutral'],['service'],[False],1,False,False
semeval14_train_00397,semeval14,train,If you want good authentic Thai this place is not the place to go .,['thai'],['General'],['negative'],['Thai'],[False],1,False,False
semeval14_train_00398,semeval14,train,I recommend getting a reservation even though we saw people seated without one .,['reservation'],['General'],['neutral'],['reservation'],[False],1,False,False
semeval14_train_00399,semeval14,train,The only thing I moderately enjoyed was their Grilled Chicken special with Edamame Puree .,['grilled chicken special with edamame puree'],['General'],['neutral'],['Grilled Chicken special with Edamame Puree'],[False],1,False,False
semeval14_train_00400,semeval14,train,"If you want some roast duck , pork or chicken on rice with ginger , try them out !",['roast duck'],['General'],['positive'],['roast duck'],[False],1,False,False
semeval14_train_00401,semeval14,train,"If you want some roast duck , pork or chicken on rice with ginger , try them out !",['pork'],['General'],['positive'],['pork'],[False],1,False,False
semeval14_train_00402,semeval14,train,"If you want some roast duck , pork or chicken on rice with ginger , try them out !",['chicken on rice with ginger'],['General'],['positive'],['chicken on rice with ginger'],[False],1,False,False
semeval14_train_00403,semeval14,train,"You order from a menu , so you leave feeling like you missed the full experience .",['menu'],['General'],['negative'],['menu'],[False],1,False,False
semeval14_train_00404,semeval14,train,Staff is very accomodating .,['staff'],['Service'],['positive'],['Staff'],[False],1,False,False
semeval14_train_00405,semeval14,train,I went to Del Frisco 's Friday night with my boyfriend for an 8:00 reservation .,['reservation'],['General'],['neutral'],['reservation'],[False],1,False,False
semeval14_train_00406,semeval14,train,yourself a favor and have dinner here and see if you dont agree with me .,['dinner'],['General'],['neutral'],['dinner'],[False],1,False,False
semeval14_train_00407,semeval14,train,Very popular style Izakaya -LRB- Sake and small portion of sake-friendly dishes -RRB- .,['sake'],['General'],['positive'],['Sake'],[False],1,False,False
semeval14_train_00408,semeval14,train,Very popular style Izakaya -LRB- Sake and small portion of sake-friendly dishes -RRB- .,['dishes'],['General'],['positive'],['dishes'],[False],1,False,False
semeval14_train_00409,semeval14,train,Very popular style Izakaya -LRB- Sake and small portion of sake-friendly dishes -RRB- .,['portion'],['General'],['neutral'],['portion'],[False],1,False,False
semeval14_train_00410,semeval14,train,"The food was terrific and the service classy , attentive , without being overbearing .",['food'],['Food'],['positive'],['food'],[False],1,False,False
semeval14_train_00411,semeval14,train,"The food was terrific and the service classy , attentive , without being overbearing .",['service'],['Service'],['positive'],['service'],[False],1,False,False
semeval14_train_00412,semeval14,train,This is an amazing place to try some roti rolls .,['roti rolls'],['General'],['positive'],['roti rolls'],[False],1,False,False
semeval14_train_00413,semeval14,train,Fresh ingredients and everything is made to order .,['ingredients'],['General'],['positive'],['ingredients'],[False],1,False,False
semeval14_train_00414,semeval14,train,"We have never had any problems with charging the meal or the tip , and the food was delivered quickly , but we live only a few minutes walk from them .",['meal'],['General'],['positive'],['meal'],[False],1,False,False
semeval14_train_00415,semeval14,train,"We have never had any problems with charging the meal or the tip , and the food was delivered quickly , but we live only a few minutes walk from them .",['food'],['Food'],['positive'],['food'],[False],1,False,False
semeval14_train_00416,semeval14,train,"We have never had any problems with charging the meal or the tip , and the food was delivered quickly , but we live only a few minutes walk from them .",['tip'],['General'],['positive'],['tip'],[False],1,False,False
semeval14_train_00417,semeval14,train,Quick and friendly service .,['service'],['Service'],['positive'],['service'],[False],1,False,False
semeval14_train_00418,semeval14,train,"They are tasty , but I suggest only eating one with meat because they tend not to mesh that well with the average American digestive system .",['meat'],['General'],['neutral'],['meat'],[False],1,False,False
semeval14_train_00419,semeval14,train,"Try the hot dogs too , they 're snappy and delicious .",['hot dogs'],['General'],['positive'],['hot dogs'],[False],1,False,False
semeval14_train_00420,semeval14,train,Delivery is fast too .,['delivery'],['General'],['positive'],['Delivery'],[False],1,False,False
semeval14_train_00421,semeval14,train,"The noise level was unbearable , conversation impossible .",['noise level'],['General'],['negative'],['noise level'],[False],1,False,False
semeval14_train_00422,semeval14,train,Personal pans are the perfect size for those hungry nights .,['personal pans'],['General'],['positive'],['Personal pans'],[False],1,False,False
semeval14_train_00423,semeval14,train,Highly recommended is the Spicy Fried Clam Rolls and Spider Rolls .,['spicy fried clam rolls'],['General'],['positive'],['Spicy Fried Clam Rolls'],[False],1,False,False
semeval14_train_00424,semeval14,train,Highly recommended is the Spicy Fried Clam Rolls and Spider Rolls .,['spider rolls'],['General'],['positive'],['Spider Rolls'],[False],1,False,False
semeval14_train_00425,semeval14,train,One of the earlier people commenting on the restaurant did not get the that some experimenting is going on with the menu in a positive way .,['menu'],['General'],['positive'],['menu'],[False],1,False,False
semeval14_train_00426,semeval14,train,The atmosphere is great if your looking for a laid back scene and an inexpensive way to spend a weekend afternoon .,['atmosphere'],['General'],['positive'],['atmosphere'],[False],1,False,False
semeval14_train_00427,semeval14,train,"Odd for Ave B , not just odd , The place attracts an eclectic crowd to say the least .",['place'],['General'],['positive'],['place'],[False],1,False,False
semeval14_train_00428,semeval14,train,Instead of wasting your time here : SUPPORT RESTAURANTS THAT CARE ABOUT FOOD .,['food'],['Food'],['neutral'],['FOOD'],[False],1,False,False
semeval14_train_00429,semeval14,train,just got back from lunch at Tamarind and it was excellent .,['lunch'],['General'],['positive'],['lunch'],[False],1,False,False
semeval14_train_00430,semeval14,train,"head and shoulders above its neighboors on east 6 st , taj mahal is also very comparable , in food quality , to the much overpraised -LRB- and underdeserving -RRB- baluchi 's .",['food quality'],['General'],['positive'],['food quality'],[False],1,False,False
semeval14_train_00431,semeval14,train,"The man that was hosting promised to save a table for our party of 7 , then sat a party of 2 at the very table he was saving -LRB- mean while there were boths open all around -RRB- .",['man'],['General'],['negative'],['man'],[False],1,False,False
semeval14_train_00432,semeval14,train,"The man that was hosting promised to save a table for our party of 7 , then sat a party of 2 at the very table he was saving -LRB- mean while there were boths open all around -RRB- .",['table'],['General'],['neutral'],['table'],[False],1,False,False
semeval14_train_00433,semeval14,train,"The man that was hosting promised to save a table for our party of 7 , then sat a party of 2 at the very table he was saving -LRB- mean while there were boths open all around -RRB- .",['table'],['General'],['negative'],['table'],[False],1,False,False
semeval14_train_00434,semeval14,train,Try the cheesecake !,['cheesecake'],['General'],['positive'],['cheesecake'],[False],1,False,False
semeval14_train_00435,semeval14,train,As we were sitting eating the subpar food the manager proceeded to berate a couple of his employees for putting out the wrong containers for condiments and explained to them how expensive these containers were .,['food'],['Food'],['negative'],['food'],[False],1,False,False
semeval14_train_00436,semeval14,train,As we were sitting eating the subpar food the manager proceeded to berate a couple of his employees for putting out the wrong containers for condiments and explained to them how expensive these containers were .,['employees'],['General'],['negative'],['employees'],[False],1,False,False
semeval14_train_00437,semeval14,train,As we were sitting eating the subpar food the manager proceeded to berate a couple of his employees for putting out the wrong containers for condiments and explained to them how expensive these containers were .,['containers for condiments'],['General'],['negative'],['containers for condiments'],[False],1,False,False
semeval14_train_00438,semeval14,train,As we were sitting eating the subpar food the manager proceeded to berate a couple of his employees for putting out the wrong containers for condiments and explained to them how expensive these containers were .,['containers'],['General'],['neutral'],['containers'],[False],1,False,False
semeval14_train_00439,semeval14,train,As we were sitting eating the subpar food the manager proceeded to berate a couple of his employees for putting out the wrong containers for condiments and explained to them how expensive these containers were .,['manager'],['General'],['negative'],['manager'],[False],1,False,False
semeval14_train_00440,semeval14,train,Great Indian food and the service is incredible .,['indian food'],['General'],['positive'],['Indian food'],[False],1,False,False
semeval14_train_00441,semeval14,train,Great Indian food and the service is incredible .,['service'],['Service'],['positive'],['service'],[False],1,False,False
semeval14_train_00442,semeval14,train,"Decor is nice and minimalist , food simple yet very well presented and cooked , and the wine list matches the food very well .",['decor'],['General'],['positive'],['Decor'],[False],1,False,False
semeval14_train_00443,semeval14,train,"Decor is nice and minimalist , food simple yet very well presented and cooked , and the wine list matches the food very well .",['food'],['Food'],['positive'],['food'],[False],1,False,False
semeval14_train_00444,semeval14,train,"Decor is nice and minimalist , food simple yet very well presented and cooked , and the wine list matches the food very well .",['wine list'],['General'],['positive'],['wine list'],[False],1,False,False
semeval14_train_00445,semeval14,train,"Decor is nice and minimalist , food simple yet very well presented and cooked , and the wine list matches the food very well .",['food'],['Food'],['neutral'],['food'],[False],1,False,False
semeval14_train_00446,semeval14,train,"I had the salmon dish and while it was fine , for the price paid , I expected it to have some type of flavor .",['flavor'],['General'],['negative'],['flavor'],[False],1,False,False
semeval14_train_00447,semeval14,train,"I had the salmon dish and while it was fine , for the price paid , I expected it to have some type of flavor .",['price'],['Price'],['neutral'],['price'],[False],1,False,False
semeval14_train_00448,semeval14,train,We ordered a tuna melt - it came with out cheese which just made it a tuna sandwich .,['tuna melt'],['General'],['negative'],['tuna melt'],[False],1,False,False
semeval14_train_00449,semeval14,train,We ordered a tuna melt - it came with out cheese which just made it a tuna sandwich .,['cheese'],['General'],['neutral'],['cheese'],[False],1,False,False
semeval14_train_00450,semeval14,train,We ordered a tuna melt - it came with out cheese which just made it a tuna sandwich .,['tuna sandwich'],['General'],['negative'],['tuna sandwich'],[False],1,False,False
semeval14_train_00451,semeval14,train,"Especially liked chicken tikka and the naan , and the dals .",['chicken tikka'],['General'],['positive'],['chicken tikka'],[False],1,False,False
semeval14_train_00452,semeval14,train,"Especially liked chicken tikka and the naan , and the dals .",['naan'],['General'],['positive'],['naan'],[False],1,False,False
semeval14_train_00453,semeval14,train,"Especially liked chicken tikka and the naan , and the dals .",['dals'],['General'],['positive'],['dals'],[False],1,False,False
semeval14_train_00454,semeval14,train,The waiters were not attentive except that the bill turned up on the table before we were finished .,['waiters'],['General'],['negative'],['waiters'],[False],1,False,False
semeval14_train_00455,semeval14,train,The waiters were not attentive except that the bill turned up on the table before we were finished .,['bill'],['General'],['negative'],['bill'],[False],1,False,False
semeval14_train_00456,semeval14,train,The restaurant looks out over beautiful green lawns to the Hudson River and the Statue of Liberty .,['lawns'],['General'],['positive'],['lawns'],[False],1,False,False
semeval14_train_00457,semeval14,train,The sangria was pretty tasty and good on a hot muggy day .,['sangria'],['General'],['positive'],['sangria'],[False],1,False,False
semeval14_train_00458,semeval14,train,Do n't eat here unless you 're starving for thai food and you work next door .,['thai food'],['General'],['negative'],['thai food'],[False],1,False,False
semeval14_train_00459,semeval14,train,"For the people who want great food plus great service , Roxy is a place to AVOID !",['food'],['Food'],['negative'],['food'],[False],1,False,False
semeval14_train_00460,semeval14,train,"For the people who want great food plus great service , Roxy is a place to AVOID !",['service'],['Service'],['negative'],['service'],[False],1,False,False
semeval14_train_00461,semeval14,train,I had the best ravioli ever .,['ravioli'],['General'],['positive'],['ravioli'],[False],1,False,False
semeval14_train_00462,semeval14,train,Ive been here a bunch of times now and the service is always outstanding .,['service'],['Service'],['positive'],['service'],[False],1,False,False
semeval14_train_00463,semeval14,train,The bill is approximately $ 25 for 2 at lunch without drinks .,['bill'],['General'],['neutral'],['bill'],[False],1,False,False
semeval14_train_00464,semeval14,train,The bill is approximately $ 25 for 2 at lunch without drinks .,['lunch'],['General'],['neutral'],['lunch'],[False],1,False,False
semeval14_train_00465,semeval14,train,The bill is approximately $ 25 for 2 at lunch without drinks .,['drinks'],['Food'],['neutral'],['drinks'],[False],1,False,False
semeval14_train_00466,semeval14,train,"Quite frankly , this is some of the worst sushi I have ever tried .",['sushi'],['General'],['negative'],['sushi'],[False],1,False,False
semeval14_train_00467,semeval14,train,"The food is great , service is ok .",['food'],['Food'],['positive'],['food'],[False],1,False,False
semeval14_train_00468,semeval14,train,"The food is great , service is ok .",['service'],['Service'],['neutral'],['service'],[False],1,False,False
semeval14_train_00469,semeval14,train,"The overall price tag was very very expensive , something I did expect .",['price tag'],['General'],['negative'],['price tag'],[False],1,False,False
semeval14_train_00470,semeval14,train,"Spice is great Thai food , love the inexpensive appetizers .",['thai food'],['General'],['positive'],['Thai food'],[False],1,False,False
semeval14_train_00471,semeval14,train,"Spice is great Thai food , love the inexpensive appetizers .",['appetizers'],['General'],['positive'],['appetizers'],[False],1,False,False
semeval14_train_00472,semeval14,train,The service was attentive .,['service'],['Service'],['positive'],['service'],[False],1,False,False
semeval14_train_00473,semeval14,train,"He not only makes his own homemade mozzarella , but every pie is ultra fresh .",['mozzarella'],['General'],['positive'],['mozzarella'],[False],1,False,False
semeval14_train_00474,semeval14,train,"He not only makes his own homemade mozzarella , but every pie is ultra fresh .",['pie'],['General'],['positive'],['pie'],[False],1,False,False
semeval14_train_00475,semeval14,train,Fish was overdone .,['fish'],['General'],['negative'],['Fish'],[False],1,False,False
semeval14_train_00476,semeval14,train,"When you 're sitting in their main dining room -LRB- which has a spectacular , hand-painted high ceiling -RRB- you 'd never know there was a world outside .",['main dining room'],['General'],['positive'],['main dining room'],[False],1,False,False
semeval14_train_00477,semeval14,train,"When you 're sitting in their main dining room -LRB- which has a spectacular , hand-painted high ceiling -RRB- you 'd never know there was a world outside .",['ceiling'],['General'],['positive'],['ceiling'],[False],1,False,False
semeval14_train_00478,semeval14,train,We visited Bread Bar during January restaurant week and were so pleased with the menu selections and service .,['menu selections'],['General'],['positive'],['menu selections'],[False],1,False,False
semeval14_train_00479,semeval14,train,We visited Bread Bar during January restaurant week and were so pleased with the menu selections and service .,['service'],['Service'],['positive'],['service'],[False],1,False,False
semeval14_train_00480,semeval14,train,also make sure you pay attention to the music being piped in - quite a weird selection .,['music'],['General'],['neutral'],['music'],[False],1,False,False
semeval14_train_00481,semeval14,train,The establishment scores big points in presentation and style .,['establishment'],['General'],['positive'],['establishment'],[False],1,False,False
semeval14_train_00482,semeval14,train,Good food .,['food'],['Food'],['positive'],['food'],[False],1,False,False
semeval14_train_00483,semeval14,train,"The wait staff is very friendly , if not overly efficient .",['wait staff'],['General'],['positive'],['wait staff'],[False],1,False,False
semeval14_train_00484,semeval14,train,The dim sum however was very good .,['dim sum'],['General'],['positive'],['dim sum'],[False],1,False,False
semeval14_train_00485,semeval14,train,Service has always been friendly and efficient .,['service'],['Service'],['positive'],['Service'],[False],1,False,False
semeval14_train_00486,semeval14,train,Went there and had a combination of different seafood dishes and appetizers .,['seafood dishes'],['General'],['neutral'],['seafood dishes'],[False],1,False,False
semeval14_train_00487,semeval14,train,Went there and had a combination of different seafood dishes and appetizers .,['appetizers'],['General'],['neutral'],['appetizers'],[False],1,False,False
semeval14_train_00488,semeval14,train,Its a great place for a casual date or to entertain clients for lunch .,['lunch'],['General'],['neutral'],['lunch'],[False],1,False,False
semeval14_train_00489,semeval14,train,All we received was an apology as we left to see our show without dinner .,['dinner'],['General'],['neutral'],['dinner'],[False],1,False,False
semeval14_train_00490,semeval14,train,The table next to us asked if he crushed the grapes himself when their long overdue bottle of wine finally arrived .,['bottle of wine'],['General'],['neutral'],['bottle of wine'],[False],1,False,False
semeval14_train_00491,semeval14,train,The table next to us asked if he crushed the grapes himself when their long overdue bottle of wine finally arrived .,['grapes'],['General'],['neutral'],['grapes'],[False],1,False,False
semeval14_train_00492,semeval14,train,Prices are very good .,['prices'],['General'],['positive'],['Prices'],[False],1,False,False
semeval14_train_00493,semeval14,train,"We could not catch our waiter 's eye , and he ignored us .",['waiter'],['General'],['negative'],['waiter'],[False],1,False,False
semeval14_train_00494,semeval14,train,Plain and simple it 's bad thai food .,['thai food'],['General'],['negative'],['thai food'],[False],1,False,False
semeval14_train_00495,semeval14,train,Usually 3 vs. 4 items per dish .,['dish'],['General'],['neutral'],['dish'],[False],1,False,False
semeval14_train_00496,semeval14,train,"While certain staples are excellent -LRB- the burger , some of the pastas -RRB- , the food is not really the point .",['burger'],['General'],['positive'],['burger'],[False],1,False,False
semeval14_train_00497,semeval14,train,"While certain staples are excellent -LRB- the burger , some of the pastas -RRB- , the food is not really the point .",['pastas'],['General'],['positive'],['pastas'],[False],1,False,False
semeval14_train_00498,semeval14,train,"While certain staples are excellent -LRB- the burger , some of the pastas -RRB- , the food is not really the point .",['food'],['Food'],['neutral'],['food'],[False],1,False,False
semeval14_train_00499,semeval14,train,"While certain staples are excellent -LRB- the burger , some of the pastas -RRB- , the food is not really the point .",['staples'],['General'],['positive'],['staples'],[False],1,False,False
semeval14_train_00500,semeval14,train,"The Dim Sum was so-so , but not spectacular .",['dim sum'],['General'],['neutral'],['Dim Sum'],[False],1,False,False
semeval14_train_00501,semeval14,train,The food was so-so .,['food'],['Food'],['neutral'],['food'],[False],1,False,False
semeval14_train_00502,semeval14,train,"The waitress , seems to be more concerned of looking good than actually waitressing .",['waitress'],['General'],['negative'],['waitress'],[False],1,False,False
semeval14_train_00503,semeval14,train,"The place is larger than most and features adequate seating unlike most joints , and has a bar which deserves a mention .",['seating'],['General'],['positive'],['seating'],[False],1,False,False
semeval14_train_00504,semeval14,train,"The place is larger than most and features adequate seating unlike most joints , and has a bar which deserves a mention .",['bar'],['General'],['positive'],['bar'],[False],1,False,False
semeval14_train_00505,semeval14,train,"The place is larger than most and features adequate seating unlike most joints , and has a bar which deserves a mention .",['place'],['General'],['positive'],['place'],[False],1,False,False
semeval14_train_00506,semeval14,train,Threw my fiance 's surprise 30th birthday dinner here could n't be happier .,['dinner'],['General'],['neutral'],['dinner'],[False],1,False,False
semeval14_train_00507,semeval14,train,Food - awesome .,['food'],['Food'],['positive'],['Food'],[False],1,False,False
semeval14_train_00508,semeval14,train,"good music , great food , speedy service affordable prices .",['music'],['General'],['positive'],['music'],[False],1,False,False
semeval14_train_00509,semeval14,train,"good music , great food , speedy service affordable prices .",['food'],['Food'],['positive'],['food'],[False],1,False,False
semeval14_train_00510,semeval14,train,"good music , great food , speedy service affordable prices .",['service'],['Service'],['positive'],['service'],[False],1,False,False
semeval14_train_00511,semeval14,train,"good music , great food , speedy service affordable prices .",['prices'],['General'],['positive'],['prices'],[False],1,False,False
semeval14_train_00512,semeval14,train,The lobster sandwich is $ 24 and although it was good it was not nearly enough to warrant that price .,['price'],['Price'],['negative'],['price'],[False],1,False,False
semeval14_train_00513,semeval14,train,"May , the owner always has a smile on her and will warmly greet you .",['owner'],['General'],['positive'],['owner'],[False],1,False,False
semeval14_train_00514,semeval14,train,The sides were ok and incredibly salty .,['sides'],['General'],['negative'],['sides'],[False],1,False,False
semeval14_train_00515,semeval14,train,"For some reason , all the seafood on the menu was unavailable except for the Salmon .",['seafood'],['General'],['negative'],['seafood'],[False],1,False,False
semeval14_train_00516,semeval14,train,"For some reason , all the seafood on the menu was unavailable except for the Salmon .",['menu'],['General'],['negative'],['menu'],[False],1,False,False
semeval14_train_00517,semeval14,train,"For some reason , all the seafood on the menu was unavailable except for the Salmon .",['salmon'],['General'],['neutral'],['Salmon'],[False],1,False,False
semeval14_train_00518,semeval14,train,"The beverages were excellent , and the dessert was good .",['beverages'],['General'],['positive'],['beverages'],[False],1,False,False
semeval14_train_00519,semeval14,train,"The beverages were excellent , and the dessert was good .",['dessert'],['General'],['positive'],['dessert'],[False],1,False,False
semeval14_train_00520,semeval14,train,The hostess and the waitress were incredibly rude and did everything they could to rush us out .,['hostess'],['General'],['negative'],['hostess'],[False],1,False,False
semeval14_train_00521,semeval14,train,The hostess and the waitress were incredibly rude and did everything they could to rush us out .,['waitress'],['General'],['negative'],['waitress'],[False],1,False,False
semeval14_train_00522,semeval14,train,"Next time , we would n't dare ordering anything else other than some simple Asian appetizers and drinks .",['asian appetizers'],['General'],['positive'],['Asian appetizers'],[False],1,False,False
semeval14_train_00523,semeval14,train,"Next time , we would n't dare ordering anything else other than some simple Asian appetizers and drinks .",['drinks'],['Food'],['positive'],['drinks'],[False],1,False,False
semeval14_train_00524,semeval14,train,"Please if your thinking about it go , and stay the wait you wo n't be disappointed .",['wait'],['General'],['negative'],['wait'],[False],1,False,False
semeval14_train_00525,semeval14,train,I must say the view of NYC is so beautiful !,['view'],['General'],['positive'],['view'],[False],1,False,False
semeval14_train_00526,semeval14,train,"If you 'd like to have a nice light meal with an asian accent , Long Tan is a good place on the slope .",['meal'],['General'],['positive'],['meal'],[False],1,False,False
semeval14_train_00527,semeval14,train,"When going out for a nice dinner , I like a nice ambiance as well as very good food .",['dinner'],['General'],['positive'],['dinner'],[False],1,False,False
semeval14_train_00528,semeval14,train,"When going out for a nice dinner , I like a nice ambiance as well as very good food .",['ambiance'],['General'],['positive'],['ambiance'],[False],1,False,False
semeval14_train_00529,semeval14,train,"When going out for a nice dinner , I like a nice ambiance as well as very good food .",['food'],['Food'],['positive'],['food'],[False],1,False,False
semeval14_train_00530,semeval14,train,"Otherwise , this place has great service and prices and a nice friendly atmosphere .",['service'],['Service'],['positive'],['service'],[False],1,False,False
semeval14_train_00531,semeval14,train,"Otherwise , this place has great service and prices and a nice friendly atmosphere .",['prices'],['General'],['positive'],['prices'],[False],1,False,False
semeval14_train_00532,semeval14,train,"Otherwise , this place has great service and prices and a nice friendly atmosphere .",['atmosphere'],['General'],['positive'],['atmosphere'],[False],1,False,False
semeval14_train_00533,semeval14,train,Highly recommend this as great value for excellent sushi and service .,['sushi'],['General'],['positive'],['sushi'],[False],1,False,False
semeval14_train_00534,semeval14,train,Highly recommend this as great value for excellent sushi and service .,['service'],['Service'],['positive'],['service'],[False],1,False,False
semeval14_train_00535,semeval14,train,Highly recommend this as great value for excellent sushi and service .,['value'],['General'],['positive'],['value'],[False],1,False,False
semeval14_train_00536,semeval14,train,This place would be so much better served by being run by a group that actually understands customer service .,['service'],['Service'],['negative'],['service'],[False],1,False,False
semeval14_train_00537,semeval14,train,This place would be so much better served by being run by a group that actually understands customer service .,['served'],['General'],['negative'],['served'],[False],1,False,False
semeval14_train_00538,semeval14,train,A + + The service was good to excellent along with the attitude .,['service'],['Service'],['positive'],['service'],[False],1,False,False
semeval14_train_00539,semeval14,train,A + + The service was good to excellent along with the attitude .,['attitude'],['General'],['positive'],['attitude'],[False],1,False,False
semeval14_train_00540,semeval14,train,The food is awesome - definitely try the striped bass .,['food'],['Food'],['positive'],['food'],[False],1,False,False
semeval14_train_00541,semeval14,train,The food is awesome - definitely try the striped bass .,['striped bass'],['General'],['positive'],['striped bass'],[False],1,False,False
semeval14_train_00542,semeval14,train,"The music does get a little loud at times , but it just made me want to lean closer to my beautiful wife , and as I did , I got a whiff of corriander .",['corriander'],['General'],['neutral'],['corriander'],[False],1,False,False
semeval14_train_00543,semeval14,train,black white shakes came out good also .,['black white shakes'],['General'],['positive'],['black white shakes'],[False],1,False,False
semeval14_train_00544,semeval14,train,It 's simply the best meal in NYC .,['meal'],['General'],['positive'],['meal'],[False],1,False,False
semeval14_train_00545,semeval14,train,After passing by this restaurant for sometime I finally decided to go in and have dinner .,['dinner'],['General'],['neutral'],['dinner'],[False],1,False,False
semeval14_train_00546,semeval14,train,"The seating was if they were trying to get the maximum amount of people into the restaurant , so be nice to your neighbor when you dine here .",['seating'],['General'],['negative'],['seating'],[False],1,False,False
semeval14_train_00547,semeval14,train,I ordered the chu chu curry and my friend ordered the pad thai chicken .,['chu chu curry'],['General'],['neutral'],['chu chu curry'],[False],1,False,False
semeval14_train_00548,semeval14,train,I ordered the chu chu curry and my friend ordered the pad thai chicken .,['pad thai chicken'],['General'],['neutral'],['pad thai chicken'],[False],1,False,False
semeval14_train_00549,semeval14,train,We go on Mondays for the prix fixe and our experience with the food has been comparable to Blue Ribbon .,['food'],['Food'],['neutral'],['food'],[False],1,False,False
semeval14_train_00550,semeval14,train,We go on Mondays for the prix fixe and our experience with the food has been comparable to Blue Ribbon .,['prix fixe'],['General'],['neutral'],['prix fixe'],[False],1,False,False
semeval14_train_00551,semeval14,train,"However , they 've got the most amazing pastrami and the soups hit the spot .",['pastrami'],['General'],['positive'],['pastrami'],[False],1,False,False
semeval14_train_00552,semeval14,train,"However , they 've got the most amazing pastrami and the soups hit the spot .",['soups'],['General'],['positive'],['soups'],[False],1,False,False
semeval14_train_00553,semeval14,train,Great bagels made the old-fashioned way .,['bagels'],['General'],['positive'],['bagels'],[False],1,False,False
semeval14_train_00554,semeval14,train,"This is some really good , inexpensive sushi .",['sushi'],['General'],['positive'],['sushi'],[False],1,False,False
semeval14_train_00555,semeval14,train,"my personal favorite is an everything bagel with lox spread , but all the bagles are unbeliavably good .",['bagel with lox spread'],['General'],['positive'],['bagel with lox spread'],[False],1,False,False
semeval14_train_00556,semeval14,train,"my personal favorite is an everything bagel with lox spread , but all the bagles are unbeliavably good .",['bagles'],['General'],['positive'],['bagles'],[False],1,False,False
semeval14_train_00557,semeval14,train,"I would n't even have complained at all if the food at least tasted good but the quality of food was crappy , too .",['food'],['Food'],['negative'],['food'],[False],1,False,False
semeval14_train_00558,semeval14,train,"I would n't even have complained at all if the food at least tasted good but the quality of food was crappy , too .",['quality of food'],['General'],['negative'],['quality of food'],[False],1,False,False
semeval14_train_00559,semeval14,train,For the next hour and a half we stood in the crowded lobby area of this touristy restaurant listening to all types of explanations of why we were not being seated .,['lobby area'],['General'],['negative'],['lobby area'],[False],1,False,False
semeval14_train_00560,semeval14,train,For the next hour and a half we stood in the crowded lobby area of this touristy restaurant listening to all types of explanations of why we were not being seated .,['seated'],['General'],['negative'],['seated'],[False],1,False,False
semeval14_train_00561,semeval14,train,The pizza is delicious and the proprietor is one of the nicest in NYC .,['pizza'],['General'],['positive'],['pizza'],[False],1,False,False
semeval14_train_00562,semeval14,train,The pizza is delicious and the proprietor is one of the nicest in NYC .,['proprietor'],['General'],['positive'],['proprietor'],[False],1,False,False
semeval14_train_00563,semeval14,train,"Also good for client lunch meetings , esp .",['lunch meetings'],['General'],['neutral'],['lunch meetings'],[False],1,False,False
semeval14_train_00564,semeval14,train,"The decor is dark , cool and soothing , while the food 's presentation is spectacular , considering the low prices .",['decor'],['General'],['positive'],['decor'],[False],1,False,False
semeval14_train_00565,semeval14,train,"The decor is dark , cool and soothing , while the food 's presentation is spectacular , considering the low prices .",['prices'],['General'],['positive'],['prices'],[False],1,False,False
semeval14_train_00566,semeval14,train,"The decor is dark , cool and soothing , while the food's presentation is spectacular , considering the low prices .","[""food's presentation""]",['General'],['positive'],"[""food's presentation""]",[False],1,False,False
semeval14_train_00567,semeval14,train,The Waitstaff were very nice and suggested swordfish for my husband he enjoyed his meal .,['waitstaff'],['General'],['positive'],['Waitstaff'],[False],1,False,False
semeval14_train_00568,semeval14,train,The Waitstaff were very nice and suggested swordfish for my husband he enjoyed his meal .,['swordfish'],['General'],['positive'],['swordfish'],[False],1,False,False
semeval14_train_00569,semeval14,train,The Waitstaff were very nice and suggested swordfish for my husband he enjoyed his meal .,['meal'],['General'],['positive'],['meal'],[False],1,False,False
semeval14_train_00570,semeval14,train,The setting is casual and romantic .,['setting'],['General'],['positive'],['setting'],[False],1,False,False
semeval14_train_00571,semeval14,train,"Terrible , terrible management - deserves to be shut-down .",['management'],['General'],['negative'],['management'],[False],1,False,False
semeval14_train_00572,semeval14,train,"Great friendly service , Fast seating , Fast Delivery , Excellent sushi .",['service'],['Service'],['positive'],['service'],[False],1,False,False
semeval14_train_00573,semeval14,train,"Great friendly service , Fast seating , Fast Delivery , Excellent sushi .",['seating'],['General'],['positive'],['seating'],[False],1,False,False
semeval14_train_00574,semeval14,train,"Great friendly service , Fast seating , Fast Delivery , Excellent sushi .",['delivery'],['General'],['positive'],['Delivery'],[False],1,False,False
semeval14_train_00575,semeval14,train,"Great friendly service , Fast seating , Fast Delivery , Excellent sushi .",['sushi'],['General'],['positive'],['sushi'],[False],1,False,False
semeval14_train_00576,semeval14,train,The desserts are more appealing then stuffy overpriced French restaurants .,['desserts'],['General'],['positive'],['desserts'],[False],1,False,False
semeval14_train_00577,semeval14,train,"The Italian food has flavor -LRB- that can be sort of surprising on the UES -RRB- , and the service turns from a nightmare to attentive , they sort of remind me of the NY Yankees of the late 90 's , no matter how bad it look , you knew that there was a rally just around the corner ...",['italian food'],['General'],['positive'],['Italian food'],[False],1,False,False
semeval14_train_00578,semeval14,train,"I found the food to be outstanding , particulary the salmon dish I had .",['food'],['Food'],['positive'],['food'],[False],1,False,False
semeval14_train_00579,semeval14,train,"I found the food to be outstanding , particulary the salmon dish I had .",['salmon dish'],['General'],['positive'],['salmon dish'],[False],1,False,False
semeval14_train_00580,semeval14,train,Mizu is home to creative and unique rolls not to found anywhere else .,['rolls'],['General'],['positive'],['rolls'],[False],1,False,False
semeval14_train_00581,semeval14,train,Baluchi 's has solid food and a nice decor at reasonable prices .,['food'],['Food'],['positive'],['food'],[False],1,False,False
semeval14_train_00582,semeval14,train,Baluchi 's has solid food and a nice decor at reasonable prices .,['decor'],['General'],['positive'],['decor'],[False],1,False,False
semeval14_train_00583,semeval14,train,Baluchi 's has solid food and a nice decor at reasonable prices .,['prices'],['General'],['positive'],['prices'],[False],1,False,False
semeval14_train_00584,semeval14,train,"Emilio , the owner , is often sitting in the front table greeting guests as they come and go .",['owner'],['General'],['positive'],['owner'],[False],1,False,False
semeval14_train_00585,semeval14,train,I have been to spice three times - twice during lunch and once at dinner .,['lunch'],['General'],['neutral'],['lunch'],[False],1,False,False
semeval14_train_00586,semeval14,train,I have been to spice three times - twice during lunch and once at dinner .,['dinner'],['General'],['neutral'],['dinner'],[False],1,False,False
semeval14_train_00587,semeval14,train,"Moules were excellent , lobster ravioli was VERY salty !",['moules'],['General'],['positive'],['Moules'],[False],1,False,False
semeval14_train_00588,semeval14,train,"Moules were excellent , lobster ravioli was VERY salty !",['lobster ravioli'],['General'],['negative'],['lobster ravioli'],[False],1,False,False
semeval14_train_00589,semeval14,train,"A cheap eat for NYC , but not for dosa .",['dosa'],['General'],['negative'],['dosa'],[False],1,False,False
semeval14_train_00590,semeval14,train,"A cheap eat for NYC , but not for dosa .",['eat'],['General'],['positive'],['eat'],[False],1,False,False
semeval14_train_00591,semeval14,train,The atmosphere is noisy and the waiters are literally walking around doing things as fast as they can .,['atmosphere'],['General'],['negative'],['atmosphere'],[False],1,False,False
semeval14_train_00592,semeval14,train,"The seafood is amazing , there 's a good wine list , and the ever-changing menu always offers some great surprises .",['seafood'],['General'],['positive'],['seafood'],[False],1,False,False
semeval14_train_00593,semeval14,train,"The seafood is amazing , there 's a good wine list , and the ever-changing menu always offers some great surprises .",['wine list'],['General'],['positive'],['wine list'],[False],1,False,False
semeval14_train_00594,semeval14,train,"The seafood is amazing , there 's a good wine list , and the ever-changing menu always offers some great surprises .",['menu'],['General'],['positive'],['menu'],[False],1,False,False
semeval14_train_00595,semeval14,train,i do n't usually order wine with indian so i ca n't comment on their wine list or their wines .,['wine'],['General'],['neutral'],['wine'],[False],1,False,False
semeval14_train_00596,semeval14,train,i do n't usually order wine with indian so i ca n't comment on their wine list or their wines .,['indian'],['General'],['neutral'],['indian'],[False],1,False,False
semeval14_train_00597,semeval14,train,i do n't usually order wine with indian so i ca n't comment on their wine list or their wines .,['wine list'],['General'],['neutral'],['wine list'],[False],1,False,False
semeval14_train_00598,semeval14,train,i do n't usually order wine with indian so i ca n't comment on their wine list or their wines .,['wines'],['General'],['neutral'],['wines'],[False],1,False,False
semeval14_train_00599,semeval14,train,Pastrami or corned beef are juicy and piled high -LRB- ask for extra rye bread -RRB- .,['pastrami or corned beef'],['General'],['positive'],['Pastrami or corned beef'],[False],1,False,False
semeval14_train_00600,semeval14,train,Pastrami or corned beef are juicy and piled high -LRB- ask for extra rye bread -RRB- .,['rye bread'],['General'],['positive'],['rye bread'],[False],1,False,False
semeval14_train_00601,semeval14,train,"-LRB- $ 200 for 2 glasses of champagne , not too expensive bottle of wine and 2 after dinner drinks -RRB- .",['glasses of champagne'],['General'],['negative'],['glasses of champagne'],[False],1,False,False
semeval14_train_00602,semeval14,train,"-LRB- $ 200 for 2 glasses of champagne , not too expensive bottle of wine and 2 after dinner drinks -RRB- .",['bottle of wine'],['General'],['negative'],['bottle of wine'],[False],1,False,False
semeval14_train_00603,semeval14,train,"-LRB- $ 200 for 2 glasses of champagne , not too expensive bottle of wine and 2 after dinner drinks -RRB- .",['after dinner drinks'],['General'],['negative'],['after dinner drinks'],[False],1,False,False
semeval14_train_00604,semeval14,train,"Really though , where 's the seasoning ?",['seasoning'],['General'],['negative'],['seasoning'],[False],1,False,False
semeval14_train_00605,semeval14,train,"The food was just OK , at least for what food was available .",['food'],['Food'],['neutral'],['food'],[False],1,False,False
semeval14_train_00606,semeval14,train,"The food was just OK , at least for what food was available .",['food'],['Food'],['negative'],['food'],[False],1,False,False
semeval14_train_00607,semeval14,train,The waitress was very patient with us and the food is phenomenal !,['waitress'],['General'],['positive'],['waitress'],[False],1,False,False
semeval14_train_00608,semeval14,train,The waitress was very patient with us and the food is phenomenal !,['food'],['Food'],['positive'],['food'],[False],1,False,False
semeval14_train_00609,semeval14,train,"The ambience was nice , but service was n't so great .",['ambience'],['Ambience'],['positive'],['ambience'],[False],1,False,False
semeval14_train_00610,semeval14,train,"The ambience was nice , but service was n't so great .",['service'],['Service'],['negative'],['service'],[False],1,False,False
semeval14_train_00611,semeval14,train,"Solid wine list , knowledgeable staff , friendly owners and an adventurous , ever-changing menu keep us coming back .",['wine list'],['General'],['positive'],['wine list'],[False],1,False,False
semeval14_train_00612,semeval14,train,"Solid wine list , knowledgeable staff , friendly owners and an adventurous , ever-changing menu keep us coming back .",['staff'],['Service'],['positive'],['staff'],[False],1,False,False
semeval14_train_00613,semeval14,train,"Solid wine list , knowledgeable staff , friendly owners and an adventurous , ever-changing menu keep us coming back .",['owners'],['General'],['positive'],['owners'],[False],1,False,False
semeval14_train_00614,semeval14,train,"Solid wine list , knowledgeable staff , friendly owners and an adventurous , ever-changing menu keep us coming back .",['menu'],['General'],['positive'],['menu'],[False],1,False,False
semeval14_train_00615,semeval14,train,The people that work there are always so friendly you forget you are in New York sometimes .,['people'],['General'],['positive'],['people'],[False],1,False,False
semeval14_train_00616,semeval14,train,"We did n't even see a menu , as our waiter described both the specials and the main dishes .",['menu'],['General'],['neutral'],['menu'],[False],1,False,False
semeval14_train_00617,semeval14,train,"We did n't even see a menu , as our waiter described both the specials and the main dishes .",['main dishes'],['General'],['neutral'],['main dishes'],[False],1,False,False
semeval14_train_00618,semeval14,train,"We did n't even see a menu , as our waiter described both the specials and the main dishes .",['waiter'],['General'],['positive'],['waiter'],[False],1,False,False
semeval14_train_00619,semeval14,train,"We did n't even see a menu , as our waiter described both the specials and the main dishes .",['specials'],['General'],['neutral'],['specials'],[False],1,False,False
semeval14_train_00620,semeval14,train,The location and ambience is Ok but the food is what makes up for it .,['location'],['General'],['neutral'],['location'],[False],1,False,False
semeval14_train_00621,semeval14,train,The location and ambience is Ok but the food is what makes up for it .,['ambience'],['Ambience'],['neutral'],['ambience'],[False],1,False,False
semeval14_train_00622,semeval14,train,The location and ambience is Ok but the food is what makes up for it .,['food'],['Food'],['positive'],['food'],[False],1,False,False
semeval14_train_00623,semeval14,train,"otherwise , good stuff for late nite eats .",['stuff'],['General'],['positive'],['stuff'],[False],1,False,False
semeval14_train_00624,semeval14,train,"otherwise , good stuff for late nite eats .",['eats'],['General'],['positive'],['eats'],[False],1,False,False
semeval14_train_00625,semeval14,train,"The dinner was ok , nothing I would have again .",['dinner'],['General'],['negative'],['dinner'],[False],1,False,False
semeval14_train_00626,semeval14,train,I love and I know gourmet food by excellence !,['gourmet food'],['General'],['positive'],['gourmet food'],[False],1,False,False
semeval14_train_00627,semeval14,train,"I plan to come here again and look forward to trying their assortment of bruschetta , panini 's ...",['bruschetta'],['General'],['positive'],['bruschetta'],[False],1,False,False
semeval14_train_00628,semeval14,train,"I plan to come here again and look forward to trying their assortment of bruschetta , panini 's ...",['panini'],['General'],['positive'],['panini'],[False],1,False,False
semeval14_train_00629,semeval14,train,"Two people in our party felt like something else , and Volare immediately obliged with two great dishes that were not in their regular menu .",['dishes'],['General'],['positive'],['dishes'],[False],1,False,False
semeval14_train_00630,semeval14,train,"Two people in our party felt like something else , and Volare immediately obliged with two great dishes that were not in their regular menu .",['menu'],['General'],['neutral'],['menu'],[False],1,False,False
semeval14_train_00631,semeval14,train,He offers subpar service and has no personality .,['service'],['Service'],['negative'],['service'],[False],1,False,False
semeval14_train_00632,semeval14,train,"The waitress remembers me and is very friendly , she knows what my regular is and that 's the fried mini buns with the condensed milk and the assorted fruits on beancurd .",['waitress'],['General'],['positive'],['waitress'],[False],1,False,False
semeval14_train_00633,semeval14,train,"The waitress remembers me and is very friendly , she knows what my regular is and that 's the fried mini buns with the condensed milk and the assorted fruits on beancurd .",['fried mini buns with the condensed milk and the assorted fruits on beancurd'],['General'],['positive'],['fried mini buns with the condensed milk and the assorted fruits on beancurd'],[False],1,False,False
semeval14_train_00634,semeval14,train,Diner food at bistro prices is a bummer ...,['food'],['Food'],['negative'],['food'],[False],1,False,False
semeval14_train_00635,semeval14,train,Diner food at bistro prices is a bummer ...,['prices'],['General'],['negative'],['prices'],[False],1,False,False
semeval14_train_00636,semeval14,train,"While we thoroughly enjoyed the food , it was annoying to scream across the table for conversation .",['food'],['Food'],['positive'],['food'],[False],1,False,False
semeval14_train_00637,semeval14,train,The portions are large and the servers always surprise us with a different starter .,['portions'],['General'],['positive'],['portions'],[False],1,False,False
semeval14_train_00638,semeval14,train,The portions are large and the servers always surprise us with a different starter .,['servers'],['General'],['positive'],['servers'],[False],1,False,False
semeval14_train_00639,semeval14,train,The portions are large and the servers always surprise us with a different starter .,['starter'],['General'],['positive'],['starter'],[False],1,False,False
semeval14_train_00640,semeval14,train,"delicious bagels , especially when right out of the oven .",['bagels'],['General'],['positive'],['bagels'],[False],1,False,False
semeval14_train_00641,semeval14,train,All the food was hot tasty .,['food'],['Food'],['positive'],['food'],[False],1,False,False
semeval14_train_00642,semeval14,train,This is one great place to eat pizza more out but not a good place for take-out pizza .,['pizza'],['General'],['positive'],['pizza'],[False],1,False,False
semeval14_train_00643,semeval14,train,This is one great place to eat pizza more out but not a good place for take-out pizza .,['take-out pizza'],['General'],['negative'],['take-out pizza'],[False],1,False,False
semeval14_train_00644,semeval14,train,Our server was very helpful and friendly .,['server'],['General'],['positive'],['server'],[False],1,False,False
semeval14_train_00645,semeval14,train,Try green curry with vegetables .,['green curry with vegetables'],['General'],['positive'],['green curry with vegetables'],[False],1,False,False
semeval14_train_00646,semeval14,train,"First of all , this place is * not * romantic , as claimed by Citysearch 's editorial review .",['place'],['General'],['negative'],['place'],[False],1,False,False
semeval14_train_00647,semeval14,train,"The second you walk through the heavy vault like door , with people anticipating your arrival you get the sense that you are going to have the dining ride of a lifetime .",['door'],['General'],['neutral'],['door'],[False],1,False,False
semeval14_train_00648,semeval14,train,Much more reasonably priced too !,['priced'],['General'],['positive'],['priced'],[False],1,False,False
semeval14_train_00649,semeval14,train,"The food was not very tasty , the portioins were tiny even for such a high quality restaurant .",['food'],['Food'],['negative'],['food'],[False],1,False,False
semeval14_train_00650,semeval14,train,"The food was not very tasty , the portioins were tiny even for such a high quality restaurant .",['portioins'],['General'],['negative'],['portioins'],[False],1,False,False
semeval14_train_00651,semeval14,train,Why make a reservation if you are n't going to keep it ?,['reservation'],['General'],['negative'],['reservation'],[False],1,False,False
semeval14_train_00652,semeval14,train,"The Pad Thai is excellent here , as well .",['pad thai'],['General'],['positive'],['Pad Thai'],[False],1,False,False
semeval14_train_00653,semeval14,train,I do not recommend lunch specials just because it tasts the same with other regular chinese restaurant .,['lunch specials'],['General'],['negative'],['lunch specials'],[False],1,False,False
semeval14_train_00654,semeval14,train,"We parked on the block of Nina 's the place looked nice , with people obviously enjoying their pizzas .",['place'],['General'],['positive'],['place'],[False],1,False,False
semeval14_train_00655,semeval14,train,"We parked on the block of Nina 's the place looked nice , with people obviously enjoying their pizzas .",['pizzas'],['General'],['positive'],['pizzas'],[False],1,False,False
semeval14_train_00656,semeval14,train,"The food is o.k. , but not any better than what you get at a good neighborhood restaurant .",['food'],['Food'],['neutral'],['food'],[False],1,False,False
semeval14_train_00657,semeval14,train,We had the pot-stickers which were great and a tempura dish that was great .,['pot-stickers'],['General'],['positive'],['pot-stickers'],[False],1,False,False
semeval14_train_00658,semeval14,train,We had the pot-stickers which were great and a tempura dis h that was great .,['tempura dis'],['General'],['positive'],['tempura dis'],[False],1,False,False
semeval14_train_00659,semeval14,train,I think the stuff was better than Disney .,['stuff'],['General'],['positive'],['stuff'],[False],1,False,False
semeval14_train_00660,semeval14,train,"While the $ 20 entree range is not overly expensive , in New York City , there is definitely better food in that range , and so Sapphire , despite it 's lovely atmosphere , will most likely not be a restaurant to which I will return .",['food'],['Food'],['negative'],['food'],[False],1,False,False
semeval14_train_00661,semeval14,train,"While the $ 20 entree range is not overly expensive , in New York City , there is definitely better food in that range , and so Sapphire , despite it 's lovely atmosphere , will most likely not be a restaurant to which I will return .",['atmosphere'],['General'],['positive'],['atmosphere'],[False],1,False,False
semeval14_train_00662,semeval14,train,"While the $ 20 entree range is not overly expensive , in New York City , there is definitely better food in that range , and so Sapphire , despite it 's lovely atmosphere , will most likely not be a restaurant to which I will return .",['entree range'],['General'],['positive'],['entree range'],[False],1,False,False
semeval14_train_00663,semeval14,train,"Orsay , is without a doubt one of the best values for authentic French food in NYC .",['french food'],['General'],['positive'],['French food'],[False],1,False,False
semeval14_train_00664,semeval14,train,"Well , their deliveries take for ever and the food is usually cold .",['deliveries'],['General'],['negative'],['deliveries'],[False],1,False,False
semeval14_train_00665,semeval14,train,"Well , their deliveries take for ever and the food is usually cold .",['food'],['Food'],['negative'],['food'],[False],1,False,False
semeval14_train_00666,semeval14,train,The staff is no nonsense .,['staff'],['Service'],['positive'],['staff'],[False],1,False,False
semeval14_train_00667,semeval14,train,And really large portions .,['portions'],['General'],['positive'],['portions'],[False],1,False,False
semeval14_train_00668,semeval14,train,This is a great Thai restaurant with a very friendly staff .,['staff'],['Service'],['positive'],['staff'],[False],1,False,False
semeval14_train_00669,semeval14,train,I ordered the smoked salmon and roe appetizer and it was off flavor .,['smoked salmon and roe appetizer'],['General'],['negative'],['smoked salmon and roe appetizer'],[False],1,False,False
semeval14_train_00670,semeval14,train,"We went here for lunch a couple of weeks ago on a Saturday , and I was thoroughly impressed with the food .",['lunch'],['General'],['neutral'],['lunch'],[False],1,False,False
semeval14_train_00671,semeval14,train,"We went here for lunch a couple of weeks ago on a Saturday , and I was thoroughly impressed with the food .",['food'],['Food'],['positive'],['food'],[False],1,False,False
semeval14_train_00672,semeval14,train,"I recommend the garlic shrimp , okra -LRB- bindi -RRB- , and anything with lamb .",['garlic shrimp'],['General'],['positive'],['garlic shrimp'],[False],1,False,False
semeval14_train_00673,semeval14,train,"I recommend the garlic shrimp , okra -LRB- bindi -RRB- , and anything with lamb .",['lamb'],['General'],['positive'],['lamb'],[False],1,False,False
semeval14_train_00674,semeval14,train,"I recommend the garlic shrimp , okra (bindi) , and anything with lamb .",['okra (bindi)'],['General'],['positive'],['okra (bindi)'],[False],1,False,False
semeval14_train_00675,semeval14,train,"As we were leaving , the couple standing by the door said to another waiter , we 're not in a hurry .",['waiter'],['General'],['neutral'],['waiter'],[False],1,False,False
semeval14_train_00676,semeval14,train,"The menu was impressive with selections ranging from a burger , to steak , to escargot .",['menu'],['General'],['positive'],['menu'],[False],1,False,False
semeval14_train_00677,semeval14,train,"The menu was impressive with selections ranging from a burger , to steak , to escargot .",['burger'],['General'],['neutral'],['burger'],[False],1,False,False
semeval14_train_00678,semeval14,train,"The menu was impressive with selections ranging from a burger , to steak , to escargot .",['steak'],['General'],['neutral'],['steak'],[False],1,False,False
semeval14_train_00679,semeval14,train,"The menu was impressive with selections ranging from a burger , to steak , to escargot .",['escargot'],['General'],['neutral'],['escargot'],[False],1,False,False
semeval14_train_00680,semeval14,train,"In fact , two people could really share one plate .",['plate'],['General'],['positive'],['plate'],[False],1,False,False
semeval14_train_00681,semeval14,train,The food is great and authentic .,['food'],['Food'],['positive'],['food'],[False],1,False,False
semeval14_train_00682,semeval14,train,Good for casual dinner with jeans and sneakers .,['casual dinner'],['General'],['positive'],['casual dinner'],[False],1,False,False
semeval14_train_00683,semeval14,train,"Anyway , the food is good , the price is right and they have a decent wine list .",['food'],['Food'],['positive'],['food'],[False],1,False,False
semeval14_train_00684,semeval14,train,"Anyway , the food is good , the price is right and they have a decent wine list .",['price'],['Price'],['positive'],['price'],[False],1,False,False
semeval14_train_00685,semeval14,train,"Anyway , the food is good , the price is right and they have a decent wine list .",['wine list'],['General'],['positive'],['wine list'],[False],1,False,False
semeval14_train_00686,semeval14,train,Prices are higher to dine in and their chicken tikka marsala is quite good .,['prices'],['General'],['negative'],['Prices'],[False],1,False,False
semeval14_train_00687,semeval14,train,Prices are higher to dine in and their chicken tikka marsala is quite good .,['chicken tikka marsala'],['General'],['positive'],['chicken tikka marsala'],[False],1,False,False
semeval14_train_00688,semeval14,train,This place has many different styles of pizza and they are all amazing .,['styles of pizza'],['General'],['positive'],['styles of pizza'],[False],1,False,False
semeval14_train_00689,semeval14,train,The photos of the restaurant in its web site are way better than the real look .,['look'],['General'],['negative'],['look'],[False],1,False,False
semeval14_train_00690,semeval14,train,The food was lousy - too sweet or too salty and the portions tiny .,['food'],['Food'],['negative'],['food'],[False],1,False,False
semeval14_train_00691,semeval14,train,The food was lousy - too sweet or too salty and the portions tiny .,['portions'],['General'],['negative'],['portions'],[False],1,False,False
semeval14_train_00692,semeval14,train,But the coconut rice was good .,['coconut rice'],['General'],['positive'],['coconut rice'],[False],1,False,False
semeval14_train_00693,semeval14,train,It took them 25 minutes to bring our appetizer .,['appetizer'],['General'],['neutral'],['appetizer'],[False],1,False,False
semeval14_train_00694,semeval14,train,The food was great .,['food'],['Food'],['positive'],['food'],[False],1,False,False
semeval14_train_00695,semeval14,train,Pair you food with the excellent beers on tap or their well priced wine list .,['food'],['Food'],['neutral'],['food'],[False],1,False,False
semeval14_train_00696,semeval14,train,Pair you food with the excellent beers on tap or their well priced wine list .,['beers on tap'],['General'],['positive'],['beers on tap'],[False],1,False,False
semeval14_train_00697,semeval14,train,Pair you food with the excellent beers on tap or their well priced wine list .,['wine list'],['General'],['positive'],['wine list'],[False],1,False,False
semeval14_train_00698,semeval14,train,Pair you food with the excellent beers on tap or their well priced wine list .,['priced'],['General'],['positive'],['priced'],[False],1,False,False
semeval14_train_00699,semeval14,train,If you like your music blasted and the system isnt that great and if you want to pay at least 100 dollar bottle minimun then you 'll love it here .,['music'],['General'],['negative'],['music'],[False],1,False,False
semeval14_train_00700,semeval14,train,If you like your music blasted and the system isnt that great and if you want to pay at least 100 dollar bottle minimun then you 'll love it here .,['bottle minimun'],['General'],['negative'],['bottle minimun'],[False],1,False,False
semeval14_train_00701,semeval14,train,All of my co-workers stated that the food was amazing and wondered why they had n't heard about this place .,['food'],['Food'],['positive'],['food'],[False],1,False,False
semeval14_train_00702,semeval14,train,Metrazur has a beautiful spot overlooking the main terminal .,['spot'],['General'],['positive'],['spot'],[False],1,False,False
semeval14_train_00703,semeval14,train,Friendly staff that actually lets you enjoy your meal and the company you 're with .,['staff'],['Service'],['positive'],['staff'],[False],1,False,False
semeval14_train_00704,semeval14,train,Friendly staff that actually lets you enjoy your meal and the company you 're with .,['meal'],['General'],['positive'],['meal'],[False],1,False,False
semeval14_train_00705,semeval14,train,The restaurant is rather small but we were lucky to get a table quickly .,['table'],['General'],['positive'],['table'],[False],1,False,False
semeval14_train_00706,semeval14,train,"Quality of food is excellent and price is cheap , stick to pork , fish , chicken , lamb and vegetables .",['quality of food'],['General'],['positive'],['Quality of food'],[False],1,False,False
semeval14_train_00707,semeval14,train,"Quality of food is excellent and price is cheap , stick to pork , fish , chicken , lamb and vegetables .",['price'],['Price'],['positive'],['price'],[False],1,False,False
semeval14_train_00708,semeval14,train,"Quality of food is excellent and price is cheap , stick to pork , fish , chicken , lamb and vegetables .",['pork'],['General'],['positive'],['pork'],[False],1,False,False
semeval14_train_00709,semeval14,train,"Quality of food is excellent and price is cheap , stick to pork , fish , chicken , lamb and vegetables .",['fish'],['General'],['positive'],['fish'],[False],1,False,False
semeval14_train_00710,semeval14,train,"Quality of food is excellent and price is cheap , stick to pork , fish , chicken , lamb and vegetables .",['chicken'],['General'],['positive'],['chicken'],[False],1,False,False
semeval14_train_00711,semeval14,train,"Quality of food is excellent and price is cheap , stick to pork , fish , chicken , lamb and vegetables .",['lamb'],['General'],['positive'],['lamb'],[False],1,False,False
semeval14_train_00712,semeval14,train,"Quality of food is excellent and price is cheap , stick to pork , fish , chicken , lamb and vegetables .",['vegetables'],['General'],['positive'],['vegetables'],[False],1,False,False
semeval14_train_00713,semeval14,train,"The place is a little tight and on a cold day , the seating by the entranceway can be pretty drafty .",['seating'],['General'],['negative'],['seating'],[False],1,False,False
semeval14_train_00714,semeval14,train,"The place is a little tight and on a cold day , the seating by the entranceway can be pretty drafty .",['place'],['General'],['negative'],['place'],[False],1,False,False
semeval14_train_00715,semeval14,train,The appetizing is excellent - just as good as Zabars Barney Greengrass at a reasonable price -LRB- if bought by the pound -RRB- .,['appetizing'],['General'],['positive'],['appetizing'],[False],1,False,False
semeval14_train_00716,semeval14,train,The appetizing is excellent - just as good as Zabars Barney Greengrass at a reasonable price -LRB- if bought by the pound -RRB- .,['price'],['Price'],['positive'],['price'],[False],1,False,False
semeval14_train_00717,semeval14,train,"But , they were too big for the bun .",['bun'],['General'],['neutral'],['bun'],[False],1,False,False
semeval14_train_00718,semeval14,train,"The food is fresh , delicious , and reasonably priced .",['food'],['Food'],['positive'],['food'],[False],1,False,False
semeval14_train_00719,semeval14,train,"The food is fresh , delicious , and reasonably priced .",['priced'],['General'],['positive'],['priced'],[False],1,False,False
semeval14_train_00720,semeval14,train,Raga stands out with an interesting fusion of French and Indian cooking .,['fusion of french and indian cooking'],['General'],['positive'],['fusion of French and Indian cooking'],[False],1,False,False
semeval14_train_00721,semeval14,train,"A few tips : skip the turnip cake , roast pork buns and egg custards .",['turnip cake'],['General'],['negative'],['turnip cake'],[False],1,False,False
semeval14_train_00722,semeval14,train,"A few tips : skip the turnip cake , roast pork buns and egg custards .",['roast pork buns'],['General'],['negative'],['roast pork buns'],[False],1,False,False
semeval14_train_00723,semeval14,train,"A few tips : skip the turnip cake , roast pork buns and egg custards .",['egg custards'],['General'],['negative'],['egg custards'],[False],1,False,False
semeval14_train_00724,semeval14,train,The bagels are fabulous .,['bagels'],['General'],['positive'],['bagels'],[False],1,False,False
semeval14_train_00725,semeval14,train,"Oh yes , and they lie on the phone , claiming they have seating in the garden , then of course the seats are not available .",['seating in the garden'],['General'],['neutral'],['seating in the garden'],[False],1,False,False
semeval14_train_00726,semeval14,train,"Oh yes , and they lie on the phone , claiming they have seating in the garden , then of course the seats are not available .",['seats'],['General'],['neutral'],['seats'],[False],1,False,False
semeval14_train_00727,semeval14,train,Although they do the typical what kind of water would you like questions the service was good and overall very relaxing to place to eat .,['service'],['Service'],['positive'],['service'],[False],1,False,False
semeval14_train_00728,semeval14,train,Although they do the typical what kind of water would you like questions the service was good and overall very relaxing to place to eat .,['place'],['General'],['positive'],['place'],[False],1,False,False
semeval14_train_00729,semeval14,train,Although they do the typical what kind of water would you like questions the service was good and overall very relaxing to place to eat .,['water'],['General'],['neutral'],['water'],[False],1,False,False
semeval14_train_00730,semeval14,train,"The food was very good , a great deal , and the place its self was great .",['food'],['Food'],['positive'],['food'],[False],1,False,False
semeval14_train_00731,semeval14,train,"The food was very good , a great deal , and the place its self was great .",['place'],['General'],['positive'],['place'],[False],1,False,False
semeval14_train_00732,semeval14,train,The food options rule .,['food options'],['General'],['positive'],['food options'],[False],1,False,False
semeval14_train_00733,semeval14,train,A great choice at any cost and a great deal .,['cost'],['General'],['positive'],['cost'],[False],1,False,False
semeval14_train_00734,semeval14,train,"We ate here in March , 2006 and ordered the pre-theatre 3-course dinner with wine flight .",['pre-theatre 3-course dinner'],['General'],['neutral'],['pre-theatre 3-course dinner'],[False],1,False,False
semeval14_train_00735,semeval14,train,"We ate here in March , 2006 and ordered the pre-theatre 3-course dinner with wine flight .",['wine flight'],['General'],['neutral'],['wine flight'],[False],1,False,False
semeval14_train_00736,semeval14,train,"Probably much busier for lunch , it 's seldom crowded for dinner -LRB- too close to downtown -RRB- .",['lunch'],['General'],['neutral'],['lunch'],[False],1,False,False
semeval14_train_00737,semeval14,train,"Probably much busier for lunch , it 's seldom crowded for dinner -LRB- too close to downtown -RRB- .",['dinner'],['General'],['neutral'],['dinner'],[False],1,False,False
semeval14_train_00738,semeval14,train,"Their calzones are horrific , bad , vomit-inducing , YUCK .",['calzones'],['General'],['negative'],['calzones'],[False],1,False,False
semeval14_train_00739,semeval14,train,It takes forever to get a drink and they almost always forget to bring something -LRB- although they dont forget to charge you for it .,['drink'],['General'],['neutral'],['drink'],[False],1,False,False
semeval14_train_00740,semeval14,train,The place itself is beautiful the bar scene seems to be happening .,['place'],['General'],['positive'],['place'],[False],1,False,False
semeval14_train_00741,semeval14,train,The place itself is beautiful the bar scene seems to be happening .,['bar scene'],['General'],['positive'],['bar scene'],[False],1,False,False
semeval14_train_00742,semeval14,train,"Saturday , Nov. 6th I had a group from work come in with about 35 people and the staff was amazing to accomodate us .",['staff'],['Service'],['positive'],['staff'],[False],1,False,False
semeval14_train_00743,semeval14,train,"Good spreads , great beverage selections and bagels really tasty .",['spreads'],['General'],['positive'],['spreads'],[False],1,False,False
semeval14_train_00744,semeval14,train,"Good spreads , great beverage selections and bagels really tasty .",['beverage selections'],['General'],['positive'],['beverage selections'],[False],1,False,False
semeval14_train_00745,semeval14,train,"Good spreads , great beverage selections and bagels really tasty .",['bagels'],['General'],['positive'],['bagels'],[False],1,False,False
semeval14_train_00746,semeval14,train,"First , the waiter who served us neglected to fill us in on the specials , which I would have chosen had I known about them .",['waiter'],['General'],['negative'],['waiter'],[False],1,False,False
semeval14_train_00747,semeval14,train,"First , the waiter who served us neglected to fill us in on the specials , which I would have chosen had I known about them .",['specials'],['General'],['positive'],['specials'],[False],1,False,False
semeval14_train_00748,semeval14,train,"First , the waiter who served us neglected to fill us in on the specials , which I would have chosen had I known about them .",['served'],['General'],['negative'],['served'],[False],1,False,False
semeval14_train_00749,semeval14,train,"Also , top the meal with a delicious and perfect slice of tiramisu .",['tiramisu'],['General'],['positive'],['tiramisu'],[False],1,False,False
semeval14_train_00750,semeval14,train,"Also , top the meal with a delicious and perfect slice of tiramisu .",['meal'],['General'],['neutral'],['meal'],[False],1,False,False
semeval14_train_00751,semeval14,train,Check out the secret back room .,['secret back room'],['General'],['positive'],['secret back room'],[False],1,False,False
semeval14_train_00752,semeval14,train,"It 's also attached to Angel 's Share , which is a cool , more romantic bar ...",['bar'],['General'],['positive'],['bar'],[False],1,False,False
semeval14_train_00753,semeval14,train,"Authentic food and they have REAL service , not just the rush you get sometimes when they try to push you out the door .",['food'],['Food'],['positive'],['food'],[False],1,False,False
semeval14_train_00754,semeval14,train,"Authentic food and they have REAL service , not just the rush you get sometimes when they try to push you out the door .",['service'],['Service'],['positive'],['service'],[False],1,False,False
semeval14_train_00755,semeval14,train,Stick to the gulab jamun .,['gulab jamun'],['General'],['positive'],['gulab jamun'],[False],1,False,False
semeval14_train_00756,semeval14,train,"I am amazed by the poor reviews - I find this place to be standout Italian in an area flooded with Italian - great prices , great atmosphere , good service and a wonderful wine list .",['prices'],['General'],['positive'],['prices'],[False],1,False,False
semeval14_train_00757,semeval14,train,"I am amazed by the poor reviews - I find this place to be standout Italian in an area flooded with Italian - great prices , great atmosphere , good service and a wonderful wine list .",['atmosphere'],['General'],['positive'],['atmosphere'],[False],1,False,False
semeval14_train_00758,semeval14,train,"I am amazed by the poor reviews - I find this place to be standout Italian in an area flooded with Italian - great prices , great atmosphere , good service and a wonderful wine list .",['service'],['Service'],['positive'],['service'],[False],1,False,False
semeval14_train_00759,semeval14,train,"I am amazed by the poor reviews - I find this place to be standout Italian in an area flooded with Italian - great prices , great atmosphere , good service and a wonderful wine list .",['wine list'],['General'],['positive'],['wine list'],[False],1,False,False
semeval14_train_00760,semeval14,train,I was back-to-back with the diner at the table behind me and wait staff had to hoist trays over our heads as they squeezed past us again and again .,['diner'],['General'],['neutral'],['diner'],[False],1,False,False
semeval14_train_00761,semeval14,train,I was back-to-back with the diner at the table behind me and wait staff had to hoist trays over our heads as they squeezed past us again and again .,['wait staff'],['General'],['negative'],['wait staff'],[False],1,False,False
semeval14_train_00762,semeval14,train,I was back-to-back with the diner at the table behind me and wait staff had to hoist trays over our heads as they squeezed past us again and again .,['table'],['General'],['negative'],['table'],[False],1,False,False
semeval14_train_00763,semeval14,train,With the theater 2 blocks away we had a delicious meal in a beautiful room .,['meal'],['General'],['positive'],['meal'],[False],1,False,False
semeval14_train_00764,semeval14,train,With the theater 2 blocks away we had a delicious meal in a beautiful room .,['room'],['General'],['positive'],['room'],[False],1,False,False
semeval14_train_00765,semeval14,train,"We 've only eaten in the restaurant once , but we have ordered many times for dinner .",['dinner'],['General'],['neutral'],['dinner'],[False],1,False,False
semeval14_train_00766,semeval14,train,By far this is the only chinese desserts place I know in NY or anywhere close in the Northeastern America that serves desserts with frog jelly in a couple of varieties and pig feet ginger simmered in black vinegar .,['pig feet ginger simmered in black vinegar'],['General'],['positive'],['pig feet ginger simmered in black vinegar'],[False],1,False,False
semeval14_train_00767,semeval14,train,By far this is the only chinese desserts place I know in NY or anywhere close in the Northeastern America that serves desserts with frog jelly in a couple of varieties and pig feet ginger simmered in black vinegar .,['desserts with frog jelly'],['General'],['positive'],['desserts with frog jelly'],[False],1,False,False
semeval14_train_00768,semeval14,train,The food is great and reasonably priced .,['food'],['Food'],['positive'],['food'],[False],1,False,False
semeval14_train_00769,semeval14,train,The food is great and reasonably priced .,['priced'],['General'],['positive'],['priced'],[False],1,False,False
semeval14_train_00770,semeval14,train,I would definitely recommend SEA if you like thai cuisine !,['thai cuisine'],['General'],['positive'],['thai cuisine'],[False],1,False,False
semeval14_train_00771,semeval14,train,"Over the years the host , Vittorio , and his crew , have always treated me as family -- although with all the business this not-so-little gem does , it amazing he 's even able to remember a consistent but not-so-frequent visitor .",['crew'],['General'],['positive'],['crew'],[False],1,False,False
semeval14_train_00772,semeval14,train,"Over the years the host , Vittorio , and his crew , have always treated me as family -- although with all the business this not-so-little gem does , it amazing he 's even able to remember a consistent but not-so-frequent visitor .",['host'],['General'],['positive'],['host'],[False],1,False,False
semeval14_train_00773,semeval14,train,"The restuarant itself is not large , but seems to have several round tables to accomodate large groups hoping to save a buck to eat authentic Taiwanese .",['round tables'],['General'],['positive'],['round tables'],[False],1,False,False
semeval14_train_00774,semeval14,train,"The restuarant itself is not large , but seems to have several round tables to accomodate large groups hoping to save a buck to eat authentic Taiwanese .",['taiwanese'],['General'],['positive'],['Taiwanese'],[False],1,False,False
semeval14_train_00775,semeval14,train,"My husband said he could 've eaten several more , the portion was fine for me he even exclaimed that the french fries were the best he has had .",['french fries'],['General'],['positive'],['french fries'],[False],1,False,False
semeval14_train_00776,semeval14,train,"It is the type of place to run into old friends and have a late , raucus dinner .",['dinner'],['General'],['positive'],['dinner'],[False],1,False,False
semeval14_train_00777,semeval14,train,"The food is delicious - from the specials to the regular menu-fare , the dishes are never a disappointment .",['food'],['Food'],['positive'],['food'],[False],1,False,False
semeval14_train_00778,semeval14,train,"The food is delicious - from the specials to the regular menu-fare , the dishes are never a disappointment .",['dishes'],['General'],['positive'],['dishes'],[False],1,False,False
semeval14_train_00779,semeval14,train,"The food is delicious - from the specials to the regular menu-fare , the dishes are never a disappointment .",['specials'],['General'],['positive'],['specials'],[False],1,False,False
semeval14_train_00780,semeval14,train,"The food is delicious - from the specials to the regular menu-fare , the dishes are never a disappointment .",['regular menu-fare'],['General'],['positive'],['regular menu-fare'],[False],1,False,False
semeval14_train_00781,semeval14,train,Prices are in line .,['prices'],['General'],['neutral'],['Prices'],[False],1,False,False
semeval14_train_00782,semeval14,train,"The combination of fresh tomato sauce , fresh mozz cheese , basil and the dough they make with imported flour , makes this is one of the better pizza 's in NY .",['fresh tomato sauce'],['General'],['positive'],['fresh tomato sauce'],[False],1,False,False
semeval14_train_00783,semeval14,train,"The combination of fresh tomato sauce , fresh mozz cheese , basil and the dough they make with imported flour , makes this is one of the better pizza 's in NY .",['fresh mozz cheese'],['General'],['positive'],['fresh mozz cheese'],[False],1,False,False
semeval14_train_00784,semeval14,train,"The combination of fresh tomato sauce , fresh mozz cheese , basil and the dough they make with imported flour , makes this is one of the better pizza 's in NY .",['basil'],['General'],['positive'],['basil'],[False],1,False,False
semeval14_train_00785,semeval14,train,"The combination of fresh tomato sauce , fresh mozz cheese , basil and the dough they make with imported flour , makes this is one of the better pizza 's in NY .",['dough'],['General'],['positive'],['dough'],[False],1,False,False
semeval14_train_00786,semeval14,train,"The combination of fresh tomato sauce , fresh mozz cheese , basil and the dough they make with imported flour , makes this is one of the better pizza 's in NY .",['pizza'],['General'],['positive'],['pizza'],[False],1,False,False
semeval14_train_00787,semeval14,train,"The combination of fresh tomato sauce , fresh mozz cheese , basil and the dough they make with imported flour , makes this is one of the better pizza 's in NY .",['flour'],['General'],['positive'],['flour'],[False],1,False,False
semeval14_train_00788,semeval14,train,The food is prepared quickly and efficiently .,['food'],['Food'],['positive'],['food'],[False],1,False,False
semeval14_train_00789,semeval14,train,"For all of you new to Indian food , try the Paneer Roll , it is a piece of heaven .",['indian food'],['General'],['positive'],['Indian food'],[False],1,False,False
semeval14_train_00790,semeval14,train,"For all of you new to Indian food , try the Paneer Roll , it is a piece of heaven .",['paneer roll'],['General'],['positive'],['Paneer Roll'],[False],1,False,False
semeval14_train_00791,semeval14,train,The food looked very appetizing and delicious since it came on a variety of fancy plates .,['food'],['Food'],['positive'],['food'],[False],1,False,False
semeval14_train_00792,semeval14,train,The food looked very appetizing and delicious since it came on a variety of fancy plates .,['plates'],['General'],['positive'],['plates'],[False],1,False,False
semeval14_train_00793,semeval14,train,Both the fresh mozzerella slices and the Plain Cheese slice are phenomenal .,['fresh mozzerella slices'],['General'],['positive'],['fresh mozzerella slices'],[False],1,False,False
semeval14_train_00794,semeval14,train,Both the fresh mozzerella slices and the Plain Cheese slice are phenomenal .,['plain cheese slice'],['General'],['positive'],['Plain Cheese slice'],[False],1,False,False
semeval14_train_00795,semeval14,train,"The food is terrible and overall , I would have to say avoid at all costs .",['food'],['Food'],['negative'],['food'],[False],1,False,False
semeval14_train_00796,semeval14,train,"Unfortunately , the food was NOT something to get worked up about .",['food'],['Food'],['negative'],['food'],[False],1,False,False
semeval14_train_00797,semeval14,train,"It 's constantly open , catering to the Pakistani cabbies lined up on Crosby St. , so there 's more turnover with the food than you 'd expect -LRB- i.e. , surprisingly fresh -RRB- .",['food'],['Food'],['positive'],['food'],[False],1,False,False
semeval14_train_00798,semeval14,train,I had Filet Mignon with garlic mash .,['filet mignon with garlic mash'],['General'],['neutral'],['Filet Mignon with garlic mash'],[False],1,False,False
semeval14_train_00799,semeval14,train,"I went at 6:00 PM specifically for the pre-theater menu -LRB- $ 19.95 for roasted tomato soup with chevre , steak frites , creme brulee -RRB- and it was marvelous .",['pre-theater menu'],['General'],['positive'],['pre-theater menu'],[False],1,False,False
semeval14_train_00800,semeval14,train,"I went at 6:00 PM specifically for the pre-theater menu -LRB- $ 19.95 for roasted tomato soup with chevre , steak frites , creme brulee -RRB- and it was marvelous .",['roasted tomato soup with chevre'],['General'],['positive'],['roasted tomato soup with chevre'],[False],1,False,False
semeval14_train_00801,semeval14,train,"I went at 6:00 PM specifically for the pre-theater menu -LRB- $ 19.95 for roasted tomato soup with chevre , steak frites , creme brulee -RRB- and it was marvelous .",['steak frites'],['General'],['positive'],['steak frites'],[False],1,False,False
semeval14_train_00802,semeval14,train,"I went at 6:00 PM specifically for the pre-theater menu -LRB- $ 19.95 for roasted tomato soup with chevre , steak frites , creme brulee -RRB- and it was marvelous .",['creme brulee'],['General'],['positive'],['creme brulee'],[False],1,False,False
semeval14_train_00803,semeval14,train,"The waitstaff were attentive , polite and helpful - an impressive feat in such close quarters .",['waitstaff'],['General'],['positive'],['waitstaff'],[False],1,False,False
semeval14_train_00804,semeval14,train,"- the bread at the beginning is super tasty and makes you want more - the pizza is delicious and comes in personal sizes , however be warned that the Peter 's Favourite pizza with prosciutto and baby arugula is actually a margarite pizza with cold prosciutto and baby arugula on top , like a salad .",['bread'],['General'],['positive'],['bread'],[False],1,False,False
semeval14_train_00805,semeval14,train,"- the bread at the beginning is super tasty and makes you want more - the pizza is delicious and comes in personal sizes , however be warned that the Peter 's Favourite pizza with prosciutto and baby arugula is actually a margarite pizza with cold prosciutto and baby arugula on top , like a salad .",['pizza'],['General'],['positive'],['pizza'],[False],1,False,False
semeval14_train_00806,semeval14,train,"- the bread at the beginning is super tasty and makes you want more - the pizza is delicious and comes in personal sizes , however be warned that the Peter 's Favourite pizza with prosciutto and baby arugula is actually a margarite pizza with cold prosciutto and baby arugula on top , like a salad .",['margarite pizza with cold prosciutto and baby arugula on top'],['General'],['neutral'],['margarite pizza with cold prosciutto and baby arugula on top'],[False],1,False,False
semeval14_train_00807,semeval14,train,"- the bread at the beginning is super tasty and makes you want more - the pizza is delicious and comes in personal sizes , however be warned that the Peter 's Favourite pizza with prosciutto and baby arugula is actually a margarite pizza with cold prosciutto and baby arugula on top , like a salad .",['salad'],['General'],['neutral'],['salad'],[False],1,False,False
semeval14_train_00808,semeval14,train,"- the bread at the beginning is super tasty and makes you want more - the pizza is delicious and comes in personal sizes , however be warned that the Peter's Favourite pizza with prosciutto and baby arugula is actually a margarite pizza with cold prosciutto and baby arugula on top , like a salad .","[""peter's favourite pizza with prosciutto and baby arugula""]",['General'],['neutral'],"[""Peter's Favourite pizza with prosciutto and baby arugula""]",[False],1,False,False
semeval14_train_00809,semeval14,train,"The large selection of bruschettas , paninis , tramezzinis keep the palate from stagnating .",['bruschettas'],['General'],['positive'],['bruschettas'],[False],1,False,False
semeval14_train_00810,semeval14,train,"The large selection of bruschettas , paninis , tramezzinis keep the palate from stagnating .",['paninis'],['General'],['positive'],['paninis'],[False],1,False,False
semeval14_train_00811,semeval14,train,"The large selection of bruschettas , paninis , tramezzinis keep the palate from stagnating .",['tramezzinis'],['General'],['positive'],['tramezzinis'],[False],1,False,False
semeval14_train_00812,semeval14,train,"Have always found that the waiters will go out of their way to be helpful , despite the fact they are often busy with lots of diners .",['waiters'],['General'],['positive'],['waiters'],[False],1,False,False
semeval14_train_00813,semeval14,train,"Have always found that the waiters will go out of their way to be helpful , despite the fact they are often busy with lots of diners .",['diners'],['General'],['neutral'],['diners'],[False],1,False,False
semeval14_train_00814,semeval14,train,"While this is n't classical restaurant fare , the chef has given new life to an old cuisine with some really innovative and tasty dishes that are genuinely Indian without being heavy or same old restaurant burn-outs .",['chef'],['General'],['positive'],['chef'],[False],1,False,False
semeval14_train_00815,semeval14,train,"While this is n't classical restaurant fare , the chef has given new life to an old cuisine with some really innovative and tasty dishes that are genuinely Indian without being heavy or same old restaurant burn-outs .",['dishes'],['General'],['positive'],['dishes'],[False],1,False,False
semeval14_train_00816,semeval14,train,"While this is n't classical restaurant fare , the chef has given new life to an old cuisine with some really innovative and tasty dishes that are genuinely Indian without being heavy or same old restaurant burn-outs .",['cuisine'],['General'],['neutral'],['cuisine'],[False],1,False,False
semeval14_train_00817,semeval14,train,"While this is n't classical restaurant fare , the chef has given new life to an old cuisine with some really innovative and tasty dishes that are genuinely Indian without being heavy or same old restaurant burn-outs .",['indian'],['General'],['positive'],['Indian'],[False],1,False,False
semeval14_train_00818,semeval14,train,The owner truly caters to all your needs .,['owner'],['General'],['positive'],['owner'],[False],1,False,False
semeval14_train_00819,semeval14,train,He takes real pride in his food and his business .,['food'],['Food'],['positive'],['food'],[False],1,False,False
semeval14_train_00820,semeval14,train,"So if you want a nice , enjoyable meal at Montparnasse , go early for the pre-theater prix-fixe .",['meal'],['General'],['positive'],['meal'],[False],1,False,False
semeval14_train_00821,semeval14,train,"So if you want a nice , enjoyable meal at Montparnasse , go early for the pre-theater prix-fixe .",['pre-theater prix-fixe'],['General'],['positive'],['pre-theater prix-fixe'],[False],1,False,False
semeval14_train_00822,semeval14,train,"Over the years , it has always provided a pleasurable dining experience with quality food and wine .",['food'],['Food'],['positive'],['food'],[False],1,False,False
semeval14_train_00823,semeval14,train,"Over the years , it has always provided a pleasurable dining experience with quality food and wine .",['wine'],['General'],['positive'],['wine'],[False],1,False,False
semeval14_train_00824,semeval14,train,"Over the years , it has always provided a pleasurable dining experience with quality food and wine .",['dining'],['General'],['positive'],['dining'],[False],1,False,False
semeval14_train_00825,semeval14,train,"The photobook menu was a cute touch , certainly helped my group and I pick the fried chicken , pork chop , and noodle dishes that we all ordered .",['menu'],['General'],['positive'],['menu'],[False],1,False,False
semeval14_train_00826,semeval14,train,"The photobook menu was a cute touch , certainly helped my group and I pick the fried chicken , pork chop , and noodle dishes that we all ordered .",['fried chicken'],['General'],['neutral'],['fried chicken'],[False],1,False,False
semeval14_train_00827,semeval14,train,"The photobook menu was a cute touch , certainly helped my group and I pick the fried chicken , pork chop , and noodle dishes that we all ordered .",['pork chop'],['General'],['neutral'],['pork chop'],[False],1,False,False
semeval14_train_00828,semeval14,train,"The photobook menu was a cute touch , certainly helped my group and I pick the fried chicken , pork chop , and noodle dishes that we all ordered .",['noodle dishes'],['General'],['neutral'],['noodle dishes'],[False],1,False,False
semeval14_train_00829,semeval14,train,I can not imagine better Indian food in all of the city .,['indian food'],['General'],['positive'],['Indian food'],[False],1,False,False
semeval14_train_00830,semeval14,train,Great romantic place for a date -LRB- try to get the corner booth table for a little privacy and to sit close ! -RRB- .,['privacy'],['General'],['positive'],['privacy'],[False],1,False,False
semeval14_train_00831,semeval14,train,Great romantic place for a date -LRB- try to get the corner booth table for a little privacy and to sit close ! -RRB- .,['corner booth table'],['General'],['positive'],['corner booth table'],[False],1,False,False
semeval14_train_00832,semeval14,train,Great romantic place for a date -LRB- try to get the corner booth table for a little privacy and to sit close ! -RRB- .,['place'],['General'],['positive'],['place'],[False],1,False,False
semeval14_train_00833,semeval14,train,I asked for an open faced cheese sandwich and the manager basically told me to take my business elsewhere !,['manager'],['General'],['negative'],['manager'],[False],1,False,False
semeval14_train_00834,semeval14,train,I asked for an open faced cheese sandwich and the manager basically told me to take my business elsewhere !,['open faced cheese sandwich'],['General'],['neutral'],['open faced cheese sandwich'],[False],1,False,False
semeval14_train_00835,semeval14,train,very good breads as well .,['breads'],['General'],['positive'],['breads'],[False],1,False,False
semeval14_train_00836,semeval14,train,"if this happens , just ask for real naan .",['naan'],['General'],['neutral'],['naan'],[False],1,False,False
semeval14_train_00837,semeval14,train,We were fans of the half-price Saturday night option until some inedible squid during a recent visit .,['squid'],['General'],['negative'],['squid'],[False],1,False,False
semeval14_train_00838,semeval14,train,We were fans of the half-price Saturday night option until some inedible squid during a recent visit .,['half-price saturday night option'],['General'],['positive'],['half-price Saturday night option'],[False],1,False,False
semeval14_train_00839,semeval14,train,"Pizza is terrific , as is homemade pasta .",['pizza'],['General'],['positive'],['Pizza'],[False],1,False,False
semeval14_train_00840,semeval14,train,"Pizza is terrific , as is homemade pasta .",['homemade pasta'],['General'],['positive'],['homemade pasta'],[False],1,False,False
semeval14_train_00841,semeval14,train,This is a wonderful place on all stand points especially value ofr money .,['value ofr money'],['General'],['positive'],['value ofr money'],[False],1,False,False
semeval14_train_00842,semeval14,train,Example is the soup which was about 6 oz for $ 12 dollars and the mushrooms where $ 12 for about 1oz .,['soup'],['General'],['positive'],['soup'],[False],1,False,False
semeval14_train_00843,semeval14,train,Example is the soup which was about 6 oz for $ 12 dollars and the mushrooms where $ 12 for about 1oz .,['mushrooms'],['General'],['positive'],['mushrooms'],[False],1,False,False
semeval14_train_00844,semeval14,train,There are other people waiting !,['waiting'],['General'],['negative'],['waiting'],[False],1,False,False
semeval14_train_00845,semeval14,train,"From beginning appetizers , the scallops were incredible , to the delicious chocolate souffle with rasberry mint sorbet , we were delighted by the taste sensations .",['beginning appetizers'],['General'],['positive'],['beginning appetizers'],[False],1,False,False
semeval14_train_00846,semeval14,train,"From beginning appetizers , the scallops were incredible , to the delicious chocolate souffle with rasberry mint sorbet , we were delighted by the taste sensations .",['scallops'],['General'],['positive'],['scallops'],[False],1,False,False
semeval14_train_00847,semeval14,train,"From beginning appetizers , the scallops were incredible , to the delicious chocolate souffle with rasberry mint sorbet , we were delighted by the taste sensations .",['chocolate souffle with rasberry mint sorbet'],['General'],['positive'],['chocolate souffle with rasberry mint sorbet'],[False],1,False,False
semeval14_train_00848,semeval14,train,"From beginning appetizers , the scallops were incredible , to the delicious chocolate souffle with rasberry mint sorbet , we were delighted by the taste sensations .",['taste'],['General'],['positive'],['taste'],[False],1,False,False
semeval14_train_00849,semeval14,train,Consistently good Japanese Tapas .,['japanese tapas'],['General'],['positive'],['Japanese Tapas'],[False],1,False,False
semeval14_train_00850,semeval14,train,"My goodness , everything from the fish to the rice to the seaweed was absolutely amazing .",['fish'],['General'],['positive'],['fish'],[False],1,False,False
semeval14_train_00851,semeval14,train,"My goodness , everything from the fish to the rice to the seaweed was absolutely amazing .",['rice'],['General'],['positive'],['rice'],[False],1,False,False
semeval14_train_00852,semeval14,train,"My goodness , everything from the fish to the rice to the seaweed was absolutely amazing .",['seaweed'],['General'],['positive'],['seaweed'],[False],1,False,False
semeval14_train_00853,semeval14,train,"The dishes offered were unique , very tasty and fresh from the lamb sausages , sardines with biscuits , large whole shrimp to the amazing pistachio ice cream -LRB- the best and freshest I 've ever had -RRB- .",['dishes'],['General'],['positive'],['dishes'],[False],1,False,False
semeval14_train_00854,semeval14,train,"The dishes offered were unique , very tasty and fresh from the lamb sausages , sardines with biscuits , large whole shrimp to the amazing pistachio ice cream -LRB- the best and freshest I 've ever had -RRB- .",['lamb sausages'],['General'],['positive'],['lamb sausages'],[False],1,False,False
semeval14_train_00855,semeval14,train,"The dishes offered were unique , very tasty and fresh from the lamb sausages , sardines with biscuits , large whole shrimp to the amazing pistachio ice cream -LRB- the best and freshest I 've ever had -RRB- .",['sardines with biscuits'],['General'],['positive'],['sardines with biscuits'],[False],1,False,False
semeval14_train_00856,semeval14,train,"The dishes offered were unique , very tasty and fresh from the lamb sausages , sardines with biscuits , large whole shrimp to the amazing pistachio ice cream -LRB- the best and freshest I 've ever had -RRB- .",['large whole shrimp'],['General'],['positive'],['large whole shrimp'],[False],1,False,False
semeval14_train_00857,semeval14,train,"The dishes offered were unique , very tasty and fresh from the lamb sausages , sardines with biscuits , large whole shrimp to the amazing pistachio ice cream -LRB- the best and freshest I 've ever had -RRB- .",['pistachio ice cream'],['General'],['positive'],['pistachio ice cream'],[False],1,False,False
semeval14_train_00858,semeval14,train,The food is reliable and the price is moderate .,['food'],['Food'],['positive'],['food'],[False],1,False,False
semeval14_train_00859,semeval14,train,The food is reliable and the price is moderate .,['price'],['Price'],['neutral'],['price'],[False],1,False,False
semeval14_train_00860,semeval14,train,"While the ambiance and atmosphere were great , the food and service could have been a lot better .",['ambiance'],['General'],['positive'],['ambiance'],[False],1,False,False
semeval14_train_00861,semeval14,train,"While the ambiance and atmosphere were great , the food and service could have been a lot better .",['atmosphere'],['General'],['positive'],['atmosphere'],[False],1,False,False
semeval14_train_00862,semeval14,train,"While the ambiance and atmosphere were great , the food and service could have been a lot better .",['food'],['Food'],['negative'],['food'],[False],1,False,False
semeval14_train_00863,semeval14,train,"While the ambiance and atmosphere were great , the food and service could have been a lot better .",['service'],['Service'],['negative'],['service'],[False],1,False,False
semeval14_train_00864,semeval14,train,The server was really cool and served us our food and drinks with a smile .,['server'],['General'],['positive'],['server'],[False],1,False,False
semeval14_train_00865,semeval14,train,The server was really cool and served us our food and drinks with a smile .,['food'],['Food'],['neutral'],['food'],[False],1,False,False
semeval14_train_00866,semeval14,train,The server was really cool and served us our food and drinks with a smile .,['drinks'],['Food'],['neutral'],['drinks'],[False],1,False,False
semeval14_train_00867,semeval14,train,The server was really cool and served us our food and drinks with a smile .,['served'],['General'],['positive'],['served'],[False],1,False,False
semeval14_train_00868,semeval14,train,We were in search of food and stumbled on this block of Indian restaurants on East Sixth Street .,['food'],['Food'],['neutral'],['food'],[False],1,False,False
semeval14_train_00869,semeval14,train,"Planet Thailand has always been a hit with me , I go there usually for the sushi , which is great , the thai food is excellent too .",['sushi'],['General'],['positive'],['sushi'],[False],1,False,False
semeval14_train_00870,semeval14,train,"Planet Thailand has always been a hit with me , I go there usually for the sushi , which is great , the thai food is excellent too .",['thai food'],['General'],['positive'],['thai food'],[False],1,False,False
semeval14_train_00871,semeval14,train,"Very excited to hear that short-term Chef Jason Narone has moved on , he truly was a low point of their Sterling track record .",['chef'],['General'],['negative'],['Chef'],[False],1,False,False
semeval14_train_00872,semeval14,train,I had to share my table with a loud group of kids and the service was rude an unattentive .,['service'],['Service'],['negative'],['service'],[False],1,False,False
semeval14_train_00873,semeval14,train,I had to share my table with a loud group of kids and the service was rude an unattentive .,['table'],['General'],['negative'],['table'],[False],1,False,False
semeval14_train_00874,semeval14,train,The sauce on the pizza is sooo good with garlic and fresh tomatoes and they do n't skimp .,['garlic'],['General'],['positive'],['garlic'],[False],1,False,False
semeval14_train_00875,semeval14,train,The sauce on the pizza is sooo good with garlic and fresh tomatoes and they do n't skimp .,['fresh tomatoes'],['General'],['positive'],['fresh tomatoes'],[False],1,False,False
semeval14_train_00876,semeval14,train,The sauce on the pizza is sooo good with garlic and fresh tomatoes and they do n't skimp .,['sauce on the pizza'],['General'],['positive'],['sauce on the pizza'],[False],1,False,False
semeval14_train_00877,semeval14,train,"We recently decided to try this location , and to our delight , they have outdoor seating , perfect since I had my yorkie with me .",['outdoor seating'],['General'],['positive'],['outdoor seating'],[False],1,False,False
semeval14_train_00878,semeval14,train,"My husband had the mesclun , salmon , and ice cream and he enjoyed all 3 courses .",['mesclun'],['General'],['positive'],['mesclun'],[False],1,False,False
semeval14_train_00879,semeval14,train,"My husband had the mesclun , salmon , and ice cream and he enjoyed all 3 courses .",['salmon'],['General'],['positive'],['salmon'],[False],1,False,False
semeval14_train_00880,semeval14,train,"My husband had the mesclun , salmon , and ice cream and he enjoyed all 3 courses .",['ice cream'],['General'],['positive'],['ice cream'],[False],1,False,False
semeval14_train_00881,semeval14,train,"My husband had the mesclun , salmon , and ice cream and he enjoyed all 3 courses .",['courses'],['General'],['positive'],['courses'],[False],1,False,False
semeval14_train_00882,semeval14,train,We were told that the wait was about twenty minutes and there would be no problem for our 8:00 pm curtain call .,['wait'],['General'],['neutral'],['wait'],[False],1,False,False
semeval14_train_00883,semeval14,train,The food is usually good but it certainly is n't a relaxing place to go .,['food'],['Food'],['positive'],['food'],[False],1,False,False
semeval14_train_00884,semeval14,train,The food is usually good but it certainly is n't a relaxing place to go .,['place'],['General'],['negative'],['place'],[False],1,False,False
semeval14_train_00885,semeval14,train,"Super friendly and knowledgable staff , fabulous bistro fare and a wonderful jazz brunch with great live jazz -LRB- the chilaquiles were awesome !",['staff'],['Service'],['positive'],['staff'],[False],1,False,False
semeval14_train_00886,semeval14,train,"Super friendly and knowledgable staff , fabulous bistro fare and a wonderful jazz brunch with great live jazz -LRB- the chilaquiles were awesome !",['bistro fare'],['General'],['positive'],['bistro fare'],[False],1,False,False
semeval14_train_00887,semeval14,train,"Super friendly and knowledgable staff , fabulous bistro fare and a wonderful jazz brunch with great live jazz -LRB- the chilaquiles were awesome !",['chilaquiles'],['General'],['positive'],['chilaquiles'],[False],1,False,False
semeval14_train_00888,semeval14,train,"Super friendly and knowledgable staff , fabulous bistro fare and a wonderful jazz brunch with great live jazz -LRB- the chilaquiles were awesome !",['jazz brunch'],['General'],['positive'],['jazz brunch'],[False],1,False,False
semeval14_train_00889,semeval14,train,"Super friendly and knowledgable staff , fabulous bistro fare and a wonderful jazz brunch with great live jazz -LRB- the chilaquiles were awesome !",['live jazz'],['General'],['positive'],['live jazz'],[False],1,False,False
semeval14_train_00890,semeval14,train,The prices were fantastic .,['prices'],['General'],['positive'],['prices'],[False],1,False,False
semeval14_train_00891,semeval14,train,"Still , any quibbles about the bill were off-set by the pour-your-own measures of liquers which were courtesey of the house ...",['measures of liquers'],['General'],['positive'],['measures of liquers'],[False],1,False,False
semeval14_train_00892,semeval14,train,"The table service could have been a little more attentive but as someone who also works in the service industry , I understood they were busy .",['service'],['Service'],['neutral'],['service'],[False],1,False,False
semeval14_train_00893,semeval14,train,"It 's not mind-blowing , but to me , thai food never is and never will be .",['thai food'],['General'],['neutral'],['thai food'],[False],1,False,False
semeval14_train_00894,semeval14,train,"Food was very good as well , considering that we tried the budget selection -LRB- though I wish the pork belly that I ordered was roasted a bit longer , so that fat was more of a melt-in-your-mouth experience -RRB- .",['food'],['Food'],['positive'],['Food'],[False],1,False,False
semeval14_train_00895,semeval14,train,"Food was very good as well , considering that we tried the budget selection -LRB- though I wish the pork belly that I ordered was roasted a bit longer , so that fat was more of a melt-in-your-mouth experience -RRB- .",['pork belly'],['General'],['negative'],['pork belly'],[False],1,False,False
semeval14_train_00896,semeval14,train,"Food was very good as well , considering that we tried the budget selection -LRB- though I wish the pork belly that I ordered was roasted a bit longer , so that fat was more of a melt-in-your-mouth experience -RRB- .",['fat'],['General'],['negative'],['fat'],[False],1,False,False
semeval14_train_00897,semeval14,train,"i 've been to sapphire twice and both times the food was fine , if not good .",['food'],['Food'],['positive'],['food'],[False],1,False,False
semeval14_train_00898,semeval14,train,It is kinda nosiy and the tables are close together but it 's still a beautiful place to enjoy a nice dinner .,['tables'],['General'],['negative'],['tables'],[False],1,False,False
semeval14_train_00899,semeval14,train,It is kinda nosiy and the tables are close together but it 's still a beautiful place to enjoy a nice dinner .,['dinner'],['General'],['positive'],['dinner'],[False],1,False,False
semeval14_train_00900,semeval14,train,It is kinda nosiy and the tables are close together but it 's still a beautiful place to enjoy a nice dinner .,['place'],['General'],['positive'],['place'],[False],1,False,False
semeval14_train_00901,semeval14,train,I love the fact that the pizza tastes so good and is so cheap .,['pizza'],['General'],['positive'],['pizza'],[False],1,False,False
semeval14_train_00902,semeval14,train,Nicky the Nose at the bar is a treat .,['bar'],['General'],['neutral'],['bar'],[False],1,False,False
semeval14_train_00903,semeval14,train,"Service was prompt , friendly and great .",['service'],['Service'],['positive'],['Service'],[False],1,False,False
semeval14_train_00904,semeval14,train,"I have n't eat a lamb chop as delicious as that , the salads are really nice dressed with lemon and extra virgnin olive oil .",['lamb chop'],['General'],['positive'],['lamb chop'],[False],1,False,False
semeval14_train_00905,semeval14,train,"I have n't eat a lamb chop as delicious as that , the salads are really nice dressed with lemon and extra virgnin olive oil .",['salads'],['General'],['positive'],['salads'],[False],1,False,False
semeval14_train_00906,semeval14,train,"I have n't eat a lamb chop as delicious as that , the salads are really nice dressed with lemon and extra virgnin olive oil .",['lemon'],['General'],['positive'],['lemon'],[False],1,False,False
semeval14_train_00907,semeval14,train,"I have n't eat a lamb chop as delicious as that , the salads are really nice dressed with lemon and extra virgnin olive oil .",['extra virgnin olive oil'],['General'],['positive'],['extra virgnin olive oil'],[False],1,False,False
semeval14_train_00908,semeval14,train,The sushi was awful !,['sushi'],['General'],['negative'],['sushi'],[False],1,False,False
semeval14_train_00909,semeval14,train,You can get an excellent meal at most of the many Indian restaurants on nearby Lexington Avenue for the cost of one the dainty dishes here .,['meal'],['General'],['positive'],['meal'],[False],1,False,False
semeval14_train_00910,semeval14,train,You can get an excellent meal at most of the many Indian restaurants on nearby Lexington Avenue for the cost of one the dainty dishes here .,['dishes'],['General'],['positive'],['dishes'],[False],1,False,False
semeval14_train_00911,semeval14,train,"The Pastrami sandwich was like buttah and with pickles and an icy cold beer to wash it down , it was a pleasurable experience .",['pastrami sandwich'],['General'],['positive'],['Pastrami sandwich'],[False],1,False,False
semeval14_train_00912,semeval14,train,"The Pastrami sandwich was like buttah and with pickles and an icy cold beer to wash it down , it was a pleasurable experience .",['beer'],['General'],['positive'],['beer'],[False],1,False,False
semeval14_train_00913,semeval14,train,"The Pastrami sandwich was like buttah and with pickles and an icy cold beer to wash it down , it was a pleasurable experience .",['pickles'],['General'],['positive'],['pickles'],[False],1,False,False
semeval14_train_00914,semeval14,train,The plain pizza was soggy and the creative wild mushroom -LRB- third generation-Fornini -RRB- pizza we had was drenched with truffle oil in the middle -LRB- again making it soggy -RRB- and nothingon the rest .,['plain pizza'],['General'],['negative'],['plain pizza'],[False],1,False,False
semeval14_train_00915,semeval14,train,The plain pizza was soggy and the creative wild mushroom -LRB- third generation-Fornini -RRB- pizza we had was drenched with truffle oil in the middle -LRB- again making it soggy -RRB- and nothingon the rest .,['truffle oil'],['General'],['neutral'],['truffle oil'],[False],1,False,False
semeval14_train_00916,semeval14,train,The plain pizza was soggy and the creative wild mushroom(third generation-Fornini) pizza we had was drenched with truffle oil in the middle -LRB- again making it soggy -RRB- and nothingon the rest .,['wild mushroom(third generation-fornini) pizza'],['General'],['positive'],['wild mushroom(third generation-Fornini) pizza'],[False],1,False,False
semeval14_train_00917,semeval14,train,"Late nite omelletes are not good here , there is no variety !",['omelletes'],['General'],['negative'],['omelletes'],[False],1,False,False
semeval14_train_00918,semeval14,train,"After all that , they complained to me about the small tip .",['tip'],['General'],['negative'],['tip'],[False],1,False,False
semeval14_train_00919,semeval14,train,It 's a great place to pick up a cheap lunch or dinner .,['lunch'],['General'],['positive'],['lunch'],[False],1,False,False
semeval14_train_00920,semeval14,train,It 's a great place to pick up a cheap lunch or dinner .,['dinner'],['General'],['positive'],['dinner'],[False],1,False,False
semeval14_train_00921,semeval14,train,"Behind this counter , two men are squeezed in .",['counter'],['General'],['negative'],['counter'],[False],1,False,False
semeval14_train_00922,semeval14,train,"Whenever you need a Sushi fix , Mizu will be there with quality fish and great service .",['fish'],['General'],['positive'],['fish'],[False],1,False,False
semeval14_train_00923,semeval14,train,"Whenever you need a Sushi fix , Mizu will be there with quality fish and great service .",['service'],['Service'],['positive'],['service'],[False],1,False,False
semeval14_train_00924,semeval14,train,"Whenever you need a Sushi fix , Mizu will be there with quality fish and great service .",['sushi fix'],['General'],['positive'],['Sushi fix'],[False],1,False,False
semeval14_train_00925,semeval14,train,"Our waitress was sweet and accomodating , not overbearing .",['waitress'],['General'],['positive'],['waitress'],[False],1,False,False
semeval14_train_00926,semeval14,train,Went there with my wife and we had to wait for a table even though you could see there many that were empty with not reservation sigh on them .,['reservation sigh'],['General'],['neutral'],['reservation sigh'],[False],1,False,False
semeval14_train_00927,semeval14,train,Went there with my wife and we had to wait for a table even though you could see there many that were empty with not reservation sigh on them .,['table'],['General'],['negative'],['table'],[False],1,False,False
semeval14_train_00928,semeval14,train,I was really disappointed ant wanted to tell everyone not to go eat or even take out food from there .,['food'],['Food'],['negative'],['food'],[False],1,False,False
semeval14_train_00929,semeval14,train,"Despite a slightly limited menu , everything prepared is done to perfection , ultra fresh and a work of food art .",['menu'],['General'],['negative'],['menu'],[False],1,False,False
semeval14_train_00930,semeval14,train,"Despite a slightly limited menu , everything prepared is done to perfection , ultra fresh and a work of food art .",['food art'],['General'],['positive'],['food art'],[False],1,False,False
semeval14_train_00931,semeval14,train,The outdoor atmosphere of sitting on the sidewalk watching the world go by 50 feet away on 6th avenue on a cool evening was wonderful .,['outdoor atmosphere'],['General'],['positive'],['outdoor atmosphere'],[False],1,False,False
semeval14_train_00932,semeval14,train,"A large is $ 20 , and toppings are about $ 3 each .",['toppings'],['General'],['neutral'],['toppings'],[False],1,False,False
semeval14_train_00933,semeval14,train,brick oven gallery is My pick for best pizza restaurant anywhere .,['pizza'],['General'],['positive'],['pizza'],[False],1,False,False
semeval14_train_00934,semeval14,train,Add to that great service and great food at a reasonable price and you have yourself the beginning of a great evening .,['service'],['Service'],['positive'],['service'],[False],1,False,False
semeval14_train_00935,semeval14,train,Add to that great service and great food at a reasonable price and you have yourself the beginning of a great evening .,['food'],['Food'],['positive'],['food'],[False],1,False,False
semeval14_train_00936,semeval14,train,Add to that great service and great food at a reasonable price and you have yourself the beginning of a great evening .,['price'],['Price'],['positive'],['price'],[False],1,False,False
semeval14_train_00937,semeval14,train,"For many people , this may not seem like Aunthentic Thai food because most places in NYC arent quite authentic .",['thai food'],['General'],['negative'],['Thai food'],[False],1,False,False
semeval14_train_00938,semeval14,train,"Growing up in NY , I have eaten my share of bagels .",['bagels'],['General'],['neutral'],['bagels'],[False],1,False,False
semeval14_train_00939,semeval14,train,"Oh , do n't even let me start with how expensive the bills were !",['bills'],['General'],['negative'],['bills'],[False],1,False,False
semeval14_train_00940,semeval14,train,The scallion pancakes and fried dumplings were nothing out of the ordinary .,['scallion pancakes'],['General'],['neutral'],['scallion pancakes'],[False],1,False,False
semeval14_train_00941,semeval14,train,The scallion pancakes and fried dumplings were nothing out of the ordinary .,['fried dumplings'],['General'],['neutral'],['fried dumplings'],[False],1,False,False
semeval14_train_00942,semeval14,train,"All the appetizers and salads were fabulous , the steak was mouth watering and the pasta was delicious !!!",['appetizers'],['General'],['positive'],['appetizers'],[False],1,False,False
semeval14_train_00943,semeval14,train,"All the appetizers and salads were fabulous , the steak was mouth watering and the pasta was delicious !!!",['salads'],['General'],['positive'],['salads'],[False],1,False,False
semeval14_train_00944,semeval14,train,"All the appetizers and salads were fabulous , the steak was mouth watering and the pasta was delicious !!!",['steak'],['General'],['positive'],['steak'],[False],1,False,False
semeval14_train_00945,semeval14,train,"All the appetizers and salads were fabulous , the steak was mouth watering and the pasta was delicious !!!",['pasta'],['General'],['positive'],['pasta'],[False],1,False,False
semeval14_train_00946,semeval14,train,"Besides having the table we had been promised given to other restaurant patrons twice before we were actually seated , we were served dishes we had n't ordered three times , received one of our orders 20 minutes after the rest of the table had been served -LRB- and that order was undercooked -RRB- , and charged $ 45 more than we should have been on our bill .",['table'],['General'],['negative'],['table'],[False],1,False,False
semeval14_train_00947,semeval14,train,"Besides having the table we had been promised given to other restaurant patrons twice before we were actually seated , we were served dishes we had n't ordered three times , received one of our orders 20 minutes after the rest of the table had been served -LRB- and that order was undercooked -RRB- , and charged $ 45 more than we should have been on our bill .",['served'],['General'],['negative'],['served'],[False],1,False,False
semeval14_train_00948,semeval14,train,"Besides having the table we had been promised given to other restaurant patrons twice before we were actually seated , we were served dishes we had n't ordered three times , received one of our orders 20 minutes after the rest of the table had been served -LRB- and that order was undercooked -RRB- , and charged $ 45 more than we should have been on our bill .",['dishes'],['General'],['negative'],['dishes'],[False],1,False,False
semeval14_train_00949,semeval14,train,"Besides having the table we had been promised given to other restaurant patrons twice before we were actually seated , we were served dishes we had n't ordered three times , received one of our orders 20 minutes after the rest of the table had been served -LRB- and that order was undercooked -RRB- , and charged $ 45 more than we should have been on our bill .",['table'],['General'],['negative'],['table'],[False],1,False,False
semeval14_train_00950,semeval14,train,"Besides having the table we had been promised given to other restaurant patrons twice before we were actually seated , we were served dishes we had n't ordered three times , received one of our orders 20 minutes after the rest of the table had been served -LRB- and that order was undercooked -RRB- , and charged $ 45 more than we should have been on our bill .",['served'],['General'],['negative'],['served'],[False],1,False,False
semeval14_train_00951,semeval14,train,"Besides having the table we had been promised given to other restaurant patrons twice before we were actually seated , we were served dishes we had n't ordered three times , received one of our orders 20 minutes after the rest of the table had been served -LRB- and that order was undercooked -RRB- , and charged $ 45 more than we should have been on our bill .",['bill'],['General'],['negative'],['bill'],[False],1,False,False
semeval14_train_00952,semeval14,train,Service is top notch .,['service'],['Service'],['positive'],['Service'],[False],1,False,False
semeval14_train_00953,semeval14,train,The food now is inconsistent .,['food'],['Food'],['negative'],['food'],[False],1,False,False
semeval14_train_00954,semeval14,train,"You can also special order any kind of dumpling , etc. .",['dumpling'],['General'],['positive'],['dumpling'],[False],1,False,False
semeval14_train_00955,semeval14,train,I was pretty much full after our fondue appetizer .,['fondue appetizer'],['General'],['neutral'],['fondue appetizer'],[False],1,False,False
semeval14_train_00956,semeval14,train,BE CAREFUL before you request extra spice .,['spice'],['General'],['neutral'],['spice'],[False],1,False,False
semeval14_train_00957,semeval14,train,The octopus eaters were floored by the Octopus salad .,['octopus salad'],['General'],['positive'],['Octopus salad'],[False],1,False,False
semeval14_train_00958,semeval14,train,We thought that this place is using too much of MSG cooking in the foods .,['foods'],['General'],['negative'],['foods'],[False],1,False,False
semeval14_train_00959,semeval14,train,We thought that this place is using too much of MSG cooking in the foods .,['msg cooking'],['General'],['negative'],['MSG cooking'],[False],1,False,False
semeval14_train_00960,semeval14,train,And the Tom Kha soup was pathetic .,['tom kha soup'],['General'],['negative'],['Tom Kha soup'],[False],1,False,False
semeval14_train_00961,semeval14,train,I started out with a Bombay beer which was big enough for two .,['bombay beer'],['General'],['positive'],['Bombay beer'],[False],1,False,False
semeval14_train_00962,semeval14,train,"The decor is vibrant and eye-pleasing with several semi-private boths on the right side of the dining hall , which are great for a date .",['decor'],['General'],['positive'],['decor'],[False],1,False,False
semeval14_train_00963,semeval14,train,"The decor is vibrant and eye-pleasing with several semi-private boths on the right side of the dining hall , which are great for a date .",['dining hall'],['General'],['positive'],['dining hall'],[False],1,False,False
semeval14_train_00964,semeval14,train,"The decor is vibrant and eye-pleasing with several semi-private boths on the right side of the dining hall , which are great for a date .",['semi-private boths'],['General'],['positive'],['semi-private boths'],[False],1,False,False
semeval14_train_00965,semeval14,train,Service was quick .,['service'],['Service'],['positive'],['Service'],[False],1,False,False
semeval14_train_00966,semeval14,train,Drawbacks : service is slow and they do n't toast !,['service'],['Service'],['negative'],['service'],[False],1,False,False
semeval14_train_00967,semeval14,train,Went there for an office lunch .,['office lunch'],['General'],['neutral'],['office lunch'],[False],1,False,False
semeval14_train_00968,semeval14,train,The sweet lassi was excellent as was the lamb chettinad and the garlic naan but the rasamalai was forgettable .,['sweet lassi'],['General'],['positive'],['sweet lassi'],[False],1,False,False
semeval14_train_00969,semeval14,train,The sweet lassi was excellent as was the lamb chettinad and the garlic naan but the rasamalai was forgettable .,['lamb chettinad'],['General'],['positive'],['lamb chettinad'],[False],1,False,False
semeval14_train_00970,semeval14,train,The sweet lassi was excellent as was the lamb chettinad and the garlic naan but the rasamalai was forgettable .,['garlic naan'],['General'],['positive'],['garlic naan'],[False],1,False,False
semeval14_train_00971,semeval14,train,The sweet lassi was excellent as was the lamb chettinad and the garlic naan but the rasamalai was forgettable .,['rasamalai'],['General'],['negative'],['rasamalai'],[False],1,False,False
semeval14_train_00972,semeval14,train,"We 've been following chef Lyle 's food around New York for 15 years and while remaining classic , his innovations with bistro fare have made us return and return .",['bistro fare'],['General'],['positive'],['bistro fare'],[False],1,False,False
semeval14_train_00973,semeval14,train,"We 've been following chef Lyle 's food around New York for 15 years and while remaining classic , his innovations with bistro fare have made us return and return .",['chef'],['General'],['positive'],['chef'],[False],1,False,False
semeval14_train_00974,semeval14,train,"We 've been following chef Lyle 's food around New York for 15 years and while remaining classic , his innovations with bistro fare have made us return and return .",['food'],['Food'],['positive'],['food'],[False],1,False,False
semeval14_train_00975,semeval14,train,The best thing I tasted were the lambchops .,['lambchops'],['General'],['positive'],['lambchops'],[False],1,False,False
semeval14_train_00976,semeval14,train,The spicy tuna and salmon are the best we 've ever had .,['spicy tuna'],['General'],['positive'],['spicy tuna'],[False],1,False,False
semeval14_train_00977,semeval14,train,The spicy tuna and salmon are the best we 've ever had .,['salmon'],['General'],['positive'],['salmon'],[False],1,False,False
semeval14_train_00978,semeval14,train,"Even though its good seafood , the prices are too high .",['seafood'],['General'],['positive'],['seafood'],[False],1,False,False
semeval14_train_00979,semeval14,train,"Even though its good seafood , the prices are too high .",['prices'],['General'],['negative'],['prices'],[False],1,False,False
semeval14_train_00980,semeval14,train,"In addition , the food is very good and the prices are reasonable .",['food'],['Food'],['positive'],['food'],[False],1,False,False
semeval14_train_00981,semeval14,train,"In addition , the food is very good and the prices are reasonable .",['prices'],['General'],['positive'],['prices'],[False],1,False,False
semeval14_train_00982,semeval14,train,"Upon entering , we were greeted by the owners , Steven and Frederick , who went out of their way to be more than gracious hosts .",['owners'],['General'],['positive'],['owners'],[False],1,False,False
semeval14_train_00983,semeval14,train,"Upon entering , we were greeted by the owners , Steven and Frederick , who went out of their way to be more than gracious hosts .",['hosts'],['General'],['positive'],['hosts'],[False],1,False,False
semeval14_train_00984,semeval14,train,Been going here since it opened have seen the quality value decrease considerably .,['quality value'],['General'],['negative'],['quality value'],[False],1,False,False
semeval14_train_00985,semeval14,train,"Meat dishes now adorn the selections , although there 's still a large number of vegetarian-friendly choices .",['meat dishes'],['General'],['neutral'],['Meat dishes'],[False],1,False,False
semeval14_train_00986,semeval14,train,"Meat dishes now adorn the selections , although there 's still a large number of vegetarian-friendly choices .",['vegetarian-friendly choices'],['General'],['positive'],['vegetarian-friendly choices'],[False],1,False,False
semeval14_train_00987,semeval14,train,Reasonable prices .,['prices'],['General'],['positive'],['prices'],[False],1,False,False
semeval14_train_00988,semeval14,train,they bring service up a notch by offerng complementary amuse bouche to all tables and gave us a small dessert for our celebration .,['amuse bouche'],['General'],['positive'],['amuse bouche'],[False],1,False,False
semeval14_train_00989,semeval14,train,they bring service up a notch by offerng complementary amuse bouche to all tables and gave us a small dessert for our celebration .,['dessert'],['General'],['positive'],['dessert'],[False],1,False,False
semeval14_train_00990,semeval14,train,they bring service up a notch by offerng complementary amuse bouche to all tables and gave us a small dessert for our celebration .,['tables'],['General'],['positive'],['tables'],[False],1,False,False
semeval14_train_00991,semeval14,train,they bring service up a notch by offerng complementary amuse bouche to all tables and gave us a small dessert for our celebration .,['service'],['Service'],['positive'],['service'],[False],1,False,False
semeval14_train_00992,semeval14,train,"Try the crunchy tuna , it is to die for .",['crunchy tuna'],['General'],['positive'],['crunchy tuna'],[False],1,False,False
semeval14_train_00993,semeval14,train,It wo n't break the bank but I also wouldnt come back for the food .,['food'],['Food'],['negative'],['food'],[False],1,False,False
semeval14_train_00994,semeval14,train,"All in all , this midtown gem instantly became one of my favorite sushi restaurants in the city .",['sushi'],['General'],['positive'],['sushi'],[False],1,False,False
semeval14_train_00995,semeval14,train,It is a lot of fun with live entertainment and all kinds of Disney type special effects .,['live entertainment'],['General'],['positive'],['live entertainment'],[False],1,False,False
semeval14_train_00996,semeval14,train,It is a lot of fun with live entertainment and all kinds of Disney type special effects .,['special effects'],['General'],['positive'],['special effects'],[False],1,False,False
semeval14_train_00997,semeval14,train,"if you 're looking for perfect traditional sushi , go here - if you 're looking for interesting combinations , try sushi of gari 's -LRB- east side -RRB- .",['sushi'],['General'],['positive'],['sushi'],[False],1,False,False
semeval14_train_00998,semeval14,train,"if you 're looking for perfect traditional sushi , go here - if you 're looking for interesting combinations , try sushi of gari 's -LRB- east side -RRB- .",['sushi'],['General'],['positive'],['sushi'],[False],1,False,False
semeval14_train_00999,semeval14,train,"No refills on fountain drinks , though .",['fountain drinks'],['General'],['negative'],['fountain drinks'],[False],1,False,False
semeval14_train_01000,semeval14,train,Wow over 100 beers to choose from .,['beers'],['General'],['positive'],['beers'],[False],1,False,False
semeval14_train_01001,semeval14,train,Be careful of portions - they 're HUGE .,['portions'],['General'],['positive'],['portions'],[False],1,False,False
semeval14_train_01002,semeval14,train,"The Steak Tartare is a great bet , they fix it for you at the table .",['steak tartare'],['General'],['positive'],['Steak Tartare'],[False],1,False,False
semeval14_train_01003,semeval14,train,My first time there I happened not to like the Crab Croquette apt that i ordered and they were happy to change it for me without making no big deal .,['crab croquette apt'],['General'],['negative'],['Crab Croquette apt'],[False],1,False,False
semeval14_train_01004,semeval14,train,Great for large groups and celebrations - our SUPER HAPPY waiter was the entertainment of the evening .,['waiter'],['General'],['positive'],['waiter'],[False],1,False,False
semeval14_train_01005,semeval14,train,Did I mention the wine ?,['wine'],['General'],['neutral'],['wine'],[False],1,False,False
semeval14_train_01006,semeval14,train,"Plus , on Wednesday nights the house wine is unlimited !",['house wine'],['General'],['positive'],['house wine'],[False],1,False,False
semeval14_train_01007,semeval14,train,like saying her bread comes from a special bakery when we have seen her buying it dowtown manhathan .,['bread'],['General'],['negative'],['bread'],[False],1,False,False
semeval14_train_01008,semeval14,train,The dim sum servings here are a bit larger than I 'm used to .,['dim sum servings'],['General'],['neutral'],['dim sum servings'],[False],1,False,False
semeval14_train_01009,semeval14,train,"However , in the summer of 2003 , it seems the management has changed and the great big door has been replaced for a glass front ridding itself of the dark romantic getup .",['management'],['General'],['neutral'],['management'],[False],1,False,False
semeval14_train_01010,semeval14,train,"However , in the summer of 2003 , it seems the management has changed and the great big door has been replaced for a glass front ridding itself of the dark romantic getup .",['door'],['General'],['positive'],['door'],[False],1,False,False
semeval14_train_01011,semeval14,train,"However , in the summer of 2003 , it seems the management has changed and the great big door has been replaced for a glass front ridding itself of the dark romantic getup .",['glass front'],['General'],['negative'],['glass front'],[False],1,False,False
semeval14_train_01012,semeval14,train,We wo n't go to this place again for a good meal .,['meal'],['General'],['negative'],['meal'],[False],1,False,False
semeval14_train_01013,semeval14,train,"Barbecued codfish was gorgeously moist - as if poached - yet the fabulous texture was let down by curiously bland seasoning - a spice rub might have overwhelmed , however herb mix or other sauce would have done much to enhance .",['barbecued codfish'],['General'],['positive'],['Barbecued codfish'],[False],1,False,False
semeval14_train_01014,semeval14,train,"Barbecued codfish was gorgeously moist - as if poached - yet the fabulous texture was let down by curiously bland seasoning - a spice rub might have overwhelmed , however herb mix or other sauce would have done much to enhance .",['seasoning'],['General'],['negative'],['seasoning'],[False],1,False,False
semeval14_train_01015,semeval14,train,"Barbecued codfish was gorgeously moist - as if poached - yet the fabulous texture was let down by curiously bland seasoning - a spice rub might have overwhelmed , however herb mix or other sauce would have done much to enhance .",['spice rub'],['General'],['negative'],['spice rub'],[False],1,False,False
semeval14_train_01016,semeval14,train,"Barbecued codfish was gorgeously moist - as if poached - yet the fabulous texture was let down by curiously bland seasoning - a spice rub might have overwhelmed , however herb mix or other sauce would have done much to enhance .",['herb mix'],['General'],['negative'],['herb mix'],[False],1,False,False
semeval14_train_01017,semeval14,train,"Barbecued codfish was gorgeously moist - as if poached - yet the fabulous texture was let down by curiously bland seasoning - a spice rub might have overwhelmed , however herb mix or other sauce would have done much to enhance .",['sauce'],['General'],['negative'],['sauce'],[False],1,False,False
semeval14_train_01018,semeval14,train,"After dinner , take your date to the HUGE dance floor , probably one of the biggest you 'll see in NY .",['dance floor'],['General'],['positive'],['dance floor'],[False],1,False,False
semeval14_train_01019,semeval14,train,"After dinner , take your date to the HUGE dance floor , probably one of the biggest you 'll see in NY .",['dinner'],['General'],['neutral'],['dinner'],[False],1,False,False
semeval14_train_01020,semeval14,train,Taj Mahal offeres gret value and great food .,['value'],['General'],['positive'],['value'],[False],1,False,False
semeval14_train_01021,semeval14,train,Taj Mahal offeres gret value and great food .,['food'],['Food'],['positive'],['food'],[False],1,False,False
semeval14_train_01022,semeval14,train,Has the chef and owner changed ???,['chef'],['General'],['neutral'],['chef'],[False],1,False,False
semeval14_train_01023,semeval14,train,Has the chef and owner changed ???,['owner'],['General'],['neutral'],['owner'],[False],1,False,False
semeval14_train_01024,semeval14,train,My boyfriend and I recently had an early dinner at Artisanal and was satisfied with our experience .,['dinner'],['General'],['positive'],['dinner'],[False],1,False,False
semeval14_train_01025,semeval14,train,"But do n't ever order bacon late at nite -LRB- either platter or in sandwiches , for that matter do n't from any take out place -RRB- as it is from the morning frying turns out hard almost like bacos , hurt my molars .",['bacon'],['General'],['negative'],['bacon'],[False],1,False,False
semeval14_train_01026,semeval14,train,"But do n't ever order bacon late at nite -LRB- either platter or in sandwiches , for that matter do n't from any take out place -RRB- as it is from the morning frying turns out hard almost like bacos , hurt my molars .",['platter'],['General'],['negative'],['platter'],[False],1,False,False
semeval14_train_01027,semeval14,train,"But do n't ever order bacon late at nite -LRB- either platter or in sandwiches , for that matter do n't from any take out place -RRB- as it is from the morning frying turns out hard almost like bacos , hurt my molars .",['in sandwiches'],['General'],['negative'],['in sandwiches'],[False],1,False,False
semeval14_train_01028,semeval14,train,"But do n't ever order bacon late at nite -LRB- either platter or in sandwiches , for that matter do n't from any take out place -RRB- as it is from the morning frying turns out hard almost like bacos , hurt my molars .",['frying'],['General'],['negative'],['frying'],[False],1,False,False
semeval14_train_01029,semeval14,train,"But do n't ever order bacon late at nite -LRB- either platter or in sandwiches , for that matter do n't from any take out place -RRB- as it is from the morning frying turns out hard almost like bacos , hurt my molars .",['bacos'],['General'],['negative'],['bacos'],[False],1,False,False
semeval14_train_01030,semeval14,train,"Outstanding Bagels , but you get what you pay for .",['bagels'],['General'],['positive'],['Bagels'],[False],1,False,False
semeval14_train_01031,semeval14,train,"Pizza - the only pizza in NYC that should not have additional toppings - the crust tastes like the best , freshly baked bread !",['pizza'],['General'],['positive'],['Pizza'],[False],1,False,False
semeval14_train_01032,semeval14,train,"Pizza - the only pizza in NYC that should not have additional toppings - the crust tastes like the best , freshly baked bread !",['crust'],['General'],['positive'],['crust'],[False],1,False,False
semeval14_train_01033,semeval14,train,"Pizza - the only pizza in NYC that should not have additional toppings - the crust tastes like the best , freshly baked bread !",['pizza'],['General'],['positive'],['pizza'],[False],1,False,False
semeval14_train_01034,semeval14,train,"Pizza - the only pizza in NYC that should not have additional toppings - the crust tastes like the best , freshly baked bread !",['toppings'],['General'],['neutral'],['toppings'],[False],1,False,False
semeval14_train_01035,semeval14,train,"Pizza - the only pizza in NYC that should not have additional toppings - the crust tastes like the best , freshly baked bread !",['bread'],['General'],['positive'],['bread'],[False],1,False,False
semeval14_train_01036,semeval14,train,"I found it on a cold night , the perfect spot to warm up .",['spot'],['General'],['positive'],['spot'],[False],1,False,False
semeval14_train_01037,semeval14,train,They even have a section in the menu called American Chinese food !,['menu'],['General'],['negative'],['menu'],[False],1,False,False
semeval14_train_01038,semeval14,train,They even have a section in the menu called American Chinese food !,['american chinese food'],['General'],['negative'],['American Chinese food'],[False],1,False,False
semeval14_train_01039,semeval14,train,"Service was warm and attentive , beef carpaachio was exellent -LRB- huge portion -RRB- and pasta was fresh and well-prepared .",['service'],['Service'],['positive'],['Service'],[False],1,False,False
semeval14_train_01040,semeval14,train,"Service was warm and attentive , beef carpaachio was exellent -LRB- huge portion -RRB- and pasta was fresh and well-prepared .",['beef carpaachio'],['General'],['positive'],['beef carpaachio'],[False],1,False,False
semeval14_train_01041,semeval14,train,"Service was warm and attentive , beef carpaachio was exellent -LRB- huge portion -RRB- and pasta was fresh and well-prepared .",['pasta'],['General'],['positive'],['pasta'],[False],1,False,False
semeval14_train_01042,semeval14,train,"Service was warm and attentive , beef carpaachio was exellent -LRB- huge portion -RRB- and pasta was fresh and well-prepared .",['portion'],['General'],['positive'],['portion'],[False],1,False,False
semeval14_train_01043,semeval14,train,kalbi and nebbiolo do work together .,['kalbi'],['General'],['neutral'],['kalbi'],[False],1,False,False
semeval14_train_01044,semeval14,train,kalbi and nebbiolo do work together .,['nebbiolo'],['General'],['neutral'],['nebbiolo'],[False],1,False,False
semeval14_train_01045,semeval14,train,"Best Italian food I ever had -LRB- and being Italian , that means alot -RRB- .",['italian food'],['General'],['positive'],['Italian food'],[False],1,False,False
semeval14_train_01046,semeval14,train,I will recommend Scopa to all of my friends for a place to go for wonderful Italian food .,['italian food'],['General'],['positive'],['Italian food'],[False],1,False,False
semeval14_train_01047,semeval14,train,Located at the end of a magnificent block .,['located'],['General'],['positive'],['Located'],[False],1,False,False
semeval14_train_01048,semeval14,train,"Looking around , I saw a room full of New Yorkers enjoying a real meal in a real restaurant , not a clubhouse of the fabulous trying to be seen .",['meal'],['General'],['positive'],['meal'],[False],1,False,False
semeval14_train_01049,semeval14,train,"Looking around , I saw a room full of New Yorkers enjoying a real meal in a real restaurant , not a clubhouse of the fabulous trying to be seen .",['room'],['General'],['neutral'],['room'],[False],1,False,False
semeval14_train_01050,semeval14,train,"Looking around , I saw a room full of New Yorkers enjoying a real meal in a real restaurant , not a clubhouse of the fabulous trying to be seen .",['clubhouse'],['General'],['negative'],['clubhouse'],[False],1,False,False
semeval14_train_01051,semeval14,train,They do n't walk around with the trays of Dim Sum .,['trays of dim sum'],['General'],['neutral'],['trays of Dim Sum'],[False],1,False,False
semeval14_train_01052,semeval14,train,"Great bar , most gorgeous bartenders you 've ever seen -LRB- specifically the blond lady -RRB- .",['bar'],['General'],['positive'],['bar'],[False],1,False,False
semeval14_train_01053,semeval14,train,"Great bar , most gorgeous bartenders you 've ever seen -LRB- specifically the blond lady -RRB- .",['bartenders'],['General'],['positive'],['bartenders'],[False],1,False,False
semeval14_train_01054,semeval14,train,We were planning to get dessert but the waitress basically through the bill at us before we had a chance to order .,['dessert'],['General'],['neutral'],['dessert'],[False],1,False,False
semeval14_train_01055,semeval14,train,We were planning to get dessert but the waitress basically through the bill at us before we had a chance to order .,['waitress'],['General'],['negative'],['waitress'],[False],1,False,False
semeval14_train_01056,semeval14,train,We were planning to get dessert but the waitress basically through the bill at us before we had a chance to order .,['bill'],['General'],['neutral'],['bill'],[False],1,False,False
semeval14_train_01057,semeval14,train,I really loved the different and inovated touch that 's the cheff gives to the food .,['cheff'],['General'],['positive'],['cheff'],[False],1,False,False
semeval14_train_01058,semeval14,train,I really loved the different and inovated touch that 's the cheff gives to the food .,['food'],['Food'],['positive'],['food'],[False],1,False,False
semeval14_train_01059,semeval14,train,They came out over cooked and the cheese was almost non existant .,['cheese'],['General'],['negative'],['cheese'],[False],1,False,False
semeval14_train_01060,semeval14,train,"I had a terrific meal , and our server guided us toward a very nice wine in our price range , instead of allowing us to purchase a similarly priced wine that was n't as good .",['meal'],['General'],['positive'],['meal'],[False],1,False,False
semeval14_train_01061,semeval14,train,"I had a terrific meal , and our server guided us toward a very nice wine in our price range , instead of allowing us to purchase a similarly priced wine that was n't as good .",['server'],['General'],['positive'],['server'],[False],1,False,False
semeval14_train_01062,semeval14,train,"I had a terrific meal , and our server guided us toward a very nice wine in our price range , instead of allowing us to purchase a similarly priced wine that was n't as good .",['wine'],['General'],['positive'],['wine'],[False],1,False,False
semeval14_train_01063,semeval14,train,"I had a terrific meal , and our server guided us toward a very nice wine in our price range , instead of allowing us to purchase a similarly priced wine that was n't as good .",['wine'],['General'],['negative'],['wine'],[False],1,False,False
semeval14_train_01064,semeval14,train,"I had a terrific meal , and our server guided us toward a very nice wine in our price rang e , instead of allowing us to purchase a similarly priced wine that was n't as good .",['price rang'],['General'],['positive'],['price rang'],[False],1,False,False
semeval14_train_01065,semeval14,train,"I had a terrific meal , and our server guided us toward a very nice wine in our price range , instead of allowing us to purchase a similarly priced wine that was n't as good .",['priced'],['General'],['neutral'],['priced'],[False],1,False,False
semeval14_train_01066,semeval14,train,"The svc can be a bit rude at times , esp if you have big group , but overall the restaurant is a must !",['svc'],['General'],['negative'],['svc'],[False],1,False,False
semeval14_train_01067,semeval14,train,"The food is good , especially their more basic dishes , and the drinks are delicious .",['food'],['Food'],['positive'],['food'],[False],1,False,False
semeval14_train_01068,semeval14,train,"The food is good , especially their more basic dishes , and the drinks are delicious .",['dishes'],['General'],['positive'],['dishes'],[False],1,False,False
semeval14_train_01069,semeval14,train,"The food is good , especially their more basic dishes , and the drinks are delicious .",['drinks'],['Food'],['positive'],['drinks'],[False],1,False,False
semeval14_train_01070,semeval14,train,But the main hit was the whole grilled fish .,['whole grilled fish'],['General'],['positive'],['whole grilled fish'],[False],1,False,False
semeval14_train_01071,semeval14,train,"I had the tuna tartare with sake , mushroom ravioli with pinot noir , and the chocolate sampler with a dessert wine for $ 49 .",['tuna tartare'],['General'],['positive'],['tuna tartare'],[False],1,False,False
semeval14_train_01072,semeval14,train,"I had the tuna tartare with sake , mushroom ravioli with pinot noir , and the chocolate sampler with a dessert wine for $ 49 .",['sake'],['General'],['positive'],['sake'],[False],1,False,False
semeval14_train_01073,semeval14,train,"I had the tuna tartare with sake , mushroom ravioli with pinot noir , and the chocolate sampler with a dessert wine for $ 49 .",['mushroom ravioli'],['General'],['positive'],['mushroom ravioli'],[False],1,False,False
semeval14_train_01074,semeval14,train,"I had the tuna tartare with sake , mushroom ravioli with pinot noir , and the chocolate sampler with a dessert wine for $ 49 .",['pinot noir'],['General'],['positive'],['pinot noir'],[False],1,False,False
semeval14_train_01075,semeval14,train,"I had the tuna tartare with sake , mushroom ravioli with pinot noir , and the chocolate sampler with a dessert wine for $ 49 .",['chocolate sampler'],['General'],['positive'],['chocolate sampler'],[False],1,False,False
semeval14_train_01076,semeval14,train,"I had the tuna tartare with sake , mushroom ravioli with pinot noir , and the chocolate sampler with a dessert wine for $ 49 .",['dessert wine'],['General'],['positive'],['dessert wine'],[False],1,False,False
semeval14_train_01077,semeval14,train,On a hot day it was fabulous to stop in and enjoy lunch .,['lunch'],['General'],['positive'],['lunch'],[False],1,False,False
semeval14_train_01078,semeval14,train,The food is delicious and beautifully prepared along with the friendly and personable service .,['food'],['Food'],['positive'],['food'],[False],1,False,False
semeval14_train_01079,semeval14,train,The food is delicious and beautifully prepared along with the friendly and personable service .,['service'],['Service'],['positive'],['service'],[False],1,False,False
semeval14_train_01080,semeval14,train,I usually go there later at night when I get off work so I do n't have to deal with crowds or lines .,['lines'],['General'],['negative'],['lines'],[False],1,False,False
semeval14_train_01081,semeval14,train,I usually go there later at night when I get off work so I do n't have to deal with crowds or lines .,['crowds'],['General'],['negative'],['crowds'],[False],1,False,False
semeval14_train_01082,semeval14,train,Pizza here is consistently good .,['pizza'],['General'],['positive'],['Pizza'],[False],1,False,False
semeval14_train_01083,semeval14,train,We had a great tiem watching the shows and characters and ar food was just what we were looking for .,['shows'],['General'],['positive'],['shows'],[False],1,False,False
semeval14_train_01084,semeval14,train,We had a great tiem watching the shows and characters and ar food was just what we were looking for .,['food'],['Food'],['positive'],['food'],[False],1,False,False
semeval14_train_01085,semeval14,train,We had a great tiem watching the shows and characters and ar food was just what we were looking for .,['characters'],['General'],['positive'],['characters'],[False],1,False,False
semeval14_train_01086,semeval14,train,"After 2 tries by the waiter to take it away -LRB- we had n't even looked at it yet , we had full beers yet to drink -RRB- , the manager approached and told us they needed the table for people with reservations .",['waiter'],['General'],['negative'],['waiter'],[False],1,False,False
semeval14_train_01087,semeval14,train,"After 2 tries by the waiter to take it away -LRB- we had n't even looked at it yet , we had full beers yet to drink -RRB- , the manager approached and told us they needed the table for people with reservations .",['beers'],['General'],['neutral'],['beers'],[False],1,False,False
semeval14_train_01088,semeval14,train,"After 2 tries by the waiter to take it away -LRB- we had n't even looked at it yet , we had full beers yet to drink -RRB- , the manager approached and told us they needed the table for people with reservations .",['manager'],['General'],['negative'],['manager'],[False],1,False,False
semeval14_train_01089,semeval14,train,"After 2 tries by the waiter to take it away -LRB- we had n't even looked at it yet , we had full beers yet to drink -RRB- , the manager approached and told us they needed the table for people with reservations .",['reservations'],['General'],['positive'],['reservations'],[False],1,False,False
semeval14_train_01090,semeval14,train,Would n't recomend it for dinner !,['dinner'],['General'],['negative'],['dinner'],[False],1,False,False
semeval14_train_01091,semeval14,train,Sauce was watery and the food did n't have much flavor .,['sauce'],['General'],['negative'],['Sauce'],[False],1,False,False
semeval14_train_01092,semeval14,train,Sauce was watery and the food did n't have much flavor .,['food'],['Food'],['negative'],['food'],[False],1,False,False
semeval14_train_01093,semeval14,train,Sauce was watery and the food did n't have much flavor .,['flavor'],['General'],['negative'],['flavor'],[False],1,False,False
semeval14_train_01094,semeval14,train,My husband and I enjoy Sangria .,['sangria'],['General'],['positive'],['Sangria'],[False],1,False,False
semeval14_train_01095,semeval14,train,"But after last night , Spice Grill is the only place I 'm eating indian cuisine .",['indian cuisine'],['General'],['positive'],['indian cuisine'],[False],1,False,False
semeval14_train_01096,semeval14,train,We both opted for a pasta dish and they were served timely and fresh .,['pasta dish'],['General'],['positive'],['pasta dish'],[False],1,False,False
semeval14_train_01097,semeval14,train,We both opted for a pasta dish and they were served timely and fresh .,['served'],['General'],['positive'],['served'],[False],1,False,False
semeval14_train_01098,semeval14,train,"First the wrong bread came out with the appetizer , then when i tried to order a second glass of wine for my main course ...",['bread'],['General'],['negative'],['bread'],[False],1,False,False
semeval14_train_01099,semeval14,train,"First the wrong bread came out with the appetizer , then when i tried to order a second glass of wine for my main course ...",['appetizer'],['General'],['neutral'],['appetizer'],[False],1,False,False
semeval14_train_01100,semeval14,train,"First the wrong bread came out with the appetizer , then when i tried to order a second glass of wine for my main course ...",['glass of wine'],['General'],['neutral'],['glass of wine'],[False],1,False,False
semeval14_train_01101,semeval14,train,"First the wrong bread came out with the appetizer , then when i tried to order a second glass of wine for my main course ...",['main course'],['General'],['neutral'],['main course'],[False],1,False,False
semeval14_train_01102,semeval14,train,"Not sure where the previous reviewer , lonk , dined , but Saul is in a great neighborhood and has great food !",['neighborhood'],['General'],['positive'],['neighborhood'],[False],1,False,False
semeval14_train_01103,semeval14,train,"Not sure where the previous reviewer , lonk , dined , but Saul is in a great neighborhood and has great food !",['food'],['Food'],['positive'],['food'],[False],1,False,False
semeval14_train_01104,semeval14,train,"In an area sadly lacking in decent Thai food , this is one of the best spots .",['thai food'],['General'],['positive'],['Thai food'],[False],1,False,False
semeval14_train_01105,semeval14,train,Tell them Herky sent you and get a free confused look from the waiter .,['waiter'],['General'],['negative'],['waiter'],[False],1,False,False
semeval14_train_01106,semeval14,train,Make reservations but expect to be delayed 15-20 minutes as the hosting staff was having difficulty seating guests who arrived with a reservation because they probably had a lot of walk ins being so close to Time Square .,['hosting staff'],['General'],['negative'],['hosting staff'],[False],1,False,False
semeval14_train_01107,semeval14,train,Make reservations but expect to be delayed 15-20 minutes as the hosting staff was having difficulty seating guests who arrived with a reservation because they probably had a lot of walk ins being so close to Time Square .,['reservations'],['General'],['negative'],['reservations'],[False],1,False,False
semeval14_train_01108,semeval14,train,Make reservations but expect to be delayed 15-20 minutes as the hosting staff was having difficulty seating guests who arrived with a reservation because they probably had a lot of walk ins being so close to Time Square .,['reservation'],['General'],['neutral'],['reservation'],[False],1,False,False
semeval14_train_01109,semeval14,train,Make reservations but expect to be delayed 15-20 minutes as the hosting staff was having difficulty seating guests who arrived with a reservation because they probably had a lot of walk ins being so close to Time Square .,['seating'],['General'],['negative'],['seating'],[False],1,False,False
semeval14_train_01110,semeval14,train,The food was average or above including some surprising tasty dishes .,['food'],['Food'],['positive'],['food'],[False],1,False,False
semeval14_train_01111,semeval14,train,The food was average or above including some surprising tasty dishes .,['dishes'],['General'],['positive'],['dishes'],[False],1,False,False
semeval14_train_01112,semeval14,train,They do n't seem to place an emphasis on specials or fresh ingredients which to me is necessary for good thai .,['specials'],['General'],['negative'],['specials'],[False],1,False,False
semeval14_train_01113,semeval14,train,They do n't seem to place an emphasis on specials or fresh ingredients which to me is necessary for good thai .,['ingredients'],['General'],['negative'],['ingredients'],[False],1,False,False
semeval14_train_01114,semeval14,train,They do n't seem to place an emphasis on specials or fresh ingredients which to me is necessary for good thai .,['thai'],['General'],['neutral'],['thai'],[False],1,False,False
semeval14_train_01115,semeval14,train,Other apetizers and food,['apetizers'],['General'],['neutral'],['apetizers'],[False],1,False,False
semeval14_train_01116,semeval14,train,Other apetizers and food,['food'],['Food'],['neutral'],['food'],[False],1,False,False
semeval14_train_01117,semeval14,train,The noodle and rices dishes taste great .,['noodle and rices dishes'],['General'],['positive'],['noodle and rices dishes'],[False],1,False,False
semeval14_train_01118,semeval14,train,The food 's as good as ever .,['food'],['Food'],['positive'],['food'],[False],1,False,False
semeval14_train_01119,semeval14,train,"The crust is thin , the ingredients are fresh and the staff is friendly .",['crust'],['General'],['positive'],['crust'],[False],1,False,False
semeval14_train_01120,semeval14,train,"The crust is thin , the ingredients are fresh and the staff is friendly .",['staff'],['Service'],['positive'],['staff'],[False],1,False,False
semeval14_train_01121,semeval14,train,"The crust is thin , the ingredients are fresh and the staff is friendly .",['ingredients'],['General'],['positive'],['ingredients'],[False],1,False,False
semeval14_train_01122,semeval14,train,Also a little more expensive than your average bagel place .,['bagel'],['General'],['neutral'],['bagel'],[False],1,False,False
semeval14_train_01123,semeval14,train,"the food was undercooked-the sauce watery , and the vegetables raw .",['food'],['Food'],['negative'],['food'],[False],1,False,False
semeval14_train_01124,semeval14,train,"the food was undercooked-the sauce watery , and the vegetables raw .",['vegetables'],['General'],['negative'],['vegetables'],[False],1,False,False
semeval14_train_01125,semeval14,train,"the food was undercooked-the sauce watery , and the vegetables raw .",['sauce'],['General'],['negative'],['sauce'],[False],1,False,False
semeval14_train_01126,semeval14,train,And the fried clams had just enough kick to them to make 'em worth eating .,['fried clams'],['General'],['positive'],['fried clams'],[False],1,False,False
semeval14_train_01127,semeval14,train,The sauces used are also not that exciting .,['sauces'],['General'],['negative'],['sauces'],[False],1,False,False
semeval14_train_01128,semeval14,train,The secret is the lunch menu which offers a complimentary appetizer with every entree ordered .,['lunch menu'],['General'],['positive'],['lunch menu'],[False],1,False,False
semeval14_train_01129,semeval14,train,The secret is the lunch menu which offers a complimentary appetizer with every entree ordered .,['appetizer'],['General'],['positive'],['appetizer'],[False],1,False,False
semeval14_train_01130,semeval14,train,The secret is the lunch menu which offers a complimentary appetizer with every entree ordered .,['entree'],['General'],['positive'],['entree'],[False],1,False,False
semeval14_train_01131,semeval14,train,The rice was poor quality and was cooked so badly it was hard .,['rice'],['General'],['negative'],['rice'],[False],1,False,False
semeval14_train_01132,semeval14,train,The rice was poor quality and was cooked so badly it was hard .,['quality'],['General'],['negative'],['quality'],[False],1,False,False
semeval14_train_01133,semeval14,train,The rice was poor quality and was cooked so badly it was hard .,['cooked'],['General'],['negative'],['cooked'],[False],1,False,False
semeval14_train_01134,semeval14,train,We had champagne and caviar and felt like princesses !,['champagne'],['General'],['positive'],['champagne'],[False],1,False,False
semeval14_train_01135,semeval14,train,We had champagne and caviar and felt like princesses !,['caviar'],['General'],['positive'],['caviar'],[False],1,False,False
semeval14_train_01136,semeval14,train,The shrimp scampi was excellent and the antipasti were plentiful .,['shrimp scampi'],['General'],['positive'],['shrimp scampi'],[False],1,False,False
semeval14_train_01137,semeval14,train,The shrimp scampi was excellent and the antipasti were plentiful .,['antipasti'],['General'],['positive'],['antipasti'],[False],1,False,False
semeval14_train_01138,semeval14,train,"When my dessert came , there was a candle in it - not because anyone asked for one - but because the waiter must have seen me opening my birthday card and gift , and said he knew it was a special occassion of some sort .",['dessert'],['General'],['neutral'],['dessert'],[False],1,False,False
semeval14_train_01139,semeval14,train,"When my dessert came , there was a candle in it - not because anyone asked for one - but because the waiter must have seen me opening my birthday card and gift , and said he knew it was a special occassion of some sort .",['waiter'],['General'],['positive'],['waiter'],[False],1,False,False
semeval14_train_01140,semeval14,train,"I got the $ 10 10-piece dim sum combo , every bite of which was great .",['dim sum combo'],['General'],['positive'],['dim sum combo'],[False],1,False,False
semeval14_train_01141,semeval14,train,There is also very limited seating and there can be a substantial wait in getting food at peak times .,['seating'],['General'],['negative'],['seating'],[False],1,False,False
semeval14_train_01142,semeval14,train,There is also very limited seating and there can be a substantial wait in getting food at peak times .,['food'],['Food'],['neutral'],['food'],[False],1,False,False
semeval14_train_01143,semeval14,train,There is also very limited seating and there can be a substantial wait in getting food at peak times .,['wait'],['General'],['negative'],['wait'],[False],1,False,False
semeval14_train_01144,semeval14,train,"If it 's just a quick martini at the bar -LRB- which I recommend Jeffery 's -RRB- or a mind blowing Roast Chicken , go to Village !",['martini'],['General'],['neutral'],['martini'],[False],1,False,False
semeval14_train_01145,semeval14,train,"If it 's just a quick martini at the bar -LRB- which I recommend Jeffery 's -RRB- or a mind blowing Roast Chicken , go to Village !",['bar'],['General'],['neutral'],['bar'],[False],1,False,False
semeval14_train_01146,semeval14,train,"If it 's just a quick martini at the bar -LRB- which I recommend Jeffery 's -RRB- or a mind blowing Roast Chicken , go to Village !",['roast chicken'],['General'],['positive'],['Roast Chicken'],[False],1,False,False
semeval14_train_01147,semeval14,train,"There was a long wait for a table outside , but it was a little too hot in the sun anyway so our insde table was very nice .",['table'],['General'],['neutral'],['table'],[False],1,False,False
semeval14_train_01148,semeval14,train,"There was a long wait for a table outside , but it was a little too hot in the sun anyway so our insde table was very nice .",['insde table'],['General'],['positive'],['insde table'],[False],1,False,False
semeval14_train_01149,semeval14,train,"There was a long wait for a table outside , but it was a little too hot in the sun anyway so our insde table was very nice .",['wait'],['General'],['negative'],['wait'],[False],1,False,False
semeval14_train_01150,semeval14,train,The prices are wonderfully low .,['prices'],['General'],['positive'],['prices'],[False],1,False,False
semeval14_train_01151,semeval14,train,If you like spicy food get the chicken vindaloo .,['chicken vindaloo'],['General'],['neutral'],['chicken vindaloo'],[False],1,False,False
semeval14_train_01152,semeval14,train,If you like spicy food get the chicken vindaloo .,['spicy food'],['General'],['neutral'],['spicy food'],[False],1,False,False
semeval14_train_01153,semeval14,train,I have never been disappointed but their true strength lays in their amazingly delicious and cheap lunch specials .,['lunch specials'],['General'],['positive'],['lunch specials'],[False],1,False,False
semeval14_train_01154,semeval14,train,"So much more than the usual bar food , go there to enjoy the menu while sampling one of their hand-crafted beers .",['bar food'],['General'],['positive'],['bar food'],[False],1,False,False
semeval14_train_01155,semeval14,train,"So much more than the usual bar food , go there to enjoy the menu while sampling one of their hand-crafted beers .",['menu'],['General'],['positive'],['menu'],[False],1,False,False
semeval14_train_01156,semeval14,train,"So much more than the usual bar food , go there to enjoy the menu while sampling one of their hand-crafted beers .",['hand-crafted beers'],['General'],['positive'],['hand-crafted beers'],[False],1,False,False
semeval14_train_01157,semeval14,train,No free drink .,['drink'],['General'],['neutral'],['drink'],[False],1,False,False
semeval14_train_01158,semeval14,train,This is my first time writing a review for a restaurant because the food and service was excellent .,['food'],['Food'],['positive'],['food'],[False],1,False,False
semeval14_train_01159,semeval14,train,This is my first time writing a review for a restaurant because the food and service was excellent .,['service'],['Service'],['positive'],['service'],[False],1,False,False
semeval14_train_01160,semeval14,train,"While they keep the capex to a minimum , they do put some cash into the bagels , because they among the best in the city .",['capex'],['General'],['positive'],['capex'],[False],1,False,False
semeval14_train_01161,semeval14,train,"While they keep the capex to a minimum , they do put some cash into the bagels , because they among the best in the city .",['bagels'],['General'],['neutral'],['bagels'],[False],1,False,False
semeval14_train_01162,semeval14,train,The two star chefs left quite some time ago to open their own place .,['chefs'],['General'],['neutral'],['chefs'],[False],1,False,False
semeval14_train_01163,semeval14,train,Do n't waste money on decor .,['decor'],['General'],['neutral'],['decor'],[False],1,False,False
semeval14_train_01164,semeval14,train,They also have a back garden open in the summer - cute and French with outdoor seating - what more could you ask for ?,['back garden'],['General'],['positive'],['back garden'],[False],1,False,False
semeval14_train_01165,semeval14,train,They also have a back garden open in the summer - cute and French with outdoor seatin g - what more could you ask for ?,['outdoor seatin'],['General'],['positive'],['outdoor seatin'],[False],1,False,False
semeval14_train_01166,semeval14,train,I have never before eaten 40 pieces of relatively good nigiri .,['nigiri'],['General'],['neutral'],['nigiri'],[False],1,False,False
semeval14_train_01167,semeval14,train,"Given the incredible architecture surrounding it , this place has no character .",['architecture'],['General'],['positive'],['architecture'],[False],1,False,False
semeval14_train_01168,semeval14,train,"Given the incredible architecture surrounding it , this place has no character .",['place'],['General'],['negative'],['place'],[False],1,False,False
semeval14_train_01169,semeval14,train,I 'd call it an ` italian dinner ' .,['dinner'],['General'],['neutral'],['dinner'],[False],1,False,False
semeval14_train_01170,semeval14,train,"While the place is not a hotspot hangout , the drinks are unique and pack a lot of bang for the buck .",['drinks'],['Food'],['positive'],['drinks'],[False],1,False,False
semeval14_train_01171,semeval14,train,"While the place is not a hotspot hangout , the drinks are unique and pack a lot of bang for the buck .",['place'],['General'],['negative'],['place'],[False],1,False,False
semeval14_train_01172,semeval14,train,Have frequented ` ino for several years and the food remains excellent .,['food'],['Food'],['positive'],['food'],[False],1,False,False
semeval14_train_01173,semeval14,train,"Their eggplant is so delicate , sweet tender !",['eggplant'],['General'],['positive'],['eggplant'],[False],1,False,False
semeval14_train_01174,semeval14,train,"Each bite of food at Kai was indeed delicious , fresh , and elegant .",['food'],['Food'],['positive'],['food'],[False],1,False,False
semeval14_train_01175,semeval14,train,all the food was excellent - considering the quality of food in most moderately priced restaurants is mediocre this was slightly more pricey and well worth it .,['food'],['Food'],['positive'],['food'],[False],1,False,False
semeval14_train_01176,semeval14,train,all the food was excellent - considering the quality of food in most moderately priced restaurants is mediocre this was slightly more pricey and well worth it .,['quality of food'],['General'],['positive'],['quality of food'],[False],1,False,False
semeval14_train_01177,semeval14,train,all the food was excellent - considering the quality of food in most moderately priced restaurants is mediocre this was slightly more pricey and well worth it .,['priced'],['General'],['neutral'],['priced'],[False],1,False,False
semeval14_train_01178,semeval14,train,My friend got the mushroom pizza which tasted better .,['mushroom pizza'],['General'],['positive'],['mushroom pizza'],[False],1,False,False
semeval14_train_01179,semeval14,train,"I had the cod with paella -LRB- spicy and very filling , I 'm a big eater and could only eat half -RRB- while my boyfriend had the classic fish and chips -LRB- again , a big serving - at least 5 pieces of fish and a basketful of fries -RRB- .",['cod with paella'],['General'],['negative'],['cod with paella'],[False],1,False,False
semeval14_train_01180,semeval14,train,"I had the cod with paella -LRB- spicy and very filling , I 'm a big eater and could only eat half -RRB- while my boyfriend had the classic fish and chips -LRB- again , a big serving - at least 5 pieces of fish and a basketful of fries -RRB- .",['fish and chips'],['General'],['negative'],['fish and chips'],[False],1,False,False
semeval14_train_01181,semeval14,train,"I had the cod with paella -LRB- spicy and very filling , I 'm a big eater and could only eat half -RRB- while my boyfriend had the classic fish and chips -LRB- again , a big serving - at least 5 pieces of fish and a basketful of fries -RRB- .",['serving'],['General'],['negative'],['serving'],[False],1,False,False
semeval14_train_01182,semeval14,train,"I had the cod with paella -LRB- spicy and very filling , I 'm a big eater and could only eat half -RRB- while my boyfriend had the classic fish and chips -LRB- again , a big serving - at least 5 pieces of fish and a basketful of fries -RRB- .",['fish'],['General'],['neutral'],['fish'],[False],1,False,False
semeval14_train_01183,semeval14,train,"I had the cod with paella -LRB- spicy and very filling , I 'm a big eater and could only eat half -RRB- while my boyfriend had the classic fish and chips -LRB- again , a big serving - at least 5 pieces of fish and a basketful of fries -RRB- .",['fries'],['General'],['neutral'],['fries'],[False],1,False,False
semeval14_train_01184,semeval14,train,"It 's a shame that a nice , convenient place like the Pink Pony can be so ruined by lousy service .",['place'],['General'],['positive'],['place'],[False],1,False,False
semeval14_train_01185,semeval14,train,"It 's a shame that a nice , convenient place like the Pink Pony can be so ruined by lousy service .",['service'],['Service'],['negative'],['service'],[False],1,False,False
semeval14_train_01186,semeval14,train,You should pass on the calamari .,['calamari'],['General'],['negative'],['calamari'],[False],1,False,False
semeval14_train_01187,semeval14,train,"The porcini mushroom pasta special was tasteless , so was the seafood tagliatelle .",['porcini mushroom pasta special'],['General'],['negative'],['porcini mushroom pasta special'],[False],1,False,False
semeval14_train_01188,semeval14,train,"The porcini mushroom pasta special was tasteless , so was the seafood tagliatelle .",['seafood tagliatelle'],['General'],['negative'],['seafood tagliatelle'],[False],1,False,False
semeval14_train_01189,semeval14,train,Try the spicy wontons and the salt pepper shrimps .,['spicy wontons'],['General'],['positive'],['spicy wontons'],[False],1,False,False
semeval14_train_01190,semeval14,train,Try the spicy wontons and the salt pepper shrimps .,['salt pepper shrimps'],['General'],['positive'],['salt pepper shrimps'],[False],1,False,False
semeval14_train_01191,semeval14,train,THE FOOD PORTIONS ARE REALLY LARGE .,['food portions'],['General'],['positive'],['FOOD PORTIONS'],[False],1,False,False
semeval14_train_01192,semeval14,train,The fries are yummy .,['fries'],['General'],['positive'],['fries'],[False],1,False,False
semeval14_train_01193,semeval14,train,"Friendly and informative staff , very attentive and prompt raw bar service .",['staff'],['Service'],['positive'],['staff'],[False],1,False,False
semeval14_train_01194,semeval14,train,"Friendly and informative staff , very attentive and prompt raw bar service .",['bar service'],['General'],['positive'],['bar service'],[False],1,False,False
semeval14_train_01195,semeval14,train,Best Taiwanese food in NY !,['taiwanese food'],['General'],['positive'],['Taiwanese food'],[False],1,False,False
semeval14_train_01196,semeval14,train,This place is a great stop for great food .,['food'],['Food'],['positive'],['food'],[False],1,False,False
semeval14_train_01197,semeval14,train,All the pastas are fantastic and the homemade lasagna is some of the best that I have had in the City .,['pastas'],['General'],['positive'],['pastas'],[False],1,False,False
semeval14_train_01198,semeval14,train,All the pastas are fantastic and the homemade lasagna is some of the best that I have had in the City .,['homemade lasagna'],['General'],['positive'],['homemade lasagna'],[False],1,False,False
semeval14_train_01199,semeval14,train,"We laughed when he finally offered us a dessert menu and we left a 10 percent tip , which was generous , I feel .",['dessert menu'],['General'],['neutral'],['dessert menu'],[False],1,False,False
semeval14_train_01200,semeval14,train,"We laughed when he finally offered us a dessert menu and we left a 10 percent tip , which was generous , I feel .",['tip'],['General'],['positive'],['tip'],[False],1,False,False
semeval14_train_01201,semeval14,train,And the prices were way to high for what you get .,['prices'],['General'],['negative'],['prices'],[False],1,False,False
semeval14_train_01202,semeval14,train,The staff ignored my friends and I the entire time we were there .,['staff'],['Service'],['negative'],['staff'],[False],1,False,False
semeval14_train_01203,semeval14,train,"Yet paired with such rude service , would never recommend for anyone interested in carrying any kind of conversation while there .",['service'],['Service'],['negative'],['service'],[False],1,False,False
semeval14_train_01204,semeval14,train,"The in-house lady DJ on Saturday nights has outrageously good taste in music , and moreover , takes requests .",['music'],['General'],['positive'],['music'],[False],1,False,False
semeval14_train_01205,semeval14,train,"The in-house lady DJ on Saturday nights has outrageously good taste in music , and moreover , takes requests .",['in-house lady dj'],['General'],['positive'],['in-house lady DJ'],[False],1,False,False
semeval14_train_01206,semeval14,train,"I need at least three rolls to be full , and that 's at least $ 14.00 !",['rolls'],['General'],['neutral'],['rolls'],[False],1,False,False
semeval14_train_01207,semeval14,train,"Great wine list , reasonably priced . -- Sara",['wine list'],['General'],['positive'],['wine list'],[False],1,False,False
semeval14_train_01208,semeval14,train,"Great wine list , reasonably priced . -- Sara",['priced'],['General'],['positive'],['priced'],[False],1,False,False
semeval14_train_01209,semeval14,train,The hot dogs were cold in the middle and the buns were stale .,['hot dogs'],['General'],['negative'],['hot dogs'],[False],1,False,False
semeval14_train_01210,semeval14,train,The hot dogs were cold in the middle and the buns were stale .,['buns'],['General'],['negative'],['buns'],[False],1,False,False
semeval14_train_01211,semeval14,train,"While the food was excellent , it was n't cheap -LRB- though not extremely expensive either -RRB- .",['food'],['Food'],['positive'],['food'],[False],1,False,False
semeval14_train_01212,semeval14,train,Beef noodle soup is good as well .,['beef noodle soup'],['General'],['positive'],['Beef noodle soup'],[False],1,False,False
semeval14_train_01213,semeval14,train,Delivery service is great too .,['delivery service'],['General'],['positive'],['Delivery service'],[False],1,False,False
semeval14_train_01214,semeval14,train,"The food 's dazzling flavors overwhelm the palate , truly embracing the beauty of authentic Thai cuisine .",['food'],['Food'],['positive'],['food'],[False],1,False,False
semeval14_train_01215,semeval14,train,"The food 's dazzling flavors overwhelm the palate , truly embracing the beauty of authentic Thai cuisine .",['thai cuisine'],['General'],['positive'],['Thai cuisine'],[False],1,False,False
semeval14_train_01216,semeval14,train,"The food 's dazzling flavors overwhelm the palate , truly embracing the beauty of authentic Thai cuisine .",['flavors'],['General'],['positive'],['flavors'],[False],1,False,False
semeval14_train_01217,semeval14,train,I recieved prompt service with a smile .,['service'],['Service'],['positive'],['service'],[False],1,False,False
semeval14_train_01218,semeval14,train,They pray to their Food Gods to make them into a good pizza like VT 's .,['pizza'],['General'],['negative'],['pizza'],[False],1,False,False
semeval14_train_01219,semeval14,train,The place was quiet and delightful .,['place'],['General'],['positive'],['place'],[False],1,False,False
semeval14_train_01220,semeval14,train,The food is a diamond in rough -- the food is delicious and homemade with the perfect balance of herbs and tomatoes .,['food'],['Food'],['positive'],['food'],[False],1,False,False
semeval14_train_01221,semeval14,train,The food is a diamond in rough -- the food is delicious and homemade with the perfect balance of herbs and tomatoes .,['food'],['Food'],['positive'],['food'],[False],1,False,False
semeval14_train_01222,semeval14,train,The food is a diamond in rough -- the food is delicious and homemade with the perfect balance of herbs and tomatoes .,['herbs'],['General'],['positive'],['herbs'],[False],1,False,False
semeval14_train_01223,semeval14,train,The food is a diamond in rough -- the food is delicious and homemade with the perfect balance of herbs and tomatoes .,['tomatoes'],['General'],['positive'],['tomatoes'],[False],1,False,False
semeval14_train_01224,semeval14,train,"As much as I like the food there , I ca n't bring myself to go back .",['food'],['Food'],['positive'],['food'],[False],1,False,False
semeval14_train_01225,semeval14,train,It looked like shredded cheese partly done - still in strips .,['shredded cheese'],['General'],['negative'],['shredded cheese'],[False],1,False,False
semeval14_train_01226,semeval14,train,The prices and ambience are especially great considering it 's in the West Village .,['prices'],['General'],['positive'],['prices'],[False],1,False,False
semeval14_train_01227,semeval14,train,The prices and ambience are especially great considering it 's in the West Village .,['ambience'],['Ambience'],['positive'],['ambience'],[False],1,False,False
semeval14_train_01228,semeval14,train,The soup is pretty good too .,['soup'],['General'],['positive'],['soup'],[False],1,False,False
semeval14_train_01229,semeval14,train,It is so easy to get a reservation at a top place in NYC with a week 's notice .,['reservation'],['General'],['positive'],['reservation'],[False],1,False,False
semeval14_train_01230,semeval14,train,I have never better enjoyed humble root vegetables or a mushroom consomme - and this chef accomplishes without fats .,['root vegetables'],['General'],['positive'],['root vegetables'],[False],1,False,False
semeval14_train_01231,semeval14,train,I have never better enjoyed humble root vegetables or a mushroom consomme - and this chef accomplishes without fats .,['mushroom consomme'],['General'],['positive'],['mushroom consomme'],[False],1,False,False
semeval14_train_01232,semeval14,train,I have never better enjoyed humble root vegetables or a mushroom consomme - and this chef accomplishes without fats .,['chef'],['General'],['positive'],['chef'],[False],1,False,False
semeval14_train_01233,semeval14,train,"If you go to Roth 's try to be served by Mike , he is GREAT !!",['served'],['General'],['positive'],['served'],[False],1,False,False
semeval14_train_01234,semeval14,train,"not the food , not the ambiance , not the service , I agree with the previous reviews you wait and wait , the wait staff are very rude and when you get in they are looking to get you right out .",['food'],['Food'],['neutral'],['food'],[False],1,False,False
semeval14_train_01235,semeval14,train,"not the food , not the ambiance , not the service , I agree with the previous reviews you wait and wait , the wait staff are very rude and when you get in they are looking to get you right out .",['ambiance'],['General'],['neutral'],['ambiance'],[False],1,False,False
semeval14_train_01236,semeval14,train,"not the food , not the ambiance , not the service , I agree with the previous reviews you wait and wait , the wait staff are very rude and when you get in they are looking to get you right out .",['service'],['Service'],['neutral'],['service'],[False],1,False,False
semeval14_train_01237,semeval14,train,"not the food , not the ambiance , not the service , I agree with the previous reviews you wait and wait , the wait staff are very rude and when you get in they are looking to get you right out .",['wait staff'],['General'],['negative'],['wait staff'],[False],1,False,False
semeval14_train_01238,semeval14,train,I always get the Shabu-Shabu dinner and the beef is always fresh .,['shabu-shabu dinner'],['General'],['neutral'],['Shabu-Shabu dinner'],[False],1,False,False
semeval14_train_01239,semeval14,train,I always get the Shabu-Shabu dinner and the beef is always fresh .,['beef'],['General'],['positive'],['beef'],[False],1,False,False
semeval14_train_01240,semeval14,train,The pizza was delivered cold and the cheese was n't even fully melted !,['pizza'],['General'],['negative'],['pizza'],[False],1,False,False
semeval14_train_01241,semeval14,train,The pizza was delivered cold and the cheese was n't even fully melted !,['cheese'],['General'],['negative'],['cheese'],[False],1,False,False
semeval14_train_01242,semeval14,train,We were very surprised by how good the food was on our first visit here on a Sunday night .,['food'],['Food'],['positive'],['food'],[False],1,False,False
semeval14_train_01243,semeval14,train,"Nha Trang , while being notorious for utter lack of comfort and decor , horribly slow wait staff and horribly quick meals , is one of the best vietnamese restaurants i 've ever been to . the pho is delicious and comes with very fresh vegtables .",['comfort'],['General'],['negative'],['comfort'],[False],1,False,False
semeval14_train_01244,semeval14,train,"Nha Trang , while being notorious for utter lack of comfort and decor , horribly slow wait staff and horribly quick meals , is one of the best vietnamese restaurants i 've ever been to . the pho is delicious and comes with very fresh vegtables .",['decor'],['General'],['negative'],['decor'],[False],1,False,False
semeval14_train_01245,semeval14,train,"Nha Trang , while being notorious for utter lack of comfort and decor , horribly slow wait staff and horribly quick meals , is one of the best vietnamese restaurants i 've ever been to . the pho is delicious and comes with very fresh vegtables .",['wait staff'],['General'],['negative'],['wait staff'],[False],1,False,False
semeval14_train_01246,semeval14,train,"Nha Trang , while being notorious for utter lack of comfort and decor , horribly slow wait staff and horribly quick meals , is one of the best vietnamese restaurants i 've ever been to . the pho is delicious and comes with very fresh vegtables .",['meals'],['General'],['negative'],['meals'],[False],1,False,False
semeval14_train_01247,semeval14,train,"Nha Trang , while being notorious for utter lack of comfort and decor , horribly slow wait staff and horribly quick meals , is one of the best vietnamese restaurants i 've ever been to . the pho is delicious and comes with very fresh vegtables .",['pho'],['General'],['positive'],['pho'],[False],1,False,False
semeval14_train_01248,semeval14,train,"Nha Trang , while being notorious for utter lack of comfort and decor , horribly slow wait staff and horribly quick meals , is one of the best vietnamese restaurants i 've ever been to . the pho is delicious and comes with very fresh vegtables .",['vegtables'],['General'],['positive'],['vegtables'],[False],1,False,False
semeval14_train_01249,semeval14,train,"On the other hand , if you are not fooled easily , you will find hundreds of restaurants that will give you service and ambiance that is on par with Alain Ducasse , and food that will outshine in presentaion , taste , choice , quality and quantity .",['service'],['Service'],['neutral'],['service'],[False],1,False,False
semeval14_train_01250,semeval14,train,"On the other hand , if you are not fooled easily , you will find hundreds of restaurants that will give you service and ambiance that is on par with Alain Ducasse , and food that will outshine in presentaion , taste , choice , quality and quantity .",['ambiance'],['General'],['neutral'],['ambiance'],[False],1,False,False
semeval14_train_01251,semeval14,train,"On the other hand , if you are not fooled easily , you will find hundreds of restaurants that will give you service and ambiance that is on par with Alain Ducasse , and food that will outshine in presentaion , taste , choice , quality and quantity .",['food'],['Food'],['negative'],['food'],[False],1,False,False
semeval14_train_01252,semeval14,train,"On the other hand , if you are not fooled easily , you will find hundreds of restaurants that will give you service and ambiance that is on par with Alain Ducasse , and food that will outshine in presentaion , taste , choice , quality and quantity .",['presentaion'],['General'],['negative'],['presentaion'],[False],1,False,False
semeval14_train_01253,semeval14,train,"On the other hand , if you are not fooled easily , you will find hundreds of restaurants that will give you service and ambiance that is on par with Alain Ducasse , and food that will outshine in presentaion , taste , choice , quality and quantity .",['taste'],['General'],['negative'],['taste'],[False],1,False,False
semeval14_train_01254,semeval14,train,"On the other hand , if you are not fooled easily , you will find hundreds of restaurants that will give you service and ambiance that is on par with Alain Ducasse , and food that will outshine in presentaion , taste , choice , quality and quantity .",['choice'],['General'],['negative'],['choice'],[False],1,False,False
semeval14_train_01255,semeval14,train,"On the other hand , if you are not fooled easily , you will find hundreds of restaurants that will give you service and ambiance that is on par with Alain Ducasse , and food that will outshine in presentaion , taste , choice , quality and quantity .",['quality'],['General'],['negative'],['quality'],[False],1,False,False
semeval14_train_01256,semeval14,train,"On the other hand , if you are not fooled easily , you will find hundreds of restaurants that will give you service and ambiance that is on par with Alain Ducasse , and food that will outshine in presentaion , taste , choice , quality and quantity .",['quantity'],['General'],['negative'],['quantity'],[False],1,False,False
semeval14_train_01257,semeval14,train,I live in the neighborhood and my friends meet me down here not only for the bar scene but also the promise of The Pizza Place at 3am .,['bar scene'],['General'],['positive'],['bar scene'],[False],1,False,False
semeval14_train_01258,semeval14,train,"If I could rate the people this place would be off the charts - unfortunately - the pizza , sorry - not the best in NYC .",['people'],['General'],['positive'],['people'],[False],1,False,False
semeval14_train_01259,semeval14,train,"If I could rate the people this place would be off the charts - unfortunately - the pizza , sorry - not the best in NYC .",['pizza'],['General'],['negative'],['pizza'],[False],1,False,False
semeval14_train_01260,semeval14,train,The food is amazing !!!!,['food'],['Food'],['positive'],['food'],[False],1,False,False
semeval14_train_01261,semeval14,train,"Having not been home in the last 2 years may skew this reviewer a bit , but the food was tasty and spicy sans the oil that comes floating along at similar venues .",['food'],['Food'],['positive'],['food'],[False],1,False,False
semeval14_train_01262,semeval14,train,"Having not been home in the last 2 years may skew this reviewer a bit , but the food was tasty and spicy sans the oil that comes floating along at similar venues .",['oil'],['General'],['neutral'],['oil'],[False],1,False,False
semeval14_train_01263,semeval14,train,"The portions are now very small , the sauces are overly-ambitious usually inedible while the service is still good , the restaurant , due to its popularity , seems frantic .",['portions'],['General'],['negative'],['portions'],[False],1,False,False
semeval14_train_01264,semeval14,train,"The portions are now very small , the sauces are overly-ambitious usually inedible while the service is still good , the restaurant , due to its popularity , seems frantic .",['sauces'],['General'],['negative'],['sauces'],[False],1,False,False
semeval14_train_01265,semeval14,train,"The portions are now very small , the sauces are overly-ambitious usually inedible while the service is still good , the restaurant , due to its popularity , seems frantic .",['service'],['Service'],['positive'],['service'],[False],1,False,False
semeval14_train_01266,semeval14,train,"For the price , you can not eat this well in Manhattan .",['price'],['Price'],['positive'],['price'],[False],1,False,False
semeval14_train_01267,semeval14,train,"The owner is very friendly and a great guy , go try his pizza , you 'll like it !",['owner'],['General'],['positive'],['owner'],[False],1,False,False
semeval14_train_01268,semeval14,train,"The owner is very friendly and a great guy , go try his pizza , you 'll like it !",['pizza'],['General'],['positive'],['pizza'],[False],1,False,False
semeval14_train_01269,semeval14,train,The atmosphere is great !!!,['atmosphere'],['General'],['positive'],['atmosphere'],[False],1,False,False
semeval14_train_01270,semeval14,train,"With so many good restaurants on the UWS , I do n't need overpriced food , absurdly arrogant wait-staff who do n't recognize they work at a glorified diner , clumsy service , and management that does n't care .",['food'],['Food'],['negative'],['food'],[False],1,False,False
semeval14_train_01271,semeval14,train,"With so many good restaurants on the UWS , I do n't need overpriced food , absurdly arrogant wait-staff who do n't recognize they work at a glorified diner , clumsy service , and management that does n't care .",['wait-staff'],['General'],['negative'],['wait-staff'],[False],1,False,False
semeval14_train_01272,semeval14,train,"With so many good restaurants on the UWS , I do n't need overpriced food , absurdly arrogant wait-staff who do n't recognize they work at a glorified diner , clumsy service , and management that does n't care .",['service'],['Service'],['negative'],['service'],[False],1,False,False
semeval14_train_01273,semeval14,train,"With so many good restaurants on the UWS , I do n't need overpriced food , absurdly arrogant wait-staff who do n't recognize they work at a glorified diner , clumsy service , and management that does n't care .",['management'],['General'],['negative'],['management'],[False],1,False,False
semeval14_train_01274,semeval14,train,"With so many good restaurants on the UWS , I do n't need overpriced food , absurdly arrogant wait-staff who do n't recognize they work at a glorified diner , clumsy service , and management that does n't care .",['diner'],['General'],['negative'],['diner'],[False],1,False,False
semeval14_train_01275,semeval14,train,"I tend to judge a sushi restaurant by its sea urchin , which was heavenly at sushi rose .",['sea urchin'],['General'],['positive'],['sea urchin'],[False],1,False,False
semeval14_train_01276,semeval14,train,The service is a little scatty at times but all is forgiven when the food arrives .,['service'],['Service'],['negative'],['service'],[False],1,False,False
semeval14_train_01277,semeval14,train,The service is a little scatty at times but all is forgiven when the food arrives .,['food'],['Food'],['positive'],['food'],[False],1,False,False
semeval14_train_01278,semeval14,train,"The bruscetta is a bit soggy , but the salads were fresh , included a nice mix of greens -LRB- not iceberg -RRB- all dishes are served piping hot from the kitchen .",['bruscetta'],['General'],['negative'],['bruscetta'],[False],1,False,False
semeval14_train_01279,semeval14,train,"The bruscetta is a bit soggy , but the salads were fresh , included a nice mix of greens -LRB- not iceberg -RRB- all dishes are served piping hot from the kitchen .",['salads'],['General'],['positive'],['salads'],[False],1,False,False
semeval14_train_01280,semeval14,train,"The bruscetta is a bit soggy , but the salads were fresh , included a nice mix of greens -LRB- not iceberg -RRB- all dishes are served piping hot from the kitchen .",['dishes'],['General'],['positive'],['dishes'],[False],1,False,False
semeval14_train_01281,semeval14,train,"The bruscetta is a bit soggy , but the salads were fresh , included a nice mix of greens -LRB- not iceberg -RRB- all dishes are served piping hot from the kitchen .",['mix of greens'],['General'],['positive'],['mix of greens'],[False],1,False,False
semeval14_train_01282,semeval14,train,"The bruscetta is a bit soggy , but the salads were fresh , included a nice mix of greens -LRB- not iceberg -RRB- all dishes are served piping hot from the kitchen .",['iceberg'],['General'],['neutral'],['iceberg'],[False],1,False,False
semeval14_train_01283,semeval14,train,"The bruscetta is a bit soggy , but the salads were fresh , included a nice mix of greens -LRB- not iceberg -RRB- all dishes are served piping hot from the kitchen .",['served'],['General'],['positive'],['served'],[False],1,False,False
semeval14_train_01284,semeval14,train,"The atmosphere is n't the greatest , but I suppose that 's how they keep the prices down .",['atmosphere'],['General'],['neutral'],['atmosphere'],[False],1,False,False
semeval14_train_01285,semeval14,train,"The atmosphere is n't the greatest , but I suppose that 's how they keep the prices down .",['prices'],['General'],['positive'],['prices'],[False],1,False,False
semeval14_train_01286,semeval14,train,The pickles were great addition .,['pickles'],['General'],['positive'],['pickles'],[False],1,False,False
semeval14_train_01287,semeval14,train,"If your favorite Chinese food is General Tao chicken , then this is NOT your place .",['general tao chicken'],['General'],['negative'],['General Tao chicken'],[False],1,False,False
semeval14_train_01288,semeval14,train,"If your favorite Chinese food is General Tao chicken , then this is NOT your place .",['chinese food'],['General'],['neutral'],['Chinese food'],[False],1,False,False
semeval14_train_01289,semeval14,train,You must try the shrimp appetizers .,['shrimp appetizers'],['General'],['positive'],['shrimp appetizers'],[False],1,False,False
semeval14_train_01290,semeval14,train,"Not only is the cuisine the best around , the service has always been attentive and charming .",['cuisine'],['General'],['positive'],['cuisine'],[False],1,False,False
semeval14_train_01291,semeval14,train,"Not only is the cuisine the best around , the service has always been attentive and charming .",['service'],['Service'],['positive'],['service'],[False],1,False,False
semeval14_train_01292,semeval14,train,"The production is a symphony , alot of fun to experience.The food sublime for the most part .",['food'],['Food'],['positive'],['food'],[False],1,False,False
semeval14_train_01293,semeval14,train,"Waiters tend to forget drinks completely , food portions are so tiny , two people have trouble sharing one entree .",['waiters'],['General'],['negative'],['Waiters'],[False],1,False,False
semeval14_train_01294,semeval14,train,"Waiters tend to forget drinks completely , food portions are so tiny , two people have trouble sharing one entree .",['food portions'],['General'],['negative'],['food portions'],[False],1,False,False
semeval14_train_01295,semeval14,train,"Waiters tend to forget drinks completely , food portions are so tiny , two people have trouble sharing one entree .",['drinks'],['Food'],['neutral'],['drinks'],[False],1,False,False
semeval14_train_01296,semeval14,train,"Waiters tend to forget drinks completely , food portions are so tiny , two people have trouble sharing one entree .",['entree'],['General'],['negative'],['entree'],[False],1,False,False
semeval14_train_01297,semeval14,train,The cold appetizer dishes taste like the way I remember them to taste when I was growing up in Taiwan .,['cold appetizer dishes'],['General'],['positive'],['cold appetizer dishes'],[False],1,False,False
semeval14_train_01298,semeval14,train,"The restaurant was packed at first , so we waited at the bar for about 20 minutes before we were seated .",['bar'],['General'],['neutral'],['bar'],[False],1,False,False
semeval14_train_01299,semeval14,train,"Interesting selection , good wines , service fine , fun decor .",['wines'],['General'],['positive'],['wines'],[False],1,False,False
semeval14_train_01300,semeval14,train,"Interesting selection , good wines , service fine , fun decor .",['service'],['Service'],['positive'],['service'],[False],1,False,False
semeval14_train_01301,semeval14,train,"Interesting selection , good wines , service fine , fun decor .",['decor'],['General'],['positive'],['decor'],[False],1,False,False
semeval14_train_01302,semeval14,train,Any if you have a reservation you 'll wait for max 5 minutes - so have a drink at the bar .,['reservation'],['General'],['positive'],['reservation'],[False],1,False,False
semeval14_train_01303,semeval14,train,Any if you have a reservation you 'll wait for max 5 minutes - so have a drink at the bar .,['drink'],['General'],['neutral'],['drink'],[False],1,False,False
semeval14_train_01304,semeval14,train,Any if you have a reservation you 'll wait for max 5 minutes - so have a drink at the bar .,['bar'],['General'],['neutral'],['bar'],[False],1,False,False
semeval14_train_01305,semeval14,train,"Whether it 's the parmesean porcini souffle or the lamb glazed with balsamic vinegar , you will surely be transported to Northern Italy with one bite .",['parmesean porcini souffle'],['General'],['positive'],['parmesean porcini souffle'],[False],1,False,False
semeval14_train_01306,semeval14,train,"Whether it 's the parmesean porcini souffle or the lamb glazed with balsamic vinegar , you will surely be transported to Northern Italy with one bite .",['lamb glazed with balsamic vinegar'],['General'],['positive'],['lamb glazed with balsamic vinegar'],[False],1,False,False
semeval14_train_01307,semeval14,train,The food at this place is ` gourmet ' Indian cuisine .,['food'],['Food'],['neutral'],['food'],[False],1,False,False
semeval14_train_01308,semeval14,train,The food at this place is 'gourmet' Indian cuisine .,"[""'gourmet' indian cuisine""]",['General'],['neutral'],"[""'gourmet' Indian cuisine""]",[False],1,False,False
semeval14_train_01309,semeval14,train,But the thing that my wife and I hated was it was so loud and it felt like ' bar ' or ` pub ' .,['bar'],['General'],['negative'],['bar'],[False],1,False,False
semeval14_train_01310,semeval14,train,But the thing that my wife and I hated was it was so loud and it felt like ` bar ' or ' pub ' .,['pub'],['General'],['negative'],['pub'],[False],1,False,False
semeval14_train_01311,semeval14,train,"While there are plenty of places to go for a good corned beef sandwich , Katz 's has a charm about it .",['corned beef sandwich'],['General'],['positive'],['corned beef sandwich'],[False],1,False,False
semeval14_train_01312,semeval14,train,"However , looking at the table next to ours , we both sort of wished we had ordered pizza , which looked PERRRRRRRRRFECT .",['pizza'],['General'],['positive'],['pizza'],[False],1,False,False
semeval14_train_01313,semeval14,train,Priced at upper intermediate range .,['priced'],['General'],['negative'],['Priced'],[False],1,False,False
semeval14_train_01314,semeval14,train,"If you live in new york city , you 'll find better food at small restaurants outside of time square and spend half the amount .",['food'],['Food'],['negative'],['food'],[False],1,False,False
semeval14_train_01315,semeval14,train,"If you live in new york city , you 'll find better food at small restaurants outside of time square and spend half the amount .",['amount'],['General'],['negative'],['amount'],[False],1,False,False
semeval14_train_01316,semeval14,train,Try the olive cream cheese or the lox spread on a whole wheat everything bagel .,['olive cream cheese'],['General'],['positive'],['olive cream cheese'],[False],1,False,False
semeval14_train_01317,semeval14,train,Try the olive cream cheese or the lox spread on a whole wheat everything bagel .,['lox spread'],['General'],['positive'],['lox spread'],[False],1,False,False
semeval14_train_01318,semeval14,train,Try the olive cream cheese or the lox spread on a whole wheat everything bagel .,['bagel'],['General'],['neutral'],['bagel'],[False],1,False,False
semeval14_train_01319,semeval14,train,"they did n't disappoint , service from the second i arrived at the door was extremely pleasant and attentive with almost one server per table .",['service'],['Service'],['positive'],['service'],[False],1,False,False
semeval14_train_01320,semeval14,train,"they did n't disappoint , service from the second i arrived at the door was extremely pleasant and attentive with almost one server per table .",['server'],['General'],['positive'],['server'],[False],1,False,False
semeval14_train_01321,semeval14,train,"they did n't disappoint , service from the second i arrived at the door was extremely pleasant and attentive with almost one server per table .",['table'],['General'],['neutral'],['table'],[False],1,False,False
semeval14_train_01322,semeval14,train,I do n't know who they think they are but they have no respect for the residents of the neighborhood ever since they opened their cabaret next door and blasts loud music till three in the morning every weekend during the summer .,['music'],['General'],['negative'],['music'],[False],1,False,False
semeval14_train_01323,semeval14,train,The rice to fish ration was also good -- they did n't try to overpack the rice .,['rice to fish ration'],['General'],['positive'],['rice to fish ration'],[False],1,False,False
semeval14_train_01324,semeval14,train,The rice to fish ration was also good -- they did n't try to overpack the rice .,['rice'],['General'],['positive'],['rice'],[False],1,False,False
semeval14_train_01325,semeval14,train,They used shredded cheese on top !,['shredded cheese'],['General'],['neutral'],['shredded cheese'],[False],1,False,False
semeval14_train_01326,semeval14,train,The food is great and they have a good selecion of wines at reasonable prices .,['food'],['Food'],['positive'],['food'],[False],1,False,False
semeval14_train_01327,semeval14,train,The food is great and they have a good selecion of wines at reasonable prices .,['selecion of wines'],['General'],['positive'],['selecion of wines'],[False],1,False,False
semeval14_train_01328,semeval14,train,The food is great and they have a good selecion of wines at reasonable prices .,['prices'],['General'],['positive'],['prices'],[False],1,False,False
semeval14_train_01329,semeval14,train,"The only positive was the wait staff , which was prompt , knowledgable , and likeable .",['wait staff'],['General'],['positive'],['wait staff'],[False],1,False,False
semeval14_train_01330,semeval14,train,I could n't reccommend their Godmother pizza any higher .,['godmother pizza'],['General'],['positive'],['Godmother pizza'],[False],1,False,False
semeval14_train_01331,semeval14,train,"I am not a vegetarian but , almost all the dishes were great .",['dishes'],['General'],['positive'],['dishes'],[False],1,False,False
semeval14_train_01332,semeval14,train,I was very impressed by this low-key upper eastsider and their authentically thai cuisine !!!,['thai cuisine'],['General'],['positive'],['thai cuisine'],[False],1,False,False
semeval14_train_01333,semeval14,train,"For the location , the prices are very reasonable .",['prices'],['General'],['positive'],['prices'],[False],1,False,False
semeval14_train_01334,semeval14,train,"For the location , the prices are very reasonable .",['location'],['General'],['neutral'],['location'],[False],1,False,False
semeval14_train_01335,semeval14,train,The food is okay and the prices here are mediocre .,['food'],['Food'],['neutral'],['food'],[False],1,False,False
semeval14_train_01336,semeval14,train,The food is okay and the prices here are mediocre .,['prices'],['General'],['neutral'],['prices'],[False],1,False,False
semeval14_train_01337,semeval14,train,My friend 's food was also the complete opposite of what it 's supposed to taste like -LRB- aND look like -RRB- .,['food'],['Food'],['negative'],['food'],[False],1,False,False
semeval14_train_01338,semeval14,train,I ordered the crab cocktail and it was soaked in a lime juice concoction where all you could taste was the lime .,['crab cocktail'],['General'],['negative'],['crab cocktail'],[False],1,False,False
semeval14_train_01339,semeval14,train,I ordered the crab cocktail and it was soaked in a lime juice concoction where all you could taste was the lime .,['lime juice concoction'],['General'],['neutral'],['lime juice concoction'],[False],1,False,False
semeval14_train_01340,semeval14,train,I ordered the crab cocktail and it was soaked in a lime juice concoction where all you could taste was the lime .,['lime'],['General'],['neutral'],['lime'],[False],1,False,False
semeval14_train_01341,semeval14,train,I would like to return and try some of the other menu items when I do n't have to rush off to a show .,['menu items'],['General'],['positive'],['menu items'],[False],1,False,False
semeval14_train_01342,semeval14,train,"We have been to this place many times , and always have great food , wine , and service .",['food'],['Food'],['positive'],['food'],[False],1,False,False
semeval14_train_01343,semeval14,train,"We have been to this place many times , and always have great food , wine , and service .",['wine'],['General'],['positive'],['wine'],[False],1,False,False
semeval14_train_01344,semeval14,train,"We have been to this place many times , and always have great food , wine , and service .",['service'],['Service'],['positive'],['service'],[False],1,False,False
semeval14_train_01345,semeval14,train,"Hopefully next time , I will save room for dessert .",['dessert'],['General'],['neutral'],['dessert'],[False],1,False,False
semeval14_train_01346,semeval14,train,"Not a typical pizza joint , but good for a low key and fairly cheap nice sit down dinner .",['dinner'],['General'],['positive'],['dinner'],[False],1,False,False
semeval14_train_01347,semeval14,train,The corned beef was tender and melted in my mouth .,['corned beef'],['General'],['positive'],['corned beef'],[False],1,False,False
semeval14_train_01348,semeval14,train,"The best Chicken pad tai , I 've ever had .",['chicken pad tai'],['General'],['positive'],['Chicken pad tai'],[False],1,False,False
semeval14_train_01349,semeval14,train,$ 20 for all you can eat sushi can not be beaten .,['sushi'],['General'],['neutral'],['sushi'],[False],1,False,False
semeval14_train_01350,semeval14,train,"Haru serves very fresh fish , has a trendy , modern ambiance , prime location on Park Avenue South and friendly service .",['fish'],['General'],['positive'],['fish'],[False],1,False,False
semeval14_train_01351,semeval14,train,"Haru serves very fresh fish , has a trendy , modern ambiance , prime location on Park Avenue South and friendly service .",['service'],['Service'],['positive'],['service'],[False],1,False,False
semeval14_train_01352,semeval14,train,"Haru serves very fresh fish , has a trendy , modern ambiance , prime location on Park Avenue South and friendly service .",['ambiance'],['General'],['positive'],['ambiance'],[False],1,False,False
semeval14_train_01353,semeval14,train,"Haru serves very fresh fish , has a trendy , modern ambiance , prime location on Park Avenue South and friendly service .",['location'],['General'],['positive'],['location'],[False],1,False,False
semeval14_train_01354,semeval14,train,Warm and friendly in the winter and terrific outdoor seating in the warmer months .,['outdoor seating'],['General'],['positive'],['outdoor seating'],[False],1,False,False
semeval14_train_01355,semeval14,train,"Very romantic fires - I 've literally spent hours at Lanterna , drinking wine from their extensive wine and enjoying the ambience .",['wine'],['General'],['positive'],['wine'],[False],1,False,False
semeval14_train_01356,semeval14,train,"Very romantic fires - I 've literally spent hours at Lanterna , drinking wine from their extensive wine and enjoying the ambience .",['ambience'],['Ambience'],['positive'],['ambience'],[False],1,False,False
semeval14_train_01357,semeval14,train,"Very romantic fires - I 've literally spent hours at Lanterna , drinking wine from their extensive wine and enjoying the ambience .",['wine'],['General'],['positive'],['wine'],[False],1,False,False
semeval14_train_01358,semeval14,train,We got a little tipsy from the sake but is n't that what Saturday nights with the girlfriends are all about ?,['sake'],['General'],['neutral'],['sake'],[False],1,False,False
semeval14_train_01359,semeval14,train,"I almost wanted to write a bad review , so no one would ever go here and I could have all the dumplings to myself !",['dumplings'],['General'],['positive'],['dumplings'],[False],1,False,False
semeval14_train_01360,semeval14,train,"Always a nice crowd , but never loud .",['crowd'],['General'],['positive'],['crowd'],[False],1,False,False
semeval14_train_01361,semeval14,train,"My turkey burger was not cooked at all , my friends salmon was completely raw .",['turkey burger'],['General'],['negative'],['turkey burger'],[False],1,False,False
semeval14_train_01362,semeval14,train,"My turkey burger was not cooked at all , my friends salmon was completely raw .",['salmon'],['General'],['negative'],['salmon'],[False],1,False,False
semeval14_train_01363,semeval14,train,Decor is minimalist and clean - nothing to distract or commend .,['decor'],['General'],['neutral'],['Decor'],[False],1,False,False
semeval14_train_01364,semeval14,train,"His drinks are very inventive , delicious and classy .",['drinks'],['Food'],['positive'],['drinks'],[False],1,False,False
semeval14_train_01365,semeval14,train,"Great food , great prices , great service .",['food'],['Food'],['positive'],['food'],[False],1,False,False
semeval14_train_01366,semeval14,train,"Great food , great prices , great service .",['prices'],['General'],['positive'],['prices'],[False],1,False,False
semeval14_train_01367,semeval14,train,"Great food , great prices , great service .",['service'],['Service'],['positive'],['service'],[False],1,False,False
semeval14_train_01368,semeval14,train,This is n't your corner Chinese food takeout .,['chinese food'],['General'],['neutral'],['Chinese food'],[False],1,False,False
semeval14_train_01369,semeval14,train,Awsome Pizza especially the Margheritta slice .,['pizza'],['General'],['positive'],['Pizza'],[False],1,False,False
semeval14_train_01370,semeval14,train,Awsome Pizza especially the Margheritta slice .,['margheritta'],['General'],['positive'],['Margheritta'],[False],1,False,False
semeval14_train_01371,semeval14,train,"This place , however , has a lot less pretension than Joya and the Thai food is still above-average .",['place'],['General'],['positive'],['place'],[False],1,False,False
semeval14_train_01372,semeval14,train,"This place , however , has a lot less pretension than Joya and the Thai food is still above-average .",['thai food'],['General'],['positive'],['Thai food'],[False],1,False,False
semeval14_train_01373,semeval14,train,"Try ordering from the regular menu , then you would not regret !",['menu'],['General'],['positive'],['menu'],[False],1,False,False
semeval14_train_01374,semeval14,train,"Told us to sit anywhere , and when we sat he said the table was reserved .",['table'],['General'],['negative'],['table'],[False],1,False,False
semeval14_train_01375,semeval14,train,"uni from maine vs california , sea vs freshwater eel -RRB- to get a good taste comparison .",['eel'],['General'],['neutral'],['eel'],[False],1,False,False
semeval14_train_01376,semeval14,train,"We started with lox and mussels -LRB- the best ive ever had , ever -RRB- and had the cod and trout for dinner .",['lox'],['General'],['positive'],['lox'],[False],1,False,False
semeval14_train_01377,semeval14,train,"We started with lox and mussels -LRB- the best ive ever had , ever -RRB- and had the cod and trout for dinner .",['mussels'],['General'],['positive'],['mussels'],[False],1,False,False
semeval14_train_01378,semeval14,train,"We started with lox and mussels -LRB- the best ive ever had , ever -RRB- and had the cod and trout for dinner .",['cod'],['General'],['neutral'],['cod'],[False],1,False,False
semeval14_train_01379,semeval14,train,"We started with lox and mussels -LRB- the best ive ever had , ever -RRB- and had the cod and trout for dinner .",['trout'],['General'],['neutral'],['trout'],[False],1,False,False
semeval14_train_01380,semeval14,train,"We started with lox and mussels -LRB- the best ive ever had , ever -RRB- and had the cod and trout for dinner .",['dinner'],['General'],['neutral'],['dinner'],[False],1,False,False
semeval14_train_01381,semeval14,train,"The crispy chicken was n't for us , though .",['crispy chicken'],['General'],['negative'],['crispy chicken'],[False],1,False,False
semeval14_train_01382,semeval14,train,Food is great .,['food'],['Food'],['positive'],['Food'],[False],1,False,False
semeval14_train_01383,semeval14,train,I recommend the meatballs and caprese salad and the beans on toast were a wonderful start to the meal !,['meatballs'],['General'],['positive'],['meatballs'],[False],1,False,False
semeval14_train_01384,semeval14,train,I recommend the meatballs and caprese salad and the beans on toast were a wonderful start to the meal !,['caprese salad'],['General'],['positive'],['caprese salad'],[False],1,False,False
semeval14_train_01385,semeval14,train,I recommend the meatballs and caprese salad and the beans on toast were a wonderful start to the meal !,['beans on toast'],['General'],['positive'],['beans on toast'],[False],1,False,False
semeval14_train_01386,semeval14,train,I recommend the meatballs and caprese salad and the beans on toast were a wonderful start to the meal !,['meal'],['General'],['neutral'],['meal'],[False],1,False,False
semeval14_train_01387,semeval14,train,This place is incredibly tiny .,['place'],['General'],['negative'],['place'],[False],1,False,False
semeval14_train_01388,semeval14,train,"I did n't complain , I liked the atmosphere so much .",['atmosphere'],['General'],['positive'],['atmosphere'],[False],1,False,False
semeval14_train_01389,semeval14,train,In reality -LRB- to maximize potential diners -RRB- they were still taking phone reservations and reallocating tables of those waiting in the lobby .,['diners'],['General'],['neutral'],['diners'],[False],1,False,False
semeval14_train_01390,semeval14,train,In reality -LRB- to maximize potential diners -RRB- they were still taking phone reservations and reallocating tables of those waiting in the lobby .,['reservations'],['General'],['negative'],['reservations'],[False],1,False,False
semeval14_train_01391,semeval14,train,In reality -LRB- to maximize potential diners -RRB- they were still taking phone reservations and reallocating tables of those waiting in the lobby .,['tables'],['General'],['negative'],['tables'],[False],1,False,False
semeval14_train_01392,semeval14,train,In reality -LRB- to maximize potential diners -RRB- they were still taking phone reservations and reallocating tables of those waiting in the lobby .,['lobby'],['General'],['neutral'],['lobby'],[False],1,False,False
semeval14_train_01393,semeval14,train,In reality -LRB- to maximize potential diners -RRB- they were still taking phone reservations and reallocating tables of those waiting in the lobby .,['waiting'],['General'],['negative'],['waiting'],[False],1,False,False
semeval14_train_01394,semeval14,train,"The wine is always good , the tapas are always yummy , especially with the warm pita bread .",['wine'],['General'],['positive'],['wine'],[False],1,False,False
semeval14_train_01395,semeval14,train,"The wine is always good , the tapas are always yummy , especially with the warm pita bread .",['tapas'],['General'],['positive'],['tapas'],[False],1,False,False
semeval14_train_01396,semeval14,train,"The wine is always good , the tapas are always yummy , especially with the warm pita bread .",['pita bread'],['General'],['positive'],['pita bread'],[False],1,False,False
semeval14_train_01397,semeval14,train,"But when you are seated the waitresses are great , they explain everything on the menu , and the price of the food is really cheap for the service you get .",['waitresses'],['General'],['positive'],['waitresses'],[False],1,False,False
semeval14_train_01398,semeval14,train,"But when you are seated the waitresses are great , they explain everything on the menu , and the price of the food is really cheap for the service you get .",['price'],['Price'],['positive'],['price'],[False],1,False,False
semeval14_train_01399,semeval14,train,"But when you are seated the waitresses are great , they explain everything on the menu , and the price of the food is really cheap for the service you get .",['service'],['Service'],['positive'],['service'],[False],1,False,False
semeval14_train_01400,semeval14,train,"But when you are seated the waitresses are great , they explain everything on the menu , and the price of the food is really cheap for the service you get .",['menu'],['General'],['neutral'],['menu'],[False],1,False,False
semeval14_train_01401,semeval14,train,"But when you are seated the waitresses are great , they explain everything on the menu , and the price of the food is really cheap for the service you get .",['food'],['Food'],['neutral'],['food'],[False],1,False,False
semeval14_train_01402,semeval14,train,I 've been to several places for Dim Sum and this has got to be the WORST .,['dim sum'],['General'],['negative'],['Dim Sum'],[False],1,False,False
semeval14_train_01403,semeval14,train,"The freshest , best variety , and the fastest delivery .",['variety'],['General'],['positive'],['variety'],[False],1,False,False
semeval14_train_01404,semeval14,train,"The freshest , best variety , and the fastest delivery .",['delivery'],['General'],['positive'],['delivery'],[False],1,False,False
semeval14_train_01405,semeval14,train,Go to Volare for 1st class service and terrific food .,['service'],['Service'],['positive'],['service'],[False],1,False,False
semeval14_train_01406,semeval14,train,Go to Volare for 1st class service and terrific food .,['food'],['Food'],['positive'],['food'],[False],1,False,False
semeval14_train_01407,semeval14,train,"It 's super-trendy and there 's always someone to take that empty seat , so it seems that customer service has been deemed not of the essence .",['service'],['Service'],['positive'],['service'],[False],1,False,False
semeval14_train_01408,semeval14,train,"It 's super-trendy and there 's always someone to take that empty seat , so it seems that customer service has been deemed not of the essence .",['seat'],['General'],['neutral'],['seat'],[False],1,False,False
semeval14_train_01409,semeval14,train,Dinner took almost 4 hours without any lag time .,['dinner'],['General'],['negative'],['Dinner'],[False],1,False,False
semeval14_train_01410,semeval14,train,The people in the restaurant were pretty obnoxious and loud .,['people'],['General'],['negative'],['people'],[False],1,False,False
semeval14_train_01411,semeval14,train,"The sandwiches are dry , tasteless and way overpriced .",['sandwiches'],['General'],['negative'],['sandwiches'],[False],1,False,False
semeval14_train_01412,semeval14,train,Price no more than a Jersey deli but way better .,['price'],['Price'],['positive'],['Price'],[False],1,False,False
semeval14_train_01413,semeval14,train,The fried rice is really good too .,['fried rice'],['General'],['positive'],['fried rice'],[False],1,False,False
semeval14_train_01414,semeval14,train,We were well attended to by the enthusiastic staff especially the manager Tony Gaskin who made excellent suggestions for our menu selections .,['staff'],['Service'],['positive'],['staff'],[False],1,False,False
semeval14_train_01415,semeval14,train,We were well attended to by the enthusiastic staff especially the manager Tony Gaskin who made excellent suggestions for our menu selections .,['manager'],['General'],['positive'],['manager'],[False],1,False,False
semeval14_train_01416,semeval14,train,We were well attended to by the enthusiastic staff especially the manager Tony Gaskin who made excellent suggestions for our menu selections .,['menu selections'],['General'],['positive'],['menu selections'],[False],1,False,False
semeval14_train_01417,semeval14,train,Made my dining experience uncomfortable .,['dining experience'],['General'],['negative'],['dining experience'],[False],1,False,False
semeval14_train_01418,semeval14,train,"still stay away , the table next to us walked out after my table and aanother were serves eventhough they were there much longer ...",['serves'],['General'],['negative'],['serves'],[False],1,False,False
semeval14_train_01419,semeval14,train,I was with a party of 7 -LRB- close but not next the the front doors -RRB- and we were eating with our coats on .,['front doors'],['General'],['neutral'],['front doors'],[False],1,False,False
semeval14_train_01420,semeval14,train,"A very inviting restaurant , with friendly service .",['service'],['Service'],['positive'],['service'],[False],1,False,False
semeval14_train_01421,semeval14,train,"THe back garden sitting area is very pleasant , where you can see their personal herb garden .",['back garden sitting area'],['General'],['positive'],['back garden sitting area'],[False],1,False,False
semeval14_train_01422,semeval14,train,"THe back garden sitting area is very pleasant , where you can see their personal herb garden .",['personal herb garden'],['General'],['positive'],['personal herb garden'],[False],1,False,False
semeval14_train_01423,semeval14,train,"Good French restaurant in an area devoid of decent restaurants unless you 're into eating 4 pound pastrami sandwiches at Katz ' Deli , or Mexican food which is supplied by capable restaurants .",['pastrami sandwiches'],['General'],['neutral'],['pastrami sandwiches'],[False],1,False,False
semeval14_train_01424,semeval14,train,"Good French restaurant in an area devoid of decent restaurants unless you 're into eating 4 pound pastrami sandwiches at Katz ' Deli , or Mexican food which is supplied by capable restaurants .",['mexican food'],['General'],['neutral'],['Mexican food'],[False],1,False,False
semeval14_train_01425,semeval14,train,The drinks are always welll made and wine selection is fairly priced .,['drinks'],['Food'],['positive'],['drinks'],[False],1,False,False
semeval14_train_01426,semeval14,train,The drinks are always welll made and wine selection is fairly priced .,['wine selection'],['General'],['neutral'],['wine selection'],[False],1,False,False
semeval14_train_01427,semeval14,train,The drinks are always welll made and wine selection is fairly priced .,['priced'],['General'],['positive'],['priced'],[False],1,False,False
semeval14_train_01428,semeval14,train,We also had shared a house salad that was fresh .,['house salad'],['General'],['positive'],['house salad'],[False],1,False,False
semeval14_train_01429,semeval14,train,The ceiling is amazing !,['ceiling'],['General'],['positive'],['ceiling'],[False],1,False,False
semeval14_train_01430,semeval14,train,And at the conclusion of this culinary nightmare the check was given to our table by knocking over a glass of water .,['check'],['General'],['neutral'],['check'],[False],1,False,False
semeval14_train_01431,semeval14,train,And at the conclusion of this culinary nightmare the check was given to our table by knocking over a glass of water .,['table'],['General'],['neutral'],['table'],[False],1,False,False
semeval14_train_01432,semeval14,train,And at the conclusion of this culinary nightmare the check was given to our table by knocking over a glass of water .,['glass of water'],['General'],['neutral'],['glass of water'],[False],1,False,False
semeval14_train_01433,semeval14,train,Not a small feat for good french food in the area .,['french food'],['General'],['positive'],['french food'],[False],1,False,False
semeval14_train_01434,semeval14,train,"The space is a bit too small for live music , so on jazz nights , it can be loud and cramped .",['live music'],['General'],['neutral'],['live music'],[False],1,False,False
semeval14_train_01435,semeval14,train,"The space is a bit too small for live music , so on jazz nights , it can be loud and cramped .",['space'],['General'],['negative'],['space'],[False],1,False,False
semeval14_train_01436,semeval14,train,"The space is a bit too small for live music , so on jazz nights , it can be loud and cramped .",['jazz nights'],['General'],['neutral'],['jazz nights'],[False],1,False,False
semeval14_train_01437,semeval14,train,Food was average but tasty .,['food'],['Food'],['positive'],['Food'],[False],1,False,False
semeval14_train_01438,semeval14,train,Big Wong gets big Ups for a fine establishment .,['establishment'],['General'],['positive'],['establishment'],[False],1,False,False
semeval14_train_01439,semeval14,train,"The entree was bland and small , dessert was not inspired .",['entree'],['General'],['negative'],['entree'],[False],1,False,False
semeval14_train_01440,semeval14,train,"The entree was bland and small , dessert was not inspired .",['dessert'],['General'],['negative'],['dessert'],[False],1,False,False
semeval14_train_01441,semeval14,train,The staff was the friendliest that have seen in New York .,['staff'],['Service'],['positive'],['staff'],[False],1,False,False
semeval14_train_01442,semeval14,train,"With the exception of our lemon salad that had so much pepper on it that our eyes started watering , the food here was decent , not great .",['food'],['Food'],['neutral'],['food'],[False],1,False,False
semeval14_train_01443,semeval14,train,"With the exception of our lemon salad that had so much pepper on it that our eyes started watering , the food here was decent , not great .",['lemon salad'],['General'],['negative'],['lemon salad'],[False],1,False,False
semeval14_train_01444,semeval14,train,"With the exception of our lemon salad that had so much pepper on it that our eyes started watering , the food here was decent , not great .",['pepper'],['General'],['negative'],['pepper'],[False],1,False,False
semeval14_train_01445,semeval14,train,"The Pad thai , lad nar and various other dishes all look good on paper but , I 've had better thai food in less asthetically pleasing places .",['places'],['General'],['negative'],['places'],[False],1,False,False
semeval14_train_01446,semeval14,train,"The Pad thai , lad nar and various other dishes all look good on paper but , I 've had better thai food in less asthetically pleasing places .",['thai food'],['General'],['neutral'],['thai food'],[False],1,False,False
semeval14_train_01447,semeval14,train,Delicious food at a great price but do not go here on a cold day and sit by the front door .,['food'],['Food'],['positive'],['food'],[False],1,False,False
semeval14_train_01448,semeval14,train,Delicious food at a great price but do not go here on a cold day and sit by the front door .,['price'],['Price'],['positive'],['price'],[False],1,False,False
semeval14_train_01449,semeval14,train,Delicious food at a great price but do not go here on a cold day and sit by the front door .,['front door'],['General'],['neutral'],['front door'],[False],1,False,False
semeval14_train_01450,semeval14,train,"my picks : Guizhou chicken , fish with hot bean source , fish fillet in spicy source -LRB- special menu -RRB- .",['guizhou chicken'],['General'],['positive'],['Guizhou chicken'],[False],1,False,False
semeval14_train_01451,semeval14,train,"my picks : Guizhou chicken , fish with hot bean source , fish fillet in spicy source -LRB- special menu -RRB- .",['fish with hot bean source'],['General'],['positive'],['fish with hot bean source'],[False],1,False,False
semeval14_train_01452,semeval14,train,"my picks : Guizhou chicken , fish with hot bean source , fish fillet in spicy source -LRB- special menu -RRB- .",['fish fillet in spicy source'],['General'],['positive'],['fish fillet in spicy source'],[False],1,False,False
semeval14_train_01453,semeval14,train,"my picks : Guizhou chicken , fish with hot bean source , fish fillet in spicy source -LRB- special menu -RRB- .",['special menu'],['General'],['positive'],['special menu'],[False],1,False,False
semeval14_train_01454,semeval14,train,"Overall , I 'm still impressed that the place even exists and the prices are quite decent but then again , its Chinatown .",['prices'],['General'],['positive'],['prices'],[False],1,False,False
semeval14_train_01455,semeval14,train,"Admittedly some nights inside the restaurant were rather warm , but the open kitchen is part of the charm .",['open kitchen'],['General'],['positive'],['open kitchen'],[False],1,False,False
semeval14_train_01456,semeval14,train,Pizza was a little soggy .,['pizza'],['General'],['negative'],['Pizza'],[False],1,False,False
semeval14_train_01457,semeval14,train,"The food inludes famous scrumptious bombay style chaat such as bhelpuri , sevpuri and samosa chaats , as well as other great indian appetizers .",['food'],['Food'],['positive'],['food'],[False],1,False,False
semeval14_train_01458,semeval14,train,"The food inludes famous scrumptious bombay style chaat such as bhelpuri , sevpuri and samosa chaats , as well as other great indian appetizers .",['bhelpuri'],['General'],['positive'],['bhelpuri'],[False],1,False,False
semeval14_train_01459,semeval14,train,"The food inludes famous scrumptious bombay style chaat such as bhelpuri , sevpuri and samosa chaats , as well as other great indian appetizers .",['sevpuri'],['General'],['positive'],['sevpuri'],[False],1,False,False
semeval14_train_01460,semeval14,train,"The food inludes famous scrumptious bombay style chaat such as bhelpuri , sevpuri and samosa chaats , as well as other great indian appetizers .",['samosa chaats'],['General'],['positive'],['samosa chaats'],[False],1,False,False
semeval14_train_01461,semeval14,train,"The food inludes famous scrumptious bombay style chaat such as bhelpuri , sevpuri and samosa chaats , as well as other great indian appetizers .",['indian appetizers'],['General'],['positive'],['indian appetizers'],[False],1,False,False
semeval14_train_01462,semeval14,train,"The food inludes famous scrumptious bombay style chaat such as bhelpuri , sevpuri and samosa chaats , as well as other great indian appetizers .",['bombay style chaat'],['General'],['positive'],['bombay style chaat'],[False],1,False,False
semeval14_train_01463,semeval14,train,The Singapore Mai Fun had NO curry flavor whatsoever .,['singapore mai fun'],['General'],['negative'],['Singapore Mai Fun'],[False],1,False,False
semeval14_train_01464,semeval14,train,The Singapore Mai Fun had NO curry flavor whatsoever .,['curry flavor'],['General'],['negative'],['curry flavor'],[False],1,False,False
semeval14_train_01465,semeval14,train,The only problem is that the manager is a complete incompetent .,['manager'],['General'],['negative'],['manager'],[False],1,False,False
semeval14_train_01466,semeval14,train,The wine list is interesting and has many good values .,['wine list'],['General'],['positive'],['wine list'],[False],1,False,False
semeval14_train_01467,semeval14,train,I 'm still mad that i had to pay for lousy food .,['food'],['Food'],['negative'],['food'],[False],1,False,False
semeval14_train_01468,semeval14,train,This restaurant used to be our regular Thursday night dinner location .,['dinner location'],['General'],['neutral'],['dinner location'],[False],1,False,False
semeval14_train_01469,semeval14,train,Definite go if you 're used to good Indian restaurant food from abroad .,['indian restaurant food'],['General'],['positive'],['Indian restaurant food'],[False],1,False,False
semeval14_train_01470,semeval14,train,"THR AT MOSHPHERE IS COMPACT , MODERN , YET COZY .",['at moshphere'],['General'],['positive'],['AT MOSHPHERE'],[False],1,False,False
semeval14_train_01471,semeval14,train,"By far , the best pizza in Manhattan .",['pizza'],['General'],['positive'],['pizza'],[False],1,False,False
semeval14_train_01472,semeval14,train,"Decent Thai food in cute - though a bit dank - little Nolita hangout , BUT service terrible .",['thai food'],['General'],['positive'],['Thai food'],[False],1,False,False
semeval14_train_01473,semeval14,train,"Decent Thai food in cute - though a bit dank - little Nolita hangout , BUT service terrible .",['service'],['Service'],['negative'],['service'],[False],1,False,False
semeval14_train_01474,semeval14,train,The waiter actually poured water on my hand and walked away .,['waiter'],['General'],['negative'],['waiter'],[False],1,False,False
semeval14_train_01475,semeval14,train,The waiter actually poured water on my hand and walked away .,['water'],['General'],['neutral'],['water'],[False],1,False,False
semeval14_train_01476,semeval14,train,"The food is mostly made from scratch , fresh and well prepared .",['food'],['Food'],['positive'],['food'],[False],1,False,False
semeval14_train_01477,semeval14,train,"Worse of all , $ 60 was erroneously added to our $ 80 bill .",['bill'],['General'],['negative'],['bill'],[False],1,False,False
semeval14_train_01478,semeval14,train,"NO more reservations , expensive tips and annoying stuff .",['reservations'],['General'],['positive'],['reservations'],[False],1,False,False
semeval14_train_01479,semeval14,train,"NO more reservations , expensive tips and annoying stuff .",['tips'],['General'],['positive'],['tips'],[False],1,False,False
semeval14_train_01480,semeval14,train,"NO more reservations , expensive tips and annoying stuff .",['stuff'],['General'],['positive'],['stuff'],[False],1,False,False
semeval14_train_01481,semeval14,train,Try the sea bass .,['sea bass'],['General'],['positive'],['sea bass'],[False],1,False,False
semeval14_train_01482,semeval14,train,$ 20 gets you unlimited sushi of a very high quality - I even took a friend here from Japan who said it was one of the best sushi places in the US that he has been to .,['sushi'],['General'],['positive'],['sushi'],[False],1,False,False
semeval14_train_01483,semeval14,train,$ 20 gets you unlimited sushi of a very high quality - I even took a friend here from Japan who said it was one of the best sushi places in the US that he has been to .,['sushi places'],['General'],['positive'],['sushi places'],[False],1,False,False
semeval14_train_01484,semeval14,train,$ 20 gets you unlimited sushi of a very high quality - I even took a friend here from Japan who said it was one of the best sushi places in the US that he has been to .,['quality'],['General'],['positive'],['quality'],[False],1,False,False
semeval14_train_01485,semeval14,train,Sushi was n't anything spectacular for the price .,['sushi'],['General'],['neutral'],['Sushi'],[False],1,False,False
semeval14_train_01486,semeval14,train,Sushi was n't anything spectacular for the price .,['price'],['Price'],['negative'],['price'],[False],1,False,False
semeval14_train_01487,semeval14,train,"During our meal , the management came over and checked on us and even bought us a round of drinks .",['management'],['General'],['positive'],['management'],[False],1,False,False
semeval14_train_01488,semeval14,train,"During our meal , the management came over and checked on us and even bought us a round of drinks .",['meal'],['General'],['neutral'],['meal'],[False],1,False,False
semeval14_train_01489,semeval14,train,"During our meal , the management came over and checked on us and even bought us a round of drinks .",['round of drinks'],['General'],['neutral'],['round of drinks'],[False],1,False,False
semeval14_train_01490,semeval14,train,"But they do n't have a toaster , which is strange .",['toaster'],['General'],['negative'],['toaster'],[False],1,False,False
semeval14_train_01491,semeval14,train,"So , for good food i 'd recommend it , but not for a fun night out .",['food'],['Food'],['positive'],['food'],[False],1,False,False
semeval14_train_01492,semeval14,train,The menu choices are similar but the taste lacked more flavor than it looked .,['taste'],['General'],['negative'],['taste'],[False],1,False,False
semeval14_train_01493,semeval14,train,The menu choices are similar but the taste lacked more flavor than it looked .,['menu choices'],['General'],['neutral'],['menu choices'],[False],1,False,False
semeval14_train_01494,semeval14,train,The menu choices are similar but the taste lacked more flavor than it looked .,['flavor'],['General'],['negative'],['flavor'],[False],1,False,False
semeval14_train_01495,semeval14,train,A must for all the Dosa lovers .,['dosa'],['General'],['positive'],['Dosa'],[False],1,False,False
semeval14_train_01496,semeval14,train,"The portions are HUGE , so it might be good to order three things to split -LRB- rather than one appetizer and entree per person -RRB- for two people .",['portions'],['General'],['positive'],['portions'],[False],1,False,False
semeval14_train_01497,semeval14,train,"The portions are HUGE , so it might be good to order three things to split -LRB- rather than one appetizer and entree per person -RRB- for two people .",['appetizer'],['General'],['neutral'],['appetizer'],[False],1,False,False
semeval14_train_01498,semeval14,train,"The portions are HUGE , so it might be good to order three things to split -LRB- rather than one appetizer and entree per person -RRB- for two people .",['entree'],['General'],['neutral'],['entree'],[False],1,False,False
semeval14_train_01499,semeval14,train,The appetizers are just OK and the main courses were decidedly subpar .,['appetizers'],['General'],['neutral'],['appetizers'],[False],1,False,False
semeval14_train_01500,semeval14,train,The appetizers are just OK and the main courses were decidedly subpar .,['main courses'],['General'],['negative'],['main courses'],[False],1,False,False
semeval14_train_01501,semeval14,train,Someone else recommended the dessert - we also left that .,['dessert'],['General'],['negative'],['dessert'],[False],1,False,False
semeval14_train_01502,semeval14,train,The exotic food is beautifully presented and is a delight in delicious combinations .,['exotic food'],['General'],['positive'],['exotic food'],[False],1,False,False
semeval14_train_01503,semeval14,train,The staff is very attentive and we can almost always get a table .,['staff'],['Service'],['positive'],['staff'],[False],1,False,False
semeval14_train_01504,semeval14,train,The staff is very attentive and we can almost always get a table .,['table'],['General'],['positive'],['table'],[False],1,False,False
semeval14_train_01505,semeval14,train,"Try the mediterranean salad , it is a true experience for your taste buds !!",['mediterranean salad'],['General'],['positive'],['mediterranean salad'],[False],1,False,False
semeval14_train_01506,semeval14,train,People are always friendly .,['people'],['General'],['positive'],['People'],[False],1,False,False
semeval14_train_01507,semeval14,train,The cream cheeses are out of this world and I love that coffee !!,['cream cheeses'],['General'],['positive'],['cream cheeses'],[False],1,False,False
semeval14_train_01508,semeval14,train,The cream cheeses are out of this world and I love that coffee !!,['coffee'],['General'],['positive'],['coffee'],[False],1,False,False
semeval14_train_01509,semeval14,train,"From the entrees to the sides to the drinks , everything was creatively prepared yet still simple .",['entrees'],['General'],['positive'],['entrees'],[False],1,False,False
semeval14_train_01510,semeval14,train,"From the entrees to the sides to the drinks , everything was creatively prepared yet still simple .",['sides'],['General'],['positive'],['sides'],[False],1,False,False
semeval14_train_01511,semeval14,train,"From the entrees to the sides to the drinks , everything was creatively prepared yet still simple .",['drinks'],['Food'],['positive'],['drinks'],[False],1,False,False
semeval14_train_01512,semeval14,train,Service was prompt and courteous .,['service'],['Service'],['positive'],['Service'],[False],1,False,False
semeval14_train_01513,semeval14,train,It was not above ordinary and the beef version had cheap -LRB- undercooked -RRB- beef .,['beef version'],['General'],['negative'],['beef version'],[False],1,False,False
semeval14_train_01514,semeval14,train,It was not above ordinary and the beef version had cheap -LRB- undercooked -RRB- beef .,['beef'],['General'],['negative'],['beef'],[False],1,False,False
semeval14_train_01515,semeval14,train,"Chance is a small cozy restaurant , with a romantic feel to it , the decor is great .",['decor'],['General'],['positive'],['decor'],[False],1,False,False
semeval14_train_01516,semeval14,train,"It was nice and fresh , but I ca n't give it high scores on being authentic thai .",['thai'],['General'],['negative'],['thai'],[False],1,False,False
semeval14_train_01517,semeval14,train,"Got club soda, filled with ice, no lime .","['club soda, filled with ice, no lime']",['General'],['neutral'],"['club soda, filled with ice, no lime']",[False],1,False,False
semeval14_train_01518,semeval14,train,"Only wine and beer are served , but the house varities are actually quite good .",['wine'],['General'],['neutral'],['wine'],[False],1,False,False
semeval14_train_01519,semeval14,train,"Only wine and beer are served , but the house varities are actually quite good .",['beer'],['General'],['neutral'],['beer'],[False],1,False,False
semeval14_train_01520,semeval14,train,"Only wine and beer are served , but the house varities are actually quite good .",['house varities'],['General'],['positive'],['house varities'],[False],1,False,False
semeval14_train_01521,semeval14,train,"Only wine and beer are served , but the house varities are actually quite good .",['served'],['General'],['negative'],['served'],[False],1,False,False
semeval14_train_01522,semeval14,train,This place must have cost the owners afortune to build .,['owners'],['General'],['neutral'],['owners'],[False],1,False,False
semeval14_train_01523,semeval14,train,This place must have cost the owners afortune to build .,['cost'],['General'],['negative'],['cost'],[False],1,False,False
semeval14_train_01524,semeval14,train,"Oh , and the complimentary pudding dessert was just enough - yummy !",['pudding dessert'],['General'],['positive'],['pudding dessert'],[False],1,False,False
semeval14_train_01525,semeval14,train,we split a tasty vegetable samosa and the malai tikka wrap .,['vegetable samosa'],['General'],['positive'],['vegetable samosa'],[False],1,False,False
semeval14_train_01526,semeval14,train,we split a tasty vegetable samosa and the malai tikka wrap .,['malai tikka wrap'],['General'],['positive'],['malai tikka wrap'],[False],1,False,False
semeval14_train_01527,semeval14,train,Knowledge of the chef and the waitress are below average .,['chef'],['General'],['negative'],['chef'],[False],1,False,False
semeval14_train_01528,semeval14,train,Knowledge of the chef and the waitress are below average .,['waitress'],['General'],['negative'],['waitress'],[False],1,False,False
semeval14_train_01529,semeval14,train,We were walking around the village and went into this place just for some drinks .,['drinks'],['Food'],['neutral'],['drinks'],[False],1,False,False
semeval14_train_01530,semeval14,train,Decent wine selection too .,['wine selection'],['General'],['positive'],['wine selection'],[False],1,False,False
semeval14_train_01531,semeval14,train,"It saves walking in and waiting for a table in the often noisy , crowded bar at dinnertime .",['bar'],['General'],['negative'],['bar'],[False],1,False,False
semeval14_train_01532,semeval14,train,"It saves walking in and waiting for a table in the often noisy , crowded bar at dinnertime .",['waiting'],['General'],['negative'],['waiting'],[False],1,False,False
semeval14_train_01533,semeval14,train,"It saves walking in and waiting for a table in the often noisy , crowded bar at dinnertime .",['table'],['General'],['negative'],['table'],[False],1,False,False
semeval14_train_01534,semeval14,train,I have to say I have never had a disapointing meal here .,['meal'],['General'],['positive'],['meal'],[False],1,False,False
semeval14_train_01535,semeval14,train,Mine was a little burnt but still delicious with goat cheese and panchetta -LRB- raddichio was kind of bitter though -RRB- .,['goat cheese'],['General'],['positive'],['goat cheese'],[False],1,False,False
semeval14_train_01536,semeval14,train,Mine was a little burnt but still delicious with goat cheese and panchetta -LRB- raddichio was kind of bitter though -RRB- .,['panchetta'],['General'],['positive'],['panchetta'],[False],1,False,False
semeval14_train_01537,semeval14,train,Mine was a little burnt but still delicious with goat cheese and panchetta -LRB- raddichio was kind of bitter though -RRB- .,['raddichio'],['General'],['negative'],['raddichio'],[False],1,False,False
semeval14_train_01538,semeval14,train,"Disappointing food , lousy service .",['food'],['Food'],['negative'],['food'],[False],1,False,False
semeval14_train_01539,semeval14,train,"Disappointing food , lousy service .",['service'],['Service'],['negative'],['service'],[False],1,False,False
semeval14_train_01540,semeval14,train,"If you want a casual neighborhood bistro that has great food and excellent service , this is the place .",['food'],['Food'],['positive'],['food'],[False],1,False,False
semeval14_train_01541,semeval14,train,"If you want a casual neighborhood bistro that has great food and excellent service , this is the place .",['service'],['Service'],['positive'],['service'],[False],1,False,False
semeval14_train_01542,semeval14,train,great place to go for a drink too because they have 100 kinds of beer .,['kinds of beer'],['General'],['positive'],['kinds of beer'],[False],1,False,False
semeval14_train_01543,semeval14,train,great place to go for a drink too because they have 100 kinds of beer .,['drink'],['General'],['neutral'],['drink'],[False],1,False,False
semeval14_train_01544,semeval14,train,"Over price , and small portions .",['price'],['Price'],['negative'],['price'],[False],1,False,False
semeval14_train_01545,semeval14,train,"Over price , and small portions .",['portions'],['General'],['negative'],['portions'],[False],1,False,False
semeval14_train_01546,semeval14,train,"Meanwhile , the bartender continued to pour champagne from his reserve after we had finished our bottle and we enjoyed an amuse of turnip soup with pureed basil , gratis .",['bartender'],['General'],['positive'],['bartender'],[False],1,False,False
semeval14_train_01547,semeval14,train,"Meanwhile , the bartender continued to pour champagne from his reserve after we had finished our bottle and we enjoyed an amuse of turnip soup with pureed basil , gratis .",['champagne'],['General'],['neutral'],['champagne'],[False],1,False,False
semeval14_train_01548,semeval14,train,"Meanwhile , the bartender continued to pour champagne from his reserve after we had finished our bottle and we enjoyed an amuse of turnip soup with pureed basil , gratis .",['turnip soup with pureed basil'],['General'],['positive'],['turnip soup with pureed basil'],[False],1,False,False
semeval14_train_01549,semeval14,train,The food was well prepared and the service impecable .,['food'],['Food'],['positive'],['food'],[False],1,False,False
semeval14_train_01550,semeval14,train,The food was well prepared and the service impecable .,['service'],['Service'],['positive'],['service'],[False],1,False,False
semeval14_train_01551,semeval14,train,"BUt their best dish is thh Thai spiced curry noodles with shrimp - a dish that would cost $ 23.95 is most places , but it is $ 16 here .",['dish'],['General'],['positive'],['dish'],[False],1,False,False
semeval14_train_01552,semeval14,train,"BUt their best dish is thh Thai spiced curry noodles with shrimp - a dish that would cost $ 23.95 is most places , but it is $ 16 here .",['thai spiced curry noodles with shrimp'],['General'],['positive'],['Thai spiced curry noodles with shrimp'],[False],1,False,False
semeval14_train_01553,semeval14,train,"BUt their best dish is thh Thai spiced curry noodles with shrimp - a dish that would cost $ 23.95 is most places , but it is $ 16 here .",['dish'],['General'],['positive'],['dish'],[False],1,False,False
semeval14_train_01554,semeval14,train,"BUt their best dish is thh Thai spiced curry noodles with shrimp - a dish that would cost $ 23.95 is most places , but it is $ 16 here .",['cost'],['General'],['positive'],['cost'],[False],1,False,False
semeval14_train_01555,semeval14,train,"Good , dark atmosphere and the music is a nice touch .",['atmosphere'],['General'],['positive'],['atmosphere'],[False],1,False,False
semeval14_train_01556,semeval14,train,"Good , dark atmosphere and the music is a nice touch .",['music'],['General'],['positive'],['music'],[False],1,False,False
semeval14_train_01557,semeval14,train,"My husband said the portions were very small , but if my main course was good to eat the portion would 've been fine for me .",['portions'],['General'],['negative'],['portions'],[False],1,False,False
semeval14_train_01558,semeval14,train,"My husband said the portions were very small , but if my main course was good to eat the portion would 've been fine for me .",['portion'],['General'],['positive'],['portion'],[False],1,False,False
semeval14_train_01559,semeval14,train,"My husband said the portions were very small , but if my main cours e was good to eat the portion would 've been fine for me .",['main cours'],['General'],['negative'],['main cours'],[False],1,False,False
semeval14_train_01560,semeval14,train,But the thai is definitely not great -- bland and indistinguished .,['thai'],['General'],['negative'],['thai'],[False],1,False,False
semeval14_train_01561,semeval14,train,"Great for groups , great for a date , great for early brunch or a nightcap .",['brunch'],['General'],['positive'],['brunch'],[False],1,False,False
semeval14_train_01562,semeval14,train,"Great for groups , great for a date , great for early brunch or a nightcap .",['nightcap'],['General'],['positive'],['nightcap'],[False],1,False,False
semeval14_train_01563,semeval14,train,Our friendly server made great food suggestions and also sent both the sommelier and the fromager to the table to help suggest different pairings for wine and cheese .,['food suggestions'],['General'],['positive'],['food suggestions'],[False],1,False,False
semeval14_train_01564,semeval14,train,Our friendly server made great food suggestions and also sent both the sommelier and the fromager to the table to help suggest different pairings for wine and cheese .,['server'],['General'],['positive'],['server'],[False],1,False,False
semeval14_train_01565,semeval14,train,Our friendly server made great food suggestions and also sent both the sommelier and the fromager to the table to help suggest different pairings for wine and cheese .,['sommelier'],['General'],['positive'],['sommelier'],[False],1,False,False
semeval14_train_01566,semeval14,train,Our friendly server made great food suggestions and also sent both the sommelier and the fromager to the table to help suggest different pairings for wine and cheese .,['fromager'],['General'],['positive'],['fromager'],[False],1,False,False
semeval14_train_01567,semeval14,train,Our friendly server made great food suggestions and also sent both the sommelier and the fromager to the table to help suggest different pairings for wine and cheese .,['wine'],['General'],['neutral'],['wine'],[False],1,False,False
semeval14_train_01568,semeval14,train,Our friendly server made great food suggestions and also sent both the sommelier and the fromager to the table to help suggest different pairings for wine and cheese .,['cheese'],['General'],['neutral'],['cheese'],[False],1,False,False
semeval14_train_01569,semeval14,train,"Because we did n't have a reservation , we could only sit in the back garden , but it was great , secluded and perfect in nice weather .",['back garden'],['General'],['positive'],['back garden'],[False],1,False,False
semeval14_train_01570,semeval14,train,"Because we did n't have a reservation , we could only sit in the back garden , but it was great , secluded and perfect in nice weather .",['reservation'],['General'],['negative'],['reservation'],[False],1,False,False
semeval14_train_01571,semeval14,train,Stuffing yourself with Japanese food is a rare thing .,['japanese food'],['General'],['neutral'],['Japanese food'],[False],1,False,False
semeval14_train_01572,semeval14,train,While the food was good -LRB- certainly no Il Mulino -RRB- the service was horrendous .,['food'],['Food'],['positive'],['food'],[False],1,False,False
semeval14_train_01573,semeval14,train,While the food was good -LRB- certainly no Il Mulino -RRB- the service was horrendous .,['service'],['Service'],['negative'],['service'],[False],1,False,False
semeval14_train_01574,semeval14,train,Service is not what one would expect from a joint in this price category .,['service'],['Service'],['negative'],['Service'],[False],1,False,False
semeval14_train_01575,semeval14,train,Service is not what one would expect from a joint in this price category .,['price category'],['General'],['negative'],['price category'],[False],1,False,False
semeval14_train_01576,semeval14,train,Our family never expected such incredible entertainment in a restaurant .,['entertainment'],['General'],['positive'],['entertainment'],[False],1,False,False
semeval14_train_01577,semeval14,train,i would recommend reservations on weekends though .,['reservations'],['General'],['neutral'],['reservations'],[False],1,False,False
semeval14_train_01578,semeval14,train,Great pizza for lunch place .,['pizza'],['General'],['positive'],['pizza'],[False],1,False,False
semeval14_train_01579,semeval14,train,The food was very expensive -LRB- we spent $ 160 for lunch for two -RRB- but extremely tasty .,['lunch'],['General'],['negative'],['lunch'],[False],1,False,False
semeval14_train_01580,semeval14,train,We were a group of 8 and well seved .,['seved'],['General'],['positive'],['seved'],[False],1,False,False
semeval14_train_01581,semeval14,train,"The signs , the specials menus , food , and even all the waitstaff are ALL TOTALLY Japanese .",['signs'],['General'],['positive'],['signs'],[False],1,False,False
semeval14_train_01582,semeval14,train,"The signs , the specials menus , food , and even all the waitstaff are ALL TOTALLY Japanese .",['specials menus'],['General'],['positive'],['specials menus'],[False],1,False,False
semeval14_train_01583,semeval14,train,"The signs , the specials menus , food , and even all the waitstaff are ALL TOTALLY Japanese .",['food'],['Food'],['positive'],['food'],[False],1,False,False
semeval14_train_01584,semeval14,train,"The signs , the specials menus , food , and even all the waitstaff are ALL TOTALLY Japanese .",['waitstaff'],['General'],['positive'],['waitstaff'],[False],1,False,False
semeval14_train_01585,semeval14,train,"I LOVE their spicy scallop roll , and my boyfriend consistently gets the sesame chicken .",['scallop roll'],['General'],['positive'],['scallop roll'],[False],1,False,False
semeval14_train_01586,semeval14,train,"I LOVE their spicy scallop roll , and my boyfriend consistently gets the sesame chicken .",['sesame chicken'],['General'],['positive'],['sesame chicken'],[False],1,False,False
semeval14_train_01587,semeval14,train,"I 'm no food critic , but I 'd like to think I have a tiny bit of experience under my belt having lived in NY for the last 11 years .",['food'],['Food'],['neutral'],['food'],[False],1,False,False
semeval14_train_01588,semeval14,train,I noted it was crossed off on the bill .,['bill'],['General'],['neutral'],['bill'],[False],1,False,False
semeval14_train_01589,semeval14,train,Best dish is nori-wrapped tuna .,['nori-wrapped tuna'],['General'],['positive'],['nori-wrapped tuna'],[False],1,False,False
semeval14_train_01590,semeval14,train,Best dish is nori-wrapped tuna .,['dish'],['General'],['positive'],['dish'],[False],1,False,False
semeval14_train_01591,semeval14,train,The food was absolutely amazing !!,['food'],['Food'],['positive'],['food'],[False],1,False,False
semeval14_train_01592,semeval14,train,Some servers make you feel like they are doing you a favor to bring you the food .,['servers'],['General'],['negative'],['servers'],[False],1,False,False
semeval14_train_01593,semeval14,train,Some servers make you feel like they are doing you a favor to bring you the food .,['food'],['Food'],['neutral'],['food'],[False],1,False,False
semeval14_train_01594,semeval14,train,"An excellent alternative to fast food joints and ordering in but , the food was slightly disappointing .",['fast food'],['General'],['negative'],['fast food'],[False],1,False,False
semeval14_train_01595,semeval14,train,"An excellent alternative to fast food joints and ordering in but , the food was slightly disappointing .",['food'],['Food'],['negative'],['food'],[False],1,False,False
semeval14_train_01596,semeval14,train,Mermaid Inn is an overall good restaurant with really good seafood .,['seafood'],['General'],['positive'],['seafood'],[False],1,False,False
semeval14_train_01597,semeval14,train,The staff is also attentive and friendly .,['staff'],['Service'],['positive'],['staff'],[False],1,False,False
semeval14_train_01598,semeval14,train,The all you can eat deal is truly amazing here .,['all you can eat deal'],['General'],['positive'],['all you can eat deal'],[False],1,False,False
semeval14_train_01599,semeval14,train,"That is a problem since we paid about 20 bucks a dish , and had to order 5 dishes to get a decent taste .",['dish'],['General'],['negative'],['dish'],[False],1,False,False
semeval14_train_01600,semeval14,train,"That is a problem since we paid about 20 bucks a dish , and had to order 5 dishes to get a decent taste .",['taste'],['General'],['neutral'],['taste'],[False],1,False,False
semeval14_train_01601,semeval14,train,"That is a problem since we paid about 20 bucks a dish , and had to order 5 dishes to get a decent taste .",['dishes'],['General'],['negative'],['dishes'],[False],1,False,False
semeval14_train_01602,semeval14,train,They were such a rip-off -LRB- $ 8.95 for four small meat patties in steamed buns -RRB- and not worth trying .,['meat patties in steamed buns'],['General'],['negative'],['meat patties in steamed buns'],[False],1,False,False
semeval14_train_01603,semeval14,train,All of the pizzas are terrific and the price is even better !,['pizzas'],['General'],['positive'],['pizzas'],[False],1,False,False
semeval14_train_01604,semeval14,train,All of the pizzas are terrific and the price is even better !,['price'],['Price'],['positive'],['price'],[False],1,False,False
semeval14_train_01605,semeval14,train,"It is about FOOD and Ambiance , and imagine how dreadful it will be it we only had to listen to an idle engine .",['food'],['Food'],['negative'],['FOOD'],[False],1,False,False
semeval14_train_01606,semeval14,train,"It is about FOOD and Ambiance , and imagine how dreadful it will be it we only had to listen to an idle engine .",['ambiance'],['General'],['negative'],['Ambiance'],[False],1,False,False
semeval14_train_01607,semeval14,train,The food was good too .,['food'],['Food'],['positive'],['food'],[False],1,False,False
semeval14_train_01608,semeval14,train,"Immediately after we paid , the waiter took the money and said , okay , you guys are outta here .",['waiter'],['General'],['negative'],['waiter'],[False],1,False,False
semeval14_train_01609,semeval14,train,The dining room is quietly elegant with no music to shout over -- how refreshing !,['dining room'],['General'],['positive'],['dining room'],[False],1,False,False
semeval14_train_01610,semeval14,train,The dining room is quietly elegant with no music to shout over -- how refreshing !,['music'],['General'],['positive'],['music'],[False],1,False,False
semeval14_train_01611,semeval14,train,"Admittedly , this is not the place for gigantic pieces of fish overflowing the plate -LRB- and thank goodness , in my opinion -RRB- but for simple , elegant sushi there is no better place in New York or anywhere in the US .",['sushi'],['General'],['positive'],['sushi'],[False],1,False,False
semeval14_train_01612,semeval14,train,"Admittedly , this is not the place for gigantic pieces of fish overflowing the plate -LRB- and thank goodness , in my opinion -RRB- but for simple , elegant sushi there is no better place in New York or anywhere in the US .",['fish'],['General'],['neutral'],['fish'],[False],1,False,False
semeval14_train_01613,semeval14,train,The menu seemed to have a wide variety of dishes for seafood lovers and interesting ways of preparing them .,['menu'],['General'],['positive'],['menu'],[False],1,False,False
semeval14_train_01614,semeval14,train,The menu seemed to have a wide variety of dishes for seafood lovers and interesting ways of preparing them .,['variety of dishes'],['General'],['positive'],['variety of dishes'],[False],1,False,False
semeval14_train_01615,semeval14,train,The menu seemed to have a wide variety of dishes for seafood lovers and interesting ways of preparing them .,['seafood'],['General'],['positive'],['seafood'],[False],1,False,False
semeval14_train_01616,semeval14,train,The white bean brushetta to start was incredible and the pasta was phenomenal .,['white bean brushetta'],['General'],['positive'],['white bean brushetta'],[False],1,False,False
semeval14_train_01617,semeval14,train,The white bean brushetta to start was incredible and the pasta was phenomenal .,['pasta'],['General'],['positive'],['pasta'],[False],1,False,False
semeval14_train_01618,semeval14,train,The rest of the menu is limited by everything is good eats .,['eats'],['General'],['positive'],['eats'],[False],1,False,False
semeval14_train_01619,semeval14,train,The menu is nothing like the one on the website .,['menu'],['General'],['negative'],['menu'],[False],1,False,False
semeval14_train_01620,semeval14,train,"Great food , great lay out and awesome service .",['food'],['Food'],['positive'],['food'],[False],1,False,False
semeval14_train_01621,semeval14,train,"Great food , great lay out and awesome service .",['lay out'],['General'],['positive'],['lay out'],[False],1,False,False
semeval14_train_01622,semeval14,train,"Great food , great lay out and awesome service .",['service'],['Service'],['positive'],['service'],[False],1,False,False
semeval14_train_01623,semeval14,train,Ive asked a cart attendant for a lotus leaf wrapped rice and she replied back rice and just walked away .,['cart attendant'],['General'],['negative'],['cart attendant'],[False],1,False,False
semeval14_train_01624,semeval14,train,Ive asked a cart attendant for a lotus leaf wrapped rice and she replied back rice and just walked away .,['lotus leaf wrapped rice'],['General'],['neutral'],['lotus leaf wrapped rice'],[False],1,False,False
semeval14_train_01625,semeval14,train,Ive asked a cart attendant for a lotus leaf wrapped rice and she replied back rice and just walked away .,['rice'],['General'],['neutral'],['rice'],[False],1,False,False
semeval14_train_01626,semeval14,train,We walked in on a Wednesday night and were seated promptly .,['seated'],['General'],['positive'],['seated'],[False],1,False,False
semeval14_train_01627,semeval14,train,"The wait staff is very freindly , they make it feel like you 're eating in a freindly little european town .",['wait staff'],['General'],['positive'],['wait staff'],[False],1,False,False
semeval14_train_01628,semeval14,train,"The waitstaff are all very busy , it 's not outstanding service , but I 've never been dealt with rudely .",['waitstaff'],['General'],['negative'],['waitstaff'],[False],1,False,False
semeval14_train_01629,semeval14,train,I have lived in Japan for 7 years and the taste of the food and the feel of the restaurant is like being back in Japan .,['food'],['Food'],['positive'],['food'],[False],1,False,False
semeval14_train_01630,semeval14,train,I have lived in Japan for 7 years and the taste of the food and the feel of the restaurant is like being back in Japan .,['feel'],['General'],['positive'],['feel'],[False],1,False,False
semeval14_train_01631,semeval14,train,I have lived in Japan for 7 years and the taste of the food and the feel of the restaurant is like being back in Japan .,['taste'],['General'],['positive'],['taste'],[False],1,False,False
semeval14_train_01632,semeval14,train,"They have it all -- great price , food , and service .",['price'],['Price'],['positive'],['price'],[False],1,False,False
semeval14_train_01633,semeval14,train,"They have it all -- great price , food , and service .",['food'],['Food'],['positive'],['food'],[False],1,False,False
semeval14_train_01634,semeval14,train,"They have it all -- great price , food , and service .",['service'],['Service'],['positive'],['service'],[False],1,False,False
semeval14_train_01635,semeval14,train,"The flavors are great , and the menu is extensive .",['flavors'],['General'],['positive'],['flavors'],[False],1,False,False
semeval14_train_01636,semeval14,train,"The flavors are great , and the menu is extensive .",['menu'],['General'],['positive'],['menu'],[False],1,False,False
semeval14_train_01637,semeval14,train,"The food was amazing , the service was so attentive and personable , and how about that ambience !",['food'],['Food'],['positive'],['food'],[False],1,False,False
semeval14_train_01638,semeval14,train,"The food was amazing , the service was so attentive and personable , and how about that ambience !",['service'],['Service'],['positive'],['service'],[False],1,False,False
semeval14_train_01639,semeval14,train,"The food was amazing , the service was so attentive and personable , and how about that ambience !",['ambience'],['Ambience'],['positive'],['ambience'],[False],1,False,False
semeval14_train_01640,semeval14,train,"This place has the best interior I have seen anywhere in the northside of W'burg , and will impress whoever you bring there .",['interior'],['General'],['positive'],['interior'],[False],1,False,False
semeval14_train_01641,semeval14,train,"This place has the best interior I have seen anywhere in the northside of W'burg , and will impress whoever you bring there .",['place'],['General'],['positive'],['place'],[False],1,False,False
semeval14_train_01642,semeval14,train,The food has been consistant for years and it never lets you down .,['food'],['Food'],['positive'],['food'],[False],1,False,False
semeval14_train_01643,semeval14,train,I found the variety of the sashimi plate to be satisfying - fresh and yummy .,['sashimi plate'],['General'],['positive'],['sashimi plate'],[False],1,False,False
semeval14_train_01644,semeval14,train,"And forget what you read under me , the atmosphere is n't that bad either .",['atmosphere'],['General'],['neutral'],['atmosphere'],[False],1,False,False
semeval14_train_01645,semeval14,train,"We could n't carry our conversation as we were routinely interrupted by waitress and servants asking us to order and hinting that we 're taking too much time -- amazing , we just sat down .",['waitress'],['General'],['negative'],['waitress'],[False],1,False,False
semeval14_train_01646,semeval14,train,"We could n't carry our conversation as we were routinely interrupted by waitress and servants asking us to order and hinting that we 're taking too much time -- amazing , we just sat down .",['servants'],['General'],['negative'],['servants'],[False],1,False,False
semeval14_train_01647,semeval14,train,sometimes i get good food and ok service .,['food'],['Food'],['positive'],['food'],[False],1,False,False
semeval14_train_01648,semeval14,train,sometimes i get good food and ok service .,['service'],['Service'],['neutral'],['service'],[False],1,False,False
semeval14_train_01649,semeval14,train,"It 's a place for people who pay a lot for mediocre food , noise and a chance to be with their fellow bridge and tunnel folks .",['food'],['Food'],['neutral'],['food'],[False],1,False,False
semeval14_train_01650,semeval14,train,"It 's a place for people who pay a lot for mediocre food , noise and a chance to be with their fellow bridge and tunnel folks .",['noise'],['General'],['negative'],['noise'],[False],1,False,False
semeval14_train_01651,semeval14,train,"After complaining about the chicken dish , the manager came over to tell us that , no one had ever complained before , and that we just did n't know what the dish was supposed to taste like .",['chicken dish'],['General'],['negative'],['chicken dish'],[False],1,False,False
semeval14_train_01652,semeval14,train,"After complaining about the chicken dish , the manager came over to tell us that , no one had ever complained before , and that we just did n't know what the dish was supposed to taste like .",['manager'],['General'],['negative'],['manager'],[False],1,False,False
semeval14_train_01653,semeval14,train,"After complaining about the chicken dish , the manager came over to tell us that , no one had ever complained before , and that we just did n't know what the dish was supposed to taste like .",['dish'],['General'],['neutral'],['dish'],[False],1,False,False
semeval14_train_01654,semeval14,train,The food was spicy and delicious .,['food'],['Food'],['positive'],['food'],[False],1,False,False
semeval14_train_01655,semeval14,train,Went for a late weekday lunch .,['lunch'],['General'],['neutral'],['lunch'],[False],1,False,False
semeval14_train_01656,semeval14,train,Bartender was unable to tear himself away from friends at bar .,['bartender'],['General'],['negative'],['Bartender'],[False],1,False,False
semeval14_train_01657,semeval14,train,Bartender was unable to tear himself away from friends at bar .,['bar'],['General'],['neutral'],['bar'],[False],1,False,False
semeval14_train_01658,semeval14,train,"Anyways , if you 're in the neighborhood to eat good food , I would n't waste my time trying to find something , rather go across the street to Tamari .",['food'],['Food'],['positive'],['food'],[False],1,False,False
semeval14_train_01659,semeval14,train,Dahkin also offers prix fixe lunch and buffet .,['prix fixe lunch'],['General'],['positive'],['prix fixe lunch'],[False],1,False,False
semeval14_train_01660,semeval14,train,Dahkin also offers prix fixe lunch and buffet .,['buffet'],['General'],['positive'],['buffet'],[False],1,False,False
semeval14_train_01661,semeval14,train,This was my frist time at Cafe St. Bart 's and I must say how delicous the food and the service was .,['food'],['Food'],['positive'],['food'],[False],1,False,False
semeval14_train_01662,semeval14,train,This was my frist time at Cafe St. Bart 's and I must say how delicous the food and the service was .,['service'],['Service'],['positive'],['service'],[False],1,False,False
semeval14_train_01663,semeval14,train,Went on a double date with friend and his girlfriend for a few drinks and appetizers .,['drinks'],['Food'],['neutral'],['drinks'],[False],1,False,False
semeval14_train_01664,semeval14,train,Went on a double date with friend and his girlfriend for a few drinks and appetizers .,['appetizers'],['General'],['neutral'],['appetizers'],[False],1,False,False
semeval14_train_01665,semeval14,train,Great place to grab a hot bagel on the way to work .,['hot bagel'],['General'],['positive'],['hot bagel'],[False],1,False,False
semeval14_train_01666,semeval14,train,"It 's like they took leftover chicken , poured oil and sprinkled pepper powder over it -LRB- the sauce was translucent and red -RRB- .",['chicken'],['General'],['negative'],['chicken'],[False],1,False,False
semeval14_train_01667,semeval14,train,"It 's like they took leftover chicken , poured oil and sprinkled pepper powder over it -LRB- the sauce was translucent and red -RRB- .",['oil'],['General'],['neutral'],['oil'],[False],1,False,False
semeval14_train_01668,semeval14,train,"It 's like they took leftover chicken , poured oil and sprinkled pepper powder over it -LRB- the sauce was translucent and red -RRB- .",['pepper powder'],['General'],['neutral'],['pepper powder'],[False],1,False,False
semeval14_train_01669,semeval14,train,"It 's like they took leftover chicken , poured oil and sprinkled pepper powder over it -LRB- the sauce was translucent and red -RRB- .",['sauce'],['General'],['negative'],['sauce'],[False],1,False,False
semeval14_train_01670,semeval14,train,"One would think we 'd get an apology or complimentary drinks - instead , we got a snobby waiter would n't even take our order for 15 minutes and gave us lip when we asked him to do so .",['waiter'],['General'],['negative'],['waiter'],[False],1,False,False
semeval14_train_01671,semeval14,train,"One would think we 'd get an apology or complimentary drinks - instead , we got a snobby waiter would n't even take our order for 15 minutes and gave us lip when we asked him to do so .",['drinks'],['Food'],['neutral'],['drinks'],[False],1,False,False
semeval14_train_01672,semeval14,train,"We actually gave 10 % tip -LRB- which we have never done despite mediocre food and service -RRB- , because we felt totally ripped off .",['food'],['Food'],['neutral'],['food'],[False],1,False,False
semeval14_train_01673,semeval14,train,"We actually gave 10 % tip -LRB- which we have never done despite mediocre food and service -RRB- , because we felt totally ripped off .",['service'],['Service'],['neutral'],['service'],[False],1,False,False
semeval14_train_01674,semeval14,train,"We actually gave 10 % tip -LRB- which we have never done despite mediocre food and service -RRB- , because we felt totally ripped off .",['tip'],['General'],['negative'],['tip'],[False],1,False,False
semeval14_train_01675,semeval14,train,We were looking forward to nice glass of Sangria when we arrived .,['glass of sangria'],['General'],['positive'],['glass of Sangria'],[False],1,False,False
semeval14_train_01676,semeval14,train,I would highly recommand requesting a table by the window .,['table by the window'],['General'],['positive'],['table by the window'],[False],1,False,False
semeval14_train_01677,semeval14,train,"While we enjoyed the food , we were highly disappointed by the poor service -LRB- waiter was not quite competent and SLOW service -RRB- and lack of remorse .",['food'],['Food'],['positive'],['food'],[False],1,False,False
semeval14_train_01678,semeval14,train,"While we enjoyed the food , we were highly disappointed by the poor service -LRB- waiter was not quite competent and SLOW service -RRB- and lack of remorse .",['service'],['Service'],['negative'],['service'],[False],1,False,False
semeval14_train_01679,semeval14,train,"While we enjoyed the food , we were highly disappointed by the poor service -LRB- waiter was not quite competent and SLOW service -RRB- and lack of remorse .",['waiter'],['General'],['negative'],['waiter'],[False],1,False,False
semeval14_train_01680,semeval14,train,"While we enjoyed the food , we were highly disappointed by the poor service -LRB- waiter was not quite competent and SLOW service -RRB- and lack of remorse .",['service'],['Service'],['negative'],['service'],[False],1,False,False
semeval14_train_01681,semeval14,train,"The service , however , was a bright flower in a garden .",['service'],['Service'],['positive'],['service'],[False],1,False,False
semeval14_train_01682,semeval14,train,We 've been to Grocery three times and not once has an item on the menu disappointed .,['menu'],['General'],['positive'],['menu'],[False],1,False,False
semeval14_train_01683,semeval14,train,"The food is very good too but for the most part , it 's just regular food , nothing special .",['food'],['Food'],['positive'],['food'],[False],1,False,False
semeval14_train_01684,semeval14,train,"The food is very good too but for the most part , it 's just regular food , nothing special .",['food'],['Food'],['neutral'],['food'],[False],1,False,False
semeval14_train_01685,semeval14,train,A touch more jalapeno heat for contrast and it would have been very good indeed .,['jalapeno'],['General'],['positive'],['jalapeno'],[False],1,False,False
semeval14_train_01686,semeval14,train,Tried the pad see ew on the recommendation of the last reviewer since it 's one of my favorite dishes .,['pad see ew'],['General'],['neutral'],['pad see ew'],[False],1,False,False
semeval14_train_01687,semeval14,train,Tried the pad see ew on the recommendation of the last reviewer since it 's one of my favorite dishes .,['dishes'],['General'],['positive'],['dishes'],[False],1,False,False
semeval14_train_01688,semeval14,train,"We ate out in the back patio , which is worth it as it 's cool and the music is hear well there .",['back patio'],['General'],['positive'],['back patio'],[False],1,False,False
semeval14_train_01689,semeval14,train,"We ate out in the back patio , which is worth it as it 's cool and the music is hear well there .",['music'],['General'],['positive'],['music'],[False],1,False,False
semeval14_train_01690,semeval14,train,The location is perfect .,['location'],['General'],['positive'],['location'],[False],1,False,False
semeval14_train_01691,semeval14,train,"Guacamole+shrimp appetizer was really great , we both had the filet , very good , did n't much like the frites that came with , but the filet was so good , neither of us cared .",['guacamole+shrimp appetizer'],['General'],['positive'],['Guacamole+shrimp appetizer'],[False],1,False,False
semeval14_train_01692,semeval14,train,"Guacamole + shrimp appetizer was really great , we both had the filet , very good , did n't much like the frites that came with , but the filet was so good , neither of us cared .",['filet'],['General'],['positive'],['filet'],[False],1,False,False
semeval14_train_01693,semeval14,train,"Guacamole + shrimp appetizer was really great , we both had the filet , very good , did n't much like the frites that came with , but the filet was so good , neither of us cared .",['frites'],['General'],['negative'],['frites'],[False],1,False,False
semeval14_train_01694,semeval14,train,"Guacamole + shrimp appetizer was really great , we both had the filet , very good , did n't much like the frites that came with , but the filet was so good , neither of us cared .",['filet'],['General'],['positive'],['filet'],[False],1,False,False
semeval14_train_01695,semeval14,train,The lunch special is an asbolute steal .,['lunch special'],['General'],['positive'],['lunch special'],[False],1,False,False
semeval14_train_01696,semeval14,train,This food is asian-air fusion .,['food'],['Food'],['neutral'],['food'],[False],1,False,False
semeval14_train_01697,semeval14,train,Nothing fancy but really good food with pretty reasonable price .,['food'],['Food'],['positive'],['food'],[False],1,False,False
semeval14_train_01698,semeval14,train,Nothing fancy but really good food with pretty reasonable price .,['price'],['Price'],['positive'],['price'],[False],1,False,False
semeval14_train_01699,semeval14,train,"The chicken pot pie is excpetiona , the cheeseburger huge and delictable , and the service professional wan warm .",['the chicken pot pie'],['General'],['positive'],['The chicken pot pie'],[False],1,False,False
semeval14_train_01700,semeval14,train,"The chicken pot pie is excpetiona , the cheeseburger huge and delictable , and the service professional wan warm .",['cheeseburger'],['General'],['positive'],['cheeseburger'],[False],1,False,False
semeval14_train_01701,semeval14,train,"The chicken pot pie is excpetiona , the cheeseburger huge and delictable , and the service professional wan warm .",['service'],['Service'],['positive'],['service'],[False],1,False,False
semeval14_train_01702,semeval14,train,"While I quite liked the food and the ambience , I 'm not quite sure if it they really deserve it the Michelin rating they have displayed so prooudly in the window .",['food'],['Food'],['positive'],['food'],[False],1,False,False
semeval14_train_01703,semeval14,train,"While I quite liked the food and the ambience , I 'm not quite sure if it they really deserve it the Michelin rating they have displayed so prooudly in the window .",['ambience'],['Ambience'],['positive'],['ambience'],[False],1,False,False
semeval14_train_01704,semeval14,train,Once for dinner and once for brunch .,['dinner'],['General'],['neutral'],['dinner'],[False],1,False,False
semeval14_train_01705,semeval14,train,Once for dinner and once for brunch .,['brunch'],['General'],['neutral'],['brunch'],[False],1,False,False
semeval14_train_01706,semeval14,train,Not worth the prices .,['prices'],['General'],['negative'],['prices'],[False],1,False,False
semeval14_train_01707,semeval14,train,From the moment you enter till the moment you walk out the friendly and helpful staff was was just Fantastic .,['staff'],['Service'],['positive'],['staff'],[False],1,False,False
semeval14_train_01708,semeval14,train,Service was good and food is wonderful .,['service'],['Service'],['positive'],['Service'],[False],1,False,False
semeval14_train_01709,semeval14,train,Service was good and food is wonderful .,['food'],['Food'],['positive'],['food'],[False],1,False,False
semeval14_train_01710,semeval14,train,She gets 10 for her excellent service and advice .,['service'],['Service'],['positive'],['service'],[False],1,False,False
semeval14_train_01711,semeval14,train,The restaurant is a bit noisy but that is something that can be overlooked once you sit down and enjoy a great meal,['meal'],['General'],['positive'],['meal'],[False],1,False,False
semeval14_train_01712,semeval14,train,"being a fan of spicy ethnic foods , indian included , i made friends with this place long ago .",['spicy ethnic foods'],['General'],['positive'],['spicy ethnic foods'],[False],1,False,False
semeval14_train_01713,semeval14,train,And I say snacking because it really is not set up to be a proper dinner .,['dinner'],['General'],['negative'],['dinner'],[False],1,False,False
semeval14_train_01714,semeval14,train,And I say snacking because it really is not set up to be a proper dinner .,['snacking'],['General'],['neutral'],['snacking'],[False],1,False,False
semeval14_train_01715,semeval14,train,The quality of food at this restaurant accompanied by fantastic live jazz makes this place a perfect 10 !,['quality of food'],['General'],['positive'],['quality of food'],[False],1,False,False
semeval14_train_01716,semeval14,train,The quality of food at this restaurant accompanied by fantastic live jazz makes this place a perfect 10 !,['live jazz'],['General'],['positive'],['live jazz'],[False],1,False,False
semeval14_train_01717,semeval14,train,"I have eaten at Saul , many times , the food is always consistently , outrageously good .",['food'],['Food'],['positive'],['food'],[False],1,False,False
semeval14_train_01718,semeval14,train,-LRB- Always ask the bartender for the SEASONAL beer !!!,['seasonal beer'],['General'],['positive'],['SEASONAL beer'],[False],1,False,False
semeval14_train_01719,semeval14,train,-LRB- Always ask the bartender for the SEASONAL beer !!!,['bartender'],['General'],['neutral'],['bartender'],[False],1,False,False
semeval14_train_01720,semeval14,train,"If your visiting , you 'll enjoy the ambiance and the fact that it 's in Time Sq. . .",['ambiance'],['General'],['positive'],['ambiance'],[False],1,False,False
semeval14_train_01721,semeval14,train,"We were on our way back to NJ , and since I am in NY , we figured why not grab some food ?",['food'],['Food'],['neutral'],['food'],[False],1,False,False
semeval14_train_01722,semeval14,train,Service and food is what any one would expect when spending that type of money .,['service'],['Service'],['neutral'],['Service'],[False],1,False,False
semeval14_train_01723,semeval14,train,Service and food is what any one would expect when spending that type of money .,['food'],['Food'],['neutral'],['food'],[False],1,False,False
semeval14_train_01724,semeval14,train,LOVE the atmosphere - felt like I was in Paris .,['atmosphere'],['General'],['positive'],['atmosphere'],[False],1,False,False
semeval14_train_01725,semeval14,train,Every course was better than the next .,['course'],['General'],['positive'],['course'],[False],1,False,False
semeval14_train_01726,semeval14,train,The staff is incredibly helpful and attentive .,['staff'],['Service'],['positive'],['staff'],[False],1,False,False
semeval14_train_01727,semeval14,train,"If presentation and service is your thing , then this magic show works .",['service'],['Service'],['positive'],['service'],[False],1,False,False
semeval14_train_01728,semeval14,train,"Apparently , the good cook works then .",['cook'],['General'],['positive'],['cook'],[False],1,False,False
semeval14_train_01729,semeval14,train,The Yellowtail was particularly good as well .,['yellowtail'],['General'],['positive'],['Yellowtail'],[False],1,False,False
semeval14_train_01730,semeval14,train,I ate clams oreganta and spectacular salad with perfectly marinated cucumbers and tomatoes with lots of shrimp and basil .,['clams oreganta'],['General'],['positive'],['clams oreganta'],[False],1,False,False
semeval14_train_01731,semeval14,train,I ate clams oreganta and spectacular salad with perfectly marinated cucumbers and tomatoes with lots of shrimp and basil .,['salad with perfectly marinated cucumbers and tomatoes with lots of shrimp and basil'],['General'],['positive'],['salad with perfectly marinated cucumbers and tomatoes with lots of shrimp and basil'],[False],1,False,False
semeval14_train_01732,semeval14,train,"The menu changed , portions were even smaller than before , a lentil dish was salty beyond edibility , a basmati rice dish lacked flavor .",['menu'],['General'],['negative'],['menu'],[False],1,False,False
semeval14_train_01733,semeval14,train,"The menu changed , portions were even smaller than before , a lentil dish was salty beyond edibility , a basmati rice dish lacked flavor .",['portions'],['General'],['negative'],['portions'],[False],1,False,False
semeval14_train_01734,semeval14,train,"The menu changed , portions were even smaller than before , a lentil dish was salty beyond edibility , a basmati rice dish lacked flavor .",['lentil dish'],['General'],['negative'],['lentil dish'],[False],1,False,False
semeval14_train_01735,semeval14,train,"The menu changed , portions were even smaller than before , a lentil dish was salty beyond edibility , a basmati rice dish lacked flavor .",['basmati rice dish'],['General'],['negative'],['basmati rice dish'],[False],1,False,False
semeval14_train_01736,semeval14,train,"The menu changed , portions were even smaller than before , a lentil dish was salty beyond edibility , a basmati rice dish lacked flavor .",['flavor'],['General'],['negative'],['flavor'],[False],1,False,False
semeval14_train_01737,semeval14,train,"Spice is sleek , modern and cool with a menu that will not hurt your wallet .",['menu'],['General'],['positive'],['menu'],[False],1,False,False
semeval14_train_01738,semeval14,train,Patroon features a nice cigar bar and has great staff .,['cigar bar'],['General'],['positive'],['cigar bar'],[False],1,False,False
semeval14_train_01739,semeval14,train,Patroon features a nice cigar bar and has great staff .,['staff'],['Service'],['positive'],['staff'],[False],1,False,False
semeval14_train_01740,semeval14,train,Very affordable and excellent ambient !,['ambient'],['General'],['positive'],['ambient'],[False],1,False,False
semeval14_train_01741,semeval14,train,"More important , the sushi rivals the best in Tokyo .",['sushi'],['General'],['positive'],['sushi'],[False],1,False,False
semeval14_train_01742,semeval14,train,I have never had cheescake like this .,['cheescake'],['General'],['positive'],['cheescake'],[False],1,False,False
semeval14_train_01743,semeval14,train,"My co-workers had to wait almost an hour for delivery , only to discover that what they got was not what they ordered .",['delivery'],['General'],['negative'],['delivery'],[False],1,False,False
semeval14_train_01744,semeval14,train,Its a go-to for dates as well as entertaining out of town guests .,['entertaining'],['General'],['positive'],['entertaining'],[False],1,False,False
semeval14_train_01745,semeval14,train,Why do people rave about the ambience .,['ambience'],['Ambience'],['negative'],['ambience'],[False],1,False,False
semeval14_train_01746,semeval14,train,Were meeting up with some friends for a drink at Lafayette 161 and happened to walk by Thai Angel famished .,['drink'],['General'],['neutral'],['drink'],[False],1,False,False
semeval14_train_01747,semeval14,train,"Fluke sashimi drizzled with jalapeno-lime olive oil , the fruit of the oil nicely highlighting the fish 's sweetness .",['fluke sashimi'],['General'],['positive'],['Fluke sashimi'],[False],1,False,False
semeval14_train_01748,semeval14,train,"Fluke sashimi drizzled with jalapeno-lime olive oil , the fruit of the oil nicely highlighting the fish 's sweetness .",['jalapeno-lime olive oil'],['General'],['positive'],['jalapeno-lime olive oil'],[False],1,False,False
semeval14_train_01749,semeval14,train,"Fluke sashimi drizzled with jalapeno-lime olive oil , the fruit of the oil nicely highlighting the fish 's sweetness .",['fruit of the oil'],['General'],['positive'],['fruit of the oil'],[False],1,False,False
semeval14_train_01750,semeval14,train,"Fluke sashimi drizzled with jalapeno-lime olive oil , the fruit of the oil nicely highlighting the fish 's sweetness .",['fish'],['General'],['positive'],['fish'],[False],1,False,False
semeval14_train_01751,semeval14,train,Great sushi experience .,['sushi'],['General'],['positive'],['sushi'],[False],1,False,False
semeval14_train_01752,semeval14,train,"If you 're looking for a great meal at a decent price , go to Del Frisco 's !",['meal'],['General'],['positive'],['meal'],[False],1,False,False
semeval14_train_01753,semeval14,train,"If you 're looking for a great meal at a decent price , go to Del Frisco 's !",['price'],['Price'],['positive'],['price'],[False],1,False,False
semeval14_train_01754,semeval14,train,They charge $ 6.00 for rice .,['rice'],['General'],['negative'],['rice'],[False],1,False,False
semeval14_train_01755,semeval14,train,My steak au poivre was one of the worst I 've had .,['steak au poivre'],['General'],['negative'],['steak au poivre'],[False],1,False,False
semeval14_train_01756,semeval14,train,The owner and staff are all Japanese as well and that adds to the entire ambiance .,['staff'],['Service'],['positive'],['staff'],[False],1,False,False
semeval14_train_01757,semeval14,train,The owner and staff are all Japanese as well and that adds to the entire ambiance .,['ambiance'],['General'],['positive'],['ambiance'],[False],1,False,False
semeval14_train_01758,semeval14,train,The owner and staff are all Japanese as well and that adds to the entire ambiance .,['owner'],['General'],['positive'],['owner'],[False],1,False,False
semeval14_train_01759,semeval14,train,"Try the congee and the donut like deep fried dough they call Ow Ley Soh , a delicious and sweet tasting bread .",['congee'],['General'],['positive'],['congee'],[False],1,False,False
semeval14_train_01760,semeval14,train,"Try the congee and the donut like deep fried dough they call Ow Ley Soh , a delicious and sweet tasting bread .",['bread'],['General'],['positive'],['bread'],[False],1,False,False
semeval14_train_01761,semeval14,train,"Try the congee and the donut like deep fried dough they call Ow Ley Soh , a delicious and sweet tasting bread .",['donut like deep fried dough they call ow ley soh'],['General'],['positive'],['donut like deep fried dough they call Ow Ley Soh'],[False],1,False,False
semeval14_train_01762,semeval14,train,"Although the tables may be closely situated , the candle-light , food-quality and service overcompensate .",['candle-light'],['General'],['positive'],['candle-light'],[False],1,False,False
semeval14_train_01763,semeval14,train,"Although the tables may be closely situated , the candle-light , food-quality and service overcompensate .",['food-quality'],['General'],['positive'],['food-quality'],[False],1,False,False
semeval14_train_01764,semeval14,train,"Although the tables may be closely situated , the candle-light , food-quality and service overcompensate .",['service'],['Service'],['positive'],['service'],[False],1,False,False
semeval14_train_01765,semeval14,train,"Although the tables may be closely situated , the candle-light , food-quality and service overcompensate .",['tables'],['General'],['negative'],['tables'],[False],1,False,False
semeval14_train_01766,semeval14,train,The food was delicious and the waiter was incredibly helpful and attentive -LRB- considering we were the only ones there for the first hour -RRB- .,['food'],['Food'],['positive'],['food'],[False],1,False,False
semeval14_train_01767,semeval14,train,The food was delicious and the waiter was incredibly helpful and attentive -LRB- considering we were the only ones there for the first hour -RRB- .,['waiter'],['General'],['positive'],['waiter'],[False],1,False,False
semeval14_train_01768,semeval14,train,"From the spectacular caviar to the hospitable waitstaff , I felt like royalty and enjoyed every second of it .",['caviar'],['General'],['positive'],['caviar'],[False],1,False,False
semeval14_train_01769,semeval14,train,"From the spectacular caviar to the hospitable waitstaff , I felt like royalty and enjoyed every second of it .",['waitstaff'],['General'],['positive'],['waitstaff'],[False],1,False,False
semeval14_train_01770,semeval14,train,"Perhaps this food is considered extreme to an Upper East Side resident , but for the rest of us who 've actually eaten ethnic food , this is simply dull .",['ethnic food'],['General'],['negative'],['ethnic food'],[False],1,False,False
semeval14_train_01771,semeval14,train,The place was real empty but that was because this was the first Sunday they ever opened .,['place'],['General'],['negative'],['place'],[False],1,False,False
semeval14_train_01772,semeval14,train,This little place definitely exceeded my expectations and you sure get a lot of food for your money .,['food'],['Food'],['positive'],['food'],[False],1,False,False
semeval14_train_01773,semeval14,train,This little place definitely exceeded my expectations and you sure get a lot of food for your money .,['money'],['General'],['positive'],['money'],[False],1,False,False
semeval14_train_01774,semeval14,train,"Ambience is delightful , service impeccable .",['ambience'],['Ambience'],['positive'],['Ambience'],[False],1,False,False
semeval14_train_01775,semeval14,train,"Ambience is delightful , service impeccable .",['service'],['Service'],['positive'],['service'],[False],1,False,False
semeval14_train_01776,semeval14,train,"Service was excellent , and the AC worked very well too -LRB- thank God , it was hot ! -RRB- .",['service'],['Service'],['positive'],['Service'],[False],1,False,False
semeval14_train_01777,semeval14,train,"Service was excellent , and the AC worked very well too -LRB- thank God , it was hot ! -RRB- .",['ac'],['General'],['positive'],['AC'],[False],1,False,False
semeval14_train_01778,semeval14,train,You get the sense that the people there care about their restaurant and about your experience and that is very nice .,['people'],['General'],['positive'],['people'],[False],1,False,False
semeval14_train_01779,semeval14,train,"Both are delicious , the cooks are friendly and are willing to take a moment and speak to you and shake your hand .",['cooks'],['General'],['positive'],['cooks'],[False],1,False,False
semeval14_train_01780,semeval14,train,My friend ordered some of their special sushi rolls which had excellent presentation and tasted great !,['sushi rolls'],['General'],['positive'],['sushi rolls'],[False],1,False,False
semeval14_train_01781,semeval14,train,Although be warned their dinner menu to sit and take out prices are different .,['prices'],['General'],['neutral'],['prices'],[False],1,False,False
semeval14_train_01782,semeval14,train,Although be warned their dinner menu to sit and take out prices are different .,['dinner menu to sit'],['General'],['neutral'],['dinner menu to sit'],[False],1,False,False
semeval14_train_01783,semeval14,train,Although be warned their dinner menu to sit and take ou t prices are different .,['take ou'],['General'],['neutral'],['take ou'],[False],1,False,False
semeval14_train_01784,semeval14,train,"The staff was accomodating , the food was absolutely delicious and the place is lovely .",['staff'],['Service'],['positive'],['staff'],[False],1,False,False
semeval14_train_01785,semeval14,train,"The staff was accomodating , the food was absolutely delicious and the place is lovely .",['food'],['Food'],['positive'],['food'],[False],1,False,False
semeval14_train_01786,semeval14,train,"The staff was accomodating , the food was absolutely delicious and the place is lovely .",['place'],['General'],['positive'],['place'],[False],1,False,False
semeval14_train_01787,semeval14,train,"my picks are : - Scallion Pancake -LRB- fried with vegetable juice , very special and tasty -RRB- - Guizhou Chicken - Shredded Squid Family Style -LRB- one of my personal favorites -RRB- - Sichuan Spicy Soft Shell Crab - Shuizhu Fish -LRB- this one is for hardcore Sichuan food fans , I would n't recommend to my American friends as it 's very spicy .",['scallion pancake'],['General'],['positive'],['Scallion Pancake'],[False],1,False,False
semeval14_train_01788,semeval14,train,"my picks are : - Scallion Pancake -LRB- fried with vegetable juice , very special and tasty -RRB- - Guizhou Chicken - Shredded Squid Family Style -LRB- one of my personal favorites -RRB- - Sichuan Spicy Soft Shell Crab - Shuizhu Fish -LRB- this one is for hardcore Sichuan food fans , I would n't recommend to my American friends as it 's very spicy .",['vegetable juice'],['General'],['positive'],['vegetable juice'],[False],1,False,False
semeval14_train_01789,semeval14,train,"my picks are : - Scallion Pancake -LRB- fried with vegetable juice , very special and tasty -RRB- - Guizhou Chicken - Shredded Squid Family Style -LRB- one of my personal favorites -RRB- - Sichuan Spicy Soft Shell Crab - Shuizhu Fish -LRB- this one is for hardcore Sichuan food fans , I would n't recommend to my American friends as it 's very spicy .",['guizhou chicken'],['General'],['positive'],['Guizhou Chicken'],[False],1,False,False
semeval14_train_01790,semeval14,train,"my picks are : - Scallion Pancake -LRB- fried with vegetable juice , very special and tasty -RRB- - Guizhou Chicken - Shredded Squid Family Style -LRB- one of my personal favorites -RRB- - Sichuan Spicy Soft Shell Crab - Shuizhu Fish -LRB- this one is for hardcore Sichuan food fans , I would n't recommend to my American friends as it 's very spicy .",['shredded squid family style'],['General'],['positive'],['Shredded Squid Family Style'],[False],1,False,False
semeval14_train_01791,semeval14,train,"my picks are : - Scallion Pancake -LRB- fried with vegetable juice , very special and tasty -RRB- - Guizhou Chicken - Shredded Squid Family Style -LRB- one of my personal favorites -RRB- - Sichuan Spicy Soft Shell Crab - Shuizhu Fish -LRB- this one is for hardcore Sichuan food fans , I would n't recommend to my American friends as it 's very spicy .",['sichuan spicy soft shell crab'],['General'],['positive'],['Sichuan Spicy Soft Shell Crab'],[False],1,False,False
semeval14_train_01792,semeval14,train,"my picks are : - Scallion Pancake -LRB- fried with vegetable juice , very special and tasty -RRB- - Guizhou Chicken - Shredded Squid Family Style -LRB- one of my personal favorites -RRB- - Sichuan Spicy Soft Shell Crab - Shuizhu Fish -LRB- this one is for hardcore Sichuan food fans , I would n't recommend to my American friends as it 's very spicy .",['shuizhu fish'],['General'],['positive'],['Shuizhu Fish'],[False],1,False,False
semeval14_train_01793,semeval14,train,"my picks are : - Scallion Pancake -LRB- fried with vegetable juice , very special and tasty -RRB- - Guizhou Chicken - Shredded Squid Family Style -LRB- one of my personal favorites -RRB- - Sichuan Spicy Soft Shell Crab - Shuizhu Fish -LRB- this one is for hardcore Sichuan food fans , I would n't recommend to my American friends as it 's very spicy .",['sichuan food'],['General'],['neutral'],['Sichuan food'],[False],1,False,False
semeval14_train_01794,semeval14,train,They smell like they stuff them with old canned vegetables like the spinach mushroom calzone .,['spinach mushroom calzone'],['General'],['negative'],['spinach mushroom calzone'],[False],1,False,False
semeval14_train_01795,semeval14,train,They smell like they stuff them with old canned vegetables like the spinach mushroom calzone .,['canned vegetables'],['General'],['negative'],['canned vegetables'],[False],1,False,False
semeval14_train_01796,semeval14,train,"To celebrate a birthday , three of us went to Mare anticipating great food .",['food'],['Food'],['neutral'],['food'],[False],1,False,False
semeval14_train_01797,semeval14,train,There was a great deal for 6 Blue Point oysters and a beer or glass of wine for $ 8 !,['blue point oysters'],['General'],['neutral'],['Blue Point oysters'],[False],1,False,False
semeval14_train_01798,semeval14,train,There was a great deal for 6 Blue Point oysters and a beer or glass of wine for $ 8 !,['beer'],['General'],['neutral'],['beer'],[False],1,False,False
semeval14_train_01799,semeval14,train,There was a great deal for 6 Blue Point oysters and a beer or glass of wine for $ 8 !,['glass of wine'],['General'],['neutral'],['glass of wine'],[False],1,False,False
semeval14_train_01800,semeval14,train,I really liked the noodle dishes at Rice Avenue compared to their Green Curry dish .,['noodle dishes'],['General'],['positive'],['noodle dishes'],[False],1,False,False
semeval14_train_01801,semeval14,train,I really liked the noodle dishes at Rice Avenue compared to their Green Curry dish .,['green curry dish'],['General'],['negative'],['Green Curry dish'],[False],1,False,False
semeval14_train_01802,semeval14,train,"But for whatever reason , prices are about twice as high .",['prices'],['General'],['negative'],['prices'],[False],1,False,False
semeval14_train_01803,semeval14,train,I am relatively new to the area and tried Pick a bgel on 2nd and was disappointed with the service and I thought the food was overated and on the pricey side .,['service'],['Service'],['negative'],['service'],[False],1,False,False
semeval14_train_01804,semeval14,train,I am relatively new to the area and tried Pick a bgel on 2nd and was disappointed with the service and I thought the food was overated and on the pricey side .,['food'],['Food'],['negative'],['food'],[False],1,False,False
semeval14_train_01805,semeval14,train,Great atmoshere and worth every bit .,['atmoshere'],['General'],['positive'],['atmoshere'],[False],1,False,False
semeval14_train_01806,semeval14,train,"The spicy tuna roll was unusually good and the rock shrimp tempura was awesome , great appetizer to share !",['spicy tuna roll'],['General'],['positive'],['spicy tuna roll'],[False],1,False,False
semeval14_train_01807,semeval14,train,"The spicy tuna roll was unusually good and the rock shrimp tempura was awesome , great appetizer to share !",['rock shrimp tempura'],['General'],['positive'],['rock shrimp tempura'],[False],1,False,False
semeval14_train_01808,semeval14,train,"The spicy tuna roll was unusually good and the rock shrimp tempura was awesome , great appetizer to share !",['appetizer'],['General'],['positive'],['appetizer'],[False],1,False,False
semeval14_train_01809,semeval14,train,The staff was knowledgeable and full of personality .,['staff'],['Service'],['positive'],['staff'],[False],1,False,False
semeval14_train_01810,semeval14,train,Great staff .,['staff'],['Service'],['positive'],['staff'],[False],1,False,False
semeval14_train_01811,semeval14,train,"Only complaint would be that at an average cost of $ 12 - $ 15 per meal , I 'd like not to have to worry about finding a seat !",['cost'],['General'],['negative'],['cost'],[False],1,False,False
semeval14_train_01812,semeval14,train,"Only complaint would be that at an average cost of $ 12 - $ 15 per meal , I 'd like not to have to worry about finding a seat !",['meal'],['General'],['neutral'],['meal'],[False],1,False,False
semeval14_train_01813,semeval14,train,"Only complaint would be that at an average cost of $ 12 - $ 15 per meal , I 'd like not to have to worry about finding a seat !",['seat'],['General'],['negative'],['seat'],[False],1,False,False
semeval14_train_01814,semeval14,train,"To finish off such a delightful dinner experience you must have dessert , especially the White Chocolate Bread Pudding with Gelato and hot chocolate .",['dessert'],['General'],['positive'],['dessert'],[False],1,False,False
semeval14_train_01815,semeval14,train,"To finish off such a delightful dinner experience you must have dessert , especially the White Chocolate Bread Pudding with Gelato and hot chocolate .",['white chocolate bread pudding with gelato and hot chocolate'],['General'],['positive'],['White Chocolate Bread Pudding with Gelato and hot chocolate'],[False],1,False,False
semeval14_train_01816,semeval14,train,"To finish off such a delightful dinner experience you must have dessert , especially the White Chocolate Bread Pudding with Gelato and hot chocolate .",['dinner'],['General'],['positive'],['dinner'],[False],1,False,False
semeval14_train_01817,semeval14,train,The banana tower is an amazing dessert as well .,['banana tower'],['General'],['positive'],['banana tower'],[False],1,False,False
semeval14_train_01818,semeval14,train,The banana tower is an amazing dessert as well .,['dessert'],['General'],['positive'],['dessert'],[False],1,False,False
semeval14_train_01819,semeval14,train,"Excellent atmosphere , delicious dishes good and friendly service .",['atmosphere'],['General'],['positive'],['atmosphere'],[False],1,False,False
semeval14_train_01820,semeval14,train,"Excellent atmosphere , delicious dishes good and friendly service .",['dishes'],['General'],['positive'],['dishes'],[False],1,False,False
semeval14_train_01821,semeval14,train,"Excellent atmosphere , delicious dishes good and friendly service .",['service'],['Service'],['positive'],['service'],[False],1,False,False
semeval14_train_01822,semeval14,train,A cool place to hang with your friends for a couple of healthy drinks and desserts .,['place'],['General'],['positive'],['place'],[False],1,False,False
semeval14_train_01823,semeval14,train,A cool place to hang with your friends for a couple of healthy drinks and desserts .,['drinks'],['Food'],['positive'],['drinks'],[False],1,False,False
semeval14_train_01824,semeval14,train,A cool place to hang with your friends for a couple of healthy drinks and desserts .,['desserts'],['General'],['positive'],['desserts'],[False],1,False,False
semeval14_train_01825,semeval14,train,"Great vibe , lots of people .",['vibe'],['General'],['positive'],['vibe'],[False],1,False,False
semeval14_train_01826,semeval14,train,"I like Mamoun 's food as well , but side by side , Kati Rolls just produce tastier food hands down .",['food'],['Food'],['positive'],['food'],[False],1,False,False
semeval14_train_01827,semeval14,train,"I like Mamoun 's food as well , but side by side , Kati Rolls just produce tastier food hands down .",['food'],['Food'],['positive'],['food'],[False],1,False,False
semeval14_train_01828,semeval14,train,"The service is a bit slow , but harkens back to my years growing up in Napoli , Italy where things are not rushed and when you sit down for dinner the table is yours all night .",['service'],['Service'],['negative'],['service'],[False],1,False,False
semeval14_train_01829,semeval14,train,"The service is a bit slow , but harkens back to my years growing up in Napoli , Italy where things are not rushed and when you sit down for dinner the table is yours all night .",['dinner'],['General'],['neutral'],['dinner'],[False],1,False,False
semeval14_train_01830,semeval14,train,"The service is a bit slow , but harkens back to my years growing up in Napoli , Italy where things are not rushed and when you sit down for dinner the table is yours all night .",['table'],['General'],['positive'],['table'],[False],1,False,False
semeval14_train_01831,semeval14,train,But that was n't the icing on the cake : a tiramisu that resembled nothing I have ever had .,['icing on the cake'],['General'],['negative'],['icing on the cake'],[False],1,False,False
semeval14_train_01832,semeval14,train,But that was n't the icing on the cake : a tiramisu that resembled nothing I have ever had .,['tiramisu'],['General'],['negative'],['tiramisu'],[False],1,False,False
semeval14_train_01833,semeval14,train,Great food and the prices are very reasonable .,['food'],['Food'],['positive'],['food'],[False],1,False,False
semeval14_train_01834,semeval14,train,Great food and the prices are very reasonable .,['prices'],['General'],['positive'],['prices'],[False],1,False,False
semeval14_train_01835,semeval14,train,"A cool bar with great food , and tons of excellent beer .",['bar'],['General'],['positive'],['bar'],[False],1,False,False
semeval14_train_01836,semeval14,train,"A cool bar with great food , and tons of excellent beer .",['food'],['Food'],['positive'],['food'],[False],1,False,False
semeval14_train_01837,semeval14,train,"A cool bar with great food , and tons of excellent beer .",['beer'],['General'],['positive'],['beer'],[False],1,False,False
semeval14_train_01838,semeval14,train,"Be sure to try the seasonal , and always delicious , specials .",['specials'],['General'],['positive'],['specials'],[False],1,False,False
semeval14_train_01839,semeval14,train,The ambience is authentic and relaxing and we have always received attentive and prompt service .,['ambience'],['Ambience'],['positive'],['ambience'],[False],1,False,False
semeval14_train_01840,semeval14,train,The ambience is authentic and relaxing and we have always received attentive and prompt service .,['service'],['Service'],['positive'],['service'],[False],1,False,False
semeval14_train_01841,semeval14,train,"Fresh , authentic , french cuisine in substantial portions .",['french cuisine'],['General'],['positive'],['french cuisine'],[False],1,False,False
semeval14_train_01842,semeval14,train,"Fresh , authentic , french cuisine in substantial portions .",['portions'],['General'],['positive'],['portions'],[False],1,False,False
semeval14_train_01843,semeval14,train,"Drinks got screwed up , she acted put upon .",['drinks'],['Food'],['negative'],['Drinks'],[False],1,False,False
semeval14_train_01844,semeval14,train,The one vegetarian entree -LRB- Abby 's treasure -RRB- was actually quite a surprise - it was delicious and had wintermelon covering an assortment of fresh mushrooms and vegetables .,['vegetarian entree'],['General'],['positive'],['vegetarian entree'],[False],1,False,False
semeval14_train_01845,semeval14,train,The one vegetarian entree -LRB- Abby's treasure -RRB- was actually quite a surprise - it was delicious and had wintermelon covering an assortment of fresh mushrooms and vegetables .,"[""abby's treasure""]",['General'],['positive'],"[""Abby's treasure""]",[False],1,False,False
semeval14_train_01846,semeval14,train,The one vegetarian entree -LRB- Abby 's treasure -RRB- was actually quite a surprise - it was delicious and had wintermelon covering an assortment of fresh mushrooms and vegetables .,['wintermelon'],['General'],['positive'],['wintermelon'],[False],1,False,False
semeval14_train_01847,semeval14,train,The one vegetarian entree -LRB- Abby 's treasure -RRB- was actually quite a surprise - it was delicious and had wintermelon covering an assortment of fresh mushrooms and vegetables .,['assortment of fresh mushrooms and vegetables'],['General'],['positive'],['assortment of fresh mushrooms and vegetables'],[False],1,False,False
semeval14_train_01848,semeval14,train,"At 5 dumplings for $ 1 , you just can not go wrong .",['dumplings'],['General'],['positive'],['dumplings'],[False],1,False,False
semeval14_train_01849,semeval14,train,But the pizza is way to expensive .,['pizza'],['General'],['negative'],['pizza'],[False],1,False,False
semeval14_train_01850,semeval14,train,"And the staff is also young , energeic and hot !!!!",['staff'],['Service'],['positive'],['staff'],[False],1,False,False
semeval14_train_01851,semeval14,train,"Even better , they know how to cook French classics like Steak au Poivre and Onglet without burning it to death or overcooking it .",['steak au poivre'],['General'],['positive'],['Steak au Poivre'],[False],1,False,False
semeval14_train_01852,semeval14,train,"Even better , they know how to cook French classics like Steak au Poivre and Onglet without burning it to death or overcooking it .",['onglet'],['General'],['positive'],['Onglet'],[False],1,False,False
semeval14_train_01853,semeval14,train,"Service was decent , but not as smooth as I would expect from a place with these prices and reputation .",['prices'],['General'],['negative'],['prices'],[False],1,False,False
semeval14_train_01854,semeval14,train,"Service was decent , but not as smooth as I would expect from a place with these prices and reputation .",['reputation'],['General'],['positive'],['reputation'],[False],1,False,False
semeval14_train_01855,semeval14,train,We had a wonderful meal at Naples 45 a month ago on a visit to NYC .,['meal'],['General'],['positive'],['meal'],[False],1,False,False
semeval14_train_01856,semeval14,train,Good drink .,['drink'],['General'],['positive'],['drink'],[False],1,False,False
semeval14_train_01857,semeval14,train,"Great food -LRB- spinach and corn dumplings and massamman curry -RRB- , very friendly and no nonsense service and a clean and funky bathroom .",['food'],['Food'],['positive'],['food'],[False],1,False,False
semeval14_train_01858,semeval14,train,"Great food -LRB- spinach and corn dumplings and massamman curry -RRB- , very friendly and no nonsense service and a clean and funky bathroom .",['spinach and corn dumplings'],['General'],['positive'],['spinach and corn dumplings'],[False],1,False,False
semeval14_train_01859,semeval14,train,"Great food -LRB- spinach and corn dumplings and massamman curry -RRB- , very friendly and no nonsense service and a clean and funky bathroom .",['service'],['Service'],['positive'],['service'],[False],1,False,False
semeval14_train_01860,semeval14,train,"Great food -LRB- spinach and corn dumplings and massamman curry -RRB- , very friendly and no nonsense service and a clean and funky bathroom .",['bathroom'],['General'],['positive'],['bathroom'],[False],1,False,False
semeval14_train_01861,semeval14,train,"Great food -LRB- spinach and corn dumplings and massamman curry -RRB- , very friendly and no nonsense service and a clean and funky bathroom .",['massamman curry'],['General'],['positive'],['massamman curry'],[False],1,False,False
semeval14_train_01862,semeval14,train,We had a girls ' night dinner here for restaurant week .,['dinner'],['General'],['neutral'],['dinner'],[False],1,False,False
semeval14_train_01863,semeval14,train,"However , I was there for a work dinner not long ago when my colleague from London noticed a very large waterbug on the ceiling .",['ceiling'],['General'],['negative'],['ceiling'],[False],1,False,False
semeval14_train_01864,semeval14,train,"However , I was there for a work dinner not long ago when my colleague from London noticed a very large waterbug on the ceiling .",['dinner'],['General'],['neutral'],['dinner'],[False],1,False,False
semeval14_train_01865,semeval14,train,My chow fun and chow see was really bland and oily .,['chow fun and chow see'],['General'],['negative'],['chow fun and chow see'],[False],1,False,False
semeval14_train_01866,semeval14,train,"Even though I made the reservation at 3pm for the same night through Dinnerbroker , we were seated at a table with one of the best view !",['table'],['General'],['positive'],['table'],[False],1,False,False
semeval14_train_01867,semeval14,train,"Even though I made the reservation at 3pm for the same night through Dinnerbroker , we were seated at a table with one of the best view !",['reservation'],['General'],['positive'],['reservation'],[False],1,False,False
semeval14_train_01868,semeval14,train,"Even though I made the reservation at 3pm for the same night through Dinnerbroker , we were seated at a table with one of the best view !",['seated'],['General'],['positive'],['seated'],[False],1,False,False
semeval14_train_01869,semeval14,train,"we did notice however , that some tables had what looked like pita instead of naan .",['pita'],['General'],['negative'],['pita'],[False],1,False,False
semeval14_train_01870,semeval14,train,"we did notice however , that some tables had what looked like pita instead of naan .",['naan'],['General'],['negative'],['naan'],[False],1,False,False
semeval14_train_01871,semeval14,train,"I did n't take a look at the rest menu , but the oysters were fantastic .",['menu'],['General'],['neutral'],['menu'],[False],1,False,False
semeval14_train_01872,semeval14,train,"I did n't take a look at the rest menu , but the oysters were fantastic .",['oysters'],['General'],['positive'],['oysters'],[False],1,False,False
semeval14_train_01873,semeval14,train,The grilled cheese at home afterwards was better . !!,['grilled cheese'],['General'],['positive'],['grilled cheese'],[False],1,False,False
semeval14_train_01874,semeval14,train,"Great service , great food .",['service'],['Service'],['positive'],['service'],[False],1,False,False
semeval14_train_01875,semeval14,train,"Great service , great food .",['food'],['Food'],['positive'],['food'],[False],1,False,False
semeval14_train_01876,semeval14,train,"sometimes i get bad food and bad service , sometimes i get good good and bad service .",['food'],['Food'],['negative'],['food'],[False],1,False,False
semeval14_train_01877,semeval14,train,"sometimes i get bad food and bad service , sometimes i get good good and bad service .",['service'],['Service'],['negative'],['service'],[False],1,False,False
semeval14_train_01878,semeval14,train,"sometimes i get bad food and bad service , sometimes i get good good and bad service .",['service'],['Service'],['negative'],['service'],[False],1,False,False
semeval14_train_01879,semeval14,train,"sometimes i get bad food and bad service , sometimes i get good good and bad service .",['good'],['General'],['positive'],['good'],[False],1,False,False
semeval14_train_01880,semeval14,train,When we were finally seated our waitress came by twice-1 for our order and 2-for our check .,['waitress'],['General'],['negative'],['waitress'],[False],1,False,False
semeval14_train_01881,semeval14,train,When we were finally seated our waitress came by twice-1 for our order and 2-for our check .,['check'],['General'],['neutral'],['check'],[False],1,False,False
semeval14_train_01882,semeval14,train,In summer-eat outside on a terrace -LRB- another great feature of Suan -RRB- !!!,['terrace'],['General'],['positive'],['terrace'],[False],1,False,False
semeval14_train_01883,semeval14,train,"It 's the perfect restaurant for NY life style , it got cool design , awsome drinks and food and lot 's of good looking people eating and hanging at the pink bar ...",['design'],['General'],['positive'],['design'],[False],1,False,False
semeval14_train_01884,semeval14,train,"It 's the perfect restaurant for NY life style , it got cool design , awsome drinks and food and lot 's of good looking people eating and hanging at the pink bar ...",['drinks'],['Food'],['positive'],['drinks'],[False],1,False,False
semeval14_train_01885,semeval14,train,"It 's the perfect restaurant for NY life style , it got cool design , awsome drinks and food and lot 's of good looking people eating and hanging at the pink bar ...",['food'],['Food'],['positive'],['food'],[False],1,False,False
semeval14_train_01886,semeval14,train,"It 's the perfect restaurant for NY life style , it got cool design , awsome drinks and food and lot 's of good looking people eating and hanging at the pink bar ...",['bar'],['General'],['neutral'],['bar'],[False],1,False,False
semeval14_train_01887,semeval14,train,We did have to wait at the bar for approx .,['bar'],['General'],['neutral'],['bar'],[False],1,False,False
semeval14_train_01888,semeval14,train,"If you love seafood , you would love this place !",['seafood'],['General'],['positive'],['seafood'],[False],1,False,False
semeval14_train_01889,semeval14,train,"If you love seafood , you would love this place !",['place'],['General'],['positive'],['place'],[False],1,False,False
semeval14_train_01890,semeval14,train,"Good , fast service .",['service'],['Service'],['positive'],['service'],[False],1,False,False
semeval14_train_01891,semeval14,train,They charge different prices all the time .,['prices'],['General'],['negative'],['prices'],[False],1,False,False
semeval14_train_01892,semeval14,train,"I was in love with Pongsri on 48th , but compared to Suan it is slow in service and overpriced .",['service'],['Service'],['negative'],['service'],[False],1,False,False
semeval14_train_01893,semeval14,train,"My friends and I experienced amazing cheese and a delicious , new summer menu at Artisanal last night .",['cheese'],['General'],['positive'],['cheese'],[False],1,False,False
semeval14_train_01894,semeval14,train,"My friends and I experienced amazing cheese and a delicious , new summer menu at Artisanal last night .",['menu'],['General'],['positive'],['menu'],[False],1,False,False
semeval14_train_01895,semeval14,train,"It 's charmingly small and that leads to an atmoshere that is extremely cozy and romantic , even .",['atmoshere'],['General'],['positive'],['atmoshere'],[False],1,False,False
semeval14_train_01896,semeval14,train,It is obvious that no one in the restaurant has any idea about or experience with Japanese cuisin e.,['japanese cuisin'],['General'],['negative'],['Japanese cuisin'],[False],1,False,False
semeval14_train_01897,semeval14,train,"In terms of the food itself -- nothing special , we limited ourselves to several appetizers .",['food'],['Food'],['neutral'],['food'],[False],1,False,False
semeval14_train_01898,semeval14,train,"In terms of the food itself -- nothing special , we limited ourselves to several appetizers .",['appetizers'],['General'],['neutral'],['appetizers'],[False],1,False,False
semeval14_train_01899,semeval14,train,Love the Jazz bands on Fri and Sat .,['jazz bands'],['General'],['positive'],['Jazz bands'],[False],1,False,False
semeval14_train_01900,semeval14,train,"To begin , we were told there was a 30 minute wait and started to leave , when the hostess offered to call us on our cell phone when the table was ready .",['hostess'],['General'],['positive'],['hostess'],[False],1,False,False
semeval14_train_01901,semeval14,train,"To begin , we were told there was a 30 minute wait and started to leave , when the hostess offered to call us on our cell phone when the table was ready .",['wait'],['General'],['negative'],['wait'],[False],1,False,False
semeval14_train_01902,semeval14,train,"To begin , we were told there was a 30 minute wait and started to leave , when the hostess offered to call us on our cell phone when the table was ready .",['table'],['General'],['positive'],['table'],[False],1,False,False
semeval14_train_01903,semeval14,train,The servers give you some sample slices of your order while you wait -LRB- shortly I might add -RRB- .,['servers'],['General'],['positive'],['servers'],[False],1,False,False
semeval14_train_01904,semeval14,train,The service was ok .,['service'],['Service'],['neutral'],['service'],[False],1,False,False
semeval14_train_01905,semeval14,train,"When asked about how a certain dish was prepared in comparison to a similar at other thai restaurants , he replied this is not Mcdonald 's , every place makes things differently While it is understandable that every place is indeed different , there was not a need to be uncourteous to customers and downright rude .",['dish'],['General'],['neutral'],['dish'],[False],1,False,False
semeval14_train_01906,semeval14,train,"Do n't expect to sit down inside though , there are only a few tables and they are always full .",['tables'],['General'],['negative'],['tables'],[False],1,False,False
semeval14_train_01907,semeval14,train,"The staff is accomodating , the ambiance is exciting and yet relaxed , and the food is out of this world !",['staff'],['Service'],['positive'],['staff'],[False],1,False,False
semeval14_train_01908,semeval14,train,"The staff is accomodating , the ambiance is exciting and yet relaxed , and the food is out of this world !",['ambiance'],['General'],['positive'],['ambiance'],[False],1,False,False
semeval14_train_01909,semeval14,train,"The staff is accomodating , the ambiance is exciting and yet relaxed , and the food is out of this world !",['food'],['Food'],['positive'],['food'],[False],1,False,False
semeval14_train_01910,semeval14,train,"The food was delicious -LRB- I had a halibut special , my husband had steak -RRB- , and the service was top-notch .",['food'],['Food'],['positive'],['food'],[False],1,False,False
semeval14_train_01911,semeval14,train,"The food was delicious -LRB- I had a halibut special , my husband had steak -RRB- , and the service was top-notch .",['halibut special'],['General'],['positive'],['halibut special'],[False],1,False,False
semeval14_train_01912,semeval14,train,"The food was delicious -LRB- I had a halibut special , my husband had steak -RRB- , and the service was top-notch .",['steak'],['General'],['positive'],['steak'],[False],1,False,False
semeval14_train_01913,semeval14,train,"The food was delicious -LRB- I had a halibut special , my husband had steak -RRB- , and the service was top-notch .",['service'],['Service'],['positive'],['service'],[False],1,False,False
semeval14_train_01914,semeval14,train,The manager claimed that he could not compensate us for anything on the bill which just shows the lack of sophistication from the entire group .,['manager'],['General'],['negative'],['manager'],[False],1,False,False
semeval14_train_01915,semeval14,train,The manager claimed that he could not compensate us for anything on the bill which just shows the lack of sophistication from the entire group .,['bill'],['General'],['neutral'],['bill'],[False],1,False,False
semeval14_train_01916,semeval14,train,it 's the only place you can get yummy authentic japanese comfort food .,['japanese comfort food'],['General'],['positive'],['japanese comfort food'],[False],1,False,False
semeval14_train_01917,semeval14,train,We took advanatage of the half price sushi deal on saturday so it was well worth it .,['half price sushi deal'],['General'],['positive'],['half price sushi deal'],[False],1,False,False
semeval14_train_01918,semeval14,train,we came here on a crowded saturday night and were seated right away despite being 15 minutes late for our reservation .,['reservation'],['General'],['neutral'],['reservation'],[False],1,False,False
semeval14_train_01919,semeval14,train,we came here on a crowded saturday night and were seated right away despite being 15 minutes late for our reservation .,['seated'],['General'],['positive'],['seated'],[False],1,False,False
semeval14_train_01920,semeval14,train,We were fast to order the appetizer platter since we were very hungry .,['appetizer platter'],['General'],['neutral'],['appetizer platter'],[False],1,False,False
semeval14_train_01921,semeval14,train,"The staff are attentive , and have smiles on their faces .",['staff'],['Service'],['positive'],['staff'],[False],1,False,False
semeval14_train_01922,semeval14,train,"No dress codes , no attitudes , plenty of comfort companionship , a great place to relax in an always busy Midtown .",['dress codes'],['General'],['positive'],['dress codes'],[False],1,False,False
semeval14_train_01923,semeval14,train,"No dress codes , no attitudes , plenty of comfort companionship , a great place to relax in an always busy Midtown .",['attitudes'],['General'],['positive'],['attitudes'],[False],1,False,False
semeval14_train_01924,semeval14,train,"No dress codes , no attitudes , plenty of comfort companionship , a great place to relax in an always busy Midtown .",['place'],['General'],['positive'],['place'],[False],1,False,False
semeval14_train_01925,semeval14,train,"Largest and freshest pieces of sushi , and delicious !",['pieces of sushi'],['General'],['positive'],['pieces of sushi'],[False],1,False,False
semeval14_train_01926,semeval14,train,Even the pasta is delicious here -LRB- a rarity in New York pizza restaurants -RRB- .,['pasta'],['General'],['positive'],['pasta'],[False],1,False,False
semeval14_train_01927,semeval14,train,"but when we looked at the menu , there were n't a lot of choices , most of them were dumplings in the appetizer section .",['menu'],['General'],['negative'],['menu'],[False],1,False,False
semeval14_train_01928,semeval14,train,"but when we looked at the menu , there were n't a lot of choices , most of them were dumplings in the appetizer section .",['dumplings'],['General'],['neutral'],['dumplings'],[False],1,False,False
semeval14_train_01929,semeval14,train,"but when we looked at the menu , there were n't a lot of choices , most of them were dumplings in the appetizer section .",['appetizer'],['General'],['negative'],['appetizer'],[False],1,False,False
semeval14_train_01930,semeval14,train,After my 3rd time the manager remembered me and treated me like an usual customer .,['manager'],['General'],['positive'],['manager'],[False],1,False,False
semeval14_train_01931,semeval14,train,now if they could only get a toaster .,['toaster'],['General'],['negative'],['toaster'],[False],1,False,False
semeval14_train_01932,semeval14,train,"When he 's not making authentic Neapolitan pizza in the open brick oven or lightly frying zucchini blossoms , he 's visiting the regulars -LRB- a growing legion -RRB- and checking on newcomers .",['neapolitan pizza'],['General'],['positive'],['Neapolitan pizza'],[False],1,False,False
semeval14_train_01933,semeval14,train,"When he 's not making authentic Neapolitan pizza in the open brick oven or lightly frying zucchini blossoms , he 's visiting the regulars -LRB- a growing legion -RRB- and checking on newcomers .",['zucchini blossoms'],['General'],['positive'],['zucchini blossoms'],[False],1,False,False
semeval14_train_01934,semeval14,train,Wait staff is blantently unappreciative of your business but its the best pie on the UWS !,['wait staff'],['General'],['negative'],['Wait staff'],[False],1,False,False
semeval14_train_01935,semeval14,train,Wait staff is blantently unappreciative of your business but its the best pie on the UWS !,['pie'],['General'],['positive'],['pie'],[False],1,False,False
semeval14_train_01936,semeval14,train,"The ingredients taste fresher , the crust is thinner and crispier , the slice is less oily , and it 's never burnt like it occasionally is at Joe 's .",['ingredients'],['General'],['positive'],['ingredients'],[False],1,False,False
semeval14_train_01937,semeval14,train,"The ingredients taste fresher , the crust is thinner and crispier , the slice is less oily , and it 's never burnt like it occasionally is at Joe 's .",['crust'],['General'],['positive'],['crust'],[False],1,False,False
semeval14_train_01938,semeval14,train,"The ingredients taste fresher , the crust is thinner and crispier , the slice is less oily , and it 's never burnt like it occasionally is at Joe 's .",['slice'],['General'],['positive'],['slice'],[False],1,False,False
semeval14_train_01939,semeval14,train,Fish is so very fresh .,['fish'],['General'],['positive'],['Fish'],[False],1,False,False
semeval14_train_01940,semeval14,train,The prices were CHEAP compared to the quality of service and food .,['prices'],['General'],['positive'],['prices'],[False],1,False,False
semeval14_train_01941,semeval14,train,The prices were CHEAP compared to the quality of service and food .,['service'],['Service'],['positive'],['service'],[False],1,False,False
semeval14_train_01942,semeval14,train,The prices were CHEAP compared to the quality of service and food .,['food'],['Food'],['positive'],['food'],[False],1,False,False
semeval14_train_01943,semeval14,train,"Top spot in town for Vietnamese classics , better than places that cost a lot more .",['vietnamese classics'],['General'],['positive'],['Vietnamese classics'],[False],1,False,False
semeval14_train_01944,semeval14,train,less wait time for me !,['wait time'],['General'],['positive'],['wait time'],[False],1,False,False
semeval14_train_01945,semeval14,train,"The decor is really blah , and not at all hip or happening .",['decor'],['General'],['negative'],['decor'],[False],1,False,False
semeval14_train_01946,semeval14,train,"Having discovered Ping 's on the internet , we entered with qualms but were instantly put to ease by the fish tanks that greet you as u walk in .",['fish tanks'],['General'],['positive'],['fish tanks'],[False],1,False,False
semeval14_train_01947,semeval14,train,It appears to be the owner 's first venture and it shows .,['owner'],['General'],['negative'],['owner'],[False],1,False,False
semeval14_train_01948,semeval14,train,"I come from a family of pizzeria owners , and I 'm almost ashamed to say that the pizza in Fornino 's blows my families receipies away .",['pizza'],['General'],['positive'],['pizza'],[False],1,False,False
semeval14_train_01949,semeval14,train,We ordered some beef and noodle soup dishes from the Thai section of the menu but nothing we got was Thai .,['beef'],['General'],['negative'],['beef'],[False],1,False,False
semeval14_train_01950,semeval14,train,We ordered some beef and noodle soup dishes from the Thai section of the menu but nothing we got was Thai .,['noodle soup dishes'],['General'],['negative'],['noodle soup dishes'],[False],1,False,False
semeval14_train_01951,semeval14,train,We ordered some beef and noodle soup dishes from the Thai section of the menu but nothing we got was Thai .,['menu'],['General'],['negative'],['menu'],[False],1,False,False
semeval14_train_01952,semeval14,train,They have a huge selection of different cream cheeses and all of their salads are great .,['cream cheeses'],['General'],['positive'],['cream cheeses'],[False],1,False,False
semeval14_train_01953,semeval14,train,They have a huge selection of different cream cheeses and all of their salads are great .,['salads'],['General'],['positive'],['salads'],[False],1,False,False
semeval14_train_01954,semeval14,train,The lobster sandwich is good and the spaghetti with Scallops and Shrimp is great .,['lobster sandwich'],['General'],['positive'],['lobster sandwich'],[False],1,False,False
semeval14_train_01955,semeval14,train,The lobster sandwich is good and the spaghetti with Scallops and Shrimp is great .,['spaghetti with scallops and shrimp'],['General'],['positive'],['spaghetti with Scallops and Shrimp'],[False],1,False,False
semeval14_train_01956,semeval14,train,The food was authentic .,['food'],['Food'],['positive'],['food'],[False],1,False,False
semeval14_train_01957,semeval14,train,The dim sum is delectable while the prices are quite easy on the wallet .,['dim sum'],['General'],['positive'],['dim sum'],[False],1,False,False
semeval14_train_01958,semeval14,train,The dim sum is delectable while the prices are quite easy on the wallet .,['prices'],['General'],['positive'],['prices'],[False],1,False,False
semeval14_train_01959,semeval14,train,"I only tried a simple dish of spinach ravioli in a light oil and garlic sauce , but it actually faired better than most NYC Italian joints I 've tried similar dishes at .",['spinach ravioli in a light oil and garlic sauce'],['General'],['positive'],['spinach ravioli in a light oil and garlic sauce'],[False],1,False,False
semeval14_train_01960,semeval14,train,"I only tried a simple dish of spinach ravioli in a light oil and garlic sauce , but it actually faired better than most NYC Italian joints I 've tried similar dishes at .",['dish'],['General'],['positive'],['dish'],[False],1,False,False
semeval14_train_01961,semeval14,train,"I only tried a simple dish of spinach ravioli in a light oil and garlic sauce , but it actually faired better than most NYC Italian joints I 've tried similar dishes at .",['dishes'],['General'],['neutral'],['dishes'],[False],1,False,False
semeval14_train_01962,semeval14,train,The worst excuse for Japanese food I 've ever encountered .,['japanese food'],['General'],['negative'],['Japanese food'],[False],1,False,False
semeval14_train_01963,semeval14,train,I ordered a Chicken Teriyaki dish and found that the chicken was extremely dry .,['chicken teriyaki dish'],['General'],['negative'],['Chicken Teriyaki dish'],[False],1,False,False
semeval14_train_01964,semeval14,train,I ordered a Chicken Teriyaki dish and found that the chicken was extremely dry .,['chicken'],['General'],['negative'],['chicken'],[False],1,False,False
semeval14_train_01965,semeval14,train,"We had reservations at 9pm , but was not seated until 10:15 pm .",['reservations'],['General'],['negative'],['reservations'],[False],1,False,False
semeval14_train_01966,semeval14,train,We had Pam's special fried fish and it was amazing .,"[""pam's special fried fish""]",['General'],['positive'],"[""Pam's special fried fish""]",[False],1,False,False
semeval14_train_01967,semeval14,train,There is no excuse for such lousy service !,['service'],['Service'],['negative'],['service'],[False],1,False,False
semeval14_train_01968,semeval14,train,My boyfriend had the New England Chowder it was good but I think the award should go to the Lobster Bisque .,['new england chowder'],['General'],['positive'],['New England Chowder'],[False],1,False,False
semeval14_train_01969,semeval14,train,My boyfriend had the New England Chowder it was good but I think the award should go to the Lobster Bisque .,['lobster bisque'],['General'],['positive'],['Lobster Bisque'],[False],1,False,False
semeval14_train_01970,semeval14,train,"So , a little inconsistency there but either way , both pizzas were really good .",['pizzas'],['General'],['positive'],['pizzas'],[False],1,False,False
semeval14_train_01971,semeval14,train,"Overall the restaurant is more expensive than our other sushi favorites , but everything was delicious .",['sushi'],['General'],['neutral'],['sushi'],[False],1,False,False
semeval14_train_01972,semeval14,train,Not enough wines by the glass either .,['wines by the glass'],['General'],['negative'],['wines by the glass'],[False],1,False,False
semeval14_train_01973,semeval14,train,I had the duck breast special on my last visit and it was incredible .,['duck breast special'],['General'],['positive'],['duck breast special'],[False],1,False,False
semeval14_train_01974,semeval14,train,I must say it 's a little pricey for the food because it was not as spectacular as the view .,['food'],['Food'],['negative'],['food'],[False],1,False,False
semeval14_train_01975,semeval14,train,These innovators of french indian fusion do a great job of making dishes as interesting as possible while still being accessible .,['french indian fusion'],['General'],['positive'],['french indian fusion'],[False],1,False,False
semeval14_train_01976,semeval14,train,These innovators of french indian fusion do a great job of making dishes as interesting as possible while still being accessible .,['dishes'],['General'],['positive'],['dishes'],[False],1,False,False
semeval14_train_01977,semeval14,train,"Just do n't take the seat between the bar and the back half of the restaurant , i saw a woman get nudged 40times sitting there .",['seat'],['General'],['negative'],['seat'],[False],1,False,False
semeval14_train_01978,semeval14,train,"Just do n't take the seat between the bar and the back half of the restaurant , i saw a woman get nudged 40times sitting there .",['bar'],['General'],['neutral'],['bar'],[False],1,False,False
semeval14_train_01979,semeval14,train,No gimmicks here -- the food speaks for itself in its freshness and preparation .,['food'],['Food'],['positive'],['food'],[False],1,False,False
semeval14_train_01980,semeval14,train,"We were worried we would have trouble getting in , but somehow managed to have a short wait .",['wait'],['General'],['positive'],['wait'],[False],1,False,False
semeval14_train_01981,semeval14,train,My wife had the fried shrimp which are huge and loved it .,['fried shrimp'],['General'],['positive'],['fried shrimp'],[False],1,False,False
semeval14_train_01982,semeval14,train,One should not go to Lucky Strike for the food .,['food'],['Food'],['negative'],['food'],[False],1,False,False
semeval14_train_01983,semeval14,train,The service is awful -- the last time I was there -LRB- and I do mean the last time -RRB- we were told that they needed our table so we would have to leave .,['service'],['Service'],['negative'],['service'],[False],1,False,False
semeval14_train_01984,semeval14,train,The service is awful -- the last time I was there -LRB- and I do mean the last time -RRB- we were told that they needed our table so we would have to leave .,['table'],['General'],['negative'],['table'],[False],1,False,False
semeval14_train_01985,semeval14,train,We could only get through an appetizer and cheese fondue .,['appetizer'],['General'],['neutral'],['appetizer'],[False],1,False,False
semeval14_train_01986,semeval14,train,We could only get through an appetizer and cheese fondue .,['cheese fondue'],['General'],['neutral'],['cheese fondue'],[False],1,False,False
semeval14_train_01987,semeval14,train,Both times we waited well over a half hour for a table -LRB- even though we had reservations -RRB- .,['table'],['General'],['negative'],['table'],[False],1,False,False
semeval14_train_01988,semeval14,train,Both times we waited well over a half hour for a table -LRB- even though we had reservations -RRB- .,['reservations'],['General'],['negative'],['reservations'],[False],1,False,False
semeval14_train_01989,semeval14,train,"night without a reservation , we had to wait at the bar for a little while , but the manager was so nice and made our wait a great experience .",['manager'],['General'],['positive'],['manager'],[False],1,False,False
semeval14_train_01990,semeval14,train,"night without a reservation , we had to wait at the bar for a little while , but the manager was so nice and made our wait a great experience .",['reservation'],['General'],['neutral'],['reservation'],[False],1,False,False
semeval14_train_01991,semeval14,train,"night without a reservation , we had to wait at the bar for a little while , but the manager was so nice and made our wait a great experience .",['bar'],['General'],['neutral'],['bar'],[False],1,False,False
semeval14_train_01992,semeval14,train,"night without a reservation , we had to wait at the bar for a little while , but the manager was so nice and made our wait a great experience .",['wait'],['General'],['positive'],['wait'],[False],1,False,False
semeval14_train_01993,semeval14,train,Try the green curry !!!,['green curry'],['General'],['positive'],['green curry'],[False],1,False,False
semeval14_train_01994,semeval14,train,We had the scallops as an appetizer and they were delicious and the sauce was wonderful .,['scallops'],['General'],['positive'],['scallops'],[False],1,False,False
semeval14_train_01995,semeval14,train,We had the scallops as an appetizer and they were delicious and the sauce was wonderful .,['appetizer'],['General'],['positive'],['appetizer'],[False],1,False,False
semeval14_train_01996,semeval14,train,We had the scallops as an appetizer and they were delicious and the sauce was wonderful .,['sauce'],['General'],['positive'],['sauce'],[False],1,False,False
semeval14_train_01997,semeval14,train,We were also seated promptly at the time of our reservation and the service was very quick and professional .,['service'],['Service'],['positive'],['service'],[False],1,False,False
semeval14_train_01998,semeval14,train,We were also seated promptly at the time of our reservation and the service was very quick and professional .,['reservation'],['General'],['positive'],['reservation'],[False],1,False,False
semeval14_train_01999,semeval14,train,"You rarely have to wait for a seat and the currys -LRB- masaman , green , red -RRB- are full of flavor and come super spicy if you ask for it .",['seat'],['General'],['positive'],['seat'],[False],1,False,False
semeval14_train_02000,semeval14,train,"You rarely have to wait for a seat and the currys (masaman, green, red) are full of flavor and come super spicy if you ask for it .","['currys (masaman, green, red)']",['General'],['positive'],"['currys (masaman, green, red)']",[False],1,False,False
semeval14_train_02001,semeval14,train,"You rarely have to wait for a seat and the currys -LRB- masaman , green , red -RRB- are full of flavor and come super spicy if you ask for it .",['flavor'],['General'],['positive'],['flavor'],[False],1,False,False
semeval14_train_02002,semeval14,train,The food there are sastifying .,['food'],['Food'],['positive'],['food'],[False],1,False,False
semeval14_train_02003,semeval14,train,I highly recommend visiting this restaurant and having dinner and drinks !,['dinner'],['General'],['positive'],['dinner'],[False],1,False,False
semeval14_train_02004,semeval14,train,I highly recommend visiting this restaurant and having dinner and drinks !,['drinks'],['Food'],['positive'],['drinks'],[False],1,False,False
semeval14_train_02005,semeval14,train,The bar is very well stocked with interesting beers and well priced wines .,['bar'],['General'],['positive'],['bar'],[False],1,False,False
semeval14_train_02006,semeval14,train,The bar is very well stocked with interesting beers and well priced wines .,['beers'],['General'],['positive'],['beers'],[False],1,False,False
semeval14_train_02007,semeval14,train,The bar is very well stocked with interesting beers and well priced wines .,['wines'],['General'],['positive'],['wines'],[False],1,False,False
semeval14_train_02008,semeval14,train,The bar is very well stocked with interesting beers and well priced wines .,['priced'],['General'],['positive'],['priced'],[False],1,False,False
semeval14_train_02009,semeval14,train,"Last memorial day , I tried to make reservations but was told they were closed that weekend -LRB- interesting , but ... -RRB- .",['reservations'],['General'],['negative'],['reservations'],[False],1,False,False
semeval14_train_02010,semeval14,train,The food was good .,['food'],['Food'],['positive'],['food'],[False],1,False,False
semeval14_train_02011,semeval14,train,"Great wine selection , Gigondas is worth the price , and the house champagne is a great value .",['wine selection'],['General'],['positive'],['wine selection'],[False],1,False,False
semeval14_train_02012,semeval14,train,"Great wine selection , Gigondas is worth the price , and the house champagne is a great value .",['gigondas'],['General'],['positive'],['Gigondas'],[False],1,False,False
semeval14_train_02013,semeval14,train,"Great wine selection , Gigondas is worth the price , and the house champagne is a great value .",['house champagne'],['General'],['positive'],['house champagne'],[False],1,False,False
semeval14_train_02014,semeval14,train,"Great wine selection , Gigondas is worth the price , and the house champagne is a great value .",['price'],['Price'],['neutral'],['price'],[False],1,False,False
semeval14_train_02015,semeval14,train,"at night , but it 's hard to hear your own conversation with everyone else competing for that same luxury - the music playing in the background is also voluminous .",['music'],['General'],['negative'],['music'],[False],1,False,False
semeval14_train_02016,semeval14,train,I have enjoyed everything I have ever gotten and the fish is so fresh and always prepared in a great way .,['fish'],['General'],['positive'],['fish'],[False],1,False,False
semeval14_train_02017,semeval14,train,I particularly love their yellowfun tuna and their mussel selection .,['yellowfun tuna'],['General'],['positive'],['yellowfun tuna'],[False],1,False,False
semeval14_train_02018,semeval14,train,I particularly love their yellowfun tuna and their mussel selection .,['mussel selection'],['General'],['positive'],['mussel selection'],[False],1,False,False
semeval14_train_02019,semeval14,train,I love to visit Murrays for my bagel fix .,['bagel'],['General'],['positive'],['bagel'],[False],1,False,False
semeval14_train_02020,semeval14,train,"We made early dinner reservations and were thoroughly impressed , reminds me of my grandfather , its old school Italian scenery with lots of fun stuff to admire .",['scenery'],['General'],['positive'],['scenery'],[False],1,False,False
semeval14_train_02021,semeval14,train,"We made early dinner reservations and were thoroughly impressed , reminds me of my grandfather , its old school Italian scenery with lots of fun stuff to admire .",['dinner reservations'],['General'],['positive'],['dinner reservations'],[False],1,False,False
semeval14_train_02022,semeval14,train,The place was nice and calm .,['place'],['General'],['positive'],['place'],[False],1,False,False
semeval14_train_02023,semeval14,train,Cheese plate is a varied delight and great bargain at $ 10 .,['cheese plate'],['General'],['positive'],['Cheese plate'],[False],1,False,False
semeval14_train_02024,semeval14,train,I could have drank 4 glasses of water and still been parched - so watch out .,['glasses of water'],['General'],['neutral'],['glasses of water'],[False],1,False,False
semeval14_train_02025,semeval14,train,"When we sat , we got great and fast service .",['service'],['Service'],['positive'],['service'],[False],1,False,False
semeval14_train_02026,semeval14,train,"Most of the servers are very attentive , friendly and quite attractive .",['servers'],['General'],['positive'],['servers'],[False],1,False,False
semeval14_train_02027,semeval14,train,Service is average .,['service'],['Service'],['neutral'],['Service'],[False],1,False,False
semeval14_train_02028,semeval14,train,But they 've done a really nice job of offering all the typical pizzeria faves plus some terrific specials like the Godmother pizza (a sort of traditional flat pizza with an olive oil-brushed crust and less tomato sauce than usual) .,['godmother pizza (a sort of traditional flat pizza with an olive oil-brushed crust and less tomato sauce than usual)'],['General'],['positive'],['Godmother pizza (a sort of traditional flat pizza with an olive oil-brushed crust and less tomato sauce than usual)'],[False],1,False,False
semeval14_train_02029,semeval14,train,But they 've done a really nice job of offering all the typical pizzeria faves plus some terrific specials like the Godmother pizza -LRB- a sort of traditional flat pizza with an olive oil-brushed crust and less tomato sauce than usual -RRB- .,['specials'],['General'],['positive'],['specials'],[False],1,False,False
semeval14_train_02030,semeval14,train,"They forgot a sandwich , did n't include plastic forks , and did n't include pita with the hummus platter .",['sandwich'],['General'],['neutral'],['sandwich'],[False],1,False,False
semeval14_train_02031,semeval14,train,"They forgot a sandwich , did n't include plastic forks , and did n't include pita with the hummus platter .",['plastic forks'],['General'],['neutral'],['plastic forks'],[False],1,False,False
semeval14_train_02032,semeval14,train,"They forgot a sandwich , did n't include plastic forks , and did n't include pita with the hummus platter .",['pita'],['General'],['neutral'],['pita'],[False],1,False,False
semeval14_train_02033,semeval14,train,"They forgot a sandwich , did n't include plastic forks , and did n't include pita with the hummus platter .",['hummus platter'],['General'],['neutral'],['hummus platter'],[False],1,False,False
semeval14_train_02034,semeval14,train,"The steak is good , the fish is good and the sushi was surprisingly great .",['steak'],['General'],['positive'],['steak'],[False],1,False,False
semeval14_train_02035,semeval14,train,"The steak is good , the fish is good and the sushi was surprisingly great .",['fish'],['General'],['positive'],['fish'],[False],1,False,False
semeval14_train_02036,semeval14,train,"The steak is good , the fish is good and the sushi was surprisingly great .",['sushi'],['General'],['positive'],['sushi'],[False],1,False,False
semeval14_train_02037,semeval14,train,I am reluctant to write because I would not want my jem of a pizza place to become overcrowded .,['pizza'],['General'],['positive'],['pizza'],[False],1,False,False
semeval14_train_02038,semeval14,train,"The service was poor , restaurant poorly lit , staff not very attentive and I would have rather eaten at a Mcdonald 's than this joint .",['service'],['Service'],['negative'],['service'],[False],1,False,False
semeval14_train_02039,semeval14,train,"The service was poor , restaurant poorly lit , staff not very attentive and I would have rather eaten at a Mcdonald 's than this joint .",['staff'],['Service'],['negative'],['staff'],[False],1,False,False
semeval14_train_02040,semeval14,train,"My GF and I still choose to eat there a lot because of diverse cocktails , the chill decor , and the decent sushi .",['cocktails'],['General'],['positive'],['cocktails'],[False],1,False,False
semeval14_train_02041,semeval14,train,"My GF and I still choose to eat there a lot because of diverse cocktails , the chill decor , and the decent sushi .",['decor'],['General'],['positive'],['decor'],[False],1,False,False
semeval14_train_02042,semeval14,train,"My GF and I still choose to eat there a lot because of diverse cocktails , the chill decor , and the decent sushi .",['sushi'],['General'],['positive'],['sushi'],[False],1,False,False
semeval14_train_02043,semeval14,train,We ended the dinner with a surprisingly light and flaky apple tarte tatin .,['apple tarte tatin'],['General'],['positive'],['apple tarte tatin'],[False],1,False,False
semeval14_train_02044,semeval14,train,We ended the dinner with a surprisingly light and flaky apple tarte tatin .,['dinner'],['General'],['neutral'],['dinner'],[False],1,False,False
semeval14_train_02045,semeval14,train,The buffet had a nice selection .,['buffet'],['General'],['positive'],['buffet'],[False],1,False,False
semeval14_train_02046,semeval14,train,The buffet had a nice selection .,['selection'],['General'],['positive'],['selection'],[False],1,False,False
semeval14_train_02047,semeval14,train,Waitstaff are very friendly .,['waitstaff'],['General'],['positive'],['Waitstaff'],[False],1,False,False
semeval14_train_02048,semeval14,train,Service was slow had to wait to order and get food although not crowded .,['service'],['Service'],['negative'],['Service'],[False],1,False,False
semeval14_train_02049,semeval14,train,Service was slow had to wait to order and get food although not crowded .,['food'],['Food'],['neutral'],['food'],[False],1,False,False
semeval14_train_02050,semeval14,train,Will have to return to try the chocolate !,['chocolate'],['General'],['positive'],['chocolate'],[False],1,False,False
semeval14_train_02051,semeval14,train,"The food was below average , the service was pathetic , there was no ambience at all .",['food'],['Food'],['negative'],['food'],[False],1,False,False
semeval14_train_02052,semeval14,train,"The food was below average , the service was pathetic , there was no ambience at all .",['service'],['Service'],['negative'],['service'],[False],1,False,False
semeval14_train_02053,semeval14,train,"The food was below average , the service was pathetic , there was no ambience at all .",['ambience'],['Ambience'],['negative'],['ambience'],[False],1,False,False
semeval14_train_02054,semeval14,train,I REALLY ENJOYED THE SHOWS PUT ON BY THE ACTORS .,['shows'],['General'],['positive'],['SHOWS'],[False],1,False,False
semeval14_train_02055,semeval14,train,I REALLY ENJOYED THE SHOWS PUT ON BY THE ACTORS .,['actors'],['General'],['positive'],['ACTORS'],[False],1,False,False
semeval14_train_02056,semeval14,train,Our first time in New York and we had to try a New York Bagel .,['new york bagel'],['General'],['neutral'],['New York Bagel'],[False],1,False,False
semeval14_train_02057,semeval14,train,service was efficient courteous .,['service'],['Service'],['positive'],['service'],[False],1,False,False
semeval14_train_02058,semeval14,train,The miso soup lacked flavor and the fish was unfortunately not as well prepared as in the past .,['miso soup'],['General'],['negative'],['miso soup'],[False],1,False,False
semeval14_train_02059,semeval14,train,The miso soup lacked flavor and the fish was unfortunately not as well prepared as in the past .,['fish'],['General'],['negative'],['fish'],[False],1,False,False
semeval14_train_02060,semeval14,train,The miso soup lacked flavor and the fish was unfortunately not as well prepared as in the past .,['flavor'],['General'],['negative'],['flavor'],[False],1,False,False
semeval14_train_02061,semeval14,train,They are the best bagels I 've had .,['bagels'],['General'],['positive'],['bagels'],[False],1,False,False
semeval14_train_02062,semeval14,train,I 've read some of the previews reviews - people are either not New Yorkers or have more appreciation for ambience then food .,['ambience'],['Ambience'],['neutral'],['ambience'],[False],1,False,False
semeval14_train_02063,semeval14,train,I 've read some of the previews reviews - people are either not New Yorkers or have more appreciation for ambience then food .,['food'],['Food'],['neutral'],['food'],[False],1,False,False
semeval14_train_02064,semeval14,train,"Toons has recently been redone , so it 's now a very attractive space .",['space'],['General'],['positive'],['space'],[False],1,False,False
semeval14_train_02065,semeval14,train,"$ 160 for 2 filets , 2 sides , an appetizer and drinks .",['filets'],['General'],['neutral'],['filets'],[False],1,False,False
semeval14_train_02066,semeval14,train,"$ 160 for 2 filets , 2 sides , an appetizer and drinks .",['sides'],['General'],['neutral'],['sides'],[False],1,False,False
semeval14_train_02067,semeval14,train,"$ 160 for 2 filets , 2 sides , an appetizer and drinks .",['appetizer'],['General'],['neutral'],['appetizer'],[False],1,False,False
semeval14_train_02068,semeval14,train,"$ 160 for 2 filets , 2 sides , an appetizer and drinks .",['drinks'],['Food'],['neutral'],['drinks'],[False],1,False,False
semeval14_train_02069,semeval14,train,"While the prices are nothing special , the portions are huge .",['prices'],['General'],['neutral'],['prices'],[False],1,False,False
semeval14_train_02070,semeval14,train,"While the prices are nothing special , the portions are huge .",['portions'],['General'],['positive'],['portions'],[False],1,False,False
semeval14_train_02071,semeval14,train,"Its a nice quiet location to go eat a good meal , relax , be able to talk and have a very good time .",['location'],['General'],['positive'],['location'],[False],1,False,False
semeval14_train_02072,semeval14,train,"Its a nice quiet location to go eat a good meal , relax , be able to talk and have a very good time .",['meal'],['General'],['positive'],['meal'],[False],1,False,False
semeval14_train_02073,semeval14,train,"We arrived for dinner expecting to be impressed by a place that has an impressive past - but , that 's just it -- the PAST !",['dinner'],['General'],['neutral'],['dinner'],[False],1,False,False
semeval14_train_02074,semeval14,train,"However , I think this place is a good hang out spot .",['spot'],['General'],['positive'],['spot'],[False],1,False,False
semeval14_train_02075,semeval14,train,"The menu is Prix Fixe , so be prepared to spend at least $ 60 per person , but it is Well worth itsuperb food .",['menu'],['General'],['negative'],['menu'],[False],1,False,False
semeval14_train_02076,semeval14,train,"The menu is Prix Fixe , so be prepared to spend at least $ 60 per person , but it is Well worth itsuperb food .",['food'],['Food'],['positive'],['food'],[False],1,False,False
semeval14_train_02077,semeval14,train,"The menu is Prix Fixe , so be prepared to spend at least $ 60 per person , but it is Well worth itsuperb food .",['prix fixe'],['General'],['neutral'],['Prix Fixe'],[False],1,False,False
semeval14_train_02078,semeval14,train,The wine list is extensive and impressive .,['wine list'],['General'],['positive'],['wine list'],[False],1,False,False
semeval14_train_02079,semeval14,train,We had the most wonderful waitress .,['waitress'],['General'],['positive'],['waitress'],[False],1,False,False
semeval14_train_02080,semeval14,train,"While the staff at this little bistro is very friendly , I have never experienced more incompetency .",['staff'],['Service'],['positive'],['staff'],[False],1,False,False
semeval14_train_02081,semeval14,train,The quail was fantastic and unique and the pastas were full of flavor .,['quail'],['General'],['positive'],['quail'],[False],1,False,False
semeval14_train_02082,semeval14,train,The quail was fantastic and unique and the pastas were full of flavor .,['pastas'],['General'],['positive'],['pastas'],[False],1,False,False
semeval14_train_02083,semeval14,train,The quail was fantastic and unique and the pastas were full of flavor .,['flavor'],['General'],['positive'],['flavor'],[False],1,False,False
semeval14_train_02084,semeval14,train,The zucchini and mashed potatoes are a blend of garlic and butter which simply melts in your mouth .,['zucchini'],['General'],['positive'],['zucchini'],[False],1,False,False
semeval14_train_02085,semeval14,train,The zucchini and mashed potatoes are a blend of garlic and butter which simply melts in your mouth .,['mashed potatoes'],['General'],['positive'],['mashed potatoes'],[False],1,False,False
semeval14_train_02086,semeval14,train,The zucchini and mashed potatoes are a blend of garlic and butter which simply melts in your mouth .,['garlic'],['General'],['positive'],['garlic'],[False],1,False,False
semeval14_train_02087,semeval14,train,The zucchini and mashed potatoes are a blend of garlic and butter which simply melts in your mouth .,['butter'],['General'],['positive'],['butter'],[False],1,False,False
semeval14_train_02088,semeval14,train,The staff is courteous and friendly .,['staff'],['Service'],['positive'],['staff'],[False],1,False,False
semeval14_train_02089,semeval14,train,Decor is nice though service can be spotty .,['decor'],['General'],['positive'],['Decor'],[False],1,False,False
semeval14_train_02090,semeval14,train,Decor is nice though service can be spotty .,['service'],['Service'],['negative'],['service'],[False],1,False,False
semeval14_train_02091,semeval14,train,"Aside from the rushed service , we were very impressed with the food and the drinks .",['service'],['Service'],['negative'],['service'],[False],1,False,False
semeval14_train_02092,semeval14,train,"Aside from the rushed service , we were very impressed with the food and the drinks .",['food'],['Food'],['positive'],['food'],[False],1,False,False
semeval14_train_02093,semeval14,train,"Aside from the rushed service , we were very impressed with the food and the drinks .",['drinks'],['Food'],['positive'],['drinks'],[False],1,False,False
semeval14_train_02094,semeval14,train,Make sure you have the Spicy Scallop roll . . .,['spicy scallop roll'],['General'],['positive'],['Spicy Scallop roll'],[False],1,False,False
semeval14_train_02095,semeval14,train,I would highly recommend this place to anyone who is looking for a fine Indian dining experience that is definitely a value for your dollar .,['indian dining experience'],['General'],['positive'],['Indian dining experience'],[False],1,False,False
semeval14_train_02096,semeval14,train,This big draw is the all you can sushi here for $ 19.95 !,['sushi'],['General'],['positive'],['sushi'],[False],1,False,False
semeval14_train_02097,semeval14,train,"Some of the workers ignore me and talk to the female customers , other times , they 've skipped my order .",['workers'],['General'],['negative'],['workers'],[False],1,False,False
semeval14_train_02098,semeval14,train,"Some of the workers ignore me and talk to the female customers , other times , they 've skipped my order .",['order'],['General'],['negative'],['order'],[False],1,False,False
semeval14_train_02099,semeval14,train,The specials are usually quite good too .,['specials'],['General'],['positive'],['specials'],[False],1,False,False
semeval14_train_02100,semeval14,train,They 've the best desserts and mixed drinks as well as snack foods .,['desserts'],['General'],['positive'],['desserts'],[False],1,False,False
semeval14_train_02101,semeval14,train,They 've the best desserts and mixed drinks as well as snack foods .,['mixed drinks'],['General'],['positive'],['mixed drinks'],[False],1,False,False
semeval14_train_02102,semeval14,train,They 've the best desserts and mixed drinks as well as snack foods .,['snack foods'],['General'],['positive'],['snack foods'],[False],1,False,False
semeval14_train_02103,semeval14,train,Try the chocolate mud cake (warmed) with 2 scoops of dulce de leche gelato .,['chocolate mud cake (warmed)'],['General'],['positive'],['chocolate mud cake (warmed)'],[False],1,False,False
semeval14_train_02104,semeval14,train,Try the chocolate mud cake -LRB- warmed -RRB- with 2 scoops of dulce de leche gelato .,['dulce de leche gelato'],['General'],['positive'],['dulce de leche gelato'],[False],1,False,False
semeval14_train_02105,semeval14,train,Really cool stauff inside .,['stauff'],['General'],['positive'],['stauff'],[False],1,False,False
semeval14_train_02106,semeval14,train,"While the new restaurant still features much of the same classical furniture that made Tiffin so attractive , the menu has been overhauled .",['classical furniture'],['General'],['positive'],['classical furniture'],[False],1,False,False
semeval14_train_02107,semeval14,train,"While the new restaurant still features much of the same classical furniture that made Tiffin so attractive , the menu has been overhauled .",['menu'],['General'],['negative'],['menu'],[False],1,False,False
semeval14_train_02108,semeval14,train,The best burger I have had in the Village .,['burger'],['General'],['positive'],['burger'],[False],1,False,False
semeval14_train_02109,semeval14,train,We visited Orsay during NY Restaurant Week and tried their $ 35 menu .,['menu'],['General'],['neutral'],['menu'],[False],1,False,False
semeval14_train_02110,semeval14,train,I would have gotten some cole slaw and a knish if my stomach had more space .,['cole slaw'],['General'],['neutral'],['cole slaw'],[False],1,False,False
semeval14_train_02111,semeval14,train,I would have gotten some cole slaw and a knish if my stomach had more space .,['knish'],['General'],['neutral'],['knish'],[False],1,False,False
semeval14_train_02112,semeval14,train,Three of us arrived for dinner about 5:30 on a week night without reservations .,['dinner'],['General'],['neutral'],['dinner'],[False],1,False,False
semeval14_train_02113,semeval14,train,Three of us arrived for dinner about 5:30 on a week night without reservations .,['reservations'],['General'],['neutral'],['reservations'],[False],1,False,False
semeval14_train_02114,semeval14,train,"The blond wood decor is very soothing , the premium sake is excellent and the service is great .",['blond wood decor'],['General'],['positive'],['blond wood decor'],[False],1,False,False
semeval14_train_02115,semeval14,train,"The blond wood decor is very soothing , the premium sake is excellent and the service is great .",['sake'],['General'],['positive'],['sake'],[False],1,False,False
semeval14_train_02116,semeval14,train,"The blond wood decor is very soothing , the premium sake is excellent and the service is great .",['service'],['Service'],['positive'],['service'],[False],1,False,False
semeval14_train_02117,semeval14,train,Your money could easily be better spent elsewhere -LRB- Anywhere -RRB- .,['money'],['General'],['neutral'],['money'],[False],1,False,False
semeval14_train_02118,semeval14,train,"Only drawback - they wo n't toast your bagel , and they do n't make eggs for the bagel .",['bagel'],['General'],['negative'],['bagel'],[False],1,False,False
semeval14_train_02119,semeval14,train,"Only drawback - they wo n't toast your bagel , and they do n't make eggs for the bagel .",['eggs'],['General'],['negative'],['eggs'],[False],1,False,False
semeval14_train_02120,semeval14,train,"Only drawback - they wo n't toast your bagel , and they do n't make eggs for the bagel .",['bagel'],['General'],['negative'],['bagel'],[False],1,False,False
semeval14_train_02121,semeval14,train,As always we had a great glass of wine while we waited .,['glass of wine'],['General'],['positive'],['glass of wine'],[False],1,False,False
semeval14_train_02122,semeval14,train,"The wait staff is pleasant , fun , and for the most part gorgeous -LRB- in the wonderful aesthetic beautification way , not in that she's-way-cuter-than-me-that-b@#$* way -RRB- .",['wait staff'],['General'],['positive'],['wait staff'],[False],1,False,False
semeval14_train_02123,semeval14,train,"Of course this atmosphere is lacking , but what do you expect from a 24 hour bagel place anyways ?",['atmosphere'],['General'],['negative'],['atmosphere'],[False],1,False,False
semeval14_train_02124,semeval14,train,"Of course this atmosphere is lacking , but what do you expect from a 24 hour bagel place anyways ?",['bagel'],['General'],['neutral'],['bagel'],[False],1,False,False
semeval14_train_02125,semeval14,train,Service was very good and warm .,['service'],['Service'],['positive'],['Service'],[False],1,False,False
semeval14_train_02126,semeval14,train,For dinner I had the chicken tikka-masala and some garlic naan .,['chicken tikka-masala'],['General'],['neutral'],['chicken tikka-masala'],[False],1,False,False
semeval14_train_02127,semeval14,train,For dinner I had the chicken tikka-masala and some garlic naan .,['garlic naan'],['General'],['neutral'],['garlic naan'],[False],1,False,False
semeval14_train_02128,semeval14,train,For dinner I had the chicken tikka-masala and some garlic naan .,['dinner'],['General'],['neutral'],['dinner'],[False],1,False,False
semeval14_train_02129,semeval14,train,Cornelia Street looks like a Broadway set for West Side Story and the inside of Po is so cool quaint you really ca n't top the setting for a romantic dinner in NYC .,['dinner'],['General'],['positive'],['dinner'],[False],1,False,False
semeval14_train_02130,semeval14,train,Cornelia Street looks like a Broadway set for West Side Story and the inside of Po is so cool quaint you really ca n't top the setting for a romantic dinner in NYC .,['setting'],['General'],['positive'],['setting'],[False],1,False,False
semeval14_train_02131,semeval14,train,Food was good and the view of the new york city skiline was terrific even on a foggy rainy day like that of when I went .,['food'],['Food'],['positive'],['Food'],[False],1,False,False
semeval14_train_02132,semeval14,train,Food was good and the view of the new york city skiline was terrific even on a foggy rainy day like that of when I went .,['view'],['General'],['positive'],['view'],[False],1,False,False
semeval14_train_02133,semeval14,train,The food is nothing like its menu description .,['food'],['Food'],['negative'],['food'],[False],1,False,False
semeval14_train_02134,semeval14,train,The food is nothing like its menu description .,['menu description'],['General'],['negative'],['menu description'],[False],1,False,False
semeval14_train_02135,semeval14,train,Try the Pad Se-Ew or Chicken with Cashew Nuts for a memorable and repeatable experience .,['pad se-ew'],['General'],['positive'],['Pad Se-Ew'],[False],1,False,False
semeval14_train_02136,semeval14,train,Try the Pad Se-Ew or Chicken with Cashew Nuts for a memorable and repeatable experience .,['chicken with cashew nuts'],['General'],['positive'],['Chicken with Cashew Nuts'],[False],1,False,False
semeval14_train_02137,semeval14,train,It 's just O.K. pizza .,['pizza'],['General'],['neutral'],['pizza'],[False],1,False,False
semeval14_train_02138,semeval14,train,"The food is decent at best , and the ambience , well , it 's a matter of opinion , some may consider it to be a sweet thing , I thought it was just annoying .",['food'],['Food'],['neutral'],['food'],[False],1,False,False
semeval14_train_02139,semeval14,train,"The service was a bit slow , but they were very friendly .",['service'],['Service'],['negative'],['service'],[False],1,False,False
semeval14_train_02140,semeval14,train,"Leon is an East Village gem : casual but hip , with well prepared basic French bistro fare , good specials , a warm and lively atmosphere .",['specials'],['General'],['positive'],['specials'],[False],1,False,False
semeval14_train_02141,semeval14,train,"Leon is an East Village gem : casual but hip , with well prepared basic French bistro fare , good specials , a warm and lively atmosphere .",['atmosphere'],['General'],['positive'],['atmosphere'],[False],1,False,False
semeval14_train_02142,semeval14,train,"Leon is an East Village gem : casual but hip , with well prepared basic French bistro fare , good specials , a warm and lively atmosphere .",['french bistro fare'],['General'],['positive'],['French bistro fare'],[False],1,False,False
semeval14_train_02143,semeval14,train,The food is above average for midtown and sligtly better than some of the other Heartland Breweries in the city .,['food'],['Food'],['positive'],['food'],[False],1,False,False
semeval14_train_02144,semeval14,train,Thius is a must for anyone who loves Shabu-Shabu .,['shabu-shabu'],['General'],['positive'],['Shabu-Shabu'],[False],1,False,False
semeval14_train_02145,semeval14,train,The food was absolutely horrible !,['food'],['Food'],['negative'],['food'],[False],1,False,False
semeval14_train_02146,semeval14,train,"Similar to other Indian restaurants , they use the dinner special to attract customers at the door .",['dinner special'],['General'],['neutral'],['dinner special'],[False],1,False,False
semeval14_train_02147,semeval14,train,"The people with carts of food do n't understand you because they do n't speak English , their job is to give you the delicious food you point at .",['food'],['Food'],['positive'],['food'],[False],1,False,False
semeval14_train_02148,semeval14,train,"The people with carts of food do n't understand you because they do n't speak English , their job is to give you the delicious food you point at .",['people with carts of food'],['General'],['negative'],['people with carts of food'],[False],1,False,False
semeval14_train_02149,semeval14,train,"The crackling calamari salad , which is usually a cheap disaster at many restaurants , is crispy and lightly dressed .",['crackling calamari salad'],['General'],['positive'],['crackling calamari salad'],[False],1,False,False
semeval14_train_02150,semeval14,train,"Not the greatest sushi place , but excellent for a $ 19.95 all you can eat .",['sushi place'],['General'],['negative'],['sushi place'],[False],1,False,False
semeval14_train_02151,semeval14,train,"Shockingly easy to throw a group dinner here : simple contract , deposit only to hold the date the entire 2nd fl mezz for our grp of 20 .",['group dinner'],['General'],['neutral'],['group dinner'],[False],1,False,False
semeval14_train_02152,semeval14,train,The Thai ice tea was amazingly smooth and yummy !,['thai ice tea'],['General'],['positive'],['Thai ice tea'],[False],1,False,False
semeval14_train_02153,semeval14,train,We 've never had any problems with the staff but maybe we 've been lucky ?,['staff'],['Service'],['positive'],['staff'],[False],1,False,False
semeval14_train_02154,semeval14,train,Drinks way over priced .,['drinks'],['Food'],['negative'],['Drinks'],[False],1,False,False
semeval14_train_02155,semeval14,train,Drinks way over priced .,['priced'],['General'],['negative'],['priced'],[False],1,False,False
semeval14_train_02156,semeval14,train,The main downside to the place is the nazi-like guy running it who constantly complains about the noise level .,['noise level'],['General'],['negative'],['noise level'],[False],1,False,False
semeval14_train_02157,semeval14,train,The main downside to the place is the nazi-like guy running it who constantly complains about the noise level .,['guy'],['General'],['negative'],['guy'],[False],1,False,False
semeval14_train_02158,semeval14,train,What I did n't like was how the food came right after it was ordered .,['food'],['Food'],['negative'],['food'],[False],1,False,False
semeval14_train_02159,semeval14,train,Moderate prices .,['prices'],['General'],['neutral'],['prices'],[False],1,False,False
semeval14_train_02160,semeval14,train,I think I 've had some the best meals of my life at minnow .,['meals'],['General'],['positive'],['meals'],[False],1,False,False
semeval14_train_02161,semeval14,train,"Most importantly , food is excellent .",['food'],['Food'],['positive'],['food'],[False],1,False,False
semeval14_train_02162,semeval14,train,"Great roofdeck , nice group of 30 somethings , but no music , kind of quiet .",['roofdeck'],['General'],['positive'],['roofdeck'],[False],1,False,False
semeval14_train_02163,semeval14,train,"Great roofdeck , nice group of 30 somethings , but no music , kind of quiet .",['music'],['General'],['negative'],['music'],[False],1,False,False
semeval14_train_02164,semeval14,train,"The best part of the experience was knowing that the manager -LRB- a bubbly , friendly young woman with a great smile -RRB- truly cared about how we were doing .",['manager'],['General'],['positive'],['manager'],[False],1,False,False
semeval14_train_02165,semeval14,train,"However , service was as plain as sesame crusted Salmon I had .",['service'],['Service'],['neutral'],['service'],[False],1,False,False
semeval14_train_02166,semeval14,train,"However , service was as plain as sesame crusted Salmon I had .",['sesame crusted salmon'],['General'],['neutral'],['sesame crusted Salmon'],[False],1,False,False
semeval14_train_02167,semeval14,train,It 's great to go for a quick lunch either alone or with a friend .,['lunch'],['General'],['positive'],['lunch'],[False],1,False,False
semeval14_train_02168,semeval14,train,The food was mediocre at best but it was the horrible service that made me vow never to go back .,['food'],['Food'],['neutral'],['food'],[False],1,False,False
semeval14_train_02169,semeval14,train,The food was mediocre at best but it was the horrible service that made me vow never to go back .,['service'],['Service'],['negative'],['service'],[False],1,False,False
semeval14_train_02170,semeval14,train,So some of the reviews here are accurate about the crowd and noise .,['crowd'],['General'],['negative'],['crowd'],[False],1,False,False
semeval14_train_02171,semeval14,train,So some of the reviews here are accurate about the crowd and noise .,['noise'],['General'],['negative'],['noise'],[False],1,False,False
semeval14_train_02172,semeval14,train,"You get what you pay for and with that logic in mind , Spice is a great place to grab some cheap eats and drinks in a beautiful setting .",['eats'],['General'],['positive'],['eats'],[False],1,False,False
semeval14_train_02173,semeval14,train,"You get what you pay for and with that logic in mind , Spice is a great place to grab some cheap eats and drinks in a beautiful setting .",['drinks'],['Food'],['positive'],['drinks'],[False],1,False,False
semeval14_train_02174,semeval14,train,"You get what you pay for and with that logic in mind , Spice is a great place to grab some cheap eats and drinks in a beautiful setting .",['setting'],['General'],['positive'],['setting'],[False],1,False,False
semeval14_train_02175,semeval14,train,"The service was terrible , we had to wait for everything and ask several of different people for the same thing before we were allowed to be served .",['service'],['Service'],['negative'],['service'],[False],1,False,False
semeval14_train_02176,semeval14,train,"The service was terrible , we had to wait for everything and ask several of different people for the same thing before we were allowed to be served .",['served'],['General'],['negative'],['served'],[False],1,False,False
semeval14_train_02177,semeval14,train,"Other than being a little crowded and a bit overpriced , the atmosphere is filled with energy -LRB- and the beautiful people of course -RRB- and the food was surprising good !",['atmosphere'],['General'],['positive'],['atmosphere'],[False],1,False,False
semeval14_train_02178,semeval14,train,"Other than being a little crowded and a bit overpriced , the atmosphere is filled with energy -LRB- and the beautiful people of course -RRB- and the food was surprising good !",['people'],['General'],['positive'],['people'],[False],1,False,False
semeval14_train_02179,semeval14,train,"Other than being a little crowded and a bit overpriced , the atmosphere is filled with energy -LRB- and the beautiful people of course -RRB- and the food was surprising good !",['food'],['Food'],['positive'],['food'],[False],1,False,False
semeval14_train_02180,semeval14,train,"We only ordered desserts and drinks , but no refills were offered .",['desserts'],['General'],['neutral'],['desserts'],[False],1,False,False
semeval14_train_02181,semeval14,train,"We only ordered desserts and drinks , but no refills were offered .",['drinks'],['Food'],['neutral'],['drinks'],[False],1,False,False
semeval14_train_02182,semeval14,train,"I have been here a few times for dinner , once for brunch and twice for lunch .",['dinner'],['General'],['neutral'],['dinner'],[False],1,False,False
semeval14_train_02183,semeval14,train,"I have been here a few times for dinner , once for brunch and twice for lunch .",['brunch'],['General'],['neutral'],['brunch'],[False],1,False,False
semeval14_train_02184,semeval14,train,"I have been here a few times for dinner , once for brunch and twice for lunch .",['lunch'],['General'],['neutral'],['lunch'],[False],1,False,False
semeval14_train_02185,semeval14,train,"the real kicker of the menu , however , is the beef cubes or the chicken with chili and lemon grass .",['menu'],['General'],['neutral'],['menu'],[False],1,False,False
semeval14_train_02186,semeval14,train,"the real kicker of the menu , however , is the beef cubes or the chicken with chili and lemon grass .",['beef cubes'],['General'],['positive'],['beef cubes'],[False],1,False,False
semeval14_train_02187,semeval14,train,"the real kicker of the menu , however , is the beef cubes or the chicken with chili and lemon grass .",['chicken with chili and lemon grass'],['General'],['positive'],['chicken with chili and lemon grass'],[False],1,False,False
semeval14_train_02188,semeval14,train,The music is the best among all the Indian restaurants I have visited .,['music'],['General'],['positive'],['music'],[False],1,False,False
semeval14_train_02189,semeval14,train,"The bread and lamb chops I had before the meal were quite good , however .",['bread'],['General'],['positive'],['bread'],[False],1,False,False
semeval14_train_02190,semeval14,train,"The bread and lamb chops I had before the meal were quite good , however .",['lamb chops'],['General'],['positive'],['lamb chops'],[False],1,False,False
semeval14_train_02191,semeval14,train,"The bread and lamb chops I had before the meal were quite good , however .",['meal'],['General'],['neutral'],['meal'],[False],1,False,False
semeval14_train_02192,semeval14,train,Rao 's has the best service and atmosphere in NYC .,['service'],['Service'],['positive'],['service'],[False],1,False,False
semeval14_train_02193,semeval14,train,Rao 's has the best service and atmosphere in NYC .,['atmosphere'],['General'],['positive'],['atmosphere'],[False],1,False,False
semeval14_train_02194,semeval14,train,instead ordered an ice cold beer which to me works with indian .,['beer'],['General'],['positive'],['beer'],[False],1,False,False
semeval14_train_02195,semeval14,train,"They never brought us complimentary noodles , ignored repeated requests for sugar , and threw our dishes on the table .",['noodles'],['General'],['negative'],['noodles'],[False],1,False,False
semeval14_train_02196,semeval14,train,"They never brought us complimentary noodles , ignored repeated requests for sugar , and threw our dishes on the table .",['sugar'],['General'],['negative'],['sugar'],[False],1,False,False
semeval14_train_02197,semeval14,train,"They never brought us complimentary noodles , ignored repeated requests for sugar , and threw our dishes on the table .",['dishes'],['General'],['negative'],['dishes'],[False],1,False,False
semeval14_train_02198,semeval14,train,one of the best Chicken Tikka Masala .,['chicken tikka masala'],['General'],['positive'],['Chicken Tikka Masala'],[False],1,False,False
semeval14_train_02199,semeval14,train,"Excellent dumplings served amid clean , chic decor .",['dumplings'],['General'],['positive'],['dumplings'],[False],1,False,False
semeval14_train_02200,semeval14,train,"Excellent dumplings served amid clean , chic decor .",['decor'],['General'],['positive'],['decor'],[False],1,False,False
semeval14_train_02201,semeval14,train,"The kitchen however , is almost always slow .",['kitchen'],['General'],['negative'],['kitchen'],[False],1,False,False
semeval14_train_02202,semeval14,train,"The corned beef and pastrami are excellent , much less fatty than those big tourist places around Times Square .",['corned beef'],['General'],['positive'],['corned beef'],[False],1,False,False
semeval14_train_02203,semeval14,train,"The corned beef and pastrami are excellent , much less fatty than those big tourist places around Times Square .",['pastrami'],['General'],['positive'],['pastrami'],[False],1,False,False
semeval14_train_02204,semeval14,train,"Cute place , nice wait staff but would never go there again .",['wait staff'],['General'],['positive'],['wait staff'],[False],1,False,False
semeval14_train_02205,semeval14,train,"Cute place , nice wait staff but would never go there again .",['place'],['General'],['positive'],['place'],[False],1,False,False
semeval14_train_02206,semeval14,train,"Also , the hostess called me today to thank us for coming and mentioned how she hoped that my girlfriend enjoyed her birthday - unexpected , but a truly above and beyond thing to do ...",['hostess'],['General'],['positive'],['hostess'],[False],1,False,False
semeval14_train_02207,semeval14,train,people are rude bit again it 's new york !,['people'],['General'],['negative'],['people'],[False],1,False,False
semeval14_train_02208,semeval14,train,"The plain slice is great and if you get toppings , the whole slice is topped with them , not sparsely sprinkled on like some places .",['plain slice'],['General'],['positive'],['plain slice'],[False],1,False,False
semeval14_train_02209,semeval14,train,"The plain slice is great and if you get toppings , the whole slice is topped with them , not sparsely sprinkled on like some places .",['toppings'],['General'],['positive'],['toppings'],[False],1,False,False
semeval14_train_02210,semeval14,train,Service was also horrible and the ambience is not that great .,['service'],['Service'],['negative'],['Service'],[False],1,False,False
semeval14_train_02211,semeval14,train,Service was also horrible and the ambience is not that great .,['ambience'],['Ambience'],['negative'],['ambience'],[False],1,False,False
semeval14_train_02212,semeval14,train,"Service is great , takeout is good too .",['service'],['Service'],['positive'],['Service'],[False],1,False,False
semeval14_train_02213,semeval14,train,"Service is great , takeout is good too .",['takeout'],['General'],['positive'],['takeout'],[False],1,False,False
semeval14_train_02214,semeval14,train,The pizza is overpriced and soggy .,['pizza'],['General'],['negative'],['pizza'],[False],1,False,False
semeval14_train_02215,semeval14,train,"Everything is excellent , the menu is quite extensive , and you eat with a view on both sides of the city .",['menu'],['General'],['positive'],['menu'],[False],1,False,False
semeval14_train_02216,semeval14,train,"Everything is excellent , the menu is quite extensive , and you eat with a view on both sides of the city .",['view'],['General'],['positive'],['view'],[False],1,False,False
semeval14_train_02217,semeval14,train,"For the quality of food , a little too expensive .",['quality of food'],['General'],['negative'],['quality of food'],[False],1,False,False
semeval14_train_02218,semeval14,train,Here 's to the fake fish tanks too ...,['fish tanks'],['General'],['negative'],['fish tanks'],[False],1,False,False
semeval14_train_02219,semeval14,train,I 've never had bad service and the fish is fresh and delicious .,['service'],['Service'],['positive'],['service'],[False],1,False,False
semeval14_train_02220,semeval14,train,I 've never had bad service and the fish is fresh and delicious .,['fish'],['General'],['positive'],['fish'],[False],1,False,False
semeval14_train_02221,semeval14,train,"The first time I went , and was completely taken by the live jazz band and atmosphere , I ordered the Lobster Cobb Salad .",['live jazz band'],['General'],['positive'],['live jazz band'],[False],1,False,False
semeval14_train_02222,semeval14,train,"The first time I went , and was completely taken by the live jazz band and atmosphere , I ordered the Lobster Cobb Salad .",['atmosphere'],['General'],['positive'],['atmosphere'],[False],1,False,False
semeval14_train_02223,semeval14,train,"The first time I went , and was completely taken by the live jazz band and atmosphere , I ordered the Lobster Cobb Salad .",['lobster cobb salad'],['General'],['neutral'],['Lobster Cobb Salad'],[False],1,False,False
semeval14_train_02224,semeval14,train,we decided to eat in tea room which was small and cute .,['tea room'],['General'],['positive'],['tea room'],[False],1,False,False
semeval14_train_02225,semeval14,train,What an amazing meal and experience !,['meal'],['General'],['positive'],['meal'],[False],1,False,False
semeval14_train_02226,semeval14,train,Unique apppetizers .,['apppetizers'],['General'],['positive'],['apppetizers'],[False],1,False,False
semeval14_train_02227,semeval14,train,"The staff has always been attentive and kind , and I 've always been amazed at how they 've handled all the various different group sizes that come in .",['staff'],['Service'],['positive'],['staff'],[False],1,False,False
semeval14_train_02228,semeval14,train,IT is the best deal in town for a Monday night dinner at a fine restaurant .,['dinner'],['General'],['positive'],['dinner'],[False],1,False,False
semeval14_train_02229,semeval14,train,"Also , the sandwiches -LRB- nearing $ 7 -RRB- did n't come with anything like chips or a side .",['sandwiches'],['General'],['negative'],['sandwiches'],[False],1,False,False
semeval14_train_02230,semeval14,train,"Also , the sandwiches -LRB- nearing $ 7 -RRB- did n't come with anything like chips or a side .",['chips'],['General'],['neutral'],['chips'],[False],1,False,False
semeval14_train_02231,semeval14,train,"Also , the sandwiches -LRB- nearing $ 7 -RRB- did n't come with anything like chips or a side .",['side'],['General'],['neutral'],['side'],[False],1,False,False
semeval14_train_02232,semeval14,train,"The wait here is long for dim sum , but if you do n't like sharing tables or if the typical raucous dim sum atmosphere is not your gig , this is a sleek -LRB- for Chinatown -RRB- alternative .",['wait'],['General'],['negative'],['wait'],[False],1,False,False
semeval14_train_02233,semeval14,train,"The wait here is long for dim sum , but if you do n't like sharing tables or if the typical raucous dim sum atmosphere is not your gig , this is a sleek -LRB- for Chinatown -RRB- alternative .",['dim sum'],['General'],['neutral'],['dim sum'],[False],1,False,False
semeval14_train_02234,semeval14,train,"The wait here is long for dim sum , but if you do n't like sharing tables or if the typical raucous dim sum atmosphere is not your gig , this is a sleek -LRB- for Chinatown -RRB- alternative .",['dim sum atmosphere'],['General'],['neutral'],['dim sum atmosphere'],[False],1,False,False
semeval14_train_02235,semeval14,train,"The wait here is long for dim sum , but if you do n't like sharing tables or if the typical raucous dim sum atmosphere is not your gig , this is a sleek -LRB- for Chinatown -RRB- alternative .",['tables'],['General'],['positive'],['tables'],[False],1,False,False
semeval14_train_02236,semeval14,train,"This place has good potential , but needs a significant amount of work before we can justify spending that much money on indian food you can get everywhere else .",['money'],['General'],['negative'],['money'],[False],1,False,False
semeval14_train_02237,semeval14,train,"This place has good potential , but needs a significant amount of work before we can justify spending that much money on indian food you can get everywhere else .",['indian food'],['General'],['neutral'],['indian food'],[False],1,False,False
semeval14_train_02238,semeval14,train,"Everything is always cooked to perfection , the service is excellent , the decor cool and understated .",['service'],['Service'],['positive'],['service'],[False],1,False,False
semeval14_train_02239,semeval14,train,"Everything is always cooked to perfection , the service is excellent , the decor cool and understated .",['decor'],['General'],['positive'],['decor'],[False],1,False,False
semeval14_train_02240,semeval14,train,The Thai food is good .,['thai food'],['General'],['positive'],['Thai food'],[False],1,False,False
semeval14_train_02241,semeval14,train,"Great selection of wine , and seafood .",['selection of wine'],['General'],['positive'],['selection of wine'],[False],1,False,False
semeval14_train_02242,semeval14,train,"Great selection of wine , and seafood .",['seafood'],['General'],['positive'],['seafood'],[False],1,False,False
semeval14_train_02243,semeval14,train,Acceptable prices .,['prices'],['General'],['positive'],['prices'],[False],1,False,False
semeval14_train_02244,semeval14,train,we were seated at the sushi bar in front of yasuda .,['sushi bar'],['General'],['neutral'],['sushi bar'],[False],1,False,False
semeval14_train_02245,semeval14,train,"As I made the title , it 's an affordable restaurant for great taste .",['taste'],['General'],['positive'],['taste'],[False],1,False,False
semeval14_train_02246,semeval14,train,Definitely not worth the price !,['price'],['Price'],['negative'],['price'],[False],1,False,False
semeval14_train_02247,semeval14,train,"Orsay , is a very pleasnt throw back to traditional French food , and French service as well .",['french food'],['General'],['positive'],['French food'],[False],1,False,False
semeval14_train_02248,semeval14,train,"Orsay , is a very pleasnt throw back to traditional French food , and French service as well .",['service'],['Service'],['positive'],['service'],[False],1,False,False
semeval14_train_02249,semeval14,train,It 's easy to get a table for a large group and you do n't get hustled out .,['table'],['General'],['positive'],['table'],[False],1,False,False
semeval14_train_02250,semeval14,train,Great food at reasonable prices .,['food'],['Food'],['positive'],['food'],[False],1,False,False
semeval14_train_02251,semeval14,train,Great food at reasonable prices .,['prices'],['General'],['positive'],['prices'],[False],1,False,False
semeval14_train_02252,semeval14,train,Salads are a delicious way to begin the meal .,['salads'],['General'],['positive'],['Salads'],[False],1,False,False
semeval14_train_02253,semeval14,train,Salads are a delicious way to begin the meal .,['meal'],['General'],['positive'],['meal'],[False],1,False,False
semeval14_train_02254,semeval14,train,"I ordered tamarind duck and my wife ordered noodles with ground beef , and we were both delighted by the way the dishes evoked Thai flavors in unexpected ways .",['tamarind duck'],['General'],['positive'],['tamarind duck'],[False],1,False,False
semeval14_train_02255,semeval14,train,"I ordered tamarind duck and my wife ordered noodles with ground beef , and we were both delighted by the way the dishes evoked Thai flavors in unexpected ways .",['noodles with ground beef'],['General'],['positive'],['noodles with ground beef'],[False],1,False,False
semeval14_train_02256,semeval14,train,"I ordered tamarind duck and my wife ordered noodles with ground beef , and we were both delighted by the way the dishes evoked Thai flavors in unexpected ways .",['dishes'],['General'],['positive'],['dishes'],[False],1,False,False
semeval14_train_02257,semeval14,train,"I ordered tamarind duck and my wife ordered noodles with ground beef , and we were both delighted by the way the dishes evoked Thai flavors in unexpected ways .",['thai flavors'],['General'],['positive'],['Thai flavors'],[False],1,False,False
semeval14_train_02258,semeval14,train,If you 've ever been along the river in Weehawken you have an idea of the top of view the chart house has to offer .,['view'],['General'],['positive'],['view'],[False],1,False,False
semeval14_train_02259,semeval14,train,The prices are about $ 9 for an entree for dinner and even less for lunch .,['prices'],['General'],['positive'],['prices'],[False],1,False,False
semeval14_train_02260,semeval14,train,The prices are about $ 9 for an entree for dinner and even less for lunch .,['entree'],['General'],['positive'],['entree'],[False],1,False,False
semeval14_train_02261,semeval14,train,The prices are about $ 9 for an entree for dinner and even less for lunch .,['dinner'],['General'],['neutral'],['dinner'],[False],1,False,False
semeval14_train_02262,semeval14,train,The prices are about $ 9 for an entree for dinner and even less for lunch .,['lunch'],['General'],['positive'],['lunch'],[False],1,False,False
semeval14_train_02263,semeval14,train,and you ca n't beat the prices .,['prices'],['General'],['positive'],['prices'],[False],1,False,False
semeval14_train_02264,semeval14,train,Should you happen to be impressed by the cuisine definitely try it .,['cuisine'],['General'],['positive'],['cuisine'],[False],1,False,False
semeval14_train_02265,semeval14,train,"I had the black cod with yuzu sauce , which was wonderful .",['black cod with yuzu sauce'],['General'],['positive'],['black cod with yuzu sauce'],[False],1,False,False
semeval14_train_02266,semeval14,train,Prices too high for this cramped and unappealing resturant .,['prices'],['General'],['negative'],['Prices'],[False],1,False,False
semeval14_train_02267,semeval14,train,Total hipster-wannabe attitude in an otherwise sweet spot .,['spot'],['General'],['positive'],['spot'],[False],1,False,False
semeval14_train_02268,semeval14,train,"Yes , there might be a wait if you have no reservations .",['wait'],['General'],['negative'],['wait'],[False],1,False,False
semeval14_train_02269,semeval14,train,"Yes , there might be a wait if you have no reservations .",['reservations'],['General'],['neutral'],['reservations'],[False],1,False,False
semeval14_train_02270,semeval14,train,"Everything , from the soft bread , soggy salad , and 50 minute wait time , with an incredibly rude service to deliver below average food .",['bread'],['General'],['negative'],['bread'],[False],1,False,False
semeval14_train_02271,semeval14,train,"Everything , from the soft bread , soggy salad , and 50 minute wait time , with an incredibly rude service to deliver below average food .",['salad'],['General'],['negative'],['salad'],[False],1,False,False
semeval14_train_02272,semeval14,train,"Everything , from the soft bread , soggy salad , and 50 minute wait time , with an incredibly rude service to deliver below average food .",['service'],['Service'],['negative'],['service'],[False],1,False,False
semeval14_train_02273,semeval14,train,"Everything , from the soft bread , soggy salad , and 50 minute wait time , with an incredibly rude service to deliver below average food .",['food'],['Food'],['negative'],['food'],[False],1,False,False
semeval14_train_02274,semeval14,train,"Everything , from the soft bread , soggy salad , and 50 minute wait time , with an incredibly rude service to deliver below average food .",['wait'],['General'],['negative'],['wait'],[False],1,False,False
semeval14_train_02275,semeval14,train,The sicilian is my favorite it is moist not dry like most places but all their pizza is great !,['pizza'],['General'],['positive'],['pizza'],[False],1,False,False
semeval14_train_02276,semeval14,train,The sicilian is my favorite it is moist not dry like most places but all their pizza is great !,['sicilian'],['General'],['positive'],['sicilian'],[False],1,False,False
semeval14_train_02277,semeval14,train,Downstairs lounge is always a good attraction,['downstairs lounge'],['General'],['positive'],['Downstairs lounge'],[False],1,False,False
semeval14_train_02278,semeval14,train,The menu prices are a bit expensive for what you get in quality and portion size .,['menu prices'],['General'],['negative'],['menu prices'],[False],1,False,False
semeval14_train_02279,semeval14,train,The menu prices are a bit expensive for what you get in quality and portion size .,['quality'],['General'],['negative'],['quality'],[False],1,False,False
semeval14_train_02280,semeval14,train,The menu prices are a bit expensive for what you get in quality and portion size .,['portion size'],['General'],['negative'],['portion size'],[False],1,False,False
semeval14_train_02281,semeval14,train,"The food was amazing , and the service was prompt and helpful , but not over-bearing or rushed .",['food'],['Food'],['positive'],['food'],[False],1,False,False
semeval14_train_02282,semeval14,train,"The food was amazing , and the service was prompt and helpful , but not over-bearing or rushed .",['service'],['Service'],['positive'],['service'],[False],1,False,False
semeval14_train_02283,semeval14,train,"-LRB- food was delivered by a busboy , not waiter -RRB- We got no cheese offered for the pasta , our water and wine glasses remained EMPTY our entire meal , when we would have easily spent another $ 20 on wine .",['food'],['Food'],['neutral'],['food'],[False],1,False,False
semeval14_train_02284,semeval14,train,"-LRB- food was delivered by a busboy , not waiter -RRB- We got no cheese offered for the pasta , our water and wine glasses remained EMPTY our entire meal , when we would have easily spent another $ 20 on wine .",['busboy'],['General'],['negative'],['busboy'],[False],1,False,False
semeval14_train_02285,semeval14,train,"-LRB- food was delivered by a busboy , not waiter -RRB- We got no cheese offered for the pasta , our water and wine glasses remained EMPTY our entire meal , when we would have easily spent another $ 20 on wine .",['waiter'],['General'],['negative'],['waiter'],[False],1,False,False
semeval14_train_02286,semeval14,train,"-LRB- food was delivered by a busboy , not waiter -RRB- We got no cheese offered for the pasta , our water and wine glasses remained EMPTY our entire meal , when we would have easily spent another $ 20 on wine .",['cheese'],['General'],['negative'],['cheese'],[False],1,False,False
semeval14_train_02287,semeval14,train,"-LRB- food was delivered by a busboy , not waiter -RRB- We got no cheese offered for the pasta , our water and wine glasses remained EMPTY our entire meal , when we would have easily spent another $ 20 on wine .",['pasta'],['General'],['negative'],['pasta'],[False],1,False,False
semeval14_train_02288,semeval14,train,"-LRB- food was delivered by a busboy , not waiter -RRB- We got no cheese offered for the pasta , our water and wine glasses remained EMPTY our entire meal , when we would have easily spent another $ 20 on wine .",['water and wine glasses'],['General'],['negative'],['water and wine glasses'],[False],1,False,False
semeval14_train_02289,semeval14,train,"-LRB- food was delivered by a busboy , not waiter -RRB- We got no cheese offered for the pasta , our water and wine glasses remained EMPTY our entire meal , when we would have easily spent another $ 20 on wine .",['wine'],['General'],['neutral'],['wine'],[False],1,False,False
semeval14_train_02290,semeval14,train,"-LRB- food was delivered by a busboy , not waiter -RRB- We got no cheese offered for the pasta , our water and wine glasses remained EMPTY our entire meal , when we would have easily spent another $ 20 on wine .",['meal'],['General'],['neutral'],['meal'],[False],1,False,False
semeval14_train_02291,semeval14,train,The takeout is great too since they give high quality tupperware as well .,['takeout'],['General'],['positive'],['takeout'],[False],1,False,False
semeval14_train_02292,semeval14,train,"The food was not fresh , the sauces were bland and very oily .",['food'],['Food'],['negative'],['food'],[False],1,False,False
semeval14_train_02293,semeval14,train,"The food was not fresh , the sauces were bland and very oily .",['sauces'],['General'],['negative'],['sauces'],[False],1,False,False
semeval14_train_02294,semeval14,train,Could be pricey without a prix fixe meal .,['prix fixe meal'],['General'],['negative'],['prix fixe meal'],[False],1,False,False
semeval14_train_02295,semeval14,train,This is definitely an excellent date spot because of the ambiance and on the weekends the night scene is more than alive .,['ambiance'],['General'],['positive'],['ambiance'],[False],1,False,False
semeval14_train_02296,semeval14,train,This is definitely an excellent date spot because of the ambiance and on the weekends the night scene is more than alive .,['night scene'],['General'],['positive'],['night scene'],[False],1,False,False
semeval14_train_02297,semeval14,train,This is definitely an excellent date spot because of the ambiance and on the weekends the night scene is more than alive .,['spot'],['General'],['positive'],['spot'],[False],1,False,False
semeval14_train_02298,semeval14,train,One of us actually liked the expresso - that 's it .,['expresso'],['General'],['positive'],['expresso'],[False],1,False,False
semeval14_train_02299,semeval14,train,"Again , the waitress was awesome .",['waitress'],['General'],['positive'],['waitress'],[False],1,False,False
semeval14_train_02300,semeval14,train,I loved everythig about it-especially the shows and actors .,['shows'],['General'],['positive'],['shows'],[False],1,False,False
semeval14_train_02301,semeval14,train,I loved everythig about it-especially the shows and actors .,['actors'],['General'],['positive'],['actors'],[False],1,False,False
semeval14_train_02302,semeval14,train,The service was fast and friendly and the food was very tasty and they had the best hot sauce to add to your meals .,['service'],['Service'],['positive'],['service'],[False],1,False,False
semeval14_train_02303,semeval14,train,The service was fast and friendly and the food was very tasty and they had the best hot sauce to add to your meals .,['food'],['Food'],['positive'],['food'],[False],1,False,False
semeval14_train_02304,semeval14,train,The service was fast and friendly and the food was very tasty and they had the best hot sauce to add to your meals .,['hot sauce'],['General'],['positive'],['hot sauce'],[False],1,False,False
semeval14_train_02305,semeval14,train,The service was fast and friendly and the food was very tasty and they had the best hot sauce to add to your meals .,['meals'],['General'],['neutral'],['meals'],[False],1,False,False
semeval14_train_02306,semeval14,train,"The food was just OK , I would never go back .",['food'],['Food'],['neutral'],['food'],[False],1,False,False
semeval14_train_02307,semeval14,train,Zero ambiance to boot .,['ambiance'],['General'],['negative'],['ambiance'],[False],1,False,False
semeval14_train_02308,semeval14,train,Scalina Fedeli reminded me why service is so integral to fine dining .,['service'],['Service'],['positive'],['service'],[False],1,False,False
semeval14_train_02309,semeval14,train,Scalina Fedeli reminded me why service is so integral to fine dining .,['dining'],['General'],['positive'],['dining'],[False],1,False,False
semeval14_train_02310,semeval14,train,i recommend the thai popcorn : -RRB-,['thai popcorn'],['General'],['positive'],['thai popcorn'],[False],1,False,False
semeval14_train_02311,semeval14,train,"Everything looks great , the drinks , the decor , the food , even the people .",['drinks'],['Food'],['positive'],['drinks'],[False],1,False,False
semeval14_train_02312,semeval14,train,"Everything looks great , the drinks , the decor , the food , even the people .",['decor'],['General'],['positive'],['decor'],[False],1,False,False
semeval14_train_02313,semeval14,train,"Everything looks great , the drinks , the decor , the food , even the people .",['food'],['Food'],['positive'],['food'],[False],1,False,False
semeval14_train_02314,semeval14,train,As soon as my father lifted his pen from the check a chef appeared to usher us out .,['chef'],['General'],['negative'],['chef'],[False],1,False,False
semeval14_train_02315,semeval14,train,As soon as my father lifted his pen from the check a chef appeared to usher us out .,['check'],['General'],['neutral'],['check'],[False],1,False,False
semeval14_train_02316,semeval14,train,The parathas and kebabs are made when ordered ensuring a level of freshness that is unsurpassed .,['parathas'],['General'],['positive'],['parathas'],[False],1,False,False
semeval14_train_02317,semeval14,train,The parathas and kebabs are made when ordered ensuring a level of freshness that is unsurpassed .,['kebabs'],['General'],['positive'],['kebabs'],[False],1,False,False
semeval14_train_02318,semeval14,train,The tuna and wasabe potatoes are excellent .,['tuna'],['General'],['positive'],['tuna'],[False],1,False,False
semeval14_train_02319,semeval14,train,The tuna and wasabe potatoes are excellent .,['wasabe potatoes'],['General'],['positive'],['wasabe potatoes'],[False],1,False,False
semeval14_train_02320,semeval14,train,The only disappointment was the coat check girls who did n't seem to know what a customer is on a realtively non-busy night -LRB- for the coat check girls -RRB- .,['coat check girls'],['General'],['negative'],['coat check girls'],[False],1,False,False
semeval14_train_02321,semeval14,train,The only disappointment was the coat check girls who did n't seem to know what a customer is on a realtively non-busy night -LRB- for the coat check girls -RRB- .,['coat check girls'],['General'],['negative'],['coat check girls'],[False],1,False,False
semeval14_train_02322,semeval14,train,My fiance took me to Scopa last week for my birthday and I could n't believe the food .,['food'],['Food'],['positive'],['food'],[False],1,False,False
semeval14_train_02323,semeval14,train,Ummm ... the beer was cold .,['beer'],['General'],['positive'],['beer'],[False],1,False,False
semeval14_train_02324,semeval14,train,"We had great desserts -LRB- including the best cannoli I 've ever had -RRB- and then they offered an after dinner drink , on the house .",['desserts'],['General'],['positive'],['desserts'],[False],1,False,False
semeval14_train_02325,semeval14,train,"We had great desserts -LRB- including the best cannoli I 've ever had -RRB- and then they offered an after dinner drink , on the house .",['cannoli'],['General'],['positive'],['cannoli'],[False],1,False,False
semeval14_train_02326,semeval14,train,"We had great desserts -LRB- including the best cannoli I 've ever had -RRB- and then they offered an after dinner drink , on the house .",['after dinner drink'],['General'],['positive'],['after dinner drink'],[False],1,False,False
semeval14_train_02327,semeval14,train,"Good crowd , good outdoor seating , with a hip japanese vibe .",['outdoor seating'],['General'],['positive'],['outdoor seating'],[False],1,False,False
semeval14_train_02328,semeval14,train,"Good crowd , good outdoor seating , with a hip japanese vibe .",['vibe'],['General'],['positive'],['vibe'],[False],1,False,False
semeval14_train_02329,semeval14,train,"We asked to be moved -LRB- which took half an hour -RRB- , and then were seated in a high traffic area in the back , even though the rest of the room was practically empty .",['room'],['General'],['neutral'],['room'],[False],1,False,False
semeval14_train_02330,semeval14,train,"We asked to be moved -LRB- which took half an hour -RRB- , and then were seated in a high traffic area in the back , even though the rest of the room was practically empty .",['area'],['General'],['negative'],['area'],[False],1,False,False
semeval14_train_02331,semeval14,train,"Good to find a restaurant where the owners have some imagination and they have actually pulled it off , like in this case .",['owners'],['General'],['positive'],['owners'],[False],1,False,False
semeval14_train_02332,semeval14,train,"However , their popularity has yet to slow down , and I still find myself drawn to their ambiance and delectable reputation .",['ambiance'],['General'],['positive'],['ambiance'],[False],1,False,False
semeval14_train_02333,semeval14,train,"Where tanks in other Chinatown restaurants display a lurking myriad of sad-looking marine life in their murky waters , the tanks at Ping 's are clear as glass with healthy-looking creatures who do not yet know that they will be part of some dim sum lover 's brunch .",['tanks'],['General'],['negative'],['tanks'],[False],1,False,False
semeval14_train_02334,semeval14,train,"Where tanks in other Chinatown restaurants display a lurking myriad of sad-looking marine life in their murky waters , the tanks at Ping 's are clear as glass with healthy-looking creatures who do not yet know that they will be part of some dim sum lover 's brunch .",['tanks'],['General'],['positive'],['tanks'],[False],1,False,False
semeval14_train_02335,semeval14,train,"Where tanks in other Chinatown restaurants display a lurking myriad of sad-looking marine life in their murky waters , the tanks at Ping 's are clear as glass with healthy-looking creatures who do not yet know that they will be part of some dim sum lover 's brunch .",['dim sum'],['General'],['neutral'],['dim sum'],[False],1,False,False
semeval14_train_02336,semeval14,train,"Where tanks in other Chinatown restaurants display a lurking myriad of sad-looking marine life in their murky waters , the tanks at Ping 's are clear as glass with healthy-looking creatures who do not yet know that they will be part of some dim sum lover 's brunch .",['brunch'],['General'],['neutral'],['brunch'],[False],1,False,False
semeval14_train_02337,semeval14,train,"The Halibut was too salty , dessert was so so -LRB- do n't waste any of your calories -RRB- and service was poor .",['halibut'],['General'],['negative'],['Halibut'],[False],1,False,False
semeval14_train_02338,semeval14,train,"The Halibut was too salty , dessert was so so -LRB- do n't waste any of your calories -RRB- and service was poor .",['dessert'],['General'],['neutral'],['dessert'],[False],1,False,False
semeval14_train_02339,semeval14,train,"The Halibut was too salty , dessert was so so -LRB- do n't waste any of your calories -RRB- and service was poor .",['service'],['Service'],['negative'],['service'],[False],1,False,False
semeval14_train_02340,semeval14,train,"The view is spectacular , and the food is great .",['view'],['General'],['positive'],['view'],[False],1,False,False
semeval14_train_02341,semeval14,train,"The view is spectacular , and the food is great .",['food'],['Food'],['positive'],['food'],[False],1,False,False
semeval14_train_02342,semeval14,train,"The place was n't too hard to find , but it was kind of packed , as soon as my boyfriend and I got our food , the line reached the door .",['food'],['Food'],['neutral'],['food'],[False],1,False,False
semeval14_train_02343,semeval14,train,Good bagels and good cream cheese .,['bagels'],['General'],['positive'],['bagels'],[False],1,False,False
semeval14_train_02344,semeval14,train,Good bagels and good cream cheese .,['cream cheese'],['General'],['positive'],['cream cheese'],[False],1,False,False
semeval14_train_02345,semeval14,train,"The food is wonderful , tasty and filling , and the service is professional and friendly .",['food'],['Food'],['positive'],['food'],[False],1,False,False
semeval14_train_02346,semeval14,train,"The food is wonderful , tasty and filling , and the service is professional and friendly .",['service'],['Service'],['positive'],['service'],[False],1,False,False
semeval14_train_02347,semeval14,train,It is also extremely well priced .,['priced'],['General'],['positive'],['priced'],[False],1,False,False
semeval14_train_02348,semeval14,train,Always great service !,['service'],['Service'],['positive'],['service'],[False],1,False,False
semeval14_train_02349,semeval14,train,I am happy i did the food was awsome .,['food'],['Food'],['positive'],['food'],[False],1,False,False
semeval14_train_02350,semeval14,train,"We ordered the chicken casserole , but what we got were a few small pieces of chicken , all dark meat and on the bone .",['chicken casserole'],['General'],['negative'],['chicken casserole'],[False],1,False,False
semeval14_train_02351,semeval14,train,"We ordered the chicken casserole , but what we got were a few small pieces of chicken , all dark meat and on the bone .",['chicken'],['General'],['negative'],['chicken'],[False],1,False,False
semeval14_train_02352,semeval14,train,"We ordered the chicken casserole , but what we got were a few small pieces of chicken , all dark meat and on the bone .",['meat'],['General'],['negative'],['meat'],[False],1,False,False
semeval14_train_02353,semeval14,train,A bit breezy up there on the mezzanine from the wind coming from the tracks .,['mezzanine'],['General'],['negative'],['mezzanine'],[False],1,False,False
semeval14_train_02354,semeval14,train,I went to DF for Valentines Day dinner .,['valentines day dinner'],['General'],['neutral'],['Valentines Day dinner'],[False],1,False,False
semeval14_train_02355,semeval14,train,"I recommend the jelly fish , drunken chicken and the soupy dumplings , certainly the stir fry blue crab .",['jelly fish'],['General'],['positive'],['jelly fish'],[False],1,False,False
semeval14_train_02356,semeval14,train,"I recommend the jelly fish , drunken chicken and the soupy dumplings , certainly the stir fry blue crab .",['drunken chicken'],['General'],['positive'],['drunken chicken'],[False],1,False,False
semeval14_train_02357,semeval14,train,"I recommend the jelly fish , drunken chicken and the soupy dumplings , certainly the stir fry blue crab .",['soupy dumplings'],['General'],['positive'],['soupy dumplings'],[False],1,False,False
semeval14_train_02358,semeval14,train,"I recommend the jelly fish , drunken chicken and the soupy dumplings , certainly the stir fry blue crab .",['stir fry blue crab'],['General'],['positive'],['stir fry blue crab'],[False],1,False,False
semeval14_train_02359,semeval14,train,I LOVED THE SHOWS .,['shows'],['General'],['positive'],['SHOWS'],[False],1,False,False
semeval14_train_02360,semeval14,train,We could have made a meal of the yummy dumplings from the dumpling menu .,['dumplings'],['General'],['positive'],['dumplings'],[False],1,False,False
semeval14_train_02361,semeval14,train,We could have made a meal of the yummy dumplings from the dumpling menu .,['meal'],['General'],['positive'],['meal'],[False],1,False,False
semeval14_train_02362,semeval14,train,We could have made a meal of the yummy dumplings from the dumpling menu .,['dumpling menu'],['General'],['positive'],['dumpling menu'],[False],1,False,False
semeval14_train_02363,semeval14,train,The aesthetics of this place are like an airport lounge .,['aesthetics'],['General'],['negative'],['aesthetics'],[False],1,False,False
semeval14_train_02364,semeval14,train,The aesthetics of this place are like an airport lounge .,['place'],['General'],['negative'],['place'],[False],1,False,False
semeval14_train_02365,semeval14,train,"Then , get ripped on free box wine .",['box wine'],['General'],['positive'],['box wine'],[False],1,False,False
semeval14_train_02366,semeval14,train,My wife and I ate here earlier this week and have not stopped ranting and raving about the food .,['food'],['Food'],['positive'],['food'],[False],1,False,False
semeval14_train_02367,semeval14,train,"If you do n't mind pre-sliced low quality fish , unfriendly staff and a sushi chef that looks like he is miserable then this is your place .",['fish'],['General'],['negative'],['fish'],[False],1,False,False
semeval14_train_02368,semeval14,train,"If you do n't mind pre-sliced low quality fish , unfriendly staff and a sushi chef that looks like he is miserable then this is your place .",['staff'],['Service'],['negative'],['staff'],[False],1,False,False
semeval14_train_02369,semeval14,train,"If you do n't mind pre-sliced low quality fish , unfriendly staff and a sushi chef that looks like he is miserable then this is your place .",['sushi chef'],['General'],['negative'],['sushi chef'],[False],1,False,False
semeval14_train_02370,semeval14,train,The food itself was just ok - nothing spectacular - but the service was awful .,['food'],['Food'],['neutral'],['food'],[False],1,False,False
semeval14_train_02371,semeval14,train,The food itself was just ok - nothing spectacular - but the service was awful .,['service'],['Service'],['negative'],['service'],[False],1,False,False
semeval14_train_02372,semeval14,train,The pizza is yummy and I like the atmoshpere .,['pizza'],['General'],['positive'],['pizza'],[False],1,False,False
semeval14_train_02373,semeval14,train,The pizza is yummy and I like the atmoshpere .,['atmoshpere'],['General'],['positive'],['atmoshpere'],[False],1,False,False
semeval14_train_02374,semeval14,train,"As there were so many to choose from we wandered up and down the street looking in the windows and such noticicing many empty seats , except at Taj Mahal .",['seats'],['General'],['negative'],['seats'],[False],1,False,False
semeval14_train_02375,semeval14,train,"Also , do n't plan on asking for your favorite roll , if it 's not on the menu , you ca n't have it .",['roll'],['General'],['negative'],['roll'],[False],1,False,False
semeval14_train_02376,semeval14,train,"Also , do n't plan on asking for your favorite roll , if it 's not on the menu , you ca n't have it .",['menu'],['General'],['negative'],['menu'],[False],1,False,False
semeval14_train_02377,semeval14,train,Good food .,['food'],['Food'],['positive'],['food'],[False],1,False,False
semeval14_train_02378,semeval14,train,"those rolls were big , but not good and sashimi was n't fresh .",['sashimi'],['General'],['negative'],['sashimi'],[False],1,False,False
semeval14_train_02379,semeval14,train,"The pesto pizza was excellent , thin-crust pizza with a nice amount of spicy Italian cheese that I 'd never heard of before .",['pesto pizza'],['General'],['positive'],['pesto pizza'],[False],1,False,False
semeval14_train_02380,semeval14,train,"The pesto pizza was excellent , thin-crust pizza with a nice amount of spicy Italian chees e that I 'd never heard of before .",['italian chees'],['General'],['positive'],['Italian chees'],[False],1,False,False
semeval14_train_02381,semeval14,train,"The pesto pizza was excellent , thin-crust pizza with a nice amount of spicy Italian cheese that I 'd never heard of before .",['thin-crust pizza'],['General'],['positive'],['thin-crust pizza'],[False],1,False,False
semeval14_train_02382,semeval14,train,"try the spicy shrimp appetizer -LRB- again , not the greatest value in the world but worth the price -RRB- and the lamb vindaloo is great .",['shrimp appetizer'],['General'],['positive'],['shrimp appetizer'],[False],1,False,False
semeval14_train_02383,semeval14,train,"try the spicy shrimp appetizer -LRB- again , not the greatest value in the world but worth the price -RRB- and the lamb vindaloo is great .",['lamb vindaloo'],['General'],['positive'],['lamb vindaloo'],[False],1,False,False
semeval14_train_02384,semeval14,train,"However , go for the ambience , and consider the food just a companion for a trip across the world !",['ambience'],['Ambience'],['positive'],['ambience'],[False],1,False,False
semeval14_train_02385,semeval14,train,"However , go for the ambience , and consider the food just a companion for a trip across the world !",['food'],['Food'],['negative'],['food'],[False],1,False,False
semeval14_train_02386,semeval14,train,Food was good not great not worth the wait or another visit,['wait'],['General'],['negative'],['wait'],[False],1,False,False
semeval14_train_02387,semeval14,train,"I have had so many dinners here and it 's always been perfect - on a date with my husband , with my mom , with girlfriends and larger groups .",['dinners'],['General'],['positive'],['dinners'],[False],1,False,False
semeval14_train_02388,semeval14,train,"When you want a piece of beef , head on over .",['beef'],['General'],['positive'],['beef'],[False],1,False,False
semeval14_train_02389,semeval14,train,"Delicate spices , onions , eggs and a kick-ass roti .",['spices'],['General'],['positive'],['spices'],[False],1,False,False
semeval14_train_02390,semeval14,train,"Delicate spices , onions , eggs and a kick-ass roti .",['onions'],['General'],['positive'],['onions'],[False],1,False,False
semeval14_train_02391,semeval14,train,"Delicate spices , onions , eggs and a kick-ass roti .",['eggs'],['General'],['positive'],['eggs'],[False],1,False,False
semeval14_train_02392,semeval14,train,"Delicate spices , onions , eggs and a kick-ass roti .",['roti'],['General'],['positive'],['roti'],[False],1,False,False
semeval14_train_02393,semeval14,train,Incredible food at a very agreable price brings me back just about every other day to this authentic Thai restaurant .,['food'],['Food'],['positive'],['food'],[False],1,False,False
semeval14_train_02394,semeval14,train,Incredible food at a very agreable price brings me back just about every other day to this authentic Thai restaurant .,['price'],['Price'],['positive'],['price'],[False],1,False,False
semeval14_train_02395,semeval14,train,"Also , if you do n't want to sit at a certain table , you do n't have to !",['table'],['General'],['positive'],['table'],[False],1,False,False
semeval14_train_02396,semeval14,train,The menu has lots of options : I hope to go back to try those potato pancakes .,['menu'],['General'],['positive'],['menu'],[False],1,False,False
semeval14_train_02397,semeval14,train,The menu has lots of options : I hope to go back to try those potato pancakes .,['potato pancakes'],['General'],['positive'],['potato pancakes'],[False],1,False,False
semeval14_train_02398,semeval14,train,As soon as I wake up on a saturday or sunday it is the first thing on my mind is when and how I will be getting to fried dumpling .,['fried dumpling'],['General'],['positive'],['fried dumpling'],[False],1,False,False
semeval14_train_02399,semeval14,train,"The staff is n't the friendliest or most competent , and I am stickler for service , but everything else about this place makes up for it .",['staff'],['Service'],['negative'],['staff'],[False],1,False,False
semeval14_train_02400,semeval14,train,"The staff is n't the friendliest or most competent , and I am stickler for service , but everything else about this place makes up for it .",['service'],['Service'],['negative'],['service'],[False],1,False,False
semeval14_train_02401,semeval14,train,"My wife and I will usually only order one primi and one secondi and split them , as they tend to offer large portions .",['primi'],['General'],['positive'],['primi'],[False],1,False,False
semeval14_train_02402,semeval14,train,"My wife and I will usually only order one primi and one secondi and split them , as they tend to offer large portions .",['secondi'],['General'],['positive'],['secondi'],[False],1,False,False
semeval14_train_02403,semeval14,train,"My wife and I will usually only order one primi and one secondi and split them , as they tend to offer large portions .",['portions'],['General'],['positive'],['portions'],[False],1,False,False
semeval14_train_02404,semeval14,train,I 've overheard comments from him to his employees that should not have been delivered in the dining area and I 've been sitting there while he lectured another customer .,['employees'],['General'],['negative'],['employees'],[False],1,False,False
semeval14_train_02405,semeval14,train,I 've overheard comments from him to his employees that should not have been delivered in the dining area and I 've been sitting there while he lectured another customer .,['dining area'],['General'],['neutral'],['dining area'],[False],1,False,False
semeval14_train_02406,semeval14,train,Delicious crab cakes too .,['crab cakes'],['General'],['positive'],['crab cakes'],[False],1,False,False
semeval14_train_02407,semeval14,train,This was the worst dining experience I 've ever had .,['dining experience'],['General'],['negative'],['dining experience'],[False],1,False,False
semeval14_train_02408,semeval14,train,I have been coming here for years and have nothing but good things to say about the service and the great staff at La Lanterna .,['service'],['Service'],['positive'],['service'],[False],1,False,False
semeval14_train_02409,semeval14,train,I have been coming here for years and have nothing but good things to say about the service and the great staff at La Lanterna .,['staff'],['Service'],['positive'],['staff'],[False],1,False,False
semeval14_train_02410,semeval14,train,Just bring someone who speaks Cantonese because waiter may not understand you .,['waiter'],['General'],['negative'],['waiter'],[False],1,False,False
semeval14_train_02411,semeval14,train,The bruschetta and panini 's are so yummy !,['bruschetta'],['General'],['positive'],['bruschetta'],[False],1,False,False
semeval14_train_02412,semeval14,train,The bruschetta and panini 's are so yummy !,['panini'],['General'],['positive'],['panini'],[False],1,False,False
semeval14_train_02413,semeval14,train,"Food was okay , nothing great .",['food'],['Food'],['neutral'],['Food'],[False],1,False,False
semeval14_train_02414,semeval14,train,Every waitress and customer who passed by me bumped into my chair .,['waitress'],['General'],['neutral'],['waitress'],[False],1,False,False
semeval14_train_02415,semeval14,train,"Always popular , always full , always a wait .",['wait'],['General'],['negative'],['wait'],[False],1,False,False
semeval14_train_02416,semeval14,train,It is run by the same Sichuan chef who started the chain in Chinatown .,['sichuan chef'],['General'],['neutral'],['Sichuan chef'],[False],1,False,False
semeval14_train_02417,semeval14,train,"If the omakase is to showcase technique and variety , serving almost 40 % of items BBQ-ed and a spicy tuna roll wrapped with not-so-fresh nori seems to be a rather limp performance .",['spicy tuna roll'],['General'],['negative'],['spicy tuna roll'],[False],1,False,False
semeval14_train_02418,semeval14,train,"If the omakase is to showcase technique and variety , serving almost 40 % of items BBQ-ed and a spicy tuna roll wrapped with not-so-fresh nori seems to be a rather limp performance .",['serving'],['General'],['neutral'],['serving'],[False],1,False,False
semeval14_train_02419,semeval14,train,"If the omakase is to showcase technique and variety , serving almost 40 % of items BBQ-ed and a spicy tuna roll wrapped with not-so-fresh nori seems to be a rather limp performance .",['nori'],['General'],['negative'],['nori'],[False],1,False,False
semeval14_train_02420,semeval14,train,"I ca n't wait for summer , when they serve outside on their gigantic patio .",['patio'],['General'],['positive'],['patio'],[False],1,False,False
semeval14_train_02421,semeval14,train,Best Pastrami I ever had and great portion without being ridiculous .,['pastrami'],['General'],['positive'],['Pastrami'],[False],1,False,False
semeval14_train_02422,semeval14,train,Best Pastrami I ever had and great portion without being ridiculous .,['portion'],['General'],['positive'],['portion'],[False],1,False,False
semeval14_train_02423,semeval14,train,"If you are someone who appreciates the same things but hope to have food to spare or share , Kai may not be the best option .",['food'],['Food'],['neutral'],['food'],[False],1,False,False
semeval14_train_02424,semeval14,train,go here for the drinks !,['drinks'],['Food'],['positive'],['drinks'],[False],1,False,False
semeval14_train_02425,semeval14,train,"The first 2 courses were very good , but the chocolate sampler was too rich for me and the dessert wine far too sweet .",['courses'],['General'],['positive'],['courses'],[False],1,False,False
semeval14_train_02426,semeval14,train,"The first 2 courses were very good , but the chocolate sampler was too rich for me and the dessert wine far too sweet .",['chocolate sampler'],['General'],['negative'],['chocolate sampler'],[False],1,False,False
semeval14_train_02427,semeval14,train,"The first 2 courses were very good , but the chocolate sampler was too rich for me and the dessert wine far too sweet .",['dessert wine'],['General'],['negative'],['dessert wine'],[False],1,False,False
semeval14_train_02428,semeval14,train,"Butter was melted , white wine warm , cheese oozing everywhere .",['butter'],['General'],['negative'],['Butter'],[False],1,False,False
semeval14_train_02429,semeval14,train,"Butter was melted , white wine warm , cheese oozing everywhere .",['white wine'],['General'],['negative'],['white wine'],[False],1,False,False
semeval14_train_02430,semeval14,train,"Butter was melted , white wine warm , cheese oozing everywhere .",['cheese'],['General'],['negative'],['cheese'],[False],1,False,False
semeval14_train_02431,semeval14,train,We had a party in their private room and they made it truly memorable and were very helpful in the planning .,['private room'],['General'],['neutral'],['private room'],[False],1,False,False
semeval14_train_02432,semeval14,train,"It can not be the ambience , because the place is very cramped and some guests have to sit in an aisle .",['ambience'],['Ambience'],['negative'],['ambience'],[False],1,False,False
semeval14_train_02433,semeval14,train,"It can not be the ambience , because the place is very cramped and some guests have to sit in an aisle .",['place'],['General'],['negative'],['place'],[False],1,False,False
semeval14_train_02434,semeval14,train,"It can not be the ambience , because the place is very cramped and some guests have to sit in an aisle .",['aisle'],['General'],['negative'],['aisle'],[False],1,False,False
semeval14_train_02435,semeval14,train,We were disappointed with the pre-fixe menu of only 2 choices per course -LRB- other restaurants offer 3 choices -RRB- and ended up ordering a la carte .,['pre-fixe menu'],['General'],['negative'],['pre-fixe menu'],[False],1,False,False
semeval14_train_02436,semeval14,train,We were disappointed with the pre-fixe menu of only 2 choices per course -LRB- other restaurants offer 3 choices -RRB- and ended up ordering a la carte .,['choices per course'],['General'],['neutral'],['choices per course'],[False],1,False,False
semeval14_train_02437,semeval14,train,We were disappointed with the pre-fixe menu of only 2 choices per course -LRB- other restaurants offer 3 choices -RRB- and ended up ordering a la carte .,['ordering a la carte'],['General'],['negative'],['ordering a la carte'],[False],1,False,False
semeval14_train_02438,semeval14,train,Authentic Pakistani food .,['pakistani food'],['General'],['positive'],['Pakistani food'],[False],1,False,False
semeval14_train_02439,semeval14,train,"The staff has always been friendly without seeming grating , and the chef has greeted us on a couple of occasions .",['staff'],['Service'],['positive'],['staff'],[False],1,False,False
semeval14_train_02440,semeval14,train,"The staff has always been friendly without seeming grating , and the chef has greeted us on a couple of occasions .",['chef'],['General'],['positive'],['chef'],[False],1,False,False
semeval14_train_02441,semeval14,train,"The eggplant parmesan is also great , and my friend who grew up in Manhattan claims that no one serves a better baked ziti with meatsauce .",['eggplant parmesan'],['General'],['positive'],['eggplant parmesan'],[False],1,False,False
semeval14_train_02442,semeval14,train,"The eggplant parmesan is also great , and my friend who grew up in Manhattan claims that no one serves a better baked ziti with meatsauce .",['baked ziti with meatsauce'],['General'],['positive'],['baked ziti with meatsauce'],[False],1,False,False
semeval14_train_02443,semeval14,train,"The eggplant parmesan is also great , and my friend who grew up in Manhattan claims that no one serves a better baked ziti with meatsauce .",['serves'],['General'],['positive'],['serves'],[False],1,False,False
semeval14_train_02444,semeval14,train,"Quality ingredients preparation all around , and a very fair price for NYC .",['ingredients'],['General'],['positive'],['ingredients'],[False],1,False,False
semeval14_train_02445,semeval14,train,"Quality ingredients preparation all around , and a very fair price for NYC .",['price'],['Price'],['positive'],['price'],[False],1,False,False
semeval14_train_02446,semeval14,train,"Service was very good - prompt , attentive and non-intrusive .",['service'],['Service'],['positive'],['Service'],[False],1,False,False
semeval14_train_02447,semeval14,train,"My entree of hot pot with seafood was full of imitation crabmeat with a couple pieces of shrimp and squid , and was unnecessarily heated with a burner .",['hot pot with seafood'],['General'],['negative'],['hot pot with seafood'],[False],1,False,False
semeval14_train_02448,semeval14,train,"My entree of hot pot with seafood was full of imitation crabmeat with a couple pieces of shrimp and squid , and was unnecessarily heated with a burner .",['shrimp'],['General'],['negative'],['shrimp'],[False],1,False,False
semeval14_train_02449,semeval14,train,"My entree of hot pot with seafood was full of imitation crabmeat with a couple pieces of shrimp and squid , and was unnecessarily heated with a burner .",['squid'],['General'],['negative'],['squid'],[False],1,False,False
semeval14_train_02450,semeval14,train,"My entree of hot pot with seafood was full of imitation crabmeat with a couple pieces of shrimp and squid , and was unnecessarily heated with a burner .",['entree'],['General'],['positive'],['entree'],[False],1,False,False
semeval14_train_02451,semeval14,train,"My entree of hot pot with seafood was full of imitation crabmeat with a couple pieces of shrimp and squid , and was unnecessarily heated with a burner .",['crabmeat'],['General'],['negative'],['crabmeat'],[False],1,False,False
semeval14_train_02452,semeval14,train,We began with the cheese fondue -LRB- the artisanal blend -RRB- and added apples and kielbasa to dip .,['cheese fondue'],['General'],['neutral'],['cheese fondue'],[False],1,False,False
semeval14_train_02453,semeval14,train,We began with the cheese fondue -LRB- the artisanal blend -RRB- and added apples and kielbasa to dip .,['kielbasa'],['General'],['neutral'],['kielbasa'],[False],1,False,False
semeval14_train_02454,semeval14,train,We began with the cheese fondue -LRB- the artisanal blend -RRB- and added apples and kielbasa to dip .,['apples'],['General'],['neutral'],['apples'],[False],1,False,False
semeval14_train_02455,semeval14,train,"In such a crappy part of town to find a good value for lunch , this place is great .",['value'],['General'],['positive'],['value'],[False],1,False,False
semeval14_train_02456,semeval14,train,"In such a crappy part of town to find a good value for lunch , this place is great .",['lunch'],['General'],['positive'],['lunch'],[False],1,False,False
semeval14_train_02457,semeval14,train,"Its not curry in a slurry crap , and regular run of the mill food .",['curry'],['General'],['neutral'],['curry'],[False],1,False,False
semeval14_train_02458,semeval14,train,"Its not curry in a slurry crap , and regular run of the mill food .",['food'],['Food'],['neutral'],['food'],[False],1,False,False
semeval14_train_02459,semeval14,train,"In fact , while leaving the place we saw two people looking at the menu , and I could n't help telling them that the food was horrible .",['food'],['Food'],['negative'],['food'],[False],1,False,False
semeval14_train_02460,semeval14,train,"In fact , while leaving the place we saw two people looking at the menu , and I could n't help telling them that the food was horrible .",['menu'],['General'],['neutral'],['menu'],[False],1,False,False
semeval14_train_02461,semeval14,train,"Even though the restaurant was packed , we were seated promptly and even asked for a table upstairs with no problems .",['table'],['General'],['positive'],['table'],[False],1,False,False
semeval14_train_02462,semeval14,train,"Even though the restaurant was packed , we were seated promptly and even asked for a table upstairs with no problems .",['seated'],['General'],['positive'],['seated'],[False],1,False,False
semeval14_train_02463,semeval14,train,"If you want Americanized Chinese food with your usual watery , generic white sauce , this is your place .",['white sauce'],['General'],['negative'],['white sauce'],[False],1,False,False
semeval14_train_02464,semeval14,train,"If you want Americanized Chinese food with your usual watery , generic white sauce , this is your place .",['chinese food'],['General'],['neutral'],['Chinese food'],[False],1,False,False
semeval14_train_02465,semeval14,train,"The bread is the soft paratha bread -LRB- unlike the plain bread they use in Calcutta -RRB- , and the stuffing is tandoori styled and very flavorful .",['bread'],['General'],['positive'],['bread'],[False],1,False,False
semeval14_train_02466,semeval14,train,"The bread is the soft paratha bread -LRB- unlike the plain bread they use in Calcutta -RRB- , and the stuffing is tandoori styled and very flavorful .",['paratha bread'],['General'],['positive'],['paratha bread'],[False],1,False,False
semeval14_train_02467,semeval14,train,"The bread is the soft paratha bread -LRB- unlike the plain bread they use in Calcutta -RRB- , and the stuffing is tandoori styled and very flavorful .",['bread'],['General'],['negative'],['bread'],[False],1,False,False
semeval14_train_02468,semeval14,train,"The bread is the soft paratha bread -LRB- unlike the plain bread they use in Calcutta -RRB- , and the stuffing is tandoori styled and very flavorful .",['stuffing'],['General'],['positive'],['stuffing'],[False],1,False,False
semeval14_train_02469,semeval14,train,"The bread is the soft paratha bread -LRB- unlike the plain bread they use in Calcutta -RRB- , and the stuffing is tandoori styled and very flavorful .",['tandoori'],['General'],['positive'],['tandoori'],[False],1,False,False
semeval14_train_02470,semeval14,train,"Service is friendly , prices are good - delivery time was a little slow , but for the way this pizza tastes , I 'm willing to overlook it .",['service'],['Service'],['positive'],['Service'],[False],1,False,False
semeval14_train_02471,semeval14,train,"Service is friendly , prices are good - delivery time was a little slow , but for the way this pizza tastes , I 'm willing to overlook it .",['prices'],['General'],['positive'],['prices'],[False],1,False,False
semeval14_train_02472,semeval14,train,"Service is friendly , prices are good - delivery time was a little slow , but for the way this pizza tastes , I 'm willing to overlook it .",['delivery time'],['General'],['negative'],['delivery time'],[False],1,False,False
semeval14_train_02473,semeval14,train,"Service is friendly , prices are good - delivery time was a little slow , but for the way this pizza tastes , I 'm willing to overlook it .",['pizza'],['General'],['positive'],['pizza'],[False],1,False,False
semeval14_train_02474,semeval14,train,The food can get pricey but the prixe fixe tasting menu is the greatest food for a good price and they cater the food to any food allergies or food you do n't like .,['food'],['Food'],['positive'],['food'],[False],1,False,False
semeval14_train_02475,semeval14,train,The food can get pricey but the prixe fixe tasting menu is the greatest food for a good price and they cater the food to any food allergies or food you do n't like .,['price'],['Price'],['positive'],['price'],[False],1,False,False
semeval14_train_02476,semeval14,train,The food can get pricey but the prixe fixe tasting menu is the greatest food for a good price and they cater the food to any food allergies or food you do n't like .,['food'],['Food'],['positive'],['food'],[False],1,False,False
semeval14_train_02477,semeval14,train,The food can get pricey but the prixe fixe tasting menu is the greatest food for a good price and they cater the food to any food allergies or food you do n't like .,['food'],['Food'],['neutral'],['food'],[False],1,False,False
semeval14_train_02478,semeval14,train,The food can get pricey but the prixe fixe tasting menu is the greatest food for a good price and they cater the food to any food allergies or food you do n't like .,['food'],['Food'],['negative'],['food'],[False],1,False,False
semeval14_train_02479,semeval14,train,"The service is excellent , the decor is great , and the food is delicious and comes in large portions .",['service'],['Service'],['positive'],['service'],[False],1,False,False
semeval14_train_02480,semeval14,train,"The service is excellent , the decor is great , and the food is delicious and comes in large portions .",['decor'],['General'],['positive'],['decor'],[False],1,False,False
semeval14_train_02481,semeval14,train,"The service is excellent , the decor is great , and the food is delicious and comes in large portions .",['food'],['Food'],['positive'],['food'],[False],1,False,False
semeval14_train_02482,semeval14,train,"The service is excellent , the decor is great , and the food is delicious and comes in large portions .",['portions'],['General'],['positive'],['portions'],[False],1,False,False
semeval14_train_02483,semeval14,train,An excellent service,['service'],['Service'],['positive'],['service'],[False],1,False,False
semeval14_train_02484,semeval14,train,"The food however , is what one might expect .",['food'],['Food'],['neutral'],['food'],[False],1,False,False
semeval14_train_02485,semeval14,train,I LOVE their Thai noodles with shrimp and chicken and coconut juice is the MUST !,['thai noodles with shrimp and chicken and coconut juice'],['General'],['positive'],['Thai noodles with shrimp and chicken and coconut juice'],[False],1,False,False
semeval14_train_02486,semeval14,train,The pizza was really good .,['pizza'],['General'],['positive'],['pizza'],[False],1,False,False
semeval14_train_02487,semeval14,train,"The only possible drawback to this last point is that as of the date of this posting , the additional menu items are only written in Chinese .",['menu items'],['General'],['negative'],['menu items'],[False],1,False,False
semeval14_train_02488,semeval14,train,"Food is average , and I would say even the chain restaurant Baluchi 's tastes better .",['food'],['Food'],['neutral'],['Food'],[False],1,False,False
semeval14_train_02489,semeval14,train,The place is small and cramped but the food is fantastic .,['place'],['General'],['negative'],['place'],[False],1,False,False
semeval14_train_02490,semeval14,train,The place is small and cramped but the food is fantastic .,['food'],['Food'],['positive'],['food'],[False],1,False,False
semeval14_train_02491,semeval14,train,The food is tasty and portion sizes are appropriate .,['food'],['Food'],['positive'],['food'],[False],1,False,False
semeval14_train_02492,semeval14,train,The food is tasty and portion sizes are appropriate .,['portion sizes'],['General'],['positive'],['portion sizes'],[False],1,False,False
semeval14_train_02493,semeval14,train,Kosher dills are the perfect compliment for your unforgetable sandwich and they give you plenty of them .,['kosher dills'],['General'],['positive'],['Kosher dills'],[False],1,False,False
semeval14_train_02494,semeval14,train,Kosher dills are the perfect compliment for your unforgetable sandwich and they give you plenty of them .,['sandwich'],['General'],['positive'],['sandwich'],[False],1,False,False
semeval14_train_02495,semeval14,train,The entertainment was great they have shows that go on through out the dinner .,['shows'],['General'],['positive'],['shows'],[False],1,False,False
semeval14_train_02496,semeval14,train,The entertainment was great they have shows that go on through out the dinner .,['dinner'],['General'],['neutral'],['dinner'],[False],1,False,False
semeval14_train_02497,semeval14,train,The entertainment was great they have shows that go on through out the dinner .,['entertainment'],['General'],['positive'],['entertainment'],[False],1,False,False
semeval14_train_02498,semeval14,train,The food is so cheap and the waiters are nice .,['food'],['Food'],['positive'],['food'],[False],1,False,False
semeval14_train_02499,semeval14,train,The food is so cheap and the waiters are nice .,['waiters'],['General'],['positive'],['waiters'],[False],1,False,False
semeval14_train_02500,semeval14,train,The food there is so good that even to order out the wait is incredible .,['food'],['Food'],['positive'],['food'],[False],1,False,False
semeval14_train_02501,semeval14,train,The food there is so good that even to order out the wait is incredible .,['wait'],['General'],['negative'],['wait'],[False],1,False,False
semeval14_train_02502,semeval14,train,The bartender on my most recent visit was so incredibly rude that I will never go back .,['bartender'],['General'],['negative'],['bartender'],[False],1,False,False
semeval14_train_02503,semeval14,train,"Their sushi , Kamikaze and other Rolls are fresh and well presented .",['sushi'],['General'],['positive'],['sushi'],[False],1,False,False
semeval14_train_02504,semeval14,train,"Their sushi , Kamikaze and other Rolls are fresh and well presented .",['kamikaze'],['General'],['positive'],['Kamikaze'],[False],1,False,False
semeval14_train_02505,semeval14,train,"Their sushi , Kamikaze and other Rolls are fresh and well presented .",['rolls'],['General'],['positive'],['Rolls'],[False],1,False,False
semeval14_train_02506,semeval14,train,"For authentic Thai food , look no further than Toons .",['thai food'],['General'],['positive'],['Thai food'],[False],1,False,False
semeval14_train_02507,semeval14,train,"The highlight of the night was the mayonaisse for my side of fries I received from one of the food runners , which is not good considering the bill was nearly $ 100 .",['mayonaisse'],['General'],['negative'],['mayonaisse'],[False],1,False,False
semeval14_train_02508,semeval14,train,"The highlight of the night was the mayonaisse for my side of fries I received from one of the food runners , which is not good considering the bill was nearly $ 100 .",['food runners'],['General'],['neutral'],['food runners'],[False],1,False,False
semeval14_train_02509,semeval14,train,"The highlight of the night was the mayonaisse for my side of fries I received from one of the food runners , which is not good considering the bill was nearly $ 100 .",['bill'],['General'],['negative'],['bill'],[False],1,False,False
semeval14_train_02510,semeval14,train,"The highlight of the night was the mayonaisse for my side of fries I received from one of the food runners , which is not good considering the bill was nearly $ 100 .",['fries'],['General'],['negative'],['fries'],[False],1,False,False
semeval14_train_02511,semeval14,train,"I choose to go with one of the special , the braised lamb shank in red wine , which was excellent .",['braised lamb shank in red wine'],['General'],['positive'],['braised lamb shank in red wine'],[False],1,False,False
semeval14_train_02512,semeval14,train,"I choose to go with one of the special , the braised lamb shank in red wine , which was excellent .",['special'],['General'],['positive'],['special'],[False],1,False,False
semeval14_train_02513,semeval14,train,"If anyones has doubt of not knowing enough about wines , please check their wine list .",['wines'],['General'],['neutral'],['wines'],[False],1,False,False
semeval14_train_02514,semeval14,train,"If anyones has doubt of not knowing enough about wines , please check their wine list .",['wine list'],['General'],['positive'],['wine list'],[False],1,False,False
semeval14_train_02515,semeval14,train,"The only concern i have is with the slighly all-business waitstaff who order and throw the food down , rushing you out .",['waitstaff'],['General'],['negative'],['waitstaff'],[False],1,False,False
semeval14_train_02516,semeval14,train,"The only concern i have is with the slighly all-business waitstaff who order and throw the food down , rushing you out .",['food'],['Food'],['neutral'],['food'],[False],1,False,False
semeval14_train_02517,semeval14,train,Have the iced tea .,['iced tea'],['General'],['positive'],['iced tea'],[False],1,False,False
semeval14_train_02518,semeval14,train,"Small servings for main entree , i had salmon -LRB- wasnt impressed -RRB- girlfriend had chicken , it was good .",['salmon'],['General'],['negative'],['salmon'],[False],1,False,False
semeval14_train_02519,semeval14,train,"Small servings for main entree , i had salmon -LRB- wasnt impressed -RRB- girlfriend had chicken , it was good .",['chicken'],['General'],['positive'],['chicken'],[False],1,False,False
semeval14_train_02520,semeval14,train,"Small servings for main entree , i had salmon -LRB- wasnt impressed -RRB- girlfriend had chicken , it was good .",['servings'],['General'],['negative'],['servings'],[False],1,False,False
semeval14_train_02521,semeval14,train,"Small servings for main entree , i had salmon -LRB- wasnt impressed -RRB- girlfriend had chicken , it was good .",['entree'],['General'],['negative'],['entree'],[False],1,False,False
semeval14_train_02522,semeval14,train,you can actually get 2 salads worth if u take it home and add it to some lettuce !,['salads'],['General'],['negative'],['salads'],[False],1,False,False
semeval14_train_02523,semeval14,train,you can actually get 2 salads worth if u take it home and add it to some lettuce !,['lettuce'],['General'],['neutral'],['lettuce'],[False],1,False,False
semeval14_train_02524,semeval14,train,The ambience is very romantic and definitely a good place to bring a date .,['ambience'],['Ambience'],['positive'],['ambience'],[False],1,False,False
semeval14_train_02525,semeval14,train,The ambience is very romantic and definitely a good place to bring a date .,['place'],['General'],['positive'],['place'],[False],1,False,False
semeval14_train_02526,semeval14,train,"It is far more popular as a bar than as a restaurant , with only a few tables and the waiter being the bartender , but we greatly enjoyed the unobtrusive atmosphere .",['bar'],['General'],['positive'],['bar'],[False],1,False,False
semeval14_train_02527,semeval14,train,"It is far more popular as a bar than as a restaurant , with only a few tables and the waiter being the bartender , but we greatly enjoyed the unobtrusive atmosphere .",['tables'],['General'],['negative'],['tables'],[False],1,False,False
semeval14_train_02528,semeval14,train,"It is far more popular as a bar than as a restaurant , with only a few tables and the waiter being the bartender , but we greatly enjoyed the unobtrusive atmosphere .",['waiter'],['General'],['neutral'],['waiter'],[False],1,False,False
semeval14_train_02529,semeval14,train,"It is far more popular as a bar than as a restaurant , with only a few tables and the waiter being the bartender , but we greatly enjoyed the unobtrusive atmosphere .",['bartender'],['General'],['neutral'],['bartender'],[False],1,False,False
semeval14_train_02530,semeval14,train,"It is far more popular as a bar than as a restaurant , with only a few tables and the waiter being the bartender , but we greatly enjoyed the unobtrusive atmosphere .",['atmosphere'],['General'],['positive'],['atmosphere'],[False],1,False,False
semeval14_train_02531,semeval14,train,"The food is very good for it 's price , better than most fried dumplings I 've had .",['food'],['Food'],['positive'],['food'],[False],1,False,False
semeval14_train_02532,semeval14,train,"The food is very good for it 's price , better than most fried dumplings I 've had .",['price'],['Price'],['positive'],['price'],[False],1,False,False
semeval14_train_02533,semeval14,train,"The food is very good for it 's price , better than most fried dumplings I 've had .",['fried dumplings'],['General'],['negative'],['fried dumplings'],[False],1,False,False
semeval14_train_02534,semeval14,train,There are much better places in NY with better prices .,['prices'],['General'],['negative'],['prices'],[False],1,False,False
semeval14_train_02535,semeval14,train,Obv caviar is top of the line but the rest of the menu is so diverse it gives you a chance to taste so manydifferent varietys .,['obv caviar'],['General'],['positive'],['Obv caviar'],[False],1,False,False
semeval14_train_02536,semeval14,train,Obv caviar is top of the line but the rest of the menu is so diverse it gives you a chance to taste so manydifferent varietys .,['menu'],['General'],['positive'],['menu'],[False],1,False,False
semeval14_train_02537,semeval14,train,I ate here a week ago and found most dishes average at best and too expensive .,['dishes'],['General'],['negative'],['dishes'],[False],1,False,False
semeval14_train_02538,semeval14,train,"Still , try it once , since if you end up loving the food , it could be one of your best dining experiences .",['food'],['Food'],['neutral'],['food'],[False],1,False,False
semeval14_train_02539,semeval14,train,"Still , try it once , since if you end up loving the food , it could be one of your best dining experiences .",['dining experiences'],['General'],['positive'],['dining experiences'],[False],1,False,False
semeval14_train_02540,semeval14,train,I 've waited over one hour for food .,['food'],['Food'],['neutral'],['food'],[False],1,False,False
semeval14_train_02541,semeval14,train,"Other guests enjoyed pizza , santa fe chopped salad and fish and chips .",['pizza'],['General'],['positive'],['pizza'],[False],1,False,False
semeval14_train_02542,semeval14,train,"Other guests enjoyed pizza , santa fe chopped salad and fish and chips .",['santa fe chopped salad'],['General'],['positive'],['santa fe chopped salad'],[False],1,False,False
semeval14_train_02543,semeval14,train,"Other guests enjoyed pizza , santa fe chopped salad and fish and chips .",['fish and chips'],['General'],['positive'],['fish and chips'],[False],1,False,False
semeval14_train_02544,semeval14,train,The ambience is very calm and quiet .,['ambience'],['Ambience'],['positive'],['ambience'],[False],1,False,False
semeval14_train_02545,semeval14,train,"Both times I was extremely dissappointed by the service , which was boarderline rude .",['service'],['Service'],['negative'],['service'],[False],1,False,False
semeval14_train_02546,semeval14,train,"not only does make the best pizza in NY , maybe anywhere .",['pizza'],['General'],['positive'],['pizza'],[False],1,False,False
semeval14_train_02547,semeval14,train,The spicy Tuna roll is huge and probably the best that I 've had at this price range .,['tuna roll'],['General'],['positive'],['Tuna roll'],[False],1,False,False
semeval14_train_02548,semeval14,train,The spicy Tuna roll is huge and probably the best that I 've had at this price range .,['price range'],['General'],['positive'],['price range'],[False],1,False,False
semeval14_train_02549,semeval14,train,Price and quality of fish alone will keep us from making a return visit .,['price'],['Price'],['negative'],['Price'],[False],1,False,False
semeval14_train_02550,semeval14,train,Price and quality of fish alone will keep us from making a return visit .,['fish'],['General'],['negative'],['fish'],[False],1,False,False
semeval14_train_02551,semeval14,train,Price and quality of fish alone will keep us from making a return visit .,['quality'],['General'],['negative'],['quality'],[False],1,False,False
semeval14_train_02552,semeval14,train,Our waiter and all of the people helping him were attentive and genuine .,['waiter'],['General'],['positive'],['waiter'],[False],1,False,False
semeval14_train_02553,semeval14,train,The place is a BISTRO which means : simple dishes and wine served efficiently in a bustling atmosphere .,['place'],['General'],['positive'],['place'],[False],1,False,False
semeval14_train_02554,semeval14,train,The place is a BISTRO which means : simple dishes and wine served efficiently in a bustling atmosphere .,['dishes'],['General'],['positive'],['dishes'],[False],1,False,False
semeval14_train_02555,semeval14,train,The place is a BISTRO which means : simple dishes and wine served efficiently in a bustling atmosphere .,['wine'],['General'],['positive'],['wine'],[False],1,False,False
semeval14_train_02556,semeval14,train,The place is a BISTRO which means : simple dishes and wine served efficiently in a bustling atmosphere .,['atmosphere'],['General'],['positive'],['atmosphere'],[False],1,False,False
semeval14_train_02557,semeval14,train,The place is a BISTRO which means : simple dishes and wine served efficiently in a bustling atmosphere .,['served'],['General'],['positive'],['served'],[False],1,False,False
semeval14_train_02558,semeval14,train,This is one of the best comfort food places in the city .,['comfort food'],['General'],['positive'],['comfort food'],[False],1,False,False
semeval14_train_02559,semeval14,train,"Overall , the ingredients and technique are there and I am encouraged enough to return at lunch or dinner to see whether the boldness of the flavour palette improves .",['ingredients'],['General'],['positive'],['ingredients'],[False],1,False,False
semeval14_train_02560,semeval14,train,"Overall , the ingredients and technique are there and I am encouraged enough to return at lunch or dinner to see whether the boldness of the flavour palette improves .",['technique'],['General'],['positive'],['technique'],[False],1,False,False
semeval14_train_02561,semeval14,train,"Overall , the ingredients and technique are there and I am encouraged enough to return at lunch or dinner to see whether the boldness of the flavour palette improves .",['lunch'],['General'],['neutral'],['lunch'],[False],1,False,False
semeval14_train_02562,semeval14,train,"Overall , the ingredients and technique are there and I am encouraged enough to return at lunch or dinner to see whether the boldness of the flavour palette improves .",['dinner'],['General'],['neutral'],['dinner'],[False],1,False,False
semeval14_train_02563,semeval14,train,I had a huge pastrami sandwich on a roll .,['pastrami sandwich'],['General'],['positive'],['pastrami sandwich'],[False],1,False,False
semeval14_train_02564,semeval14,train,"Though you will undoubtedly be seated at a table with what seems like barely enough room -LRB- no matter what the size of your party -RRB- , the warm atomosphere is worth the cramped quarters - you 'll have fun and forgot about the tight spot you 're in .",['table'],['General'],['negative'],['table'],[False],1,False,False
semeval14_train_02565,semeval14,train,"Though you will undoubtedly be seated at a table with what seems like barely enough room -LRB- no matter what the size of your party -RRB- , the warm atomosphere is worth the cramped quarters - you 'll have fun and forgot about the tight spot you 're in .",['atomosphere'],['General'],['positive'],['atomosphere'],[False],1,False,False
semeval14_train_02566,semeval14,train,"Though you will undoubtedly be seated at a table with what seems like barely enough room -LRB- no matter what the size of your party -RRB- , the warm atomosphere is worth the cramped quarters - you 'll have fun and forgot about the tight spot you 're in .",['room'],['General'],['negative'],['room'],[False],1,False,False
semeval14_train_02567,semeval14,train,"Though you will undoubtedly be seated at a table with what seems like barely enough room -LRB- no matter what the size of your party -RRB- , the warm atomosphere is worth the cramped quarters - you 'll have fun and forgot about the tight spot you 're in .",['spot'],['General'],['negative'],['spot'],[False],1,False,False
semeval14_train_02568,semeval14,train,The fish was not fresh and the rice tasted old and stale .,['fish'],['General'],['negative'],['fish'],[False],1,False,False
semeval14_train_02569,semeval14,train,The fish was not fresh and the rice tasted old and stale .,['rice'],['General'],['negative'],['rice'],[False],1,False,False
semeval14_train_02570,semeval14,train,"Considering their price of $ 6.25 for lunch special , the dish was ridiculously small .",['price'],['Price'],['negative'],['price'],[False],1,False,False
semeval14_train_02571,semeval14,train,"Considering their price of $ 6.25 for lunch special , the dish was ridiculously small .",['dish'],['General'],['negative'],['dish'],[False],1,False,False
semeval14_train_02572,semeval14,train,"Considering their price of $ 6.25 for lunch specia l , the dish was ridiculously small .",['lunch specia'],['General'],['negative'],['lunch specia'],[False],1,False,False
semeval14_train_02573,semeval14,train,This is the pinnacle of Indian Fast Food -LRB- all fast foods in my opinion -RRB- .,['indian fast food'],['General'],['positive'],['Indian Fast Food'],[False],1,False,False
semeval14_train_02574,semeval14,train,"Besides , when you have bad service , that 's less money you have to tip .",['service'],['Service'],['negative'],['service'],[False],1,False,False
semeval14_train_02575,semeval14,train,"Besides , when you have bad service , that 's less money you have to tip .",['money'],['General'],['negative'],['money'],[False],1,False,False
semeval14_train_02576,semeval14,train,"Besides , when you have bad service , that 's less money you have to tip .",['tip'],['General'],['negative'],['tip'],[False],1,False,False
semeval14_train_02577,semeval14,train,The wine list is also really nice .,['wine list'],['General'],['positive'],['wine list'],[False],1,False,False
semeval14_train_02578,semeval14,train,"Service was devine , oysters where a sensual as they come , and the price ca n't be beat !!!",['service'],['Service'],['positive'],['Service'],[False],1,False,False
semeval14_train_02579,semeval14,train,"Service was devine , oysters where a sensual as they come , and the price ca n't be beat !!!",['oysters'],['General'],['positive'],['oysters'],[False],1,False,False
semeval14_train_02580,semeval14,train,"Service was devine , oysters where a sensual as they come , and the price ca n't be beat !!!",['price'],['Price'],['positive'],['price'],[False],1,False,False
semeval14_train_02581,semeval14,train,"Compared to Ess-a , Tal offers a less doughy bagel !",['bagel'],['General'],['negative'],['bagel'],[False],1,False,False
semeval14_train_02582,semeval14,train,Ballato 's is consistently delicious authentic italian food .,['italian food'],['General'],['positive'],['italian food'],[False],1,False,False
semeval14_train_02583,semeval14,train,"The service was attentive , yet discreet .",['service'],['Service'],['positive'],['service'],[False],1,False,False
semeval14_train_02584,semeval14,train,For those prices and the dressed up atmosphere you expect more and should get more .,['prices'],['General'],['negative'],['prices'],[False],1,False,False
semeval14_train_02585,semeval14,train,For those prices and the dressed up atmosphere you expect more and should get more .,['atmosphere'],['General'],['negative'],['atmosphere'],[False],1,False,False
semeval14_train_02586,semeval14,train,They offer the same menu but have creative drinks that are loaded with alcohol and cheeky names -- but they do cost you .,['menu'],['General'],['neutral'],['menu'],[False],1,False,False
semeval14_train_02587,semeval14,train,They offer the same menu but have creative drinks that are loaded with alcohol and cheeky names -- but they do cost you .,['drinks'],['Food'],['positive'],['drinks'],[False],1,False,False
semeval14_train_02588,semeval14,train,We went to eat at the Jekyll and Hyde restaurant on Friday night and really enjoyed the fun atmosphere and good food .,['atmosphere'],['General'],['positive'],['atmosphere'],[False],1,False,False
semeval14_train_02589,semeval14,train,We went to eat at the Jekyll and Hyde restaurant on Friday night and really enjoyed the fun atmosphere and good food .,['food'],['Food'],['positive'],['food'],[False],1,False,False
semeval14_train_02590,semeval14,train,The food was pretty tradional but it was hot and good with large portions .,['food'],['Food'],['positive'],['food'],[False],1,False,False
semeval14_train_02591,semeval14,train,The food was pretty tradional but it was hot and good with large portions .,['portions'],['General'],['positive'],['portions'],[False],1,False,False
semeval14_train_02592,semeval14,train,"Unless you are eating in the Pizzeria side of this place , and are not in a rush , this place is a bad idea .",['place'],['General'],['negative'],['place'],[False],1,False,False
semeval14_train_02593,semeval14,train,"Unless you are eating in the Pizzeria side of this place , and are not in a rush , this place is a bad idea .",['place'],['General'],['negative'],['place'],[False],1,False,False
semeval14_train_02594,semeval14,train,You have to increase the service a lot .,['service'],['Service'],['negative'],['service'],[False],1,False,False
semeval14_train_02595,semeval14,train,Ambiance is barely romantic but management tries .,['ambiance'],['General'],['negative'],['Ambiance'],[False],1,False,False
semeval14_train_02596,semeval14,train,Ambiance is barely romantic but management tries .,['management'],['General'],['positive'],['management'],[False],1,False,False
semeval14_train_02597,semeval14,train,"I must warn the reader that the portions sizes are very small -LRB- especially the appetizers -RRB- , so if you plan to eat until you are full and do not intend to order the chef 's special tasting menu , prepare to order and pay for an appetizer -LRB- 1 dish for each person because the portions are not for sharing -RRB- , a main entree , and the cold udon at the end of the meal .",['portions'],['General'],['negative'],['portions'],[False],1,False,False
semeval14_train_02598,semeval14,train,"I must warn the reader that the portions sizes are very small -LRB- especially the appetizers -RRB- , so if you plan to eat until you are full and do not intend to order the chef 's special tasting menu , prepare to order and pay for an appetizer -LRB- 1 dish for each person because the portions are not for sharing -RRB- , a main entree , and the cold udon at the end of the meal .",['appetizers'],['General'],['negative'],['appetizers'],[False],1,False,False
semeval14_train_02599,semeval14,train,"I must warn the reader that the portions sizes are very small -LRB- especially the appetizers -RRB- , so if you plan to eat until you are full and do not intend to order the chef 's special tasting menu , prepare to order and pay for an appetizer -LRB- 1 dish for each person because the portions are not for sharing -RRB- , a main entree , and the cold udon at the end of the meal .",['appetizer'],['General'],['negative'],['appetizer'],[False],1,False,False
semeval14_train_02600,semeval14,train,"I must warn the reader that the portions sizes are very small -LRB- especially the appetizers -RRB- , so if you plan to eat until you are full and do not intend to order the chef 's special tasting menu , prepare to order and pay for an appetizer -LRB- 1 dish for each person because the portions are not for sharing -RRB- , a main entree , and the cold udon at the end of the meal .",['main entree'],['General'],['neutral'],['main entree'],[False],1,False,False
semeval14_train_02601,semeval14,train,"I must warn the reader that the portions sizes are very small -LRB- especially the appetizers -RRB- , so if you plan to eat until you are full and do not intend to order the chef 's special tasting menu , prepare to order and pay for an appetizer -LRB- 1 dish for each person because the portions are not for sharing -RRB- , a main entree , and the cold udon at the end of the meal .",['cold udon'],['General'],['neutral'],['cold udon'],[False],1,False,False
semeval14_train_02602,semeval14,train,"I must warn the reader that the portions sizes are very small -LRB- especially the appetizers -RRB- , so if you plan to eat until you are full and do not intend to order the chef 's special tasting menu , prepare to order and pay for an appetizer -LRB- 1 dish for each person because the portions are not for sharing -RRB- , a main entree , and the cold udon at the end of the meal .",['chef'],['General'],['positive'],['chef'],[False],1,False,False
semeval14_train_02603,semeval14,train,"I must warn the reader that the portions sizes are very small -LRB- especially the appetizers -RRB- , so if you plan to eat until you are full and do not intend to order the chef 's special tasting menu , prepare to order and pay for an appetizer -LRB- 1 dish for each person because the portions are not for sharing -RRB- , a main entree , and the cold udon at the end of the meal .",['menu'],['General'],['positive'],['menu'],[False],1,False,False
semeval14_train_02604,semeval14,train,"I must warn the reader that the portions sizes are very small -LRB- especially the appetizers -RRB- , so if you plan to eat until you are full and do not intend to order the chef 's special tasting menu , prepare to order and pay for an appetizer -LRB- 1 dish for each person because the portions are not for sharing -RRB- , a main entree , and the cold udon at the end of the meal .",['dish'],['General'],['negative'],['dish'],[False],1,False,False
semeval14_train_02605,semeval14,train,"I must warn the reader that the portions sizes are very small -LRB- especially the appetizers -RRB- , so if you plan to eat until you are full and do not intend to order the chef 's special tasting menu , prepare to order and pay for an appetizer -LRB- 1 dish for each person because the portions are not for sharing -RRB- , a main entree , and the cold udon at the end of the meal .",['portions'],['General'],['negative'],['portions'],[False],1,False,False
semeval14_train_02606,semeval14,train,They were very abrupt with me when I called and actually claimed the food was late because they were out of rice .,['food'],['Food'],['negative'],['food'],[False],1,False,False
semeval14_train_02607,semeval14,train,They were very abrupt with me when I called and actually claimed the food was late because they were out of rice .,['rice'],['General'],['neutral'],['rice'],[False],1,False,False
semeval14_train_02608,semeval14,train,"After we got our sashimi order , I could not believe how small the portions were !",['sashimi'],['General'],['neutral'],['sashimi'],[False],1,False,False
semeval14_train_02609,semeval14,train,"After we got our sashimi order , I could not believe how small the portions were !",['portions'],['General'],['negative'],['portions'],[False],1,False,False
semeval14_train_02610,semeval14,train,"After the main course came , we did n't see our waiter for at least 40 MINUTES !",['main course'],['General'],['neutral'],['main course'],[False],1,False,False
semeval14_train_02611,semeval14,train,"After the main course came , we did n't see our waiter for at least 40 MINUTES !",['waiter'],['General'],['negative'],['waiter'],[False],1,False,False
semeval14_train_02612,semeval14,train,Nothing better than buying a snapple for $ 3.25 too .,['snapple'],['General'],['positive'],['snapple'],[False],1,False,False
semeval14_train_02613,semeval14,train,"When family came in he gave them apps to test their palets , and then ordered for them .",['apps'],['General'],['neutral'],['apps'],[False],1,False,False
semeval14_train_02614,semeval14,train,"Service is extraordinary , yet not overbearing , and the decor brings a taste of trendy SoHo into Queens .",['service'],['Service'],['positive'],['Service'],[False],1,False,False
semeval14_train_02615,semeval14,train,"Service is extraordinary , yet not overbearing , and the decor brings a taste of trendy SoHo into Queens .",['decor'],['General'],['positive'],['decor'],[False],1,False,False
semeval14_train_02616,semeval14,train,"The dosas are skimpy , unattractive and drip with grease , and personally I 'd drink popcorn topping before I 'd eat another one of these .",['dosas'],['General'],['negative'],['dosas'],[False],1,False,False
semeval14_train_02617,semeval14,train,"The dosas are skimpy , unattractive and drip with grease , and personally I 'd drink popcorn topping before I 'd eat another one of these .",['popcorn topping'],['General'],['neutral'],['popcorn topping'],[False],1,False,False
semeval14_train_02618,semeval14,train,The service was excellent and the food was delicious .,['service'],['Service'],['positive'],['service'],[False],1,False,False
semeval14_train_02619,semeval14,train,The service was excellent and the food was delicious .,['food'],['Food'],['positive'],['food'],[False],1,False,False
semeval14_train_02620,semeval14,train,If I wanted to deal with a crappy scene and annoying customers I 'd go out in Manhattan .,['scene'],['General'],['negative'],['scene'],[False],1,False,False
semeval14_train_02621,semeval14,train,If I wanted to deal with a crappy scene and annoying customers I 'd go out in Manhattan .,['customers'],['General'],['negative'],['customers'],[False],1,False,False
semeval14_train_02622,semeval14,train,"After a seafood craving , i checked citysearch and chose to go to Fish based on a previous review and the citysearch info .",['seafood'],['General'],['neutral'],['seafood'],[False],1,False,False
semeval14_train_02623,semeval14,train,Right off the major deegan you get ladies from all over the city .,['ladies'],['General'],['positive'],['ladies'],[False],1,False,False
semeval14_train_02624,semeval14,train,Until you realize that their five minutes is meaningless and your wait may be anywhere from two to twenty minutes it may be frustrating .,['wait'],['General'],['negative'],['wait'],[False],1,False,False
semeval14_train_02625,semeval14,train,"Thalia is a beautiful restaurant with beautiful people serving you , but the food does n't quite match up .",['people serving'],['General'],['positive'],['people serving'],[False],1,False,False
semeval14_train_02626,semeval14,train,"Thalia is a beautiful restaurant with beautiful people serving you , but the food does n't quite match up .",['food'],['Food'],['negative'],['food'],[False],1,False,False
semeval14_train_02627,semeval14,train,The fillings may be unconventional but the dosa batter is definitely authentic and the combinations very tasty .,['fillings'],['General'],['neutral'],['fillings'],[False],1,False,False
semeval14_train_02628,semeval14,train,The fillings may be unconventional but the dosa batter is definitely authentic and the combinations very tasty .,['dosa batter'],['General'],['positive'],['dosa batter'],[False],1,False,False
semeval14_train_02629,semeval14,train,"This is the perfect spot for meeting friends , having lunch , dinner , pre-theatre or after-theatre drinks !",['lunch'],['General'],['positive'],['lunch'],[False],1,False,False
semeval14_train_02630,semeval14,train,"This is the perfect spot for meeting friends , having lunch , dinner , pre-theatre or after-theatre drinks !",['dinner'],['General'],['positive'],['dinner'],[False],1,False,False
semeval14_train_02631,semeval14,train,"This is the perfect spot for meeting friends , having lunch , dinner , pre-theatre or after-theatre drinks !",['pre-theatre or after-theatre drinks'],['General'],['positive'],['pre-theatre or after-theatre drinks'],[False],1,False,False
semeval14_train_02632,semeval14,train,"This is the perfect spot for meeting friends , having lunch , dinner , pre-theatre or after-theatre drinks !",['spot'],['General'],['positive'],['spot'],[False],1,False,False
semeval14_train_02633,semeval14,train,"The mussaman curry that I ordered was as thin as water and aside from the poorly fried tofu that I ordered in it , they graciously provided me with ONE piece of poorly cooked potato .",['mussaman curry'],['General'],['negative'],['mussaman curry'],[False],1,False,False
semeval14_train_02634,semeval14,train,"The mussaman curry that I ordered was as thin as water and aside from the poorly fried tofu that I ordered in it , they graciously provided me with ONE piece of poorly cooked potato .",['fried tofu'],['General'],['negative'],['fried tofu'],[False],1,False,False
semeval14_train_02635,semeval14,train,"The mussaman curry that I ordered was as thin as water and aside from the poorly fried tofu that I ordered in it , they graciously provided me with ONE piece of poorly cooked potato .",['potato'],['General'],['negative'],['potato'],[False],1,False,False
semeval14_train_02636,semeval14,train,Had a late night dinner on a Saturday night .,['dinner'],['General'],['neutral'],['dinner'],[False],1,False,False
semeval14_train_02637,semeval14,train,A restaurant that does n't try to do anything except serve great food with great service in a pleasant atmosphere .,['food'],['Food'],['positive'],['food'],[False],1,False,False
semeval14_train_02638,semeval14,train,A restaurant that does n't try to do anything except serve great food with great service in a pleasant atmosphere .,['service'],['Service'],['positive'],['service'],[False],1,False,False
semeval14_train_02639,semeval14,train,A restaurant that does n't try to do anything except serve great food with great service in a pleasant atmosphere .,['atmosphere'],['General'],['positive'],['atmosphere'],[False],1,False,False
semeval14_train_02640,semeval14,train,Their sake martini is wonderful .,['sake martini'],['General'],['positive'],['sake martini'],[False],1,False,False
semeval14_train_02641,semeval14,train,"Well , this place is so Ghetto its not even funny .",['place'],['General'],['negative'],['place'],[False],1,False,False
semeval14_train_02642,semeval14,train,Once they ran out of Gnochi and made it for me from scratch !,['gnochi'],['General'],['neutral'],['Gnochi'],[False],1,False,False
semeval14_train_02643,semeval14,train,We would like to thank Marcelo and Grace for a wonderful dining experience !!!,['dining'],['General'],['positive'],['dining'],[False],1,False,False
semeval14_train_02644,semeval14,train,"Found service above average , but that could be because we were 13 of us .",['service'],['Service'],['positive'],['service'],[False],1,False,False
semeval14_train_02645,semeval14,train,"Bagels are ok , but be sure not to make any special requests !",['bagels'],['General'],['neutral'],['Bagels'],[False],1,False,False
semeval14_train_02646,semeval14,train,fine dining restaurant quality .,['quality'],['General'],['positive'],['quality'],[False],1,False,False
semeval14_train_02647,semeval14,train,Overall a disappointing experience for that price category .,['price'],['Price'],['negative'],['price'],[False],1,False,False
semeval14_train_02648,semeval14,train,"I 've had the lunch buffet at Chennai a couple of times , when I have been in the neighborhood .",['lunch buffet'],['General'],['neutral'],['lunch buffet'],[False],1,False,False
semeval14_train_02649,semeval14,train,The food was exceptional .,['food'],['Food'],['positive'],['food'],[False],1,False,False
semeval14_train_02650,semeval14,train,A Thai restaurant out of rice during dinner ?,['rice'],['General'],['neutral'],['rice'],[False],1,False,False
semeval14_train_02651,semeval14,train,A Thai restaurant out of rice during dinner ?,['dinner'],['General'],['neutral'],['dinner'],[False],1,False,False
semeval14_train_02652,semeval14,train,The portions are small but being that the food was so good makes up for that .,['portions'],['General'],['negative'],['portions'],[False],1,False,False
semeval14_train_02653,semeval14,train,The portions are small but being that the food was so good makes up for that .,['food'],['Food'],['positive'],['food'],[False],1,False,False
semeval14_train_02654,semeval14,train,-LRB- and I have eaten my share -RRB- Which impresses me for having such a large amount of people to serve .,['serve'],['General'],['positive'],['serve'],[False],1,False,False
semeval14_train_02655,semeval14,train,"Sure , the setting is nice .",['setting'],['General'],['positive'],['setting'],[False],1,False,False
semeval14_train_02656,semeval14,train,"The service is friendly , if not the most prompt in the world , the food is great , and the prices , while not cheap , wo n't put your wallet out of commission .",['service'],['Service'],['positive'],['service'],[False],1,False,False
semeval14_train_02657,semeval14,train,"The service is friendly , if not the most prompt in the world , the food is great , and the prices , while not cheap , wo n't put your wallet out of commission .",['food'],['Food'],['positive'],['food'],[False],1,False,False
semeval14_train_02658,semeval14,train,"Had 1 appetizer , 2 entrees and 2 cokes and the bill was ~ $ 55.00 , not including tip .",['appetizer'],['General'],['neutral'],['appetizer'],[False],1,False,False
semeval14_train_02659,semeval14,train,"Had 1 appetizer , 2 entrees and 2 cokes and the bill was ~ $ 55.00 , not including tip .",['entrees'],['General'],['neutral'],['entrees'],[False],1,False,False
semeval14_train_02660,semeval14,train,"Had 1 appetizer , 2 entrees and 2 cokes and the bill was ~ $ 55.00 , not including tip .",['cokes'],['General'],['neutral'],['cokes'],[False],1,False,False
semeval14_train_02661,semeval14,train,"Had 1 appetizer , 2 entrees and 2 cokes and the bill was ~ $ 55.00 , not including tip .",['bill'],['General'],['neutral'],['bill'],[False],1,False,False
semeval14_train_02662,semeval14,train,Best drumsticks over rice and sour spicy soup in town !,['drumsticks over rice'],['General'],['positive'],['drumsticks over rice'],[False],1,False,False
semeval14_train_02663,semeval14,train,Best drumsticks over rice and sour spicy soup in town !,['sour spicy soup'],['General'],['positive'],['sour spicy soup'],[False],1,False,False
semeval14_train_02664,semeval14,train,Slightly above average wines start at $ 70 + with only one selection listed at $ 30 + .,['wines'],['General'],['negative'],['wines'],[False],1,False,False
semeval14_train_02665,semeval14,train,Their whitefish salad is excellent -- all whitefish with a little mayo .,['whitefish salad'],['General'],['positive'],['whitefish salad'],[False],1,False,False
semeval14_train_02666,semeval14,train,Their whitefish salad is excellent -- all whitefish with a little mayo .,['whitefish'],['General'],['positive'],['whitefish'],[False],1,False,False
semeval14_train_02667,semeval14,train,Their whitefish salad is excellent -- all whitefish with a little mayo .,['mayo'],['General'],['positive'],['mayo'],[False],1,False,False
semeval14_train_02668,semeval14,train,"And it all comes at a very reasonable price -LRB- congee , noodles , and rice dishes are no more than $ 3-6 each -RRB- .",['price'],['Price'],['positive'],['price'],[False],1,False,False
semeval14_train_02669,semeval14,train,"And it all comes at a very reasonable price -LRB- congee , noodles , and rice dishes are no more than $ 3-6 each -RRB- .",['congee'],['General'],['neutral'],['congee'],[False],1,False,False
semeval14_train_02670,semeval14,train,"And it all comes at a very reasonable price -LRB- congee , noodles , and rice dishes are no more than $ 3-6 each -RRB- .",['noodles'],['General'],['neutral'],['noodles'],[False],1,False,False
semeval14_train_02671,semeval14,train,"And it all comes at a very reasonable price -LRB- congee , noodles , and rice dishes are no more than $ 3-6 each -RRB- .",['rice dishes'],['General'],['neutral'],['rice dishes'],[False],1,False,False
semeval14_train_02672,semeval14,train,"The chicken parm was edible but had canned tomato sauce and boxed pasta and the chicken with portobello mushrooms consisted of dry , inedible chicken with terrible sauce .",['chicken with portobello mushrooms'],['General'],['negative'],['chicken with portobello mushrooms'],[False],1,False,False
semeval14_train_02673,semeval14,train,"The chicken parm was edible but had canned tomato sauce and boxed pasta and the chicken with portobello mushrooms consisted of dry , inedible chicken with terrible sauce .",['chicken'],['General'],['negative'],['chicken'],[False],1,False,False
semeval14_train_02674,semeval14,train,"The chicken parm was edible but had canned tomato sauce and boxed pasta and the chicken with portobello mushrooms consisted of dry , inedible chicken with terrible sauce .",['tomato sauce'],['General'],['negative'],['tomato sauce'],[False],1,False,False
semeval14_train_02675,semeval14,train,"The chicken parm was edible but had canned tomato sauce and boxed pasta and the chicken with portobello mushrooms consisted of dry , inedible chicken with terrible sauce .",['pasta'],['General'],['negative'],['pasta'],[False],1,False,False
semeval14_train_02676,semeval14,train,"The chicken parm was edible but had canned tomato sauce and boxed pasta and the chicken with portobello mushrooms consisted of dry , inedible chicken with terrible sauce .",['sauce'],['General'],['negative'],['sauce'],[False],1,False,False
semeval14_train_02677,semeval14,train,I recommend this place to everyone who asks me where to go for a good meal .,['meal'],['General'],['positive'],['meal'],[False],1,False,False
semeval14_train_02678,semeval14,train,The waitresses are nice -- also you can just get counter service sit .,['waitresses'],['General'],['positive'],['waitresses'],[False],1,False,False
semeval14_train_02679,semeval14,train,The waitresses are nice -- also you can just get counter service sit .,['counter service'],['General'],['positive'],['counter service'],[False],1,False,False
semeval14_train_02680,semeval14,train,The only friendly staff member was the guy at the bar .,['staff member'],['General'],['positive'],['staff member'],[False],1,False,False
semeval14_train_02681,semeval14,train,The only friendly staff member was the guy at the bar .,['bar'],['General'],['neutral'],['bar'],[False],1,False,False
semeval14_train_02682,semeval14,train,The only friendly staff member was the guy at the bar .,['guy'],['General'],['positive'],['guy'],[False],1,False,False
semeval14_train_02683,semeval14,train,"You can certainly find restaurants that offer a superior fine dining experience , but for superb food at reasonable prices , La Villa ca n't be beat .",['food'],['Food'],['positive'],['food'],[False],1,False,False
semeval14_train_02684,semeval14,train,"You can certainly find restaurants that offer a superior fine dining experience , but for superb food at reasonable prices , La Villa ca n't be beat .",['prices'],['General'],['positive'],['prices'],[False],1,False,False
semeval14_train_02685,semeval14,train,Wo n't or Ca n't is not in the service directory .,['service'],['Service'],['positive'],['service'],[False],1,False,False
semeval14_train_02686,semeval14,train,I can not imagine a friendlier staff working in a restaurant .,['staff'],['Service'],['positive'],['staff'],[False],1,False,False
semeval14_train_02687,semeval14,train,I do suggest to ask to be seated upstairs if you are looking to be a little cozy .,['upstairs'],['General'],['positive'],['upstairs'],[False],1,False,False
semeval14_train_02688,semeval14,train,"The red curry is weak and tasteless , the pad thai is stuck together and lumpy , the rice is often overcooked , and the seafood is pretty sketchy .",['red curry'],['General'],['negative'],['red curry'],[False],1,False,False
semeval14_train_02689,semeval14,train,"The red curry is weak and tasteless , the pad thai is stuck together and lumpy , the rice is often overcooked , and the seafood is pretty sketchy .",['pad thai'],['General'],['negative'],['pad thai'],[False],1,False,False
semeval14_train_02690,semeval14,train,"The red curry is weak and tasteless , the pad thai is stuck together and lumpy , the rice is often overcooked , and the seafood is pretty sketchy .",['rice'],['General'],['negative'],['rice'],[False],1,False,False
semeval14_train_02691,semeval14,train,"The red curry is weak and tasteless , the pad thai is stuck together and lumpy , the rice is often overcooked , and the seafood is pretty sketchy .",['seafood'],['General'],['negative'],['seafood'],[False],1,False,False
semeval14_train_02692,semeval14,train,The wine list is extensive and can easily hike up an otherwise reasonably priced meal .,['wine list'],['General'],['positive'],['wine list'],[False],1,False,False
semeval14_train_02693,semeval14,train,The wine list is extensive and can easily hike up an otherwise reasonably priced meal .,['meal'],['General'],['positive'],['meal'],[False],1,False,False
semeval14_train_02694,semeval14,train,The wine list is extensive and can easily hike up an otherwise reasonably priced meal .,['priced'],['General'],['positive'],['priced'],[False],1,False,False
semeval14_train_02695,semeval14,train,"Saul is pretty good , but definitely not great .",['saul'],['General'],['neutral'],['Saul'],[False],1,False,False
semeval14_train_02696,semeval14,train,"I would recommend Roxy 's for that , but not for their food .",['food'],['Food'],['negative'],['food'],[False],1,False,False
semeval14_train_02697,semeval14,train,We always get a sampling of appetizers and share .,['appetizers'],['General'],['neutral'],['appetizers'],[False],1,False,False
semeval14_train_02698,semeval14,train,"Overall I was impressed and will return , it 's a great QPR -LRB- Quality to Price Ratio -RRB- .",['price'],['Price'],['positive'],['Price'],[False],1,False,False
semeval14_train_02699,semeval14,train,"Overall I was impressed and will return , it 's a great QPR -LRB- Quality to Price Ratio -RRB- .",['quality'],['General'],['positive'],['Quality'],[False],1,False,False
semeval14_train_02700,semeval14,train,"It is nearly impossible to get a table , so if you ever have the chance to go here for dinner , DO NOT pass it up .",['table'],['General'],['negative'],['table'],[False],1,False,False
semeval14_train_02701,semeval14,train,"It is nearly impossible to get a table , so if you ever have the chance to go here for dinner , DO NOT pass it up .",['dinner'],['General'],['positive'],['dinner'],[False],1,False,False
semeval14_train_02702,semeval14,train,Their pad penang is delicious and everything else is fantastic .,['pad penang'],['General'],['positive'],['pad penang'],[False],1,False,False
semeval14_train_02703,semeval14,train,"The puke green walls leave a lot to be desired , but the food is very good .",['food'],['Food'],['positive'],['food'],[False],1,False,False
semeval14_train_02704,semeval14,train,"The puke green walls leave a lot to be desired , but the food is very good .",['walls'],['General'],['negative'],['walls'],[False],1,False,False
semeval14_train_02705,semeval14,train,"The flavors are very fresh and pretty inobtrusive , nothing flashy .",['flavors'],['General'],['positive'],['flavors'],[False],1,False,False
semeval14_train_02706,semeval14,train,"I like Cafe Noir dont get me wrong , it is jsut that the people who work there are evil and incompetent !!",['people'],['General'],['negative'],['people'],[False],1,False,False
semeval14_train_02707,semeval14,train,The hanger steak was like rubber and the tuna was flavorless not to mention it tasted like it had just been thawed .,['hanger steak'],['General'],['negative'],['hanger steak'],[False],1,False,False
semeval14_train_02708,semeval14,train,The hanger steak was like rubber and the tuna was flavorless not to mention it tasted like it had just been thawed .,['tuna'],['General'],['negative'],['tuna'],[False],1,False,False
semeval14_train_02709,semeval14,train,"Our son loves pizza and we have a certified Neapolitan pizzaria in our home city -LRB- Seattle -RRB- , we liked this nearly as much - and the differences were more about personal preference than any reflection on either restaurant .",['pizza'],['General'],['positive'],['pizza'],[False],1,False,False
semeval14_train_02710,semeval14,train,big and soft as well as good lunch food .,['lunch food'],['General'],['positive'],['lunch food'],[False],1,False,False
semeval14_train_02711,semeval14,train,"No food snobs allowed , this place is for people who appreciate good food .",['food'],['Food'],['neutral'],['food'],[False],1,False,False
semeval14_train_02712,semeval14,train,"No food snobs allowed , this place is for people who appreciate good food .",['food'],['Food'],['positive'],['food'],[False],1,False,False
semeval14_train_02713,semeval14,train,I liked the food at this quasi-thai restaurant .,['food'],['Food'],['positive'],['food'],[False],1,False,False
semeval14_train_02714,semeval14,train,I liked the food at this quasi-thai restaurant .,['quasi-thai'],['General'],['positive'],['quasi-thai'],[False],1,False,False
semeval14_train_02715,semeval14,train,By far the best salad I have had in a fast food restaurant .,['salad'],['General'],['positive'],['salad'],[False],1,False,False
semeval14_train_02716,semeval14,train,By far the best salad I have had in a fast food restaurant .,['fast food'],['General'],['neutral'],['fast food'],[False],1,False,False
semeval14_train_02717,semeval14,train,"As for the bar , this is another bad idea .",['bar'],['General'],['negative'],['bar'],[False],1,False,False
semeval14_train_02718,semeval14,train,"Their bagels are fine , but they are a little overcooked , and not really a ` special ' bagel experience .",['bagel'],['General'],['neutral'],['bagel'],[False],1,False,False
semeval14_train_02719,semeval14,train,"Unlike HH up the block , this place actually gives you hearty and hot bagels this town is known for .",['bagels'],['General'],['positive'],['bagels'],[False],1,False,False
semeval14_train_02720,semeval14,train,The barebecued salmon is elegantly spiced and not at all dry .,['barebecued salmon'],['General'],['positive'],['barebecued salmon'],[False],1,False,False
semeval14_train_02721,semeval14,train,"Same owner as the guy who owns Typhoon , which is just down the street on St. Marks and 1st Ave.",['owner'],['General'],['neutral'],['owner'],[False],1,False,False
semeval14_train_02722,semeval14,train,What generous portions !,['portions'],['General'],['positive'],['portions'],[False],1,False,False
semeval14_train_02723,semeval14,train,The workers there also absolutely load the bagel with cream cheese -LRB- gets a little messy -RRB- .,['workers'],['General'],['neutral'],['workers'],[False],1,False,False
semeval14_train_02724,semeval14,train,The workers there also absolutely load the bagel with cream cheese -LRB- gets a little messy -RRB- .,['bagel'],['General'],['neutral'],['bagel'],[False],1,False,False
semeval14_train_02725,semeval14,train,The workers there also absolutely load the bagel with cream cheese -LRB- gets a little messy -RRB- .,['cream cheese'],['General'],['neutral'],['cream cheese'],[False],1,False,False
semeval14_train_02726,semeval14,train,The wine the service was very good too .,['wine'],['General'],['positive'],['wine'],[False],1,False,False
semeval14_train_02727,semeval14,train,The wine the service was very good too .,['service'],['Service'],['positive'],['service'],[False],1,False,False
semeval14_train_02728,semeval14,train,"So , the menu is written in chalk above your head and it all sounds delicious .",['menu'],['General'],['neutral'],['menu'],[False],1,False,False
semeval14_train_02729,semeval14,train,The highly spiced chai tea was great too .,['chai tea'],['General'],['positive'],['chai tea'],[False],1,False,False
semeval14_train_02730,semeval14,train,"I have been there many times , and food is good and consistent .",['food'],['Food'],['positive'],['food'],[False],1,False,False
semeval14_train_02731,semeval14,train,"Seriously , this is the best all you can eat in town - As everyone says , the Spicy Tuna hand rolls are the best - have 4 of these , and you 've broken even .",['spicy tuna hand rolls'],['General'],['positive'],['Spicy Tuna hand rolls'],[False],1,False,False
semeval14_train_02732,semeval14,train,"While Sapphire is certainly not lacking in ambiance , and probably has the best decor of any Indian restaurant I have been to in New York City , the food was not what I had hoped for .",['food'],['Food'],['negative'],['food'],[False],1,False,False
semeval14_train_02733,semeval14,train,"While Sapphire is certainly not lacking in ambiance , and probably has the best decor of any Indian restaurant I have been to in New York City , the food was not what I had hoped for .",['ambiance'],['General'],['positive'],['ambiance'],[False],1,False,False
semeval14_train_02734,semeval14,train,"While Sapphire is certainly not lacking in ambiance , and probably has the best decor of any Indian restaurant I have been to in New York City , the food was not what I had hoped for .",['decor'],['General'],['positive'],['decor'],[False],1,False,False
semeval14_train_02735,semeval14,train,I would highly recommend this place to anyone looking for a casual atmosphere that whisks you away to the left bank of the river Seine .,['atmosphere'],['General'],['positive'],['atmosphere'],[False],1,False,False
semeval14_train_02736,semeval14,train,The meat dishes were only so-so .,['meat dishes'],['General'],['neutral'],['meat dishes'],[False],1,False,False
semeval14_train_02737,semeval14,train,"His wife Tanya , the hostess , completes the comforting atmosphere by being delightfully warm and gracious .",['hostess'],['General'],['positive'],['hostess'],[False],1,False,False
semeval14_train_02738,semeval14,train,"His wife Tanya , the hostess , completes the comforting atmosphere by being delightfully warm and gracious .",['atmosphere'],['General'],['positive'],['atmosphere'],[False],1,False,False
semeval14_train_02739,semeval14,train,"The menu consisted of standard brassiere food , better then places like Balthazar etc. .",['menu'],['General'],['positive'],['menu'],[False],1,False,False
semeval14_train_02740,semeval14,train,"The menu consisted of standard brassiere food , better then places like Balthazar etc. .",['brassiere food'],['General'],['positive'],['brassiere food'],[False],1,False,False
semeval14_train_02741,semeval14,train,"I have been a longtime fan of Holy Basil in the East Village , and while I do believe their food has slightly slipped in quality , I have been hesitant to be disloyal .",['food'],['Food'],['negative'],['food'],[False],1,False,False
semeval14_train_02742,semeval14,train,"I have been a longtime fan of Holy Basil in the East Village , and while I do believe their food has slightly slipped in quality , I have been hesitant to be disloyal .",['quality'],['General'],['negative'],['quality'],[False],1,False,False
semeval14_train_02743,semeval14,train,"But the best part about LS is the late night atmosphere , delightfully free of the BTs .",['atmosphere'],['General'],['positive'],['atmosphere'],[False],1,False,False
semeval14_train_02744,semeval14,train,We even had a visit from the Manager who wanted to make sure we were enjoying ourselves .,['manager'],['General'],['positive'],['Manager'],[False],1,False,False
semeval14_train_02745,semeval14,train,The staff there is very attentive and down to earth .,['staff'],['Service'],['positive'],['staff'],[False],1,False,False
semeval14_train_02746,semeval14,train,"You do n't go to Mizu for excellent service , you go for the large amounts of food , the amiable atmosphere , and the hole-in-the-wall feeling of the place .",['service'],['Service'],['negative'],['service'],[False],1,False,False
semeval14_train_02747,semeval14,train,"You do n't go to Mizu for excellent service , you go for the large amounts of food , the amiable atmosphere , and the hole-in-the-wall feeling of the place .",['food'],['Food'],['positive'],['food'],[False],1,False,False
semeval14_train_02748,semeval14,train,"You do n't go to Mizu for excellent service , you go for the large amounts of food , the amiable atmosphere , and the hole-in-the-wall feeling of the place .",['atmosphere'],['General'],['positive'],['atmosphere'],[False],1,False,False
semeval14_train_02749,semeval14,train,"The service is always bad though , do n't expect much of anything from your server , and I would not recommend bringing a date here either .",['service'],['Service'],['negative'],['service'],[False],1,False,False
semeval14_train_02750,semeval14,train,"The service is always bad though , do n't expect much of anything from your server , and I would not recommend bringing a date here either .",['server'],['General'],['negative'],['server'],[False],1,False,False
semeval14_train_02751,semeval14,train,Monday nights are a bargain at the $ 28 prix fix - this includes a three course meal plus * three * glasses of wine paired with each course .,['prix fix'],['General'],['positive'],['prix fix'],[False],1,False,False
semeval14_train_02752,semeval14,train,Monday nights are a bargain at the $ 28 prix fix - this includes a three course meal plus * three * glasses of wine paired with each course .,['three course meal'],['General'],['positive'],['three course meal'],[False],1,False,False
semeval14_train_02753,semeval14,train,Monday nights are a bargain at the $ 28 prix fix - this includes a three course meal plus * three * glasses of wine paired with each course .,['glasses of wine'],['General'],['positive'],['glasses of wine'],[False],1,False,False
semeval14_train_02754,semeval14,train,Monday nights are a bargain at the $ 28 prix fix - this includes a three course meal plus * three * glasses of wine paired with each course .,['course'],['General'],['neutral'],['course'],[False],1,False,False
semeval14_train_02755,semeval14,train,It took them 15 minutes to put water in our glasses .,['water'],['General'],['neutral'],['water'],[False],1,False,False
semeval14_train_02756,semeval14,train,The service is descent even when this small place is packed .,['service'],['Service'],['positive'],['service'],[False],1,False,False
semeval14_train_02757,semeval14,train,The service is descent even when this small place is packed .,['place'],['General'],['negative'],['place'],[False],1,False,False
semeval14_train_02758,semeval14,train,This is the best sushi in new york city - hands down .,['sushi'],['General'],['positive'],['sushi'],[False],1,False,False
semeval14_train_02759,semeval14,train,I have eaten a lot of pizza here .,['pizza'],['General'],['neutral'],['pizza'],[False],1,False,False
semeval14_train_02760,semeval14,train,Great value for the quality ingredients .,['ingredients'],['General'],['positive'],['ingredients'],[False],1,False,False
semeval14_train_02761,semeval14,train,"The Thali was small , thoroughly unremarkable , and $ 14.95 .",['thali'],['General'],['negative'],['Thali'],[False],1,False,False
semeval14_train_02762,semeval14,train,The sushi is also great !,['sushi'],['General'],['positive'],['sushi'],[False],1,False,False
semeval14_train_02763,semeval14,train,From the complimentary chef app of a delicate butternut squash ravioli in a delicious truffle sauce to an amazing buttery and tender langostine entree to a dessert that I ca n't remember because of the fabulous Cakebread Cabernet we were drinking -- the whole evening was amazing .,['chef app'],['General'],['positive'],['chef app'],[False],1,False,False
semeval14_train_02764,semeval14,train,From the complimentary chef app of a delicate butternut squash ravioli in a delicious truffle sauce to an amazing buttery and tender langostine entree to a dessert that I ca n't remember because of the fabulous Cakebread Cabernet we were drinking -- the whole evening was amazing .,['delicate butternut squash ravioli in a delicious truffle sauce'],['General'],['positive'],['delicate butternut squash ravioli in a delicious truffle sauce'],[False],1,False,False
semeval14_train_02765,semeval14,train,From the complimentary chef app of a delicate butternut squash ravioli in a delicious truffle sauce to an amazing buttery and tender langostine entree to a dessert that I ca n't remember because of the fabulous Cakebread Cabernet we were drinking -- the whole evening was amazing .,['buttery and tender langostine entree'],['General'],['positive'],['buttery and tender langostine entree'],[False],1,False,False
semeval14_train_02766,semeval14,train,From the complimentary chef app of a delicate butternut squash ravioli in a delicious truffle sauce to an amazing buttery and tender langostine entree to a dessert that I ca n't remember because of the fabulous Cakebread Cabernet we were drinking -- the whole evening was amazing .,['dessert'],['General'],['neutral'],['dessert'],[False],1,False,False
semeval14_train_02767,semeval14,train,From the complimentary chef app of a delicate butternut squash ravioli in a delicious truffle sauce to an amazing buttery and tender langostine entree to a dessert that I ca n't remember because of the fabulous Cakebread Cabernet we were drinking -- the whole evening was amazing .,['cakebread cabernet'],['General'],['positive'],['Cakebread Cabernet'],[False],1,False,False
semeval14_train_02768,semeval14,train,Truly the mark of an attentive waiter .,['waiter'],['General'],['positive'],['waiter'],[False],1,False,False
semeval14_train_02769,semeval14,train,"The food here is rather good , but only if you like to wait for it .",['food'],['Food'],['positive'],['food'],[False],1,False,False
semeval14_train_02770,semeval14,train,I got an excellent piece of cheesecake and we had several other nice pastries .,['cheesecake'],['General'],['positive'],['cheesecake'],[False],1,False,False
semeval14_train_02771,semeval14,train,I got an excellent piece of cheesecake and we had several other nice pastries .,['pastries'],['General'],['positive'],['pastries'],[False],1,False,False
semeval14_train_02772,semeval14,train,"The staff is very kind and well trained , they 're fast , they are always prompt to jump behind the bar and fix drinks , they know details of every item in the menu and make excelent recomendations .",['staff'],['Service'],['positive'],['staff'],[False],1,False,False
semeval14_train_02773,semeval14,train,"The staff is very kind and well trained , they 're fast , they are always prompt to jump behind the bar and fix drinks , they know details of every item in the menu and make excelent recomendations .",['bar'],['General'],['neutral'],['bar'],[False],1,False,False
semeval14_train_02774,semeval14,train,"The staff is very kind and well trained , they 're fast , they are always prompt to jump behind the bar and fix drinks , they know details of every item in the menu and make excelent recomendations .",['drinks'],['Food'],['neutral'],['drinks'],[False],1,False,False
semeval14_train_02775,semeval14,train,"The staff is very kind and well trained , they 're fast , they are always prompt to jump behind the bar and fix drinks , they know details of every item in the menu and make excelent recomendations .",['menu'],['General'],['neutral'],['menu'],[False],1,False,False
semeval14_train_02776,semeval14,train,The makhani was OK -- the korma was bland .,['makhani'],['General'],['neutral'],['makhani'],[False],1,False,False
semeval14_train_02777,semeval14,train,The makhani was OK -- the korma was bland .,['korma'],['General'],['negative'],['korma'],[False],1,False,False
semeval14_train_02778,semeval14,train,The food is inventive but still keeps traditional indian flavoring .,['food'],['Food'],['positive'],['food'],[False],1,False,False
semeval14_train_02779,semeval14,train,"The decor in this place is very diner-ish and the kind of place you expect in the East Village - not romantic , just simple , small and sparse .",['decor'],['General'],['positive'],['decor'],[False],1,False,False
semeval14_train_02780,semeval14,train,"The decor in this place is very diner-ish and the kind of place you expect in the East Village - not romantic , just simple , small and sparse .",['place'],['General'],['positive'],['place'],[False],1,False,False
semeval14_train_02781,semeval14,train,This is a cute place and could be good but they need to get their act together .,['place'],['General'],['positive'],['place'],[False],1,False,False
semeval14_train_02782,semeval14,train,The lox is always fresh too .,['lox'],['General'],['positive'],['lox'],[False],1,False,False
semeval14_train_02783,semeval14,train,Service was very friendly .,['service'],['Service'],['positive'],['Service'],[False],1,False,False
semeval14_train_02784,semeval14,train,So all I 'm trying to say is this restaurant is by far the best thai food restaurant I 've ever been to .,['thai food'],['General'],['positive'],['thai food'],[False],1,False,False
semeval14_train_02785,semeval14,train,Food was OK - fish was cooked well .,['food'],['Food'],['neutral'],['Food'],[False],1,False,False
semeval14_train_02786,semeval14,train,Food was OK - fish was cooked well .,['fish'],['General'],['positive'],['fish'],[False],1,False,False
semeval14_train_02787,semeval14,train,We actually left hungry and went across the street to Wo Hop at 15 Mott street for some good chinese food .,['chinese food'],['General'],['positive'],['chinese food'],[False],1,False,False
semeval14_train_02788,semeval14,train,The duck confit is always amazing and the foie gras terrine with figs was out of this world .,['foie gras terrine with figs'],['General'],['positive'],['foie gras terrine with figs'],[False],1,False,False
semeval14_train_02789,semeval14,train,The duck confit is always amazing and the foie gras terrine with figs was out of this world .,['duck confit'],['General'],['positive'],['duck confit'],[False],1,False,False
semeval14_train_02790,semeval14,train,"The whole set up is truly unprofessional and I wish Cafe Noir would get some good staff , because despite the current one this is a great place .",['staff'],['Service'],['negative'],['staff'],[False],1,False,False
semeval14_train_02791,semeval14,train,"I have reservations about the all you can eat deal , however -- the choices are fairly limited and you can probably order more food than you can eat for less than $ 18 by just going off the menu .",['choices'],['General'],['negative'],['choices'],[False],1,False,False
semeval14_train_02792,semeval14,train,"I have reservations about the all you can eat deal , however -- the choices are fairly limited and you can probably order more food than you can eat for less than $ 18 by just going off the menu .",['reservations'],['General'],['neutral'],['reservations'],[False],1,False,False
semeval14_train_02793,semeval14,train,"I have reservations about the all you can eat deal , however -- the choices are fairly limited and you can probably order more food than you can eat for less than $ 18 by just going off the menu .",['food'],['Food'],['neutral'],['food'],[False],1,False,False
semeval14_train_02794,semeval14,train,"I have reservations about the all you can eat deal , however -- the choices are fairly limited and you can probably order more food than you can eat for less than $ 18 by just going off the menu .",['menu'],['General'],['neutral'],['menu'],[False],1,False,False
semeval14_train_02795,semeval14,train,The staff offers impeccable service .,['staff'],['Service'],['positive'],['staff'],[False],1,False,False
semeval14_train_02796,semeval14,train,The staff offers impeccable service .,['service'],['Service'],['positive'],['service'],[False],1,False,False
semeval14_train_02797,semeval14,train,We ended our great experience by having Gulab Jamun (dessert) recommended by the waiter .,['gulab jamun (dessert)'],['General'],['positive'],['Gulab Jamun (dessert)'],[False],1,False,False
semeval14_train_02798,semeval14,train,We ended our great experience by having Gulab Jamun -LRB- dessert -RRB- recommended by the waiter .,['waiter'],['General'],['positive'],['waiter'],[False],1,False,False
semeval14_train_02799,semeval14,train,"This place does n't compare with Mamoun 's in terms of price , freshness , value , and consisent quality , but that 's just my opinion .",['price'],['Price'],['negative'],['price'],[False],1,False,False
semeval14_train_02800,semeval14,train,"This place does n't compare with Mamoun 's in terms of price , freshness , value , and consisent quality , but that 's just my opinion .",['freshness'],['General'],['negative'],['freshness'],[False],1,False,False
semeval14_train_02801,semeval14,train,"This place does n't compare with Mamoun 's in terms of price , freshness , value , and consisent quality , but that 's just my opinion .",['value'],['General'],['negative'],['value'],[False],1,False,False
semeval14_train_02802,semeval14,train,"This place does n't compare with Mamoun 's in terms of price , freshness , value , and consisent quality , but that 's just my opinion .",['quality'],['General'],['negative'],['quality'],[False],1,False,False
semeval14_train_02803,semeval14,train,"The place is sleek , modern and playfull and i will return again frequently .",['place'],['General'],['positive'],['place'],[False],1,False,False
semeval14_train_02804,semeval14,train,"I have known about this secret for the last 13 years , Emilio -LRB- the Godfather -RRB- has continued to serve food and wine for the gods at mortal prices .",['food'],['Food'],['positive'],['food'],[False],1,False,False
semeval14_train_02805,semeval14,train,"I have known about this secret for the last 13 years , Emilio -LRB- the Godfather -RRB- has continued to serve food and wine for the gods at mortal prices .",['wine'],['General'],['positive'],['wine'],[False],1,False,False
semeval14_train_02806,semeval14,train,"I have known about this secret for the last 13 years , Emilio -LRB- the Godfather -RRB- has continued to serve food and wine for the gods at mortal prices .",['prices'],['General'],['positive'],['prices'],[False],1,False,False
semeval14_train_02807,semeval14,train,The brioche and lollies as party favors is a cute and sweet touch to a most memorable meal .,['brioche and lollies'],['General'],['positive'],['brioche and lollies'],[False],1,False,False
semeval14_train_02808,semeval14,train,The brioche and lollies as party favors is a cute and sweet touch to a most memorable meal .,['meal'],['General'],['positive'],['meal'],[False],1,False,False
semeval14_train_02809,semeval14,train,"After being told that our party of three would be seated in 10 minutes and watching other parties -LRB- multiples of 2 and higher -RRB- seated for 40 minutes , the three of us were squished into a small 2-person table .",['2-person table'],['General'],['negative'],['2-person table'],[False],1,False,False
semeval14_train_02810,semeval14,train,And the bill was outragous .,['bill'],['General'],['negative'],['bill'],[False],1,False,False
semeval14_train_02811,semeval14,train,"The service was attentive , yet unimposing , the food was far better than many notorious restaurants in Midtown and the wine list is extensive and well priced .",['food'],['Food'],['positive'],['food'],[False],1,False,False
semeval14_train_02812,semeval14,train,"The service was attentive , yet unimposing , the food was far better than many notorious restaurants in Midtown and the wine list is extensive and well priced .",['wine list'],['General'],['positive'],['wine list'],[False],1,False,False
semeval14_train_02813,semeval14,train,"The service was attentive , yet unimposing , the food was far better than many notorious restaurants in Midtown and the wine list is extensive and well priced .",['priced'],['General'],['positive'],['priced'],[False],1,False,False
semeval14_train_02814,semeval14,train,"Kind , attentive wait staff .",['wait staff'],['General'],['positive'],['wait staff'],[False],1,False,False
semeval14_train_02815,semeval14,train,Salads were fantastic .,['salads'],['General'],['positive'],['Salads'],[False],1,False,False
semeval14_train_02816,semeval14,train,The owners and employees are friendly and their pizza is fantastic .,['owners'],['General'],['positive'],['owners'],[False],1,False,False
semeval14_train_02817,semeval14,train,The owners and employees are friendly and their pizza is fantastic .,['employees'],['General'],['positive'],['employees'],[False],1,False,False
semeval14_train_02818,semeval14,train,The owners and employees are friendly and their pizza is fantastic .,['pizza'],['General'],['positive'],['pizza'],[False],1,False,False
semeval14_train_02819,semeval14,train,"The food is yummy , especially their cooked-to-perfection mussels in spicy tomato sauce and their shoestring crispy fries .",['food'],['Food'],['positive'],['food'],[False],1,False,False
semeval14_train_02820,semeval14,train,"The food is yummy , especially their cooked-to-perfection mussels in spicy tomato sauce and their shoestring crispy fries .",['mussels in spicy tomato sauce'],['General'],['positive'],['mussels in spicy tomato sauce'],[False],1,False,False
semeval14_train_02821,semeval14,train,"The food is yummy , especially their cooked-to-perfection mussels in spicy tomato sauce and their shoestring crispy fries .",['fries'],['General'],['positive'],['fries'],[False],1,False,False
semeval14_train_02822,semeval14,train,The food is authentic Italian - delicious !,['food'],['Food'],['positive'],['food'],[False],1,False,False
semeval14_train_02823,semeval14,train,skip dessert .,['dessert'],['General'],['negative'],['dessert'],[False],1,False,False
semeval14_train_02824,semeval14,train,I complete the total bagel experience by having it lightly toasted .,['bagel'],['General'],['positive'],['bagel'],[False],1,False,False
semeval14_train_02825,semeval14,train,It was like the servers forgot that they actually worked there and instead wanted to hang out and be cool .,['servers'],['General'],['negative'],['servers'],[False],1,False,False
semeval14_train_02826,semeval14,train,The service is good and ambience is good for a date or group outing .,['service'],['Service'],['positive'],['service'],[False],1,False,False
semeval14_train_02827,semeval14,train,The service is good and ambience is good for a date or group outing .,['ambience'],['Ambience'],['positive'],['ambience'],[False],1,False,False
semeval14_train_02828,semeval14,train,A great way to make some money is to buy a case of snapple from Costco and sell it right outside for only $ 2.50 .,['case of snapple'],['General'],['neutral'],['case of snapple'],[False],1,False,False
semeval14_train_02829,semeval14,train,It 's all about the food !!,['food'],['Food'],['positive'],['food'],[False],1,False,False
semeval14_train_02830,semeval14,train,Fast service .,['service'],['Service'],['positive'],['service'],[False],1,False,False
semeval14_train_02831,semeval14,train,"The staff is excellent , specjal : that girl behind the bar , european chic .",['staff'],['Service'],['positive'],['staff'],[False],1,False,False
semeval14_train_02832,semeval14,train,"The staff is excellent , specjal : that girl behind the bar , european chic .",['bar'],['General'],['neutral'],['bar'],[False],1,False,False
semeval14_train_02833,semeval14,train,"stick with the chicken , beef , and lamb dishes .",['chicken'],['General'],['positive'],['chicken'],[False],1,False,False
semeval14_train_02834,semeval14,train,"stick with the chicken , beef , and lamb dishes .",['beef'],['General'],['positive'],['beef'],[False],1,False,False
semeval14_train_02835,semeval14,train,"stick with the chicken , beef , and lamb dishes .",['lamb dishes'],['General'],['positive'],['lamb dishes'],[False],1,False,False
semeval14_train_02836,semeval14,train,"The service was bad , the food took to forever to come , we sat on the upper level .",['service'],['Service'],['negative'],['service'],[False],1,False,False
semeval14_train_02837,semeval14,train,"The service was bad , the food took to forever to come , we sat on the upper level .",['food'],['Food'],['negative'],['food'],[False],1,False,False
semeval14_train_02838,semeval14,train,"We a menu that rearely changes , e xcept for one or two specials , the quality and care they put in thier food in evident .",['quality'],['General'],['positive'],['quality'],[False],1,False,False
semeval14_train_02839,semeval14,train,"We a menu that rearely changes , e xcept for one or two specials , the quality and care they put in thier food in evident .",['care'],['General'],['positive'],['care'],[False],1,False,False
semeval14_train_02840,semeval14,train,"We a menu that rearely changes , e xcept for one or two specials , the quality and care they put in thier food in evident .",['food'],['Food'],['positive'],['food'],[False],1,False,False
semeval14_train_02841,semeval14,train,"We a menu that rearely changes , e xcept for one or two specials , the quality and care they put in thier food in evident .",['specials'],['General'],['neutral'],['specials'],[False],1,False,False
semeval14_train_02842,semeval14,train,This restaurant is a wonderful place to go many times and it is reasonably priced .,['priced'],['General'],['positive'],['priced'],[False],1,False,False
semeval14_train_02843,semeval14,train,"Bottom line : B + for the food , F for the service .",['food'],['Food'],['positive'],['food'],[False],1,False,False
semeval14_train_02844,semeval14,train,"Bottom line : B + for the food , F for the service .",['service'],['Service'],['negative'],['service'],[False],1,False,False
semeval14_train_02845,semeval14,train,The only thing the waiters do n't do for you is wipe your chin when you leave .,['waiters'],['General'],['positive'],['waiters'],[False],1,False,False
semeval14_train_02846,semeval14,train,"Stick to dimsum , not super overpriced noodles .",['noodles'],['General'],['neutral'],['noodles'],[False],1,False,False
semeval14_train_02847,semeval14,train,"Stick to dimsum , not super overpriced noodles .",['dimsum'],['General'],['positive'],['dimsum'],[False],1,False,False
semeval14_train_02848,semeval14,train,The service is fine and they allow you to enjoy the view .,['service'],['Service'],['positive'],['service'],[False],1,False,False
semeval14_train_02849,semeval14,train,The service is fine and they allow you to enjoy the view .,['view'],['General'],['positive'],['view'],[False],1,False,False
semeval14_train_02850,semeval14,train,"We , there were four of us , arrived at noon - the place was empty - and the staff acted like we were imposing on them and they were very rude .",['staff'],['Service'],['negative'],['staff'],[False],1,False,False
semeval14_train_02851,semeval14,train,delicious simple food in nice outdoor atmosphere .,['food'],['Food'],['positive'],['food'],[False],1,False,False
semeval14_train_02852,semeval14,train,delicious simple food in nice outdoor atmosphere .,['atmosphere'],['General'],['positive'],['atmosphere'],[False],1,False,False
semeval14_train_02853,semeval14,train,The only fallback on this restaurant is the prices .,['prices'],['General'],['negative'],['prices'],[False],1,False,False
semeval14_train_02854,semeval14,train,I 've been to Naples 45 for dinner twice .,['dinner'],['General'],['neutral'],['dinner'],[False],1,False,False
semeval14_train_02855,semeval14,train,The hot and sour soup was unbearably hot and tasted of only pepper and nothing else .,['soup'],['General'],['negative'],['soup'],[False],1,False,False
semeval14_train_02856,semeval14,train,The hot and sour soup was unbearably hot and tasted of only pepper and nothing else .,['pepper'],['General'],['negative'],['pepper'],[False],1,False,False
semeval14_train_02857,semeval14,train,Try sushimi cucumber roll .,['sushimi cucumber roll'],['General'],['positive'],['sushimi cucumber roll'],[False],1,False,False
semeval14_train_02858,semeval14,train,The food is delicious .,['food'],['Food'],['positive'],['food'],[False],1,False,False
semeval14_train_02859,semeval14,train,Their wines by the glass are a great accompaniment and you can eat like a king with wine for under $ 30 .,['wines by the glass'],['General'],['positive'],['wines by the glass'],[False],1,False,False
semeval14_train_02860,semeval14,train,Their wines by the glass are a great accompaniment and you can eat like a king with wine for under $ 30 .,['wine'],['General'],['neutral'],['wine'],[False],1,False,False
semeval14_train_02861,semeval14,train,This place has the the correct ambience and an excellent staff to make you feel like a guest and a friend at the same time .,['place'],['General'],['positive'],['place'],[False],1,False,False
semeval14_train_02862,semeval14,train,This place has the the correct ambience and an excellent staff to make you feel like a guest and a friend at the same time .,['ambience'],['Ambience'],['positive'],['ambience'],[False],1,False,False
semeval14_train_02863,semeval14,train,This place has the the correct ambience and an excellent staff to make you feel like a guest and a friend at the same time .,['staff'],['Service'],['positive'],['staff'],[False],1,False,False
semeval14_train_02864,semeval14,train,Yeah Shanghai is also great but not quite as good -- they use the same amount of salt but without sweetness to balance out .,['salt'],['General'],['negative'],['salt'],[False],1,False,False
semeval14_train_02865,semeval14,train,"believe us , we 've been eating sushi for over 15 yrs .",['sushi'],['General'],['neutral'],['sushi'],[False],1,False,False
semeval14_train_02866,semeval14,train,The atmosphere is much better than Sripraphai -LRB- more modern and sleek -RRB- .,['atmosphere'],['General'],['positive'],['atmosphere'],[False],1,False,False
semeval14_train_02867,semeval14,train,"The food is outstanding and the service is quick , friendly and very professional .",['food'],['Food'],['positive'],['food'],[False],1,False,False
semeval14_train_02868,semeval14,train,"The food is outstanding and the service is quick , friendly and very professional .",['service'],['Service'],['positive'],['service'],[False],1,False,False
semeval14_train_02869,semeval14,train,"The bagels always warm , soft on the inside , crispy on the outside and enormous in size .",['bagels'],['General'],['positive'],['bagels'],[False],1,False,False
semeval14_train_02870,semeval14,train,"I had a late dinner at Lucky Stike , a great name for a joint if ever I saw one .",['dinner'],['General'],['neutral'],['dinner'],[False],1,False,False
semeval14_train_02871,semeval14,train,Service is fast and friendly .,['service'],['Service'],['positive'],['Service'],[False],1,False,False
semeval14_train_02872,semeval14,train,from an English speaking staff .,['staff'],['Service'],['neutral'],['staff'],[False],1,False,False
semeval14_train_02873,semeval14,train,And they have these home made potato chips at the bar that are the most delicious things in the world !,['potato chips'],['General'],['positive'],['potato chips'],[False],1,False,False
semeval14_train_02874,semeval14,train,And they have these home made potato chips at the bar that are the most delicious things in the world !,['bar'],['General'],['neutral'],['bar'],[False],1,False,False
semeval14_train_02875,semeval14,train,My husband and I enjoyed each of the 6 taste size portions and left completely full .,['portions'],['General'],['positive'],['portions'],[False],1,False,False
semeval14_train_02876,semeval14,train,"I went here with a friend on a whim , we went someplace else first and could n't get a table .",['table'],['General'],['negative'],['table'],[False],1,False,False
semeval14_train_02877,semeval14,train,"We all ate pasta entre'es , which were great .","[""pasta entre'es""]",['General'],['positive'],"[""pasta entre'es""]",[False],1,False,False
semeval14_train_02878,semeval14,train,The steak was excellent and one of the best I have had -LRB- I tasted the butter intitally but in no way did it overwhelm the flavor of the meat -RRB- .,['steak'],['General'],['positive'],['steak'],[False],1,False,False
semeval14_train_02879,semeval14,train,The steak was excellent and one of the best I have had -LRB- I tasted the butter intitally but in no way did it overwhelm the flavor of the meat -RRB- .,['butter'],['General'],['negative'],['butter'],[False],1,False,False
semeval14_train_02880,semeval14,train,The steak was excellent and one of the best I have had -LRB- I tasted the butter intitally but in no way did it overwhelm the flavor of the meat -RRB- .,['flavor'],['General'],['neutral'],['flavor'],[False],1,False,False
semeval14_train_02881,semeval14,train,The steak was excellent and one of the best I have had -LRB- I tasted the butter intitally but in no way did it overwhelm the flavor of the meat -RRB- .,['meat'],['General'],['positive'],['meat'],[False],1,False,False
semeval14_train_02882,semeval14,train,The food was boring and expensive .,['food'],['Food'],['negative'],['food'],[False],1,False,False
semeval14_train_02883,semeval14,train,"The ambience is pretty and nice for conversation , so a casual lunch here would probably be best .",['ambience'],['Ambience'],['positive'],['ambience'],[False],1,False,False
semeval14_train_02884,semeval14,train,"The ambience is pretty and nice for conversation , so a casual lunch here would probably be best .",['lunch'],['General'],['positive'],['lunch'],[False],1,False,False
semeval14_train_02885,semeval14,train,Terrific menu full of unique rolls and special dishes .,['menu'],['General'],['positive'],['menu'],[False],1,False,False
semeval14_train_02886,semeval14,train,Terrific menu full of unique rolls and special dishes .,['rolls'],['General'],['positive'],['rolls'],[False],1,False,False
semeval14_train_02887,semeval14,train,Terrific menu full of unique rolls and special dishes .,['dishes'],['General'],['positive'],['dishes'],[False],1,False,False
semeval14_train_02888,semeval14,train,The service is ok but could be better .,['service'],['Service'],['negative'],['service'],[False],1,False,False
semeval14_train_02889,semeval14,train,"We love the food , drinks , and atmosphere !",['food'],['Food'],['positive'],['food'],[False],1,False,False
semeval14_train_02890,semeval14,train,"We love the food , drinks , and atmosphere !",['drinks'],['Food'],['positive'],['drinks'],[False],1,False,False
semeval14_train_02891,semeval14,train,"We love the food , drinks , and atmosphere !",['atmosphere'],['General'],['positive'],['atmosphere'],[False],1,False,False
semeval14_train_02892,semeval14,train,I was here a few weeks back and we had the worst customer service experience at a restaurant ever .,['customer service'],['General'],['negative'],['customer service'],[False],1,False,False
semeval14_train_02893,semeval14,train,"Went on a 3 day oyster binge , with Fish bringing up the closing , and I am so glad this was the place it O trip ended , because it was so great !",['place'],['General'],['positive'],['place'],[False],1,False,False
semeval14_train_02894,semeval14,train,"Went on a 3 day oyster binge , with Fish bringing up the closing , and I am so glad this was the place it O trip ended , because it was so great !",['oyster'],['General'],['neutral'],['oyster'],[False],1,False,False
semeval14_train_02895,semeval14,train,"Went on a 3 day oyster binge , with Fish bringing up the closing , and I am so glad this was the place it O trip ended , because it was so great !",['fish'],['General'],['neutral'],['Fish'],[False],1,False,False
semeval14_train_02896,semeval14,train,"Took my mom for Mother 's Day , and the maitre d' was pretty rude .","[""maitre d'""]",['General'],['negative'],"[""maitre d'""]",[False],1,False,False
semeval14_train_02897,semeval14,train,My husband and I have been there a couple of times and each time we sat at the sushi bar -LRB- chef Yoshi -RRB- and ordered everything ala carte .,['sushi bar'],['General'],['neutral'],['sushi bar'],[False],1,False,False
semeval14_train_02898,semeval14,train,My husband and I have been there a couple of times and each time we sat at the sushi bar -LRB- chef Yoshi -RRB- and ordered everything ala carte .,['chef'],['General'],['neutral'],['chef'],[False],1,False,False
semeval14_train_02899,semeval14,train,My husband and I have been there a couple of times and each time we sat at the sushi bar -LRB- chef Yoshi -RRB- and ordered everything ala carte .,['ala carte'],['General'],['neutral'],['ala carte'],[False],1,False,False
semeval14_train_02900,semeval14,train,"The vibe is very relaxed and cozy , service was great and the food was excellent !",['vibe'],['General'],['positive'],['vibe'],[False],1,False,False
semeval14_train_02901,semeval14,train,"The vibe is very relaxed and cozy , service was great and the food was excellent !",['service'],['Service'],['positive'],['service'],[False],1,False,False
semeval14_train_02902,semeval14,train,"The vibe is very relaxed and cozy , service was great and the food was excellent !",['food'],['Food'],['positive'],['food'],[False],1,False,False
semeval14_train_02903,semeval14,train,"If the weather is nice , try to snag an outside table .",['table'],['General'],['positive'],['table'],[False],1,False,False
semeval14_train_02904,semeval14,train,"If you are looking for a good quality , cheap eats - this is the place .",['quality'],['General'],['positive'],['quality'],[False],1,False,False
semeval14_train_02905,semeval14,train,The service was friendly and the atmosphere was casual .,['service'],['Service'],['positive'],['service'],[False],1,False,False
semeval14_train_02906,semeval14,train,The service was friendly and the atmosphere was casual .,['atmosphere'],['General'],['positive'],['atmosphere'],[False],1,False,False
semeval14_train_02907,semeval14,train,When I lived upstate for a while I would buy freeze the bagels and they would still be better than any else .,['bagels'],['General'],['neutral'],['bagels'],[False],1,False,False
semeval14_train_02908,semeval14,train,"I recommend their Pad See Ew , Pork Chops or Tofu plates .",['pad see ew'],['General'],['positive'],['Pad See Ew'],[False],1,False,False
semeval14_train_02909,semeval14,train,"I recommend their Pad See Ew , Pork Chops or Tofu plates .",['pork chops'],['General'],['positive'],['Pork Chops'],[False],1,False,False
semeval14_train_02910,semeval14,train,"I recommend their Pad See Ew , Pork Chops or Tofu plates .",['tofu plates'],['General'],['positive'],['Tofu plates'],[False],1,False,False
semeval14_train_02911,semeval14,train,Never in my life did I think that I could be satisfied both in taste and in quantity for $ 3.00 in NYC .,['taste'],['General'],['positive'],['taste'],[False],1,False,False
semeval14_train_02912,semeval14,train,Never in my life did I think that I could be satisfied both in taste and in quantity for $ 3.00 in NYC .,['quantity'],['General'],['positive'],['quantity'],[False],1,False,False
semeval14_train_02913,semeval14,train,"this is the best secret place in midtown ' , I heard that from the bartender , after having brilliant food -LRB- try steak with portobello mushrooms -RRB- and drinks on the bar last Tuesday .",['bartender'],['General'],['neutral'],['bartender'],[False],1,False,False
semeval14_train_02914,semeval14,train,"this is the best secret place in midtown ' , I heard that from the bartender , after having brilliant food -LRB- try steak with portobello mushrooms -RRB- and drinks on the bar last Tuesday .",['food'],['Food'],['positive'],['food'],[False],1,False,False
semeval14_train_02915,semeval14,train,"this is the best secret place in midtown ' , I heard that from the bartender , after having brilliant food -LRB- try steak with portobello mushrooms -RRB- and drinks on the bar last Tuesday .",['drinks'],['Food'],['positive'],['drinks'],[False],1,False,False
semeval14_train_02916,semeval14,train,"this is the best secret place in midtown ' , I heard that from the bartender , after having brilliant food -LRB- try steak with portobello mushrooms -RRB- and drinks on the bar last Tuesday .",['steak with portobello mushrooms'],['General'],['positive'],['steak with portobello mushrooms'],[False],1,False,False
semeval14_train_02917,semeval14,train,"this is the best secret place in midtown ' , I heard that from the bartender , after having brilliant food -LRB- try steak with portobello mushrooms -RRB- and drinks on the bar last Tuesday .",['bar'],['General'],['neutral'],['bar'],[False],1,False,False
semeval14_train_02918,semeval14,train,The service was excellent - friendly and attentive .,['service'],['Service'],['positive'],['service'],[False],1,False,False
semeval14_train_02919,semeval14,train,"The main course had an average portion , and was decent overall .",['main course'],['General'],['positive'],['main course'],[False],1,False,False
semeval14_train_02920,semeval14,train,"The main course had an average portion , and was decent overall .",['portion'],['General'],['neutral'],['portion'],[False],1,False,False
semeval14_train_02921,semeval14,train,20 minutes for our reservation but it gave us time to have a few cocktails and enjoy our surroundings and each other .,['reservation'],['General'],['negative'],['reservation'],[False],1,False,False
semeval14_train_02922,semeval14,train,20 minutes for our reservation but it gave us time to have a few cocktails and enjoy our surroundings and each other .,['cocktails'],['General'],['positive'],['cocktails'],[False],1,False,False
semeval14_train_02923,semeval14,train,20 minutes for our reservation but it gave us time to have a few cocktails and enjoy our surroundings and each other .,['surroundings'],['General'],['positive'],['surroundings'],[False],1,False,False
semeval14_train_02924,semeval14,train,"Waitstaff is great , very attentive .",['waitstaff'],['General'],['positive'],['Waitstaff'],[False],1,False,False
semeval14_train_02925,semeval14,train,The dinner menu is diverse and top-notch as well .,['dinner menu'],['General'],['positive'],['dinner menu'],[False],1,False,False
semeval14_train_02926,semeval14,train,IT IS WHAT MODERN CUISINE IS ALL ABOUT .,['cuisine'],['General'],['positive'],['CUISINE'],[False],1,False,False
semeval14_train_02927,semeval14,train,"I do n't like Indian food too much and this was delicious , however you want to factor that into the equation .",['indian food'],['General'],['positive'],['Indian food'],[False],1,False,False
semeval14_train_02928,semeval14,train,"at taj , vegetarians can rejoice-all the dishes are manna from heaven .",['dishes'],['General'],['positive'],['dishes'],[False],1,False,False
semeval14_train_02929,semeval14,train,I wo n't go back unless someone else is footing the bill .,['bill'],['General'],['negative'],['bill'],[False],1,False,False
semeval14_train_02930,semeval14,train,"We live in New Jersey and whenever we go into New York City we buy bagels to eat hot and then to freeze -LRB- they told me that if I call in the order , they 'd bring it out to the car so I would n't have to look for parking -RRB- .",['bagels'],['General'],['neutral'],['bagels'],[False],1,False,False
semeval14_train_02931,semeval14,train,Jimmy 's is hands down the hottest night spot in the Bronx .,['spot'],['General'],['positive'],['spot'],[False],1,False,False
semeval14_train_02932,semeval14,train,And I would have to agree with the masses in terms of service - delivery is their Achilles ' heel .,['service'],['Service'],['negative'],['service'],[False],1,False,False
semeval14_train_02933,semeval14,train,And I would have to agree with the masses in terms of service - delivery is their Achilles ' heel .,['delivery'],['General'],['negative'],['delivery'],[False],1,False,False
semeval14_train_02934,semeval14,train,"The $ 300 bill was a bit steep , but the experience was great .",['bill'],['General'],['negative'],['bill'],[False],1,False,False
semeval14_train_02935,semeval14,train,"Nice ambiance , nice little bar , good bartender , Francois , and good service .",['bar'],['General'],['positive'],['bar'],[False],1,False,False
semeval14_train_02936,semeval14,train,"Nice ambiance , nice little bar , good bartender , Francois , and good service .",['bartender'],['General'],['positive'],['bartender'],[False],1,False,False
semeval14_train_02937,semeval14,train,"Nice ambiance , nice little bar , good bartender , Francois , and good service .",['service'],['Service'],['positive'],['service'],[False],1,False,False
semeval14_train_02938,semeval14,train,"Nice ambiance , nice little bar , good bartender , Francois , and good service .",['ambiance'],['General'],['positive'],['ambiance'],[False],1,False,False
semeval14_train_02939,semeval14,train,"The calamari comes with an incredible sauce , and the duck noodles are yummy as well .",['calamari'],['General'],['positive'],['calamari'],[False],1,False,False
semeval14_train_02940,semeval14,train,"The calamari comes with an incredible sauce , and the duck noodles are yummy as well .",['sauce'],['General'],['positive'],['sauce'],[False],1,False,False
semeval14_train_02941,semeval14,train,"The calamari comes with an incredible sauce , and the duck noodles are yummy as well .",['duck noodles'],['General'],['positive'],['duck noodles'],[False],1,False,False
semeval14_train_02942,semeval14,train,I would definitely go back -- if only for some of those exotic martinis on the blackboard .,['martinis'],['General'],['positive'],['martinis'],[False],1,False,False
semeval14_train_02943,semeval14,train,Simple comfort food and what hot and lage portions .,['comfort food'],['General'],['positive'],['comfort food'],[False],1,False,False
semeval14_train_02944,semeval14,train,Simple comfort food and what hot and lage portions .,['portions'],['General'],['positive'],['portions'],[False],1,False,False
semeval14_train_02945,semeval14,train,"Stay away from the two specialty rolls on the menu , though - too much avocado and rice will fill you up right quick .",['rolls'],['General'],['negative'],['rolls'],[False],1,False,False
semeval14_train_02946,semeval14,train,"Stay away from the two specialty rolls on the menu , though - too much avocado and rice will fill you up right quick .",['menu'],['General'],['neutral'],['menu'],[False],1,False,False
semeval14_train_02947,semeval14,train,"Stay away from the two specialty rolls on the menu , though - too much avocado and rice will fill you up right quick .",['avocado'],['General'],['negative'],['avocado'],[False],1,False,False
semeval14_train_02948,semeval14,train,"Stay away from the two specialty rolls on the menu , though - too much avocado and rice will fill you up right quick .",['rice'],['General'],['negative'],['rice'],[False],1,False,False
semeval14_train_02949,semeval14,train,We did n't get drink refills and she did n't even offer us the option of dessert .,['drink refills'],['General'],['negative'],['drink refills'],[False],1,False,False
semeval14_train_02950,semeval14,train,We did n't get drink refills and she did n't even offer us the option of dessert .,['dessert'],['General'],['neutral'],['dessert'],[False],1,False,False
semeval14_train_02951,semeval14,train,The bagels are also reasonably priced for NYC .,['bagels'],['General'],['positive'],['bagels'],[False],1,False,False
semeval14_train_02952,semeval14,train,The bagels are also reasonably priced for NYC .,['priced'],['General'],['positive'],['priced'],[False],1,False,False
semeval14_train_02953,semeval14,train,"If you can handle that , it 's a great place for a business dinner , fun with friends or simply a table for 2 .",['business dinner'],['General'],['positive'],['business dinner'],[False],1,False,False
semeval14_train_02954,semeval14,train,"If you can handle that , it 's a great place for a business dinner , fun with friends or simply a table for 2 .",['table'],['General'],['positive'],['table'],[False],1,False,False
semeval14_train_02955,semeval14,train,Decor leaves something to be desired .,['decor'],['General'],['negative'],['Decor'],[False],1,False,False
semeval14_train_02956,semeval14,train,"Also , specify if you like your food spicy - its rather bland if you do n't .",['food'],['Food'],['neutral'],['food'],[False],1,False,False
semeval14_train_02957,semeval14,train,"Our waiter was fine , the place looks nice in that not-trying-too-hard way , but at those prices , a little more should be expected of your food .",['waiter'],['General'],['positive'],['waiter'],[False],1,False,False
semeval14_train_02958,semeval14,train,"Our waiter was fine , the place looks nice in that not-trying-too-hard way , but at those prices , a little more should be expected of your food .",['place'],['General'],['positive'],['place'],[False],1,False,False
semeval14_train_02959,semeval14,train,"Our waiter was fine , the place looks nice in that not-trying-too-hard way , but at those prices , a little more should be expected of your food .",['prices'],['General'],['negative'],['prices'],[False],1,False,False
semeval14_train_02960,semeval14,train,"Our waiter was fine , the place looks nice in that not-trying-too-hard way , but at those prices , a little more should be expected of your food .",['food'],['Food'],['negative'],['food'],[False],1,False,False
semeval14_train_02961,semeval14,train,Coming from Boston this place is like Emma 's Pizza in Kendall Square in Cambridge -LRB- although they have more funky toppings ! -RRB-,['toppings'],['General'],['positive'],['toppings'],[False],1,False,False
semeval14_train_02962,semeval14,train,"When my husband and go there , we spend $ 60.00 -LRB- have LOBSTER TAILS UMMMMM need I say more -RRB- I ca n't say any more , it a place you 'll never forget If you never go , you 'll miss A Meal of your life time",['place'],['General'],['positive'],['place'],[False],1,False,False
semeval14_train_02963,semeval14,train,"When my husband and go there , we spend $ 60.00 -LRB- have LOBSTER TAILS UMMMMM need I say more -RRB- I ca n't say any more , it a place you 'll never forget If you never go , you 'll miss A Meal of your life time",['meal'],['General'],['positive'],['Meal'],[False],1,False,False
semeval14_train_02964,semeval14,train,"When my husband and go there , we spend $ 60.00 -LRB- have LOBSTER TAILS UMMMMM need I say more -RRB- I ca n't say any more , it a place you 'll never forget If you never go , you 'll miss A Meal of your life time",['lobster tails'],['General'],['positive'],['LOBSTER TAILS'],[False],1,False,False
semeval14_train_02965,semeval14,train,"in an effort to increase turnover , the restaurant offers no desserts beyond the complimentary espresso cup filled with chocolate mousse .",['espresso cup filled with chocolate mousse'],['General'],['positive'],['espresso cup filled with chocolate mousse'],[False],1,False,False
semeval14_train_02966,semeval14,train,"in an effort to increase turnover , the restaurant offers no desserts beyond the complimentary espresso cup filled with chocolate mousse .",['desserts'],['General'],['negative'],['desserts'],[False],1,False,False
semeval14_train_02967,semeval14,train,"I 've been to this restaurant more than a dozen times and when I 'm craving for Pho , Lemon grass chicken or Beef Cube on rice , this is the place to go .",['pho'],['General'],['positive'],['Pho'],[False],1,False,False
semeval14_train_02968,semeval14,train,"I 've been to this restaurant more than a dozen times and when I 'm craving for Pho , Lemon grass chicken or Beef Cube on rice , this is the place to go .",['lemon grass chicken'],['General'],['positive'],['Lemon grass chicken'],[False],1,False,False
semeval14_train_02969,semeval14,train,"I 've been to this restaurant more than a dozen times and when I 'm craving for Pho , Lemon grass chicken or Beef Cube on rice , this is the place to go .",['beef cube on rice'],['General'],['positive'],['Beef Cube on rice'],[False],1,False,False
semeval14_train_02970,semeval14,train,"Oh yes , and if you are a fan of Indian oldies film stars , there are plenty of portraits of Indian actors and actresses in classic black white that adorn the walls , some of which , I would love to know where they obtained .",['portraits'],['General'],['positive'],['portraits'],[False],1,False,False
semeval14_train_02971,semeval14,train,"The food is spectacular , from the appitizers to the main course , and then of course the desserts , -LRB- WOW -RRB- you 'll need no more .",['food'],['Food'],['positive'],['food'],[False],1,False,False
semeval14_train_02972,semeval14,train,"The food is spectacular , from the appitizers to the main course , and then of course the desserts , -LRB- WOW -RRB- you 'll need no more .",['appitizers'],['General'],['positive'],['appitizers'],[False],1,False,False
semeval14_train_02973,semeval14,train,"The food is spectacular , from the appitizers to the main course , and then of course the desserts , -LRB- WOW -RRB- you 'll need no more .",['main course'],['General'],['positive'],['main course'],[False],1,False,False
semeval14_train_02974,semeval14,train,"The food is spectacular , from the appitizers to the main course , and then of course the desserts , -LRB- WOW -RRB- you 'll need no more .",['desserts'],['General'],['positive'],['desserts'],[False],1,False,False
semeval14_train_02975,semeval14,train,My fish was delicious in an incredible curry sauce .,['fish'],['General'],['positive'],['fish'],[False],1,False,False
semeval14_train_02976,semeval14,train,My fish was delicious in an incredible curry sauce .,['curry sauce'],['General'],['positive'],['curry sauce'],[False],1,False,False
semeval14_train_02977,semeval14,train,If you are in search of the most authentic NYC deli experience look no further than the famous and historic Katz 's Deli down on the Lower East Side .,['deli'],['General'],['positive'],['deli'],[False],1,False,False
semeval14_train_02978,semeval14,train,"Even upon delivery , their juicy pork buns are quite good . .",['pork buns'],['General'],['positive'],['pork buns'],[False],1,False,False
semeval14_train_02979,semeval14,train,"Average to good Thai food , but terrible delivery .",['thai food'],['General'],['positive'],['Thai food'],[False],1,False,False
semeval14_train_02980,semeval14,train,"Average to good Thai food , but terrible delivery .",['delivery'],['General'],['negative'],['delivery'],[False],1,False,False
semeval14_train_02981,semeval14,train,The space is nice but when we order our drink we were in for a surprise .,['space'],['General'],['positive'],['space'],[False],1,False,False
semeval14_train_02982,semeval14,train,The space is nice but when we order our drink we were in for a surprise .,['drink'],['General'],['negative'],['drink'],[False],1,False,False
semeval14_train_02983,semeval14,train,The entire place and the treatment we received felt as a conveyor belt .,['place'],['General'],['negative'],['place'],[False],1,False,False
semeval14_train_02984,semeval14,train,Joe 's Pizza used to have the best slice until this pizzeria opened up .,['slice'],['General'],['positive'],['slice'],[False],1,False,False
semeval14_train_02985,semeval14,train,And they provided a delicious dessert on the house !,['dessert'],['General'],['positive'],['dessert'],[False],1,False,False
semeval14_train_02986,semeval14,train,"They are still living in the dark ages and do not have an answering machine , so if you want to make a reservation you are limited .",['reservation'],['General'],['negative'],['reservation'],[False],1,False,False
semeval14_train_02987,semeval14,train,"The food is amazing , rich pastas and fresh doughy pizza .",['food'],['Food'],['positive'],['food'],[False],1,False,False
semeval14_train_02988,semeval14,train,"The food is amazing , rich pastas and fresh doughy pizza .",['pastas'],['General'],['positive'],['pastas'],[False],1,False,False
semeval14_train_02989,semeval14,train,"The food is amazing , rich pastas and fresh doughy pizza .",['pizza'],['General'],['positive'],['pizza'],[False],1,False,False
semeval14_train_02990,semeval14,train,"Food was very good , but not what I would consider out of this world .",['food'],['Food'],['positive'],['Food'],[False],1,False,False
semeval14_train_02991,semeval14,train,I had Lobster Bisque it has 2 oz . of Maine Lobster in it .,['lobster bisque'],['General'],['positive'],['Lobster Bisque'],[False],1,False,False
semeval14_train_02992,semeval14,train,I had Lobster Bisque it has 2 oz . of Maine Lobster in it .,['maine lobster'],['General'],['positive'],['Maine Lobster'],[False],1,False,False
semeval14_train_02993,semeval14,train,"Try the Pad Thai , it 's fabulous and their prices are so cheap !",['pad thai'],['General'],['positive'],['Pad Thai'],[False],1,False,False
semeval14_train_02994,semeval14,train,"Try the Pad Thai , it 's fabulous and their prices are so cheap !",['prices'],['General'],['positive'],['prices'],[False],1,False,False
semeval14_train_02995,semeval14,train,Food is great and inexpensive .,['food'],['Food'],['positive'],['Food'],[False],1,False,False
semeval14_train_02996,semeval14,train,The price very reasonable .,['price'],['Price'],['positive'],['price'],[False],1,False,False
semeval14_train_02997,semeval14,train,"Dessert - ca n't be missed , so save room !!!",['dessert'],['General'],['positive'],['Dessert'],[False],1,False,False
semeval14_train_02998,semeval14,train,"It can be a little confusing as to where one goes to order , but once the food is ordered , you are in for a treat .",['food'],['Food'],['positive'],['food'],[False],1,False,False
semeval14_train_02999,semeval14,train,Ingredients are organic which is a real plus for me .,['ingredients'],['General'],['positive'],['Ingredients'],[False],1,False,False
semeval14_train_03000,semeval14,train,It was so bad I actually refused to pay for my food .,['food'],['Food'],['negative'],['food'],[False],1,False,False
semeval14_train_03001,semeval14,train,I recommend this spot to anyone who enjoys fine cuisine at reasonable prices .,['cuisine'],['General'],['positive'],['cuisine'],[False],1,False,False
semeval14_train_03002,semeval14,train,I recommend this spot to anyone who enjoys fine cuisine at reasonable prices .,['prices'],['General'],['positive'],['prices'],[False],1,False,False
semeval14_train_03003,semeval14,train,"The staff was very attentive , the ambience lovely , and the food superb .",['staff'],['Service'],['positive'],['staff'],[False],1,False,False
semeval14_train_03004,semeval14,train,"The staff was very attentive , the ambience lovely , and the food superb .",['ambience'],['Ambience'],['positive'],['ambience'],[False],1,False,False
semeval14_train_03005,semeval14,train,"The staff was very attentive , the ambience lovely , and the food superb .",['food'],['Food'],['positive'],['food'],[False],1,False,False
semeval14_train_03006,semeval14,train,"I love when restaurants think using fancy expensive ingrediants makes the food fine cuisine , even with no idea how to use them .",['ingrediants'],['General'],['positive'],['ingrediants'],[False],1,False,False
semeval14_train_03007,semeval14,train,"I love when restaurants think using fancy expensive ingrediants makes the food fine cuisine , even with no idea how to use them .",['cuisine'],['General'],['positive'],['cuisine'],[False],1,False,False
semeval14_train_03008,semeval14,train,"I love when restaurants think using fancy expensive ingrediants makes the food fine cuisine , even with no idea how to use them .",['food'],['Food'],['positive'],['food'],[False],1,False,False
semeval14_train_03009,semeval14,train,THe Pizza and wine were excellent-the service too -- but what really MADE this place was the backyard dining area .,['pizza'],['General'],['positive'],['Pizza'],[False],1,False,False
semeval14_train_03010,semeval14,train,THe Pizza and wine were excellent-the service too -- but what really MADE this place was the backyard dining area .,['wine'],['General'],['positive'],['wine'],[False],1,False,False
semeval14_train_03011,semeval14,train,THe Pizza and wine were excellent-the service too -- but what really MADE this place was the backyard dining area .,['service'],['Service'],['positive'],['service'],[False],1,False,False
semeval14_train_03012,semeval14,train,THe Pizza and wine were excellent-the service too -- but what really MADE this place was the backyard dining area .,['backyard dining area'],['General'],['positive'],['backyard dining area'],[False],1,False,False
semeval14_train_03013,semeval14,train,"The waiters are sweet , the food is tasty and the bill is never too large .",['waiters'],['General'],['positive'],['waiters'],[False],1,False,False
semeval14_train_03014,semeval14,train,"The waiters are sweet , the food is tasty and the bill is never too large .",['food'],['Food'],['positive'],['food'],[False],1,False,False
semeval14_train_03015,semeval14,train,"The waiters are sweet , the food is tasty and the bill is never too large .",['bill'],['General'],['positive'],['bill'],[False],1,False,False
semeval14_train_03016,semeval14,train,"The service was superb , they treat you like family .",['service'],['Service'],['positive'],['service'],[False],1,False,False
semeval14_train_03017,semeval14,train,"We all had the tasting menu and unlike some of the other reviews , I felt there was more than enough food .",['menu'],['General'],['positive'],['menu'],[False],1,False,False
semeval14_train_03018,semeval14,train,"We all had the tasting menu and unlike some of the other reviews , I felt there was more than enough food .",['food'],['Food'],['positive'],['food'],[False],1,False,False
semeval14_train_03019,semeval14,train,"It only took about five or so minutes to get an empty table , but standing up was n't too bad .",['table'],['General'],['positive'],['table'],[False],1,False,False
semeval14_train_03020,semeval14,train,"The menu may be small , but everything on it is delicious .",['menu'],['General'],['negative'],['menu'],[False],1,False,False
semeval14_train_03021,semeval14,train,They had scrapped the bottom of the vessel in which they make the rice - RESULT - WE HAD LARGE CHUNKS OF BURNT RICE IN OUR SERVING BOWL .,['rice'],['General'],['negative'],['rice'],[False],1,False,False
semeval14_train_03022,semeval14,train,They had scrapped the bottom of the vessel in which they make the rice - RESULT - WE HAD LARGE CHUNKS OF BURNT RICE IN OUR SERVING BOWL .,['rice'],['General'],['negative'],['RICE'],[False],1,False,False
semeval14_train_03023,semeval14,train,"Warm , comfortable surroundings , nice appointments -LRB- witness the etched glass and brickwork separating the dining rooms -RRB- .",['surroundings'],['General'],['positive'],['surroundings'],[False],1,False,False
semeval14_train_03024,semeval14,train,"Warm , comfortable surroundings , nice appointments -LRB- witness the etched glass and brickwork separating the dining rooms -RRB- .",['dining rooms'],['General'],['neutral'],['dining rooms'],[False],1,False,False
semeval14_train_03025,semeval14,train,We ran a little late for the reservation but it was n't a problem to get our table immediately .,['reservation'],['General'],['neutral'],['reservation'],[False],1,False,False
semeval14_train_03026,semeval14,train,We ran a little late for the reservation but it was n't a problem to get our table immediately .,['table'],['General'],['positive'],['table'],[False],1,False,False
semeval14_train_03027,semeval14,train,We arrived on time for our reservation and seated promptly.The,['reservation'],['General'],['positive'],['reservation'],[False],1,False,False
semeval14_train_03028,semeval14,train,"I would definitely go back for a very special occasion , but not for regular fine dining .",['dining'],['General'],['neutral'],['dining'],[False],1,False,False
semeval14_train_03029,semeval14,train,"The well mannered , pleasant staff that Tony has in his employ .",['staff'],['Service'],['positive'],['staff'],[False],1,False,False
semeval14_train_03030,semeval14,train,The flavors robust and subtle .,['flavors'],['General'],['positive'],['flavors'],[False],1,False,False
semeval14_train_03031,semeval14,train,"All I can say is $ 2 pints during happy hour and the some of the cheapest oysters you 'll find in the city , though the quality is some of the best .",['oysters'],['General'],['positive'],['oysters'],[False],1,False,False
semeval14_train_03032,semeval14,train,"All I can say is $ 2 pints during happy hour and the some of the cheapest oysters you 'll find in the city , though the quality is some of the best .",['quality'],['General'],['positive'],['quality'],[False],1,False,False
semeval14_train_03033,semeval14,train,"I would never wait for a table to eat , it just is not THAT great .",['table'],['General'],['neutral'],['table'],[False],1,False,False
semeval14_train_03034,semeval14,train,"We concluded with tiramisu chocolate cake , both were delicious .",['tiramisu chocolate cake'],['General'],['positive'],['tiramisu chocolate cake'],[False],1,False,False
semeval14_train_03035,semeval14,train,The counter service is bad .,['counter service'],['General'],['negative'],['counter service'],[False],1,False,False
semeval14_train_03036,semeval14,train,"Service here was great , food was fantastic .",['service'],['Service'],['positive'],['Service'],[False],1,False,False
semeval14_train_03037,semeval14,train,"Service here was great , food was fantastic .",['food'],['Food'],['positive'],['food'],[False],1,False,False
semeval14_train_03038,semeval14,train,"This is such a lovely , peaceful place to eat outside .",['place'],['General'],['positive'],['place'],[False],1,False,False
semeval14_train_03039,semeval14,train,The sauce is delicious and the crust is perfect .,['sauce'],['General'],['positive'],['sauce'],[False],1,False,False
semeval14_train_03040,semeval14,train,The sauce is delicious and the crust is perfect .,['crust'],['General'],['positive'],['crust'],[False],1,False,False
semeval14_train_03041,semeval14,train,Since my first dinner I have had the chance to have brunch at Orsay 3x .,['dinner'],['General'],['neutral'],['dinner'],[False],1,False,False
semeval14_train_03042,semeval14,train,Since my first dinner I have had the chance to have brunch at Orsay 3x .,['brunch'],['General'],['neutral'],['brunch'],[False],1,False,False
semeval14_train_03043,semeval14,train,"You will pay a lot for the decore , but the food is no better or worse than a lot of other Chinese and Asian fusion places in NY .",['decore'],['General'],['negative'],['decore'],[False],1,False,False
semeval14_train_03044,semeval14,train,"You will pay a lot for the decore , but the food is no better or worse than a lot of other Chinese and Asian fusion places in NY .",['food'],['Food'],['neutral'],['food'],[False],1,False,False
semeval14_train_03045,semeval14,train,They have some great entrees here as well .,['entrees'],['General'],['positive'],['entrees'],[False],1,False,False
semeval14_train_03046,semeval14,train,The service is not consistently excellent -- just decent .,['service'],['Service'],['neutral'],['service'],[False],1,False,False
semeval14_train_03047,semeval14,train,"The food , served in small tasting portions -LRB- as an option -RRB- is very good with each dish being better than the next .",['food'],['Food'],['positive'],['food'],[False],1,False,False
semeval14_train_03048,semeval14,train,"The food , served in small tasting portions -LRB- as an option -RRB- is very good with each dish being better than the next .",['served'],['General'],['neutral'],['served'],[False],1,False,False
semeval14_train_03049,semeval14,train,"The food , served in small tasting portions -LRB- as an option -RRB- is very good with each dish being better than the next .",['portions'],['General'],['positive'],['portions'],[False],1,False,False
semeval14_train_03050,semeval14,train,"The food , served in small tasting portions -LRB- as an option -RRB- is very good with each dish being better than the next .",['dish'],['General'],['positive'],['dish'],[False],1,False,False
semeval14_train_03051,semeval14,train,"They do cater to American palates , but if you like it hot let them know and they are more than willing to oblige !",['cater'],['General'],['positive'],['cater'],[False],1,False,False
semeval14_train_03052,semeval14,train,I had the mango chicken and i ca n't go on to tell you how delicious that was and the presentation was beatiful .,['mango chicken'],['General'],['positive'],['mango chicken'],[False],1,False,False
semeval14_train_03053,semeval14,train,I had the mango chicken and i ca n't go on to tell you how delicious that was and the presentation was beatiful .,['presentation'],['General'],['positive'],['presentation'],[False],1,False,False
semeval14_train_03054,semeval14,train,I care more about the food and ambience .,['food'],['Food'],['neutral'],['food'],[False],1,False,False
semeval14_train_03055,semeval14,train,I care more about the food and ambience .,['ambience'],['Ambience'],['neutral'],['ambience'],[False],1,False,False
semeval14_train_03056,semeval14,train,"Oh , but wait , we were out of drinks -LRB- which were also delightfully overpriced -RRB- .",['drinks'],['Food'],['negative'],['drinks'],[False],1,False,False
semeval14_train_03057,semeval14,train,The service is fantastic .,['service'],['Service'],['positive'],['service'],[False],1,False,False
semeval14_train_03058,semeval14,train,The garlic mashed potatoes are hands down the best in the city !,['garlic mashed potatoes'],['General'],['positive'],['garlic mashed potatoes'],[False],1,False,False
semeval14_train_03059,semeval14,train,Food and service was okay .,['food'],['Food'],['neutral'],['Food'],[False],1,False,False
semeval14_train_03060,semeval14,train,Food and service was okay .,['service'],['Service'],['neutral'],['service'],[False],1,False,False
semeval14_train_03061,semeval14,train,The lamb meat was under-cooked and EXTRMELY CHEWY .,['lamb meat'],['General'],['negative'],['lamb meat'],[False],1,False,False
semeval14_train_03062,semeval14,train,The best pad thai i 've ever had .,['pad thai'],['General'],['positive'],['pad thai'],[False],1,False,False
semeval14_train_03063,semeval14,train,"Over time , the food quality has decreased substantially , it is a lot less crowded than it used to , and the service must definitely be part of the reason .",['food quality'],['General'],['negative'],['food quality'],[False],1,False,False
semeval14_train_03064,semeval14,train,"Over time , the food quality has decreased substantially , it is a lot less crowded than it used to , and the service must definitely be part of the reason .",['service'],['Service'],['negative'],['service'],[False],1,False,False
semeval14_train_03065,semeval14,train,Great pizza and fantastic service .,['pizza'],['General'],['positive'],['pizza'],[False],1,False,False
semeval14_train_03066,semeval14,train,Great pizza and fantastic service .,['service'],['Service'],['positive'],['service'],[False],1,False,False
semeval14_train_03067,semeval14,train,We were seated outside and the waiter spilled red wine and hot tea on myself and my date .,['waiter'],['General'],['negative'],['waiter'],[False],1,False,False
semeval14_train_03068,semeval14,train,We were seated outside and the waiter spilled red wine and hot tea on myself and my date .,['red wine'],['General'],['neutral'],['red wine'],[False],1,False,False
semeval14_train_03069,semeval14,train,We were seated outside and the waiter spilled red wine and hot tea on myself and my date .,['hot tea'],['General'],['neutral'],['hot tea'],[False],1,False,False
semeval14_train_03070,semeval14,train,We were seated outside and the waiter spilled red wine and hot tea on myself and my date .,['outside'],['General'],['neutral'],['outside'],[False],1,False,False
semeval14_train_03071,semeval14,train,i would just ask for no oil next time .,['oil'],['General'],['negative'],['oil'],[False],1,False,False
semeval14_train_03072,semeval14,train,"While this is a pretty place in that overly cute French way , the food was insultingly horrible .",['place'],['General'],['positive'],['place'],[False],1,False,False
semeval14_train_03073,semeval14,train,"While this is a pretty place in that overly cute French way , the food was insultingly horrible .",['food'],['Food'],['negative'],['food'],[False],1,False,False
semeval14_train_03074,semeval14,train,I went there for lunch and it was not as good as I expected from the reviews I read .,['lunch'],['General'],['neutral'],['lunch'],[False],1,False,False
semeval14_train_03075,semeval14,train,"The wine list is n't great , and the desserts are shipped in from Bruno 's down the street , which is not as good as it used to be .",['wine list'],['General'],['negative'],['wine list'],[False],1,False,False
semeval14_train_03076,semeval14,train,"The wine list is n't great , and the desserts are shipped in from Bruno 's down the street , which is not as good as it used to be .",['desserts'],['General'],['negative'],['desserts'],[False],1,False,False
semeval14_train_03077,semeval14,train,I ordered a Lassi and asked 4 times for it but never got it .,['lassi'],['General'],['neutral'],['Lassi'],[False],1,False,False
semeval14_train_03078,semeval14,train,Their coffee is quite good too !,['coffee'],['General'],['positive'],['coffee'],[False],1,False,False
semeval14_train_03079,semeval14,train,"great wine list -LRB- italian -RRB- , good food , service was INITIALLY fine .",['wine list'],['General'],['positive'],['wine list'],[False],1,False,False
semeval14_train_03080,semeval14,train,"great wine list -LRB- italian -RRB- , good food , service was INITIALLY fine .",['food'],['Food'],['positive'],['food'],[False],1,False,False
semeval14_train_03081,semeval14,train,"Despite the fact that the space is large , they 've overcrowded the floor with tables .",['space'],['General'],['positive'],['space'],[False],1,False,False
semeval14_train_03082,semeval14,train,"Despite the fact that the space is large , they 've overcrowded the floor with tables .",['tables'],['General'],['negative'],['tables'],[False],1,False,False
semeval14_train_03083,semeval14,train,"They are not helpful in the least and will give you the grand run around so by the time the event date rolls around you will not only regret chosing this place , but also become hostile !",['place'],['General'],['negative'],['place'],[False],1,False,False
semeval14_train_03084,semeval14,train,I had to ask her three times before she finally came back with the dish Ive requested .,['dish'],['General'],['neutral'],['dish'],[False],1,False,False
semeval14_train_03085,semeval14,train,"Normally that would be improper , however they were all delicious and my host did not complain .",['host'],['General'],['neutral'],['host'],[False],1,False,False
semeval14_train_03086,semeval14,train,Taxan delicious !,['taxan'],['General'],['positive'],['Taxan'],[False],1,False,False
semeval14_train_03087,semeval14,train,"Unlike other places in NYC where the sandwiches you want only come as a triple-decker , here you can get what you want in a reasonably-sized portion -LRB- and price -RRB- .",['sandwiches'],['General'],['negative'],['sandwiches'],[False],1,False,False
semeval14_train_03088,semeval14,train,"Unlike other places in NYC where the sandwiches you want only come as a triple-decker , here you can get what you want in a reasonably-sized portion -LRB- and price -RRB- .",['price'],['Price'],['positive'],['price'],[False],1,False,False
semeval14_train_03089,semeval14,train,"Unlike other places in NYC where the sandwiches you want only come as a triple-decker , here you can get what you want in a reasonably-sized portion -LRB- and price -RRB- .",['portion'],['General'],['positive'],['portion'],[False],1,False,False
semeval14_train_03090,semeval14,train,"Southern Indian cuisine is still there , too .",['southern indian cuisine'],['General'],['neutral'],['Southern Indian cuisine'],[False],1,False,False
semeval14_train_03091,semeval14,train,"Restaurant snobs need not bother , this is a small , neighborhood kind of place .",['place'],['General'],['positive'],['place'],[False],1,False,False
semeval14_train_03092,semeval14,train,They could n't even make a salad that was appealing .,['salad'],['General'],['negative'],['salad'],[False],1,False,False
semeval14_train_03093,semeval14,train,For two people with tip was less than $ 25 bucks .,['tip'],['General'],['neutral'],['tip'],[False],1,False,False
semeval14_train_03094,semeval14,train,Killer Sushi !,['sushi'],['General'],['positive'],['Sushi'],[False],1,False,False
semeval14_train_03095,semeval14,train,Of course the reason its so packed is because the food is so delicious !,['food'],['Food'],['positive'],['food'],[False],1,False,False
semeval14_train_03096,semeval14,train,"Staffs are not that friendly , but the taste covers all .",['staffs'],['General'],['negative'],['Staffs'],[False],1,False,False
semeval14_train_03097,semeval14,train,"Staffs are not that friendly , but the taste covers all .",['taste'],['General'],['positive'],['taste'],[False],1,False,False
semeval14_train_03098,semeval14,train,The jukebox plays everything from Italian Opera to The Strokes .,['jukebox'],['General'],['positive'],['jukebox'],[False],1,False,False
semeval14_train_03099,semeval14,train,Plus they made a perfect martini .,['martini'],['General'],['positive'],['martini'],[False],1,False,False
semeval14_train_03100,semeval14,train,I am not sure if I would call the food here Indian as it is a fusion of what seems to be French with an Indian or exotic touch .,['food'],['Food'],['neutral'],['food'],[False],1,False,False
semeval14_train_03101,semeval14,train,"I 've eaten thai many times , and am very familiar with the cuisine .",['cuisine'],['General'],['neutral'],['cuisine'],[False],1,False,False
semeval14_train_03102,semeval14,train,The waiter was attentive .,['waiter'],['General'],['positive'],['waiter'],[False],1,False,False
semeval14_train_03103,semeval14,train,Their Margarita is best I 've had since I 've returned from Naples !,['margarita'],['General'],['positive'],['Margarita'],[False],1,False,False
semeval14_train_03104,semeval14,train,The tastes makes your mouth water for more .,['tastes'],['General'],['positive'],['tastes'],[False],1,False,False
semeval14_train_03105,semeval14,train,"Their sake list was extensive , but we were looking for Purple Haze , which was n't listed but made for us upon request !",['sake list'],['General'],['positive'],['sake list'],[False],1,False,False
semeval14_train_03106,semeval14,train,"The tables are crammed way too close , the menu is typical of any Italian restaurant , and the wine list is simply overpriced .",['tables'],['General'],['negative'],['tables'],[False],1,False,False
semeval14_train_03107,semeval14,train,"The tables are crammed way too close , the menu is typical of any Italian restaurant , and the wine list is simply overpriced .",['menu'],['General'],['neutral'],['menu'],[False],1,False,False
semeval14_train_03108,semeval14,train,"The tables are crammed way too close , the menu is typical of any Italian restaurant , and the wine list is simply overpriced .",['wine list'],['General'],['negative'],['wine list'],[False],1,False,False
semeval14_train_03109,semeval14,train,The food was actually aweful .,['food'],['Food'],['negative'],['food'],[False],1,False,False
semeval14_train_03110,semeval14,train,They are served with a free appetizer and the portions are perfect for lunch .,['appetizer'],['General'],['positive'],['appetizer'],[False],1,False,False
semeval14_train_03111,semeval14,train,They are served with a free appetizer and the portions are perfect for lunch .,['portions'],['General'],['positive'],['portions'],[False],1,False,False
semeval14_train_03112,semeval14,train,They are served with a free appetizer and the portions are perfect for lunch .,['served'],['General'],['neutral'],['served'],[False],1,False,False
semeval14_train_03113,semeval14,train,They are served with a free appetizer and the portions are perfect for lunch .,['lunch'],['General'],['neutral'],['lunch'],[False],1,False,False
semeval14_train_03114,semeval14,train,There is actually space to breathe and the decor sets the tone for an intimate dinner .,['space'],['General'],['positive'],['space'],[False],1,False,False
semeval14_train_03115,semeval14,train,There is actually space to breathe and the decor sets the tone for an intimate dinner .,['decor'],['General'],['positive'],['decor'],[False],1,False,False
semeval14_train_03116,semeval14,train,There is actually space to breathe and the decor sets the tone for an intimate dinner .,['dinner'],['General'],['neutral'],['dinner'],[False],1,False,False
semeval14_train_03117,semeval14,train,We went around 9:30 on a Friday and it had died down a bit by then so the service was great !,['service'],['Service'],['positive'],['service'],[False],1,False,False
semeval14_train_03118,semeval14,train,"My husband and I both ordered the Steak , medium .",['steak'],['General'],['neutral'],['Steak'],[False],1,False,False
semeval14_train_03119,semeval14,train,"Furthermore , the rice had no seasoning , so the sushi was bland and disgusting .",['rice'],['General'],['negative'],['rice'],[False],1,False,False
semeval14_train_03120,semeval14,train,"Furthermore , the rice had no seasoning , so the sushi was bland and disgusting .",['sushi'],['General'],['negative'],['sushi'],[False],1,False,False
semeval14_train_03121,semeval14,train,"Furthermore , the rice had no seasoning , so the sushi was bland and disgusting .",['seasoning'],['General'],['negative'],['seasoning'],[False],1,False,False
semeval14_train_03122,semeval14,train,This place has realy fresh sushi and a nice large menu of Japanese classic cuisine .,['sushi'],['General'],['positive'],['sushi'],[False],1,False,False
semeval14_train_03123,semeval14,train,This place has realy fresh sushi and a nice large menu of Japanese classic cuisine .,['menu'],['General'],['positive'],['menu'],[False],1,False,False
semeval14_train_03124,semeval14,train,This place has realy fresh sushi and a nice large menu of Japanese classic cuisine .,['japanese classic cuisine'],['General'],['positive'],['Japanese classic cuisine'],[False],1,False,False
semeval14_train_03125,semeval14,train,The sushi is average and the prices are anything but .,['sushi'],['General'],['neutral'],['sushi'],[False],1,False,False
semeval14_train_03126,semeval14,train,The sushi is average and the prices are anything but .,['prices'],['General'],['neutral'],['prices'],[False],1,False,False
semeval14_train_03127,semeval14,train,"My wife and I also enjoyed the spinach , the Shanghai low mein , and other attractions .",['spinach'],['General'],['positive'],['spinach'],[False],1,False,False
semeval14_train_03128,semeval14,train,"My wife and I also enjoyed the spinach , the Shanghai low mein , and other attractions .",['shanghai low mein'],['General'],['positive'],['Shanghai low mein'],[False],1,False,False
semeval14_train_03129,semeval14,train,Owner must have coem on this website to give himself credit .,['owner'],['General'],['neutral'],['Owner'],[False],1,False,False
semeval14_train_03130,semeval14,train,Turned out there was full service upstairs and sat down .,['service'],['Service'],['positive'],['service'],[False],1,False,False
semeval14_train_03131,semeval14,train,Several of the dim sum orders had about 6-8 pieces .,['dim sum orders'],['General'],['neutral'],['dim sum orders'],[False],1,False,False
semeval14_train_03132,semeval14,train,If you have a dumpling fetish i suggest you try some here !,['dumpling'],['General'],['positive'],['dumpling'],[False],1,False,False
semeval14_train_03133,semeval14,train,"Three page wine menu , one page entree and horedevous .",['wine menu'],['General'],['positive'],['wine menu'],[False],1,False,False
semeval14_train_03134,semeval14,train,"Three page wine menu , one page entree and horedevous .",['entree'],['General'],['positive'],['entree'],[False],1,False,False
semeval14_train_03135,semeval14,train,"Three page wine menu , one page entree and horedevous .",['horedevous'],['General'],['positive'],['horedevous'],[False],1,False,False
semeval14_train_03136,semeval14,train,"The food is consistently wonderful - I 've been coming here for years , and the owner has always been accomodating and friendly .",['food'],['Food'],['positive'],['food'],[False],1,False,False
semeval14_train_03137,semeval14,train,"The food is consistently wonderful - I 've been coming here for years , and the owner has always been accomodating and friendly .",['owner'],['General'],['positive'],['owner'],[False],1,False,False
semeval14_train_03138,semeval14,train,The waiters and owners were nonchalant about this and promised to call the exterminator but were n't as dismayed or apologetic as I would have expected .,['waiters'],['General'],['negative'],['waiters'],[False],1,False,False
semeval14_train_03139,semeval14,train,The waiters and owners were nonchalant about this and promised to call the exterminator but were n't as dismayed or apologetic as I would have expected .,['owners'],['General'],['negative'],['owners'],[False],1,False,False
semeval14_train_03140,semeval14,train,And the food was fantastic .,['food'],['Food'],['positive'],['food'],[False],1,False,False
semeval14_train_03141,semeval14,train,"If you 're looking for a place to sit down , have a drink and conversations with friends , go to sweet-n-tart and order yourself a hong-kong styled milk and tea with tapioca pearls -LRB- hot -RRB- .",['drink'],['General'],['neutral'],['drink'],[False],1,False,False
semeval14_train_03142,semeval14,train,"If you 're looking for a place to sit down , have a drink and conversations with friends , go to sweet-n-tart and order yourself a hong-kong styled milk and tea with tapioca pearls -LRB- hot -RRB- .",['hong-kong styled milk'],['General'],['positive'],['hong-kong styled milk'],[False],1,False,False
semeval14_train_03143,semeval14,train,"If you 're looking for a place to sit down , have a drink and conversations with friends , go to sweet-n-tart and order yourself a hong-kong styled milk and tea with tapioca pearls (hot) .",['tea with tapioca pearls (hot)'],['General'],['positive'],['tea with tapioca pearls (hot)'],[False],1,False,False
semeval14_train_03144,semeval14,train,"Aside from the Sea Urchin , the chef recommended an assortment of fish including Fatty Yellow Tail , Boton Shrimp , Blue Fin Torro -LRB- Fatty Tuna -RRB- , Sea Eel , etc. .",['chef'],['General'],['neutral'],['chef'],[False],1,False,False
semeval14_train_03145,semeval14,train,"Aside from the Sea Urchin , the chef recommended an assortment of fish including Fatty Yellow Tail , Boton Shrimp , Blue Fin Torro -LRB- Fatty Tuna -RRB- , Sea Eel , etc. .",['assortment of fish'],['General'],['neutral'],['assortment of fish'],[False],1,False,False
semeval14_train_03146,semeval14,train,"Aside from the Sea Urchin , the chef recommended an assortment of fish including Fatty Yellow Tail , Boton Shrimp , Blue Fin Torro -LRB- Fatty Tuna -RRB- , Sea Eel , etc. .",['fatty yellow tail'],['General'],['neutral'],['Fatty Yellow Tail'],[False],1,False,False
semeval14_train_03147,semeval14,train,"Aside from the Sea Urchin , the chef recommended an assortment of fish including Fatty Yellow Tail , Boton Shrimp , Blue Fin Torro -LRB- Fatty Tuna -RRB- , Sea Eel , etc. .",['boton shrimp'],['General'],['neutral'],['Boton Shrimp'],[False],1,False,False
semeval14_train_03148,semeval14,train,"Aside from the Sea Urchin , the chef recommended an assortment of fish including Fatty Yellow Tail , Boton Shrimp , Blue Fin Torro -LRB- Fatty Tuna -RRB- , Sea Eel , etc. .",['sea eel'],['General'],['neutral'],['Sea Eel'],[False],1,False,False
semeval14_train_03149,semeval14,train,"Aside from the Sea Urchin , the chef recommended an assortment of fish including Fatty Yellow Tail , Boton Shrimp , Blue Fin Torro -LRB- Fatty Tuna -RRB- , Sea Eel , etc. .",['sea urchin'],['General'],['neutral'],['Sea Urchin'],[False],1,False,False
semeval14_train_03150,semeval14,train,"Aside from the Sea Urchin , the chef recommended an assortment of fish including Fatty Yellow Tail , Boton Shrimp , Blue Fin Torro (Fatty Tuna) , Sea Eel , etc. .",['blue fin torro (fatty tuna)'],['General'],['neutral'],['Blue Fin Torro (Fatty Tuna)'],[False],1,False,False
semeval14_train_03151,semeval14,train,"They 're also friendlier here , especially the owner , Kenny .",['owner'],['General'],['positive'],['owner'],[False],1,False,False
semeval14_train_03152,semeval14,train,"While the room is not particularly comfortable , once you 're seated you 'll forget about everything except what 's on your plate .",['room'],['General'],['negative'],['room'],[False],1,False,False
semeval14_train_03153,semeval14,train,"While the room is not particularly comfortable , once you 're seated you 'll forget about everything except what 's on your plate .",['plate'],['General'],['positive'],['plate'],[False],1,False,False
semeval14_train_03154,semeval14,train,I 've lived in NYC all my life and had never before seen so many waterbugs in one place -LRB- except in a really bad dream -RRB- .,['waterbugs'],['General'],['negative'],['waterbugs'],[False],1,False,False
semeval14_train_03155,semeval14,train,Winnie and her staff are the best crew you can find serving you .,['crew'],['General'],['positive'],['crew'],[False],1,False,False
semeval14_train_03156,semeval14,train,Winnie and her staff are the best crew you can find serving you .,['staff'],['Service'],['positive'],['staff'],[False],1,False,False
semeval14_train_03157,semeval14,train,Winnie and her staff are the best crew you can find serving you .,['serving'],['General'],['positive'],['serving'],[False],1,False,False
semeval14_train_03158,semeval14,train,"The ambiance is minimal the food is not phenomenal , but some dishes are quite good , such as the eggplant parmesan , veal in carozza chicken saltimbocca .",['ambiance'],['General'],['positive'],['ambiance'],[False],1,False,False
semeval14_train_03159,semeval14,train,"The ambiance is minimal the food is not phenomenal , but some dishes are quite good , such as the eggplant parmesan , veal in carozza chicken saltimbocca .",['food'],['Food'],['negative'],['food'],[False],1,False,False
semeval14_train_03160,semeval14,train,"The ambiance is minimal the food is not phenomenal , but some dishes are quite good , such as the eggplant parmesan , veal in carozza chicken saltimbocca .",['dishes'],['General'],['positive'],['dishes'],[False],1,False,False
semeval14_train_03161,semeval14,train,"The ambiance is minimal the food is not phenomenal , but some dishes are quite good , such as the eggplant parmesan , veal in carozza chicken saltimbocca .",['eggplant parmesan'],['General'],['positive'],['eggplant parmesan'],[False],1,False,False
semeval14_train_03162,semeval14,train,"The ambiance is minimal the food is not phenomenal , but some dishes are quite good , such as the eggplant parmesan , veal in carozza chicken saltimbocca .",['veal in carozza chicken saltimbocca'],['General'],['positive'],['veal in carozza chicken saltimbocca'],[False],1,False,False
semeval14_train_03163,semeval14,train,"My host asked for appetizers for the group and the waiter gave us not only what we ordered , but some other items that were not ordered .",['host'],['General'],['neutral'],['host'],[False],1,False,False
semeval14_train_03164,semeval14,train,"My host asked for appetizers for the group and the waiter gave us not only what we ordered , but some other items that were not ordered .",['appetizers'],['General'],['neutral'],['appetizers'],[False],1,False,False
semeval14_train_03165,semeval14,train,"My host asked for appetizers for the group and the waiter gave us not only what we ordered , but some other items that were not ordered .",['waiter'],['General'],['neutral'],['waiter'],[False],1,False,False
semeval14_train_03166,semeval14,train,You can even get packages of the chutneys to stock your fridge !,['chutneys'],['General'],['positive'],['chutneys'],[False],1,False,False
semeval14_train_03167,semeval14,train,The bar has various selections and the mixed drink special is a catcher ! 2 for 1 's .,['bar'],['General'],['positive'],['bar'],[False],1,False,False
semeval14_train_03168,semeval14,train,The bar has various selections and the mixed drink special is a catcher ! 2 for 1 's .,['mixed drink special'],['General'],['positive'],['mixed drink special'],[False],1,False,False
semeval14_train_03169,semeval14,train,"If it is n't for the food -LRB- A + + + -RRB- , it must be the service or the ambience .",['food'],['Food'],['positive'],['food'],[False],1,False,False
semeval14_train_03170,semeval14,train,"If it is n't for the food -LRB- A + + + -RRB- , it must be the service or the ambience .",['service'],['Service'],['positive'],['service'],[False],1,False,False
semeval14_train_03171,semeval14,train,"If it is n't for the food -LRB- A + + + -RRB- , it must be the service or the ambience .",['ambience'],['Ambience'],['positive'],['ambience'],[False],1,False,False
semeval14_train_03172,semeval14,train,"During the course of the past 3 months , the chef and staff changed and it was not for the better .",['chef'],['General'],['negative'],['chef'],[False],1,False,False
semeval14_train_03173,semeval14,train,"During the course of the past 3 months , the chef and staff changed and it was not for the better .",['staff'],['Service'],['negative'],['staff'],[False],1,False,False
semeval14_train_03174,semeval14,train,"I like the ambience , it 's very dark and original .",['ambience'],['Ambience'],['positive'],['ambience'],[False],1,False,False
semeval14_train_03175,semeval14,train,"Overall , not worth the money .",['money'],['General'],['negative'],['money'],[False],1,False,False
semeval14_train_03176,semeval14,train,This place is not worth the prices .,['prices'],['General'],['negative'],['prices'],[False],1,False,False
semeval14_train_03177,semeval14,train,We left after one drink .,['drink'],['General'],['neutral'],['drink'],[False],1,False,False
semeval14_train_03178,semeval14,train,Pick a bagel has the best bagels in the city .,['bagels'],['General'],['positive'],['bagels'],[False],1,False,False
semeval14_train_03179,semeval14,train,Yes you have to wait to be seated and because its small there is no waiting area and the seat at the bar was all taken .,['waiting area'],['General'],['negative'],['waiting area'],[False],1,False,False
semeval14_train_03180,semeval14,train,Yes you have to wait to be seated and because its small there is no waiting area and the seat at the bar was all taken .,['seat'],['General'],['negative'],['seat'],[False],1,False,False
semeval14_train_03181,semeval14,train,Yes you have to wait to be seated and because its small there is no waiting area and the seat at the bar was all taken .,['bar'],['General'],['neutral'],['bar'],[False],1,False,False
semeval14_train_03182,semeval14,train,Yes you have to wait to be seated and because its small there is no waiting area and the seat at the bar was all taken .,['wait'],['General'],['negative'],['wait'],[False],1,False,False
semeval14_train_03183,semeval14,train,"The last two times I ordered from here my food was soo spicy that I could barely eat it , and the spice took away from the flavor of the dish .",['food'],['Food'],['negative'],['food'],[False],1,False,False
semeval14_train_03184,semeval14,train,"The last two times I ordered from here my food was soo spicy that I could barely eat it , and the spice took away from the flavor of the dish .",['flavor'],['General'],['negative'],['flavor'],[False],1,False,False
semeval14_train_03185,semeval14,train,"The last two times I ordered from here my food was soo spicy that I could barely eat it , and the spice took away from the flavor of the dish .",['dish'],['General'],['negative'],['dish'],[False],1,False,False
semeval14_train_03186,semeval14,train,"The last two times I ordered from here my food was soo spicy that I could barely eat it , and the spice took away from the flavor of the dish .",['spice'],['General'],['negative'],['spice'],[False],1,False,False
semeval14_train_03187,semeval14,train,The fried dumplings are GREAT !,['fried dumplings'],['General'],['positive'],['fried dumplings'],[False],1,False,False
semeval14_train_03188,semeval14,train,This place has the best Chinese style BBQ ribs in the city .,['bbq ribs'],['General'],['positive'],['BBQ ribs'],[False],1,False,False
semeval14_train_03189,semeval14,train,Ive been here so many times the waiters know my name .,['waiters'],['General'],['neutral'],['waiters'],[False],1,False,False
semeval14_train_03190,semeval14,train,"We figured we never had Argentinian Pizza before so we grabbed our lunch there , sharing a large Pelligrino , a pizza of two of their specials , one was goat cheese the other blue cheese , and both were excellent .",['argentinian pizza'],['General'],['neutral'],['Argentinian Pizza'],[False],1,False,False
semeval14_train_03191,semeval14,train,"We figured we never had Argentinian Pizza before so we grabbed our lunch there , sharing a large Pelligrino , a pizza of two of their specials , one was goat cheese the other blue cheese , and both were excellent .",['lunch'],['General'],['neutral'],['lunch'],[False],1,False,False
semeval14_train_03192,semeval14,train,"We figured we never had Argentinian Pizza before so we grabbed our lunch there , sharing a large Pelligrino , a pizza of two of their specials , one was goat cheese the other blue cheese , and both were excellent .",['pelligrino'],['General'],['positive'],['Pelligrino'],[False],1,False,False
semeval14_train_03193,semeval14,train,"We figured we never had Argentinian Pizza before so we grabbed our lunch there , sharing a large Pelligrino , a pizza of two of their specials , one was goat cheese the other blue cheese , and both were excellent .",['pizza'],['General'],['positive'],['pizza'],[False],1,False,False
semeval14_train_03194,semeval14,train,"We figured we never had Argentinian Pizza before so we grabbed our lunch there , sharing a large Pelligrino , a pizza of two of their specials , one was goat cheese the other blue cheese , and both were excellent .",['goat cheese'],['General'],['positive'],['goat cheese'],[False],1,False,False
semeval14_train_03195,semeval14,train,"We figured we never had Argentinian Pizza before so we grabbed our lunch there , sharing a large Pelligrino , a pizza of two of their specials , one was goat cheese the other blue cheese , and both were excellent .",['blue cheese'],['General'],['positive'],['blue cheese'],[False],1,False,False
semeval14_train_03196,semeval14,train,The ' kamasutra ' and ` bombay cosmopolitan ' are excellent and will have you tipsy in no time .,['kamasutra'],['General'],['positive'],['kamasutra'],[False],1,False,False
semeval14_train_03197,semeval14,train,The ` kamasutra ' and ' bombay cosmopolitan ' are excellent and will have you tipsy in no time .,['bombay cosmopolitan'],['General'],['positive'],['bombay cosmopolitan'],[False],1,False,False
semeval14_train_03198,semeval14,train,This is the perfect date spot for Williamsburg couples .,['date spot'],['General'],['positive'],['date spot'],[False],1,False,False
semeval14_train_03199,semeval14,train,The dim sum here is only so-so .,['dim sum'],['General'],['neutral'],['dim sum'],[False],1,False,False
semeval14_train_03200,semeval14,train,"$ 6 and there is much tasty food , all of it fresh and continually refilled .",['food'],['Food'],['positive'],['food'],[False],1,False,False
semeval14_train_03201,semeval14,train,"Just straight up cheap , good food .",['food'],['Food'],['positive'],['food'],[False],1,False,False
semeval14_train_03202,semeval14,train,Seating is ok even though sometimes there 's alot of people .,['seating'],['General'],['neutral'],['Seating'],[False],1,False,False
semeval14_train_03203,semeval14,train,"Even with a relatively inexpensive botle of wine , if you can call $ 70.00 inexpensive , the cost is through the roof for better than average fare .",['cost'],['General'],['negative'],['cost'],[False],1,False,False
semeval14_train_03204,semeval14,train,"Service was slow , but the people were friendly .",['service'],['Service'],['negative'],['Service'],[False],1,False,False
semeval14_train_03205,semeval14,train,"Service was slow , but the people were friendly .",['people'],['General'],['positive'],['people'],[False],1,False,False
semeval14_train_03206,semeval14,train,The steak was very fatty and the sauce was overpowering and not very tasty .,['steak'],['General'],['negative'],['steak'],[False],1,False,False
semeval14_train_03207,semeval14,train,The steak was very fatty and the sauce was overpowering and not very tasty .,['sauce'],['General'],['negative'],['sauce'],[False],1,False,False
semeval14_train_03208,semeval14,train,"The staff makes you feel at home , the food is great and the atmosphere is WONDERFUL !",['staff'],['Service'],['positive'],['staff'],[False],1,False,False
semeval14_train_03209,semeval14,train,"The staff makes you feel at home , the food is great and the atmosphere is WONDERFUL !",['food'],['Food'],['positive'],['food'],[False],1,False,False
semeval14_train_03210,semeval14,train,"The staff makes you feel at home , the food is great and the atmosphere is WONDERFUL !",['atmosphere'],['General'],['positive'],['atmosphere'],[False],1,False,False
semeval14_train_03211,semeval14,train,The food is alright - some stuff is good - some is not -LRB- like the steak dish which tends to be dry -RRB- .,['steak dish'],['General'],['negative'],['steak dish'],[False],1,False,False
semeval14_train_03212,semeval14,train,They have a very diverse menu so its something for everybody .,['menu'],['General'],['positive'],['menu'],[False],1,False,False
semeval14_train_03213,semeval14,train,The staff was too busy ordering sushi for dinner and then laying it out to eat on the bar to even bring me my check .,['staff'],['Service'],['negative'],['staff'],[False],1,False,False
semeval14_train_03214,semeval14,train,The staff was too busy ordering sushi for dinner and then laying it out to eat on the bar to even bring me my check .,['sushi'],['General'],['neutral'],['sushi'],[False],1,False,False
semeval14_train_03215,semeval14,train,The staff was too busy ordering sushi for dinner and then laying it out to eat on the bar to even bring me my check .,['check'],['General'],['neutral'],['check'],[False],1,False,False
semeval14_train_03216,semeval14,train,The staff was too busy ordering sushi for dinner and then laying it out to eat on the bar to even bring me my check .,['dinner'],['General'],['neutral'],['dinner'],[False],1,False,False
semeval14_train_03217,semeval14,train,The staff was too busy ordering sushi for dinner and then laying it out to eat on the bar to even bring me my check .,['bar'],['General'],['neutral'],['bar'],[False],1,False,False
semeval14_train_03218,semeval14,train,"As a long-time patron of Mamoun 's , I always figured that I had found the best late night food spot in the city .",['food spot'],['General'],['positive'],['food spot'],[False],1,False,False
semeval14_train_03219,semeval14,train,The bagel was huge .,['bagel'],['General'],['neutral'],['bagel'],[False],1,False,False
semeval14_train_03220,semeval14,train,Get the tuna of gari .,['tuna'],['General'],['positive'],['tuna'],[False],1,False,False
semeval14_train_03221,semeval14,train,"I like the somosas , chai , and the chole , but the dhosas and dhal were kinda dissapointing .",['somosas'],['General'],['positive'],['somosas'],[False],1,False,False
semeval14_train_03222,semeval14,train,"I like the somosas , chai , and the chole , but the dhosas and dhal were kinda dissapointing .",['chai'],['General'],['positive'],['chai'],[False],1,False,False
semeval14_train_03223,semeval14,train,"I like the somosas , chai , and the chole , but the dhosas and dhal were kinda dissapointing .",['chole'],['General'],['positive'],['chole'],[False],1,False,False
semeval14_train_03224,semeval14,train,"I like the somosas , chai , and the chole , but the dhosas and dhal were kinda dissapointing .",['dhosas'],['General'],['negative'],['dhosas'],[False],1,False,False
semeval14_train_03225,semeval14,train,"I like the somosas , chai , and the chole , but the dhosas and dhal were kinda dissapointing .",['dhal'],['General'],['negative'],['dhal'],[False],1,False,False
semeval14_train_03226,semeval14,train,Edible but really a ripoff at those prices given whats in the area .,['prices'],['General'],['negative'],['prices'],[False],1,False,False
semeval14_train_03227,semeval14,train,"The staff has been nice , but they seemed really stressed and the unisex bathroom needs to be cleaned more often .",['bathroom'],['General'],['negative'],['bathroom'],[False],1,False,False
semeval14_train_03228,semeval14,train,The service was the only thing good about this restaurant .,['service'],['Service'],['positive'],['service'],[False],1,False,False
semeval14_train_03229,semeval14,train,Service - friendly and attentive .,['service'],['Service'],['positive'],['Service'],[False],1,False,False
semeval14_train_03230,semeval14,train,"Great food , great decor , great service .",['food'],['Food'],['positive'],['food'],[False],1,False,False
semeval14_train_03231,semeval14,train,"Great food , great decor , great service .",['decor'],['General'],['positive'],['decor'],[False],1,False,False
semeval14_train_03232,semeval14,train,"Great food , great decor , great service .",['service'],['Service'],['positive'],['service'],[False],1,False,False
semeval14_train_03233,semeval14,train,"And , atlhough tables opened up next to us and we ASKED for a slightly larger space , they left us awkardly seated .",['tables'],['General'],['neutral'],['tables'],[False],1,False,False
semeval14_train_03234,semeval14,train,"And , atlhough tables opened up next to us and we ASKED for a slightly larger space , they left us awkardly seated .",['space'],['General'],['neutral'],['space'],[False],1,False,False
semeval14_train_03235,semeval14,train,"The palak paneer was standard , and I was not a fan of the malai kofta .",['palak paneer'],['General'],['neutral'],['palak paneer'],[False],1,False,False
semeval14_train_03236,semeval14,train,"The palak paneer was standard , and I was not a fan of the malai kofta .",['malai kofta'],['General'],['neutral'],['malai kofta'],[False],1,False,False
semeval14_train_03237,semeval14,train,I 've dined at Alain Ducasse 's restaurant in Monte Carlo for half the price for the same excellent dining experience .,['dining'],['General'],['positive'],['dining'],[False],1,False,False
semeval14_train_03238,semeval14,train,I 've dined at Alain Ducasse 's restaurant in Monte Carlo for half the price for the same excellent dining experience .,['price'],['Price'],['positive'],['price'],[False],1,False,False
semeval14_train_03239,semeval14,train,"Yeah , sometimes the service can be slow .",['service'],['Service'],['negative'],['service'],[False],1,False,False
semeval14_train_03240,semeval14,train,There was no ambiance .,['ambiance'],['General'],['negative'],['ambiance'],[False],1,False,False
semeval14_train_03241,semeval14,train,"Save your money and do n't waste your calories , go to Margharita 's on Washington Street instead , they have amazing food and the BEST service .",['food'],['Food'],['positive'],['food'],[False],1,False,False
semeval14_train_03242,semeval14,train,"Save your money and do n't waste your calories , go to Margharita 's on Washington Street instead , they have amazing food and the BEST service .",['service'],['Service'],['positive'],['service'],[False],1,False,False
semeval14_train_03243,semeval14,train,The service was attentive without being overbearing and each dish we tried was wonderful from the spring rolls to the cod with pineapple tempura .,['service'],['Service'],['positive'],['service'],[False],1,False,False
semeval14_train_03244,semeval14,train,The service was attentive without being overbearing and each dish we tried was wonderful from the spring rolls to the cod with pineapple tempura .,['dish'],['General'],['positive'],['dish'],[False],1,False,False
semeval14_train_03245,semeval14,train,The service was attentive without being overbearing and each dish we tried was wonderful from the spring rolls to the cod with pineapple tempura .,['spring rolls'],['General'],['positive'],['spring rolls'],[False],1,False,False
semeval14_train_03246,semeval14,train,The service was attentive without being overbearing and each dish we tried was wonderful from the spring rolls to the cod with pineapple tempura .,['cod with pineapple tempura'],['General'],['positive'],['cod with pineapple tempura'],[False],1,False,False
semeval14_train_03247,semeval14,train,"The only weird thing was if we got a bottle , the waitress would have simply multiplied the glass price X4 , which makes no sense whatsoever .",['bottle'],['General'],['neutral'],['bottle'],[False],1,False,False
semeval14_train_03248,semeval14,train,"The only weird thing was if we got a bottle , the waitress would have simply multiplied the glass price X4 , which makes no sense whatsoever .",['waitress'],['General'],['negative'],['waitress'],[False],1,False,False
semeval14_train_03249,semeval14,train,"The only weird thing was if we got a bottle , the waitress would have simply multiplied the glass price X4 , which makes no sense whatsoever .",['price'],['Price'],['negative'],['price'],[False],1,False,False
semeval14_train_03250,semeval14,train,"They sell special sushi , everything have a topping , sauce and etc. .",['sushi'],['General'],['positive'],['sushi'],[False],1,False,False
semeval14_train_03251,semeval14,train,"They sell special sushi , everything have a topping , sauce and etc. .",['sauce'],['General'],['positive'],['sauce'],[False],1,False,False
semeval14_train_03252,semeval14,train,"They sell special sushi , everything have a topping , sauce and etc. .",['topping'],['General'],['positive'],['topping'],[False],1,False,False
semeval14_train_03253,semeval14,train,DO not try unless you 're just going there to hang out like the rest of the hipsters who apparently have no sense of taste .,['taste'],['General'],['negative'],['taste'],[False],1,False,False
semeval14_train_03254,semeval14,train,"The place is small and intimate and you may feel a little crowded , but the service is excellent and it 's great for friends out , a romantic date , or a special occassion .",['service'],['Service'],['positive'],['service'],[False],1,False,False
semeval14_train_03255,semeval14,train,"The place is small and intimate and you may feel a little crowded , but the service is excellent and it 's great for friends out , a romantic date , or a special occassion .",['place'],['General'],['negative'],['place'],[False],1,False,False
semeval14_train_03256,semeval14,train,The service was excellent and the food was delicious .,['service'],['Service'],['positive'],['service'],[False],1,False,False
semeval14_train_03257,semeval14,train,The service was excellent and the food was delicious .,['food'],['Food'],['positive'],['food'],[False],1,False,False
semeval14_train_03258,semeval14,train,Service was also very good .,['service'],['Service'],['positive'],['Service'],[False],1,False,False
semeval14_train_03259,semeval14,train,"I took my girlfriend there for her birthday last night and we had a relaxing , really good meal .",['meal'],['General'],['positive'],['meal'],[False],1,False,False
semeval14_train_03260,semeval14,train,"I would not have been so disappointed with the portions if the qualities were good enough to make up for it , but they were not !",['portions'],['General'],['negative'],['portions'],[False],1,False,False
semeval14_train_03261,semeval14,train,"I would not have been so disappointed with the portions if the qualities were good enough to make up for it , but they were not !",['qualities'],['General'],['negative'],['qualities'],[False],1,False,False
semeval14_train_03262,semeval14,train,I 'm happy to have Nosh in the neighborhood and the food is very comforting .,['food'],['Food'],['positive'],['food'],[False],1,False,False
semeval14_train_03263,semeval14,train,"Good atmosphere , combination of all the hottest music dress code is relatively strict except on Fridays .",['atmosphere'],['General'],['positive'],['atmosphere'],[False],1,False,False
semeval14_train_03264,semeval14,train,"Good atmosphere , combination of all the hottest music dress code is relatively strict except on Fridays .",['music'],['General'],['positive'],['music'],[False],1,False,False
semeval14_train_03265,semeval14,train,"Good atmosphere , combination of all the hottest music dress cod e is relatively strict except on Fridays .",['dress cod'],['General'],['negative'],['dress cod'],[False],1,False,False
semeval14_train_03266,semeval14,train,love the food .,['food'],['Food'],['positive'],['food'],[False],1,False,False
semeval14_train_03267,semeval14,train,I would highly recommend Nina 's to anyone who wants to have a romantic dinner in a heart warming surrounding filled with candles and family pictures .,['candles'],['General'],['positive'],['candles'],[False],1,False,False
semeval14_train_03268,semeval14,train,I would highly recommend Nina 's to anyone who wants to have a romantic dinner in a heart warming surrounding filled with candles and family pictures .,['dinner'],['General'],['positive'],['dinner'],[False],1,False,False
semeval14_train_03269,semeval14,train,I would highly recommend Nina 's to anyone who wants to have a romantic dinner in a heart warming surrounding filled with candles and family pictures .,['surrounding'],['General'],['positive'],['surrounding'],[False],1,False,False
semeval14_train_03270,semeval14,train,I would highly recommend Nina 's to anyone who wants to have a romantic dinner in a heart warming surrounding filled with candles and family pictures .,['pictures'],['General'],['positive'],['pictures'],[False],1,False,False
semeval14_train_03271,semeval14,train,All the desserts the group tried got favorable reviews .,['desserts'],['General'],['positive'],['desserts'],[False],1,False,False
semeval14_train_03272,semeval14,train,There 's something smooth about sipping sake upper east side style .,['sake'],['General'],['positive'],['sake'],[False],1,False,False
semeval14_train_03273,semeval14,train,It 's a nice place to relax and have conversation .,['place'],['General'],['positive'],['place'],[False],1,False,False
semeval14_train_03274,semeval14,train,Best Reuben sandwich ever !,['reuben sandwich'],['General'],['positive'],['Reuben sandwich'],[False],1,False,False
semeval14_train_03275,semeval14,train,Lucky Strike is a great casual place to just grab a bite to eat .,['place'],['General'],['positive'],['place'],[False],1,False,False
semeval14_train_03276,semeval14,train,Wonderful strawberry daiquiries as well !,['strawberry daiquiries'],['General'],['positive'],['strawberry daiquiries'],[False],1,False,False
semeval14_train_03277,semeval14,train,"Going to Volare is like going to your favorite aunt 's house for dinner , assuming that your aunt is a great Italian cook .",['dinner'],['General'],['neutral'],['dinner'],[False],1,False,False
semeval14_train_03278,semeval14,train,"The sushi has been from average to below average , the wait service has always been sub-par the atmosphere goes from nice to really irritating -LRB- if you sit in the area beyond the kitchen , the acousitcs are horrid , everything echoes is extremely loud -RRB- .",['sushi'],['General'],['negative'],['sushi'],[False],1,False,False
semeval14_train_03279,semeval14,train,"The sushi has been from average to below average , the wait service has always been sub-par the atmosphere goes from nice to really irritating -LRB- if you sit in the area beyond the kitchen , the acousitcs are horrid , everything echoes is extremely loud -RRB- .",['wait service'],['General'],['negative'],['wait service'],[False],1,False,False
semeval14_train_03280,semeval14,train,"The sushi has been from average to below average , the wait service has always been sub-par the atmosphere goes from nice to really irritating -LRB- if you sit in the area beyond the kitchen , the acousitcs are horrid , everything echoes is extremely loud -RRB- .",['area'],['General'],['negative'],['area'],[False],1,False,False
semeval14_train_03281,semeval14,train,Frites were delicious if a bit on the thick side .,['frites'],['General'],['positive'],['Frites'],[False],1,False,False
semeval14_train_03282,semeval14,train,Here you get the zen feel without feeling rigid .,['zen feel'],['General'],['positive'],['zen feel'],[False],1,False,False
semeval14_train_03283,semeval14,train,I would recommend putting your name down and then getting a drink at a local bar first though because of the wait time .,['drink'],['General'],['neutral'],['drink'],[False],1,False,False
semeval14_train_03284,semeval14,train,I would recommend putting your name down and then getting a drink at a local bar first though because of the wait time .,['bar'],['General'],['neutral'],['bar'],[False],1,False,False
semeval14_train_03285,semeval14,train,I would recommend putting your name down and then getting a drink at a local bar first though because of the wait time .,['wait time'],['General'],['negative'],['wait time'],[False],1,False,False
semeval14_train_03286,semeval14,train,I fell in love with the egg noodles in the beef broth with shrimp dumplings and slices of BBQ roast pork .,['egg noodles in the beef broth with shrimp dumplings and slices of bbq roast pork'],['General'],['positive'],['egg noodles in the beef broth with shrimp dumplings and slices of BBQ roast pork'],[False],1,False,False
semeval14_train_03287,semeval14,train,I keep my fingers crossed the whole subway ride hoping that there will be a table I can sit at by myself and not have to share with the rice congee soup people .,['table'],['General'],['neutral'],['table'],[False],1,False,False
semeval14_train_03288,semeval14,train,I keep my fingers crossed the whole subway ride hoping that there will be a table I can sit at by myself and not have to share with the rice congee soup people .,['rice congee soup'],['General'],['neutral'],['rice congee soup'],[False],1,False,False
semeval14_train_03289,semeval14,train,"Overall , the best bagel in town .",['bagel'],['General'],['positive'],['bagel'],[False],1,False,False
semeval14_train_03290,semeval14,train,"Light , refreshing summer rolls -LRB- not fried -RRB- remind me of Vietnamese places in Paris .",['summer rolls'],['General'],['positive'],['summer rolls'],[False],1,False,False
semeval14_train_03291,semeval14,train,The sushi seemed pretty fresh and was adequately proportioned .,['sushi'],['General'],['positive'],['sushi'],[False],1,False,False
semeval14_train_03292,semeval14,train,but the service was a bit slow .,['service'],['Service'],['negative'],['service'],[False],1,False,False
semeval14_train_03293,semeval14,train,Spreads and toppings are great - though a bit pricey .,['spreads'],['General'],['positive'],['Spreads'],[False],1,False,False
semeval14_train_03294,semeval14,train,Spreads and toppings are great - though a bit pricey .,['toppings'],['General'],['positive'],['toppings'],[False],1,False,False
semeval14_train_03295,semeval14,train,"When I saw that their website had a link to da Ciro in Napoli , I knew there was going to be good pizza !",['pizza'],['General'],['positive'],['pizza'],[False],1,False,False
semeval14_train_03296,semeval14,train,No one asked what was wrong as we left with nothing touched on our plates .,['plates'],['General'],['neutral'],['plates'],[False],1,False,False
semeval14_train_03297,semeval14,train,Indoor was very cozy and cute .,['indoor'],['General'],['positive'],['Indoor'],[False],1,False,False
semeval14_train_03298,semeval14,train,We had a 3 hour brunch - they definitely do not rush you - and they kept the unlimited mimosas flowing the whole time .,['brunch'],['General'],['positive'],['brunch'],[False],1,False,False
semeval14_train_03299,semeval14,train,We had a 3 hour brunch - they definitely do not rush you - and they kept the unlimited mimosas flowing the whole time .,['mimosas'],['General'],['positive'],['mimosas'],[False],1,False,False
semeval14_train_03300,semeval14,train,And their prices are very high - they actually think that they can get away with charging such prices for such terrible food and service !,['prices'],['General'],['negative'],['prices'],[False],1,False,False
semeval14_train_03301,semeval14,train,And their prices are very high - they actually think that they can get away with charging such prices for such terrible food and service !,['prices'],['General'],['negative'],['prices'],[False],1,False,False
semeval14_train_03302,semeval14,train,And their prices are very high - they actually think that they can get away with charging such prices for such terrible food and service !,['food'],['Food'],['negative'],['food'],[False],1,False,False
semeval14_train_03303,semeval14,train,And their prices are very high - they actually think that they can get away with charging such prices for such terrible food and service !,['service'],['Service'],['negative'],['service'],[False],1,False,False
semeval14_train_03304,semeval14,train,"The service was excellent , the food was excellent , but the entire experience was very cool .",['service'],['Service'],['positive'],['service'],[False],1,False,False
semeval14_train_03305,semeval14,train,"The service was excellent , the food was excellent , but the entire experience was very cool .",['food'],['Food'],['positive'],['food'],[False],1,False,False
semeval14_train_03306,semeval14,train,The service is good and the resturant is clean .,['service'],['Service'],['positive'],['service'],[False],1,False,False
semeval14_train_03307,semeval14,train,"Great spot , whether looking for a couple of drinks or quiet dinner .",['drinks'],['Food'],['positive'],['drinks'],[False],1,False,False
semeval14_train_03308,semeval14,train,"Great spot , whether looking for a couple of drinks or quiet dinner .",['dinner'],['General'],['positive'],['dinner'],[False],1,False,False
semeval14_train_03309,semeval14,train,"Great spot , whether looking for a couple of drinks or quiet dinner .",['spot'],['General'],['positive'],['spot'],[False],1,False,False
semeval14_train_03310,semeval14,train,Just stick with the small dishes !,['dishes'],['General'],['negative'],['dishes'],[False],1,False,False
semeval14_train_03311,semeval14,train,"The cafe itself was really nice with comfortable outdoor chairs and tables , but the service could have been better .",['cafe'],['General'],['positive'],['cafe'],[False],1,False,False
semeval14_train_03312,semeval14,train,"The cafe itself was really nice with comfortable outdoor chairs and tables , but the service could have been better .",['outdoor chairs'],['General'],['positive'],['outdoor chairs'],[False],1,False,False
semeval14_train_03313,semeval14,train,"The cafe itself was really nice with comfortable outdoor chairs and tables , but the service could have been better .",['tables'],['General'],['positive'],['tables'],[False],1,False,False
semeval14_train_03314,semeval14,train,"The cafe itself was really nice with comfortable outdoor chairs and tables , but the service could have been better .",['service'],['Service'],['negative'],['service'],[False],1,False,False
semeval14_train_03315,semeval14,train,I 've rarely had a problem with slow staff in the 10 years I 've been going .,['staff'],['Service'],['positive'],['staff'],[False],1,False,False
semeval14_train_03316,semeval14,train,Food is excellent .,['food'],['Food'],['positive'],['Food'],[False],1,False,False
semeval14_train_03317,semeval14,train,Although we were looking for regular lettuce and some walnuts the salads we got were great .,['salads'],['General'],['positive'],['salads'],[False],1,False,False
semeval14_train_03318,semeval14,train,Although we were looking for regular lettuce and some walnuts the salads we got were great .,['lettuce'],['General'],['neutral'],['lettuce'],[False],1,False,False
semeval14_train_03319,semeval14,train,Although we were looking for regular lettuce and some walnuts the salads we got were great .,['walnuts'],['General'],['neutral'],['walnuts'],[False],1,False,False
semeval14_train_03320,semeval14,train,Excellent lunch buffet for only $ 6.95 .,['lunch buffet'],['General'],['positive'],['lunch buffet'],[False],1,False,False
semeval14_train_03321,semeval14,train,"If you 're not familiar with the cuisine , you may encounter problems ordering here and be sure to bring plenty of cash with you as they do n't accept credit cards .",['cuisine'],['General'],['negative'],['cuisine'],[False],1,False,False
semeval14_train_03322,semeval14,train,"both are very reasonably priced -LRB- around $ 8 for dinner and $ 5 for lunch -RRB- , and are delicious and filling .",['priced'],['General'],['positive'],['priced'],[False],1,False,False
semeval14_train_03323,semeval14,train,"both are very reasonably priced -LRB- around $ 8 for dinner and $ 5 for lunch -RRB- , and are delicious and filling .",['dinner'],['General'],['positive'],['dinner'],[False],1,False,False
semeval14_train_03324,semeval14,train,"both are very reasonably priced -LRB- around $ 8 for dinner and $ 5 for lunch -RRB- , and are delicious and filling .",['lunch'],['General'],['positive'],['lunch'],[False],1,False,False
semeval14_train_03325,semeval14,train,"Ambience is so cute and quaint , good for business although we were there on vacation .",['ambience'],['Ambience'],['positive'],['Ambience'],[False],1,False,False
semeval14_train_03326,semeval14,train,"The portion sizes here are huge , and the sushi is good .",['portion sizes'],['General'],['positive'],['portion sizes'],[False],1,False,False
semeval14_train_03327,semeval14,train,"The portion sizes here are huge , and the sushi is good .",['sushi'],['General'],['positive'],['sushi'],[False],1,False,False
semeval14_train_03328,semeval14,train,My boyfriend ate tuna and it was cooked perfectly !,['tuna'],['General'],['positive'],['tuna'],[False],1,False,False
semeval14_train_03329,semeval14,train,"This was n't the expected menu comprised only of pad thai and tom yum soup , but I thought that was what made the place so special .",['menu'],['General'],['neutral'],['menu'],[False],1,False,False
semeval14_train_03330,semeval14,train,"This was n't the expected menu comprised only of pad thai and tom yum soup , but I thought that was what made the place so special .",['pad thai'],['General'],['neutral'],['pad thai'],[False],1,False,False
semeval14_train_03331,semeval14,train,"This was n't the expected menu comprised only of pad thai and tom yum soup , but I thought that was what made the place so special .",['tom yum soup'],['General'],['neutral'],['tom yum soup'],[False],1,False,False
semeval14_train_03332,semeval14,train,"Good food at the restaurant -LRB- a bit expensive , but great if you want to impress your date -RRB- .",['food'],['Food'],['positive'],['food'],[False],1,False,False
semeval14_train_03333,semeval14,train,I highly recommend Caviar Russe to anyone who wants delicious top grade caviar and fantastic service .,['caviar'],['General'],['positive'],['caviar'],[False],1,False,False
semeval14_train_03334,semeval14,train,I highly recommend Caviar Russe to anyone who wants delicious top grade caviar and fantastic service .,['service'],['Service'],['positive'],['service'],[False],1,False,False
semeval14_train_03335,semeval14,train,I have eaten there 3-4 times and the food was always good .,['food'],['Food'],['positive'],['food'],[False],1,False,False
semeval14_train_03336,semeval14,train,"I was n't thrilled to have to wait on line for thirty minutes , but I guess that 's the price you pay for a popular place .",['wait'],['General'],['negative'],['wait'],[False],1,False,False
semeval14_train_03337,semeval14,train,"great eats , good times .",['eats'],['General'],['positive'],['eats'],[False],1,False,False
semeval14_train_03338,semeval14,train,"Grilled whole fish wonderful , great spicing .",['fish'],['General'],['positive'],['fish'],[False],1,False,False
semeval14_train_03339,semeval14,train,"For years , I thought Tuscan cuisine was the best , but Salvatore converted me to the hearty Neapolitan fare on my first visit .",['neapolitan fare'],['General'],['positive'],['Neapolitan fare'],[False],1,False,False
semeval14_train_03340,semeval14,train,"Plus , when our entrees were held up in the kitchen on a busy Saturday night , the owner sent over complimentary summer rolls to hold us over !",['entrees'],['General'],['negative'],['entrees'],[False],1,False,False
semeval14_train_03341,semeval14,train,"Plus , when our entrees were held up in the kitchen on a busy Saturday night , the owner sent over complimentary summer rolls to hold us over !",['summer rolls'],['General'],['positive'],['summer rolls'],[False],1,False,False
semeval14_train_03342,semeval14,train,"Plus , when our entrees were held up in the kitchen on a busy Saturday night , the owner sent over complimentary summer rolls to hold us over !",['owner'],['General'],['positive'],['owner'],[False],1,False,False
semeval14_train_03343,semeval14,train,The service was great as well .,['service'],['Service'],['positive'],['service'],[False],1,False,False
semeval14_train_03344,semeval14,train,Try the lobster teriyaki and the rose special roll .,['lobster teriyaki'],['General'],['positive'],['lobster teriyaki'],[False],1,False,False
semeval14_train_03345,semeval14,train,Try the lobster teriyaki and the rose special roll .,['rose special roll'],['General'],['positive'],['rose special roll'],[False],1,False,False
semeval14_train_03346,semeval14,train,Another plus is most of the entrees are approx .,['entrees'],['General'],['positive'],['entrees'],[False],1,False,False
semeval14_train_03347,semeval14,train,"The food was delicious , the atmosphere was relaxed , and we have now adopted Plate 347 as our Secret on Second !",['food'],['Food'],['positive'],['food'],[False],1,False,False
semeval14_train_03348,semeval14,train,"The food was delicious , the atmosphere was relaxed , and we have now adopted Plate 347 as our Secret on Second !",['atmosphere'],['General'],['positive'],['atmosphere'],[False],1,False,False
semeval14_train_03349,semeval14,train,From the moment we walked in they were more than accomodating even though the place was packed .,['place'],['General'],['negative'],['place'],[False],1,False,False
semeval14_train_03350,semeval14,train,"I found the food , service and value exceptional everytime I have been there .",['food'],['Food'],['positive'],['food'],[False],1,False,False
semeval14_train_03351,semeval14,train,"I found the food , service and value exceptional everytime I have been there .",['service'],['Service'],['positive'],['service'],[False],1,False,False
semeval14_train_03352,semeval14,train,"I found the food , service and value exceptional everytime I have been there .",['value'],['General'],['positive'],['value'],[False],1,False,False
semeval14_train_03353,semeval14,train,We ate at this Thai place following the reviews but very unhappy with the foods .,['foods'],['General'],['negative'],['foods'],[False],1,False,False
semeval14_train_03354,semeval14,train,"The food is definitely good , but I left a bit disappointed .",['food'],['Food'],['positive'],['food'],[False],1,False,False
semeval14_train_03355,semeval14,train,"I am a 100 lb girl , had a glass of wine and a glass of beer prior to the dinner , and I was still HUNGRY after my visit to this place !",['glass of wine'],['General'],['neutral'],['glass of wine'],[False],1,False,False
semeval14_train_03356,semeval14,train,"I am a 100 lb girl , had a glass of wine and a glass of beer prior to the dinner , and I was still HUNGRY after my visit to this place !",['glass of beer'],['General'],['neutral'],['glass of beer'],[False],1,False,False
semeval14_train_03357,semeval14,train,"I am a 100 lb girl , had a glass of wine and a glass of beer prior to the dinner , and I was still HUNGRY after my visit to this place !",['dinner'],['General'],['neutral'],['dinner'],[False],1,False,False
semeval14_train_03358,semeval14,train,"The drinks are a saving grace , but service staff , please , get over yourselves .",['drinks'],['Food'],['positive'],['drinks'],[False],1,False,False
semeval14_train_03359,semeval14,train,"The drinks are a saving grace , but service staff , please , get over yourselves .",['service staff'],['General'],['negative'],['service staff'],[False],1,False,False
semeval14_train_03360,semeval14,train,There is a downside if you 're ordering in -- the delivery guys have MAJOR attitude .,['delivery guys'],['General'],['negative'],['delivery guys'],[False],1,False,False
semeval14_train_03361,semeval14,train,The all-Italian staff is warm and engaging from the start .,['staff'],['Service'],['positive'],['staff'],[False],1,False,False
semeval14_train_03362,semeval14,train,The prices are exceptionally reasonable for food of this caliber .,['prices'],['General'],['positive'],['prices'],[False],1,False,False
semeval14_train_03363,semeval14,train,The prices are exceptionally reasonable for food of this caliber .,['food'],['Food'],['positive'],['food'],[False],1,False,False
semeval14_train_03364,semeval14,train,If you go here - your focus should be the Tamarind Margaritas .,['tamarind margaritas'],['General'],['positive'],['Tamarind Margaritas'],[False],1,False,False
semeval14_train_03365,semeval14,train,The filet mignon dish was superb !,['filet mignon dish'],['General'],['positive'],['filet mignon dish'],[False],1,False,False
semeval14_train_03366,semeval14,train,I had been a regular due to the consistently good food and ease of getting a table .,['food'],['Food'],['positive'],['food'],[False],1,False,False
semeval14_train_03367,semeval14,train,I had been a regular due to the consistently good food and ease of getting a table .,['getting a table'],['General'],['positive'],['getting a table'],[False],1,False,False
semeval14_train_03368,semeval14,train,This place is the most Japanese it can ever get .,['place'],['General'],['positive'],['place'],[False],1,False,False
semeval14_train_03369,semeval14,train,"The food is good , I ca n't lie .",['food'],['Food'],['positive'],['food'],[False],1,False,False
semeval14_train_03370,semeval14,train,"great food , lt 's of it , more then one person can eat !",['food'],['Food'],['positive'],['food'],[False],1,False,False
semeval14_train_03371,semeval14,train,"I did n't expect to like Nosh as much as I did , but the pastrami on challah sandwich I had was otherworldly , the soups are like Mom 's , and the knishes give Yonah Schimmel 's a run for its money .",['pastrami on challah sandwich'],['General'],['positive'],['pastrami on challah sandwich'],[False],1,False,False
semeval14_train_03372,semeval14,train,"I did n't expect to like Nosh as much as I did , but the pastrami on challah sandwich I had was otherworldly , the soups are like Mom 's , and the knishes give Yonah Schimmel 's a run for its money .",['soups'],['General'],['positive'],['soups'],[False],1,False,False
semeval14_train_03373,semeval14,train,"I did n't expect to like Nosh as much as I did , but the pastrami on challah sandwich I had was otherworldly , the soups are like Mom 's , and the knishes give Yonah Schimmel 's a run for its money .",['knishes'],['General'],['positive'],['knishes'],[False],1,False,False
semeval14_train_03374,semeval14,train,"The atmosphere is nothing special , but it feels like a Sushi establishment in Tokyo .",['atmosphere'],['General'],['neutral'],['atmosphere'],[False],1,False,False
semeval14_train_03375,semeval14,train,Cozy romantic atomosphere with only around 15 tables at most .,['atomosphere'],['General'],['positive'],['atomosphere'],[False],1,False,False
semeval14_train_03376,semeval14,train,Cozy romantic atomosphere with only around 15 tables at most .,['tables'],['General'],['positive'],['tables'],[False],1,False,False
semeval14_train_03377,semeval14,train,This place is worth going even if only for their beer .,['beer'],['General'],['positive'],['beer'],[False],1,False,False
semeval14_train_03378,semeval14,train,I really like both the scallops and the mahi mahi -LRB- on saffron risotto-yum ! -RRB- .,['scallops'],['General'],['positive'],['scallops'],[False],1,False,False
semeval14_train_03379,semeval14,train,I really like both the scallops and the mahi mahi (on saffron risotto - yum ! -RRB- .,['mahi mahi (on saffron risotto'],['General'],['positive'],['mahi mahi (on saffron risotto'],[False],1,False,False
semeval14_train_03380,semeval14,train,"The ambience was so fun , and the prices were great , on top of the fact that the food was really tasty .",['ambience'],['Ambience'],['positive'],['ambience'],[False],1,False,False
semeval14_train_03381,semeval14,train,"The ambience was so fun , and the prices were great , on top of the fact that the food was really tasty .",['prices'],['General'],['positive'],['prices'],[False],1,False,False
semeval14_train_03382,semeval14,train,"The ambience was so fun , and the prices were great , on top of the fact that the food was really tasty .",['food'],['Food'],['positive'],['food'],[False],1,False,False
semeval14_train_03383,semeval14,train,"Do not get the Go Go Hamburgers , no matter what the reviews say .",['go go hamburgers'],['General'],['negative'],['Go Go Hamburgers'],[False],1,False,False
semeval14_train_03384,semeval14,train,The sandwhiches are out-of-this world !,['sandwhiches'],['General'],['positive'],['sandwhiches'],[False],1,False,False
semeval14_train_03385,semeval14,train,"If you live in Upper Manhattan , Siam Square is THE place for Thia food .",['thia food'],['General'],['positive'],['Thia food'],[False],1,False,False
semeval14_train_03386,semeval14,train,Decor is charming .,['decor'],['General'],['positive'],['Decor'],[False],1,False,False
semeval14_train_03387,semeval14,train,The food was very well prepared .,['food'],['Food'],['positive'],['food'],[False],1,False,False
semeval14_train_03388,semeval14,train,Really tasty spring rolls and noodles for a good price though .,['spring rolls'],['General'],['positive'],['spring rolls'],[False],1,False,False
semeval14_train_03389,semeval14,train,Really tasty spring rolls and noodles for a good price though .,['noodles'],['General'],['positive'],['noodles'],[False],1,False,False
semeval14_train_03390,semeval14,train,Really tasty spring rolls and noodles for a good price though .,['price'],['Price'],['positive'],['price'],[False],1,False,False
semeval14_train_03391,semeval14,train,"Good , because hey , it 's more food , but bad because dim sum is supposed to be smaller portions so you can try out more dishes and smaller so that each dish is cheap .",['dim sum'],['General'],['negative'],['dim sum'],[False],1,False,False
semeval14_train_03392,semeval14,train,"Good , because hey , it 's more food , but bad because dim sum is supposed to be smaller portions so you can try out more dishes and smaller so that each dish is cheap .",['food'],['Food'],['positive'],['food'],[False],1,False,False
semeval14_train_03393,semeval14,train,"Good , because hey , it 's more food , but bad because dim sum is supposed to be smaller portions so you can try out more dishes and smaller so that each dish is cheap .",['portions'],['General'],['negative'],['portions'],[False],1,False,False
semeval14_train_03394,semeval14,train,"Good , because hey , it 's more food , but bad because dim sum is supposed to be smaller portions so you can try out more dishes and smaller so that each dish is cheap .",['dishes'],['General'],['neutral'],['dishes'],[False],1,False,False
semeval14_train_03395,semeval14,train,"Good , because hey , it 's more food , but bad because dim sum is supposed to be smaller portions so you can try out more dishes and smaller so that each dish is cheap .",['dish'],['General'],['neutral'],['dish'],[False],1,False,False
semeval14_train_03396,semeval14,train,"While most people can attest to spending over $ 50 on drinks in New York bars and hardly feeling a thing , the drinks here are plentiful and unique .",['drinks'],['Food'],['negative'],['drinks'],[False],1,False,False
semeval14_train_03397,semeval14,train,"While most people can attest to spending over $ 50 on drinks in New York bars and hardly feeling a thing , the drinks here are plentiful and unique .",['bars'],['General'],['negative'],['bars'],[False],1,False,False
semeval14_train_03398,semeval14,train,"While most people can attest to spending over $ 50 on drinks in New York bars and hardly feeling a thing , the drinks here are plentiful and unique .",['drinks'],['Food'],['positive'],['drinks'],[False],1,False,False
semeval14_train_03399,semeval14,train,"Complimentary stuff kept coming , and when the waiter saw me opening a gift , I received my dessert on a plate that had Happy Birthday written on it , with a candlevery nice touch , and attentive staff .",['stuff'],['General'],['positive'],['stuff'],[False],1,False,False
semeval14_train_03400,semeval14,train,"Complimentary stuff kept coming , and when the waiter saw me opening a gift , I received my dessert on a plate that had Happy Birthday written on it , with a candlevery nice touch , and attentive staff .",['waiter'],['General'],['positive'],['waiter'],[False],1,False,False
semeval14_train_03401,semeval14,train,"Complimentary stuff kept coming , and when the waiter saw me opening a gift , I received my dessert on a plate that had Happy Birthday written on it , with a candlevery nice touch , and attentive staff .",['dessert'],['General'],['positive'],['dessert'],[False],1,False,False
semeval14_train_03402,semeval14,train,"Complimentary stuff kept coming , and when the waiter saw me opening a gift , I received my dessert on a plate that had Happy Birthday written on it , with a candlevery nice touch , and attentive staff .",['staff'],['Service'],['positive'],['staff'],[False],1,False,False
semeval14_train_03403,semeval14,train,"The food arrived 20 minutes after I called , cold and soggy .",['food'],['Food'],['negative'],['food'],[False],1,False,False
semeval14_train_03404,semeval14,train,"If you go for the pre-theatre menu , it 's an even greater deal .",['pre-theatre menu'],['General'],['positive'],['pre-theatre menu'],[False],1,False,False
semeval14_train_03405,semeval14,train,"If you are someone who appreciates simplicity , elegance , and wonderfully presented and tasting seafood and vegetables regardless of portion size , Kai is your place .",['seafood'],['General'],['positive'],['seafood'],[False],1,False,False
semeval14_train_03406,semeval14,train,"If you are someone who appreciates simplicity , elegance , and wonderfully presented and tasting seafood and vegetables regardless of portion size , Kai is your place .",['vegetables'],['General'],['positive'],['vegetables'],[False],1,False,False
semeval14_train_03407,semeval14,train,"If you are someone who appreciates simplicity , elegance , and wonderfully presented and tasting seafood and vegetables regardless of portion size , Kai is your place .",['portion size'],['General'],['negative'],['portion size'],[False],1,False,False
semeval14_train_03408,semeval14,train,"The prices can not be beat for the quality , quantity , freshness and taste .",['prices'],['General'],['positive'],['prices'],[False],1,False,False
semeval14_train_03409,semeval14,train,"The prices can not be beat for the quality , quantity , freshness and taste .",['quality'],['General'],['positive'],['quality'],[False],1,False,False
semeval14_train_03410,semeval14,train,"The prices can not be beat for the quality , quantity , freshness and taste .",['quantity'],['General'],['positive'],['quantity'],[False],1,False,False
semeval14_train_03411,semeval14,train,"The prices can not be beat for the quality , quantity , freshness and taste .",['freshness'],['General'],['positive'],['freshness'],[False],1,False,False
semeval14_train_03412,semeval14,train,"The prices can not be beat for the quality , quantity , freshness and taste .",['taste'],['General'],['positive'],['taste'],[False],1,False,False
semeval14_train_03413,semeval14,train,"Check it out , it wo n't hurt your stomach or your wallet .",['stomach'],['General'],['positive'],['stomach'],[False],1,False,False
semeval14_train_03414,semeval14,train,"Check it out , it wo n't hurt your stomach or your wallet .",['wallet'],['General'],['positive'],['wallet'],[False],1,False,False
semeval14_train_03415,semeval14,train,"Little Tonino 's is just awesome , our favorite delivery place in Kennsington , honestly the best Gnochi I have ever had !",['gnochi'],['General'],['positive'],['Gnochi'],[False],1,False,False
semeval14_train_03416,semeval14,train,INCREDIBLY POOR SERVICE AN FOOD QUALITY AT EXORBITANT PRICES .,['service'],['Service'],['negative'],['SERVICE'],[False],1,False,False
semeval14_train_03417,semeval14,train,INCREDIBLY POOR SERVICE AN FOOD QUALITY AT EXORBITANT PRICES .,['food quality'],['General'],['negative'],['FOOD QUALITY'],[False],1,False,False
semeval14_train_03418,semeval14,train,INCREDIBLY POOR SERVICE AN FOOD QUALITY AT EXORBITANT PRICES .,['prices'],['General'],['negative'],['PRICES'],[False],1,False,False
semeval14_train_03419,semeval14,train,I have been about 4 times and have always had a great meal .,['meal'],['General'],['positive'],['meal'],[False],1,False,False
semeval14_train_03420,semeval14,train,I go back in line like three times on average until I ca n't walk anymore .,['line'],['General'],['negative'],['line'],[False],1,False,False
semeval14_train_03421,semeval14,train,We usually just get some of the dinner specials and they are very reasonably priced and very tasty .,['dinner specials'],['General'],['positive'],['dinner specials'],[False],1,False,False
semeval14_train_03422,semeval14,train,We usually just get some of the dinner specials and they are very reasonably priced and very tasty .,['priced'],['General'],['positive'],['priced'],[False],1,False,False
semeval14_train_03423,semeval14,train,Horrible food and Horrible service .,['food'],['Food'],['negative'],['food'],[False],1,False,False
semeval14_train_03424,semeval14,train,Horrible food and Horrible service .,['service'],['Service'],['negative'],['service'],[False],1,False,False
semeval14_train_03425,semeval14,train,The wine and cheese plate are plentiful and ca n't wait to try the fondue or table grilling .,['wine'],['General'],['positive'],['wine'],[False],1,False,False
semeval14_train_03426,semeval14,train,The wine and cheese plate are plentiful and ca n't wait to try the fondue or table grilling .,['cheese'],['General'],['positive'],['cheese'],[False],1,False,False
semeval14_train_03427,semeval14,train,The wine and cheese plate are plentiful and ca n't wait to try the fondue or table grilling .,['fondue'],['General'],['positive'],['fondue'],[False],1,False,False
semeval14_train_03428,semeval14,train,The wine and cheese plate are plentiful and ca n't wait to try the fondue or table grilling .,['table grilling'],['General'],['positive'],['table grilling'],[False],1,False,False
semeval14_train_03429,semeval14,train,They treated us well and the food was extremely fresh and well-prepared .,['food'],['Food'],['positive'],['food'],[False],1,False,False
semeval14_train_03430,semeval14,train,Their exotic salad is basic ly a delcious little green salad with a peanut sauce that is perfect before their sweet basil fried tofu .,['exotic salad'],['General'],['positive'],['exotic salad'],[False],1,False,False
semeval14_train_03431,semeval14,train,Their exotic salad is basic ly a delcious little green salad with a peanut sauce that is perfect before their sweet basil fried tofu .,['green salad'],['General'],['positive'],['green salad'],[False],1,False,False
semeval14_train_03432,semeval14,train,Their exotic salad is basic ly a delcious little green salad with a peanut sauce that is perfect before their sweet basil fried tofu .,['sweet basil fried tofu'],['General'],['positive'],['sweet basil fried tofu'],[False],1,False,False
semeval14_train_03433,semeval14,train,Their exotic salad is basic ly a delcious little green salad with a peanut sauce that is perfect before their sweet basil fried tofu .,['peanut sauce'],['General'],['positive'],['peanut sauce'],[False],1,False,False
semeval14_train_03434,semeval14,train,THE BIG COMPLAINT : NO TOASTING AVAILABLE .,['toasting'],['General'],['negative'],['TOASTING'],[False],1,False,False
semeval14_train_03435,semeval14,train,"Even if the food was n't this good , the garden is a great place to sit outside and relax .",['food'],['Food'],['positive'],['food'],[False],1,False,False
semeval14_train_03436,semeval14,train,"Even if the food was n't this good , the garden is a great place to sit outside and relax .",['garden'],['General'],['positive'],['garden'],[False],1,False,False
semeval14_train_03437,semeval14,train,"Even if the food was n't this good , the garden is a great place to sit outside and relax .",['place'],['General'],['positive'],['place'],[False],1,False,False
semeval14_train_03438,semeval14,train,"Volare virgins or weekly regulars , everyone gets treated the same and you ca n't ask for more than that when the service is this friendly .",['service'],['Service'],['positive'],['service'],[False],1,False,False
semeval14_train_03439,semeval14,train,"The food came out wrong , the waiter was no where to be found and the wine showed up at the end of the meal .",['food'],['Food'],['negative'],['food'],[False],1,False,False
semeval14_train_03440,semeval14,train,"The food came out wrong , the waiter was no where to be found and the wine showed up at the end of the meal .",['waiter'],['General'],['negative'],['waiter'],[False],1,False,False
semeval14_train_03441,semeval14,train,"The food came out wrong , the waiter was no where to be found and the wine showed up at the end of the meal .",['wine'],['General'],['negative'],['wine'],[False],1,False,False
semeval14_train_03442,semeval14,train,"The food came out wrong , the waiter was no where to be found and the wine showed up at the end of the meal .",['meal'],['General'],['neutral'],['meal'],[False],1,False,False
semeval14_train_03443,semeval14,train,"The chicken and steak were seasoned and cooked to perfection , and the lamb sandwhich is great for heartier appetites .",['chicken'],['General'],['positive'],['chicken'],[False],1,False,False
semeval14_train_03444,semeval14,train,"The chicken and steak were seasoned and cooked to perfection , and the lamb sandwhich is great for heartier appetites .",['steak'],['General'],['positive'],['steak'],[False],1,False,False
semeval14_train_03445,semeval14,train,"The chicken and steak were seasoned and cooked to perfection , and the lamb sandwhich is great for heartier appetites .",['lamb sandwhich'],['General'],['positive'],['lamb sandwhich'],[False],1,False,False
semeval14_train_03446,semeval14,train,We saw them heating up at least one frozen item though I 'm not sure which dim sum dish it was .,['dim sum dish'],['General'],['negative'],['dim sum dish'],[False],1,False,False
semeval14_train_03447,semeval14,train,No you 're going to go back because the food was good .,['food'],['Food'],['positive'],['food'],[False],1,False,False
semeval14_train_03448,semeval14,train,The food was great and the service was even better .,['food'],['Food'],['positive'],['food'],[False],1,False,False
semeval14_train_03449,semeval14,train,The food was great and the service was even better .,['service'],['Service'],['positive'],['service'],[False],1,False,False
semeval14_train_03450,semeval14,train,"While this can hardly be called a restaurant , it is possibly the best deal in Manhatten : $ 4 for a plate heaped with rice and 2-3 entrees .",['rice'],['General'],['positive'],['rice'],[False],1,False,False
semeval14_train_03451,semeval14,train,"While this can hardly be called a restaurant , it is possibly the best deal in Manhatten : $ 4 for a plate heaped with rice and 2-3 entrees .",['entrees'],['General'],['positive'],['entrees'],[False],1,False,False
semeval14_train_03452,semeval14,train,Traditional French decour was pleasant though the hall was rather noisy - the restaurant was full and we had to raise our voices to be able to maintain a conversation .,['traditional french decour'],['General'],['positive'],['Traditional French decour'],[False],1,False,False
semeval14_train_03453,semeval14,train,Traditional French decour was pleasant though the hall was rather noisy - the restaurant was full and we had to raise our voices to be able to maintain a conversation .,['hall'],['General'],['negative'],['hall'],[False],1,False,False
semeval14_train_03454,semeval14,train,The fish is fresh and each piece is sliced to perfection and seasoned by the sushi chef -LRB- usually with a little fresh wasabi and soy sauce but also sometimes with some sea salt -RRB- .,['fish'],['General'],['positive'],['fish'],[False],1,False,False
semeval14_train_03455,semeval14,train,The fish is fresh and each piece is sliced to perfection and seasoned by the sushi chef -LRB- usually with a little fresh wasabi and soy sauce but also sometimes with some sea salt -RRB- .,['sushi chef'],['General'],['positive'],['sushi chef'],[False],1,False,False
semeval14_train_03456,semeval14,train,The fish is fresh and each piece is sliced to perfection and seasoned by the sushi chef -LRB- usually with a little fresh wasabi and soy sauce but also sometimes with some sea salt -RRB- .,['wasabi'],['General'],['positive'],['wasabi'],[False],1,False,False
semeval14_train_03457,semeval14,train,The fish is fresh and each piece is sliced to perfection and seasoned by the sushi chef -LRB- usually with a little fresh wasabi and soy sauce but also sometimes with some sea salt -RRB- .,['soy sauce'],['General'],['positive'],['soy sauce'],[False],1,False,False
semeval14_train_03458,semeval14,train,The fish is fresh and each piece is sliced to perfection and seasoned by the sushi chef -LRB- usually with a little fresh wasabi and soy sauce but also sometimes with some sea salt -RRB- .,['sea salt'],['General'],['positive'],['sea salt'],[False],1,False,False
semeval14_train_03459,semeval14,train,"Consequently , their burgers fell apart in their hands and made such a mess that they did ` nt feel like finishing them .",['burgers'],['General'],['negative'],['burgers'],[False],1,False,False
semeval14_train_03460,semeval14,train,My son and his girlfriend both wanted cheeseburgers and they were huge !,['cheeseburgers'],['General'],['positive'],['cheeseburgers'],[False],1,False,False
semeval14_train_03461,semeval14,train,I really recommend the very simple Unda (Egg) rolls .,['unda (egg) rolls'],['General'],['positive'],['Unda (Egg) rolls'],[False],1,False,False
semeval14_train_03462,semeval14,train,Very good wine choices .,['wine choices'],['General'],['positive'],['wine choices'],[False],1,False,False
semeval14_train_03463,semeval14,train,"This is the only Thai place I go too in NYC , it 's wonderful , and live relaxed Jazz on certain nights .",['jazz'],['General'],['positive'],['Jazz'],[False],1,False,False
semeval14_train_03464,semeval14,train,We were seated and ignored by waitstaff .,['waitstaff'],['General'],['negative'],['waitstaff'],[False],1,False,False
semeval14_train_03465,semeval14,train,"If you are in a big group , this place is perfect because it recomends sharing - they have lazy susans on most tables - even families can feel comfortable here .",['lazy susans'],['General'],['positive'],['lazy susans'],[False],1,False,False
semeval14_train_03466,semeval14,train,"If you are in a big group , this place is perfect because it recomends sharing - they have lazy susans on most tables - even families can feel comfortable here .",['tables'],['General'],['positive'],['tables'],[False],1,False,False
semeval14_train_03467,semeval14,train,They showed up 15 minutes after the tuna melt .,['tuna'],['General'],['positive'],['tuna'],[False],1,False,False
semeval14_train_03468,semeval14,train,"Tasty steak , pork loin , the works .",['steak'],['General'],['positive'],['steak'],[False],1,False,False
semeval14_train_03469,semeval14,train,"Tasty steak , pork loin , the works .",['pork loin'],['General'],['positive'],['pork loin'],[False],1,False,False
semeval14_train_03470,semeval14,train,I went with 5 friends and we lingered at the table for a bit and did n't feel rushed at all even though there was a wait .,['table'],['General'],['neutral'],['table'],[False],1,False,False
semeval14_train_03471,semeval14,train,I went with 5 friends and we lingered at the table for a bit and did n't feel rushed at all even though there was a wait .,['wait'],['General'],['negative'],['wait'],[False],1,False,False
semeval14_train_03472,semeval14,train,I 'd highly recommend it for a special occasion -- it provides and intimate setting and nice service .,['setting'],['General'],['positive'],['setting'],[False],1,False,False
semeval14_train_03473,semeval14,train,I 'd highly recommend it for a special occasion -- it provides and intimate setting and nice service .,['service'],['Service'],['positive'],['service'],[False],1,False,False
semeval14_train_03474,semeval14,train,"The burger was great , also .",['burger'],['General'],['positive'],['burger'],[False],1,False,False
semeval14_train_03475,semeval14,train,"they did give a 15 % discount at the end , was n't enough , as they knew the service was horrible .",['discount'],['General'],['negative'],['discount'],[False],1,False,False
semeval14_train_03476,semeval14,train,"they did give a 15 % discount at the end , was n't enough , as they knew the service was horrible .",['service'],['Service'],['negative'],['service'],[False],1,False,False
semeval14_train_03477,semeval14,train,"Just because it 's cheap does NOT mean the portions are small or the food is nasty , IT IS GREAT !",['portions'],['General'],['positive'],['portions'],[False],1,False,False
semeval14_train_03478,semeval14,train,"Just because it 's cheap does NOT mean the portions are small or the food is nasty , IT IS GREAT !",['food'],['Food'],['positive'],['food'],[False],1,False,False
semeval14_train_03479,semeval14,train,The pizza was great .,['pizza'],['General'],['positive'],['pizza'],[False],1,False,False
semeval14_train_03480,semeval14,train,I had never had Edamame pureed before but I thought it was innovative and tasty -LRB- could 've used a bit more salt -RRB- .,['edamame pureed'],['General'],['positive'],['Edamame pureed'],[False],1,False,False
semeval14_train_03481,semeval14,train,"however , it 's the service that leaves a bad taste in my mouth .",['service'],['Service'],['negative'],['service'],[False],1,False,False
semeval14_train_03482,semeval14,train,"When we notified him that he did n't mention the specials , he did n't apologize but let us know that we made a very good decision regardless .",['specials'],['General'],['neutral'],['specials'],[False],1,False,False
semeval14_train_03483,semeval14,train,The price was extremely reasonable for the appetizers and food we ate .,['price'],['Price'],['positive'],['price'],[False],1,False,False
semeval14_train_03484,semeval14,train,The price was extremely reasonable for the appetizers and food we ate .,['appetizers'],['General'],['positive'],['appetizers'],[False],1,False,False
semeval14_train_03485,semeval14,train,The price was extremely reasonable for the appetizers and food we ate .,['food'],['Food'],['positive'],['food'],[False],1,False,False
semeval14_train_03486,semeval14,train,"Do n't dine at Tamarind for the vegetarian dishes , they are simply not up to par with the non-veg selections .",['vegetarian dishes'],['General'],['negative'],['vegetarian dishes'],[False],1,False,False
semeval14_train_03487,semeval14,train,"Do n't dine at Tamarind for the vegetarian dishes , they are simply not up to par with the non-veg selections .",['non-veg selections'],['General'],['positive'],['non-veg selections'],[False],1,False,False
semeval14_train_03488,semeval14,train,Kenny the owner is always there and he treats my family like we are part of his family .,['owner'],['General'],['positive'],['owner'],[False],1,False,False
semeval14_train_03489,semeval14,train,They need a kick out of it but until then the sushi is pretty good and the place is consistent .,['sushi'],['General'],['positive'],['sushi'],[False],1,False,False
semeval14_train_03490,semeval14,train,They need a kick out of it but until then the sushi is pretty good and the place is consistent .,['place'],['General'],['positive'],['place'],[False],1,False,False
semeval14_train_03491,semeval14,train,I 've had to wait only a few times during lunch but this place is definitely worth the wait .,['lunch'],['General'],['neutral'],['lunch'],[False],1,False,False
semeval14_train_03492,semeval14,train,I 've had to wait only a few times during lunch but this place is definitely worth the wait .,['wait'],['General'],['positive'],['wait'],[False],1,False,False
semeval14_train_03493,semeval14,train,All in all the food was above average and I would return to see how they operate with four or less dinners .,['food'],['Food'],['positive'],['food'],[False],1,False,False
semeval14_train_03494,semeval14,train,All in all the food was above average and I would return to see how they operate with four or less dinners .,['dinners'],['General'],['neutral'],['dinners'],[False],1,False,False
semeval14_train_03495,semeval14,train,"Delicious food , excellent service , and a pretty atmosphere make this a great choice for dinner and the $ 5.99 lunch buffet makes it an even better choice for lunch !",['food'],['Food'],['positive'],['food'],[False],1,False,False
semeval14_train_03496,semeval14,train,"Delicious food , excellent service , and a pretty atmosphere make this a great choice for dinner and the $ 5.99 lunch buffet makes it an even better choice for lunch !",['service'],['Service'],['positive'],['service'],[False],1,False,False
semeval14_train_03497,semeval14,train,"Delicious food , excellent service , and a pretty atmosphere make this a great choice for dinner and the $ 5.99 lunch buffet makes it an even better choice for lunch !",['atmosphere'],['General'],['positive'],['atmosphere'],[False],1,False,False
semeval14_train_03498,semeval14,train,"Delicious food , excellent service , and a pretty atmosphere make this a great choice for dinner and the $ 5.99 lunch buffet makes it an even better choice for lunch !",['lunch buffet'],['General'],['positive'],['lunch buffet'],[False],1,False,False
semeval14_train_03499,semeval14,train,"Delicious food , excellent service , and a pretty atmosphere make this a great choice for dinner and the $ 5.99 lunch buffet makes it an even better choice for lunch !",['dinner'],['General'],['positive'],['dinner'],[False],1,False,False
semeval14_train_03500,semeval14,train,"Delicious food , excellent service , and a pretty atmosphere make this a great choice for dinner and the $ 5.99 lunch buffet makes it an even better choice for lunch !",['lunch'],['General'],['positive'],['lunch'],[False],1,False,False
semeval14_train_03501,semeval14,train,"For appetizers , I recommend the shrimp fritters and dumplings .",['appetizers'],['General'],['neutral'],['appetizers'],[False],1,False,False
semeval14_train_03502,semeval14,train,"For appetizers , I recommend the shrimp fritters and dumplings .",['shrimp fritters'],['General'],['positive'],['shrimp fritters'],[False],1,False,False
semeval14_train_03503,semeval14,train,"For appetizers , I recommend the shrimp fritters and dumplings .",['dumplings'],['General'],['positive'],['dumplings'],[False],1,False,False
semeval14_train_03504,semeval14,train,Such nice people working here - but I have to review the food .,['people'],['General'],['positive'],['people'],[False],1,False,False
semeval14_train_03505,semeval14,train,Such nice people working here - but I have to review the food .,['food'],['Food'],['neutral'],['food'],[False],1,False,False
semeval14_train_03506,semeval14,train,"The restaurant is dark and not very attractive and then you have spot lights shining on you putting you in the worst light possible , reaching for sunglasses .",['spot lights'],['General'],['negative'],['spot lights'],[False],1,False,False
semeval14_train_03507,semeval14,train,Try the Times Square cocktail -- ginger lemonade with vodka -LRB- also available without vodka . -RRB-,['times square cocktail'],['General'],['positive'],['Times Square cocktail'],[False],1,False,False
semeval14_train_03508,semeval14,train,Try the Times Square cocktail -- ginger lemonade with vodka -LRB- also available without vodka . -RRB-,['ginger lemonade with vodka'],['General'],['positive'],['ginger lemonade with vodka'],[False],1,False,False
semeval14_train_03509,semeval14,train,Veal Parmigana - Better than Patsy 's !,['veal parmigana'],['General'],['positive'],['Veal Parmigana'],[False],1,False,False
semeval14_train_03510,semeval14,train,"Great wine , great food .",['wine'],['General'],['positive'],['wine'],[False],1,False,False
semeval14_train_03511,semeval14,train,"Great wine , great food .",['food'],['Food'],['positive'],['food'],[False],1,False,False
semeval14_train_03512,semeval14,train,"The service was mediocre , and the lack of air conditioning made for a less than comfortable meal .",['service'],['Service'],['neutral'],['service'],[False],1,False,False
semeval14_train_03513,semeval14,train,"The service was mediocre , and the lack of air conditioning made for a less than comfortable meal .",['air conditioning'],['General'],['negative'],['air conditioning'],[False],1,False,False
semeval14_train_03514,semeval14,train,"The service was mediocre , and the lack of air conditioning made for a less than comfortable meal .",['meal'],['General'],['negative'],['meal'],[False],1,False,False
semeval14_train_03515,semeval14,train,The food and staff always surprise me with the new heights they are taken to .,['food'],['Food'],['positive'],['food'],[False],1,False,False
semeval14_train_03516,semeval14,train,The food and staff always surprise me with the new heights they are taken to .,['staff'],['Service'],['positive'],['staff'],[False],1,False,False
semeval14_train_03517,semeval14,train,Went to Ottimo and was expecting outstanding pizza -LRB- as I love La Pizza Fresca -RRB- .,['pizza'],['General'],['neutral'],['pizza'],[False],1,False,False
semeval14_train_03518,semeval14,train,honestly the worst sushi my husband and i had in our entire lives .,['sushi'],['General'],['negative'],['sushi'],[False],1,False,False
semeval14_train_03519,semeval14,train,"However , if you want great food at a great price and do n't mind the decor , you ca n't beat this place .",['food'],['Food'],['positive'],['food'],[False],1,False,False
semeval14_train_03520,semeval14,train,"However , if you want great food at a great price and do n't mind the decor , you ca n't beat this place .",['price'],['Price'],['positive'],['price'],[False],1,False,False
semeval14_train_03521,semeval14,train,"However , if you want great food at a great price and do n't mind the decor , you ca n't beat this place .",['decor'],['General'],['negative'],['decor'],[False],1,False,False
semeval14_train_03522,semeval14,train,What makes this restaurant special are the authentic sichuan cooking and being the only one in NYC that offers authentic chongqing hotpot .,['sichuan cooking'],['General'],['positive'],['sichuan cooking'],[False],1,False,False
semeval14_train_03523,semeval14,train,What makes this restaurant special are the authentic sichuan cooking and being the only one in NYC that offers authentic chongqing hotpot .,['chongqing hotpot'],['General'],['positive'],['chongqing hotpot'],[False],1,False,False
semeval14_train_03524,semeval14,train,Our tiny table for two -LRB- dinner plates hung over edge -RRB- was right in the middle of one of the lanes of waiter traffic .,['table'],['General'],['negative'],['table'],[False],1,False,False
semeval14_train_03525,semeval14,train,Our tiny table for two -LRB- dinner plates hung over edge -RRB- was right in the middle of one of the lanes of waiter traffic .,['waiter traffic'],['General'],['negative'],['waiter traffic'],[False],1,False,False
semeval14_train_03526,semeval14,train,Our tiny table for two -LRB- dinner plates hung over edge -RRB- was right in the middle of one of the lanes of waiter traffic .,['dinner plates'],['General'],['negative'],['dinner plates'],[False],1,False,False
semeval14_train_03527,semeval14,train,"Sake collection was excellent -LRB- Try Nanbu Bijin -RRB- , but pricy .",['nanbu bijin'],['General'],['positive'],['Nanbu Bijin'],[False],1,False,False
semeval14_train_03528,semeval14,train,Interesting other dishes for a change include chicken in curry sauce and salmon caserole .,['dishes'],['General'],['positive'],['dishes'],[False],1,False,False
semeval14_train_03529,semeval14,train,Interesting other dishes for a change include chicken in curry sauc e and salmon caserole .,['chicken in curry sauc'],['General'],['positive'],['chicken in curry sauc'],[False],1,False,False
semeval14_train_03530,semeval14,train,Interesting other dishes for a change include chicken in curry sauce and salmon caserole .,['salmon caserole'],['General'],['positive'],['salmon caserole'],[False],1,False,False
semeval14_train_03531,semeval14,train,"One of my favorites though was the Angry Lobster , a cold lobster salad that was magnificent .",['angry lobster'],['General'],['positive'],['Angry Lobster'],[False],1,False,False
semeval14_train_03532,semeval14,train,"One of my favorites though was the Angry Lobster , a cold lobster salad that was magnificent .",['cold lobster salad'],['General'],['positive'],['cold lobster salad'],[False],1,False,False
semeval14_train_03533,semeval14,train,"Ask for Usha , the nicest bartender in manhattan .",['bartender'],['General'],['positive'],['bartender'],[False],1,False,False
semeval14_train_03534,semeval14,train,The service is outstanding and my crab-cake eggs benedict could not have been better .,['service'],['Service'],['positive'],['service'],[False],1,False,False
semeval14_train_03535,semeval14,train,The service is outstanding and my crab-cake eggs benedict could not have been better .,['crab-cake eggs benedict'],['General'],['positive'],['crab-cake eggs benedict'],[False],1,False,False
semeval14_train_03536,semeval14,train,The place 's decor and hidden bathrooms made for a good laugh .,['decor'],['General'],['positive'],['decor'],[False],1,False,False
semeval14_train_03537,semeval14,train,The place 's decor and hidden bathrooms made for a good laugh .,['bathrooms'],['General'],['positive'],['bathrooms'],[False],1,False,False
semeval14_train_03538,semeval14,train,"Its location is good and the fact that Hutner College is near and their prices are very reasonable , makes students go back to Suan again and again .",['location'],['General'],['positive'],['location'],[False],1,False,False
semeval14_train_03539,semeval14,train,"Its location is good and the fact that Hutner College is near and their prices are very reasonable , makes students go back to Suan again and again .",['prices'],['General'],['positive'],['prices'],[False],1,False,False
semeval14_train_03540,semeval14,train,A wonderful place !,['place'],['General'],['positive'],['place'],[False],1,False,False
semeval14_train_03541,semeval14,train,Deliveries often take up to an hour and the prices are higher than most other pizzerias in the area .,['deliveries'],['General'],['negative'],['Deliveries'],[False],1,False,False
semeval14_train_03542,semeval14,train,Deliveries often take up to an hour and the prices are higher than most other pizzerias in the area .,['prices'],['General'],['negative'],['prices'],[False],1,False,False
semeval14_train_03543,semeval14,train,Kind of a small place but I guess if they are not too busy might be able to fit a group or kids .,['place'],['General'],['negative'],['place'],[False],1,False,False
semeval14_train_03544,semeval14,train,We also ordered two hot dogs thinking they would be pretty good since there is a whole section on the menu devoted to them .,['hot dogs'],['General'],['neutral'],['hot dogs'],[False],1,False,False
semeval14_train_03545,semeval14,train,We also ordered two hot dogs thinking they would be pretty good since there is a whole section on the menu devoted to them .,['menu'],['General'],['neutral'],['menu'],[False],1,False,False
semeval14_train_03546,semeval14,train,"I 've had the chicken with garlic sauce , chicken with black bean sauce , and hunan chicken .",['chicken with garlic sauce'],['General'],['neutral'],['chicken with garlic sauce'],[False],1,False,False
semeval14_train_03547,semeval14,train,"I 've had the chicken with garlic sauce , chicken with black bean sauce , and hunan chicken .",['chicken with black bean sauce'],['General'],['neutral'],['chicken with black bean sauce'],[False],1,False,False
semeval14_train_03548,semeval14,train,"I 've had the chicken with garlic sauce , chicken with black bean sauce , and hunan chicken .",['hunan chicken'],['General'],['neutral'],['hunan chicken'],[False],1,False,False
semeval14_train_03549,semeval14,train,"Because of the delicate thin crust , take-out pies get soggy in their boxes .",['take-out pies'],['General'],['negative'],['take-out pies'],[False],1,False,False
semeval14_train_03550,semeval14,train,"Because of the delicate thin crust , take-out pies get soggy in their boxes .",['crust'],['General'],['negative'],['crust'],[False],1,False,False
semeval14_train_03551,semeval14,train,The dish had like 6 pieces of beef in it .,['dish'],['General'],['neutral'],['dish'],[False],1,False,False
semeval14_train_03552,semeval14,train,The dish had like 6 pieces of beef in it .,['beef'],['General'],['neutral'],['beef'],[False],1,False,False
semeval14_train_03553,semeval14,train,We got in line and were served while in line a bannan fritter .,['bannan fritter'],['General'],['neutral'],['bannan fritter'],[False],1,False,False
semeval14_train_03554,semeval14,train,We got in line and were served while in line a bannan fritter .,['served'],['General'],['neutral'],['served'],[False],1,False,False
semeval14_train_03555,semeval14,train,"It might have been a little too spicy for my friend , which you can couteract with eat more rice and keeping water on hand .",['rice'],['General'],['neutral'],['rice'],[False],1,False,False
semeval14_train_03556,semeval14,train,"It might have been a little too spicy for my friend , which you can couteract with eat more rice and keeping water on hand .",['water'],['General'],['neutral'],['water'],[False],1,False,False
semeval14_train_03557,semeval14,train,This place is always very crowded and popular .,['place'],['General'],['positive'],['place'],[False],1,False,False
semeval14_train_03558,semeval14,train,Appetizers are somewhere around $ 7 each and the main dishes are between $ 11 and $ 16 .,['appetizers'],['General'],['neutral'],['Appetizers'],[False],1,False,False
semeval14_train_03559,semeval14,train,Appetizers are somewhere around $ 7 each and the main dishes are between $ 11 and $ 16 .,['main dishes'],['General'],['neutral'],['main dishes'],[False],1,False,False
semeval14_train_03560,semeval14,train,My wife and I went to Orsay for Valentine 's dinner .,['dinner'],['General'],['neutral'],['dinner'],[False],1,False,False
semeval14_train_03561,semeval14,train,"I do n't know about you guys , but when I go somewhere to eat I go for the food not for the atmosphere .",['food'],['Food'],['neutral'],['food'],[False],1,False,False
semeval14_train_03562,semeval14,train,"I do n't know about you guys , but when I go somewhere to eat I go for the food not for the atmosphere .",['atmosphere'],['General'],['neutral'],['atmosphere'],[False],1,False,False
semeval14_train_03563,semeval14,train,"A gentleman , maybe the manager , came to our table , and without so much as a smile or greeting asked for our order .",['manager'],['General'],['negative'],['manager'],[False],1,False,False
semeval14_train_03564,semeval14,train,"A gentleman , maybe the manager , came to our table , and without so much as a smile or greeting asked for our order .",['gentleman'],['General'],['negative'],['gentleman'],[False],1,False,False
semeval14_train_03565,semeval14,train,"A gentleman , maybe the manager , came to our table , and without so much as a smile or greeting asked for our order .",['table'],['General'],['neutral'],['table'],[False],1,False,False
semeval14_train_03566,semeval14,train,"we were tired and cold when we got to the restaurant , then we sat down to begin ordering appetizers .",['appetizers'],['General'],['neutral'],['appetizers'],[False],1,False,False
semeval14_train_03567,semeval14,train,I 've had pizza both times and the caprese salad appetizer .,['pizza'],['General'],['neutral'],['pizza'],[False],1,False,False
semeval14_train_03568,semeval14,train,I 've had pizza both times and the caprese salad appetizer .,['caprese salad appetizer'],['General'],['neutral'],['caprese salad appetizer'],[False],1,False,False
semeval14_train_03569,semeval14,train,He was terribly thirsty after the meal too .,['meal'],['General'],['negative'],['meal'],[False],1,False,False
semeval14_train_03570,semeval14,train,"I was n't there for the Half-Price Saturday Night Special , but Tuesday Night .",['half-price saturday night special'],['General'],['neutral'],['Half-Price Saturday Night Special'],[False],1,False,False
semeval14_train_03571,semeval14,train,"If you like the food and the value you get from some of Chinatown restaurants , this is not the place for you .",['food'],['Food'],['neutral'],['food'],[False],1,False,False
semeval14_train_03572,semeval14,train,"If you like the food and the value you get from some of Chinatown restaurants , this is not the place for you .",['value'],['General'],['neutral'],['value'],[False],1,False,False
semeval14_train_03573,semeval14,train,The selection changes frequently but the basic dishes are always available .,['selection'],['General'],['neutral'],['selection'],[False],1,False,False
semeval14_train_03574,semeval14,train,The selection changes frequently but the basic dishes are always available .,['basic dishes'],['General'],['neutral'],['basic dishes'],[False],1,False,False
semeval14_train_03575,semeval14,train,Get the soup and a nosh -LRB- pastrami sandwich -RRB- for $ 8 and you 're golden .,['soup'],['General'],['positive'],['soup'],[False],1,False,False
semeval14_train_03576,semeval14,train,Get the soup and a nosh (pastrami sandwich) for $ 8 and you 're golden .,['nosh (pastrami sandwich)'],['General'],['positive'],['nosh (pastrami sandwich)'],[False],1,False,False
semeval14_train_03577,semeval14,train,I have to say that if this what makes it easier to get a saet a lunch - I dont mind .,['lunch'],['General'],['neutral'],['lunch'],[False],1,False,False
semeval14_train_03578,semeval14,train,My family and I ate here last night for our annual Christmas dinner with the family members who would rather spend the holidays with friends out-of-town .,['christmas dinner'],['General'],['neutral'],['Christmas dinner'],[False],1,False,False
semeval14_train_03579,semeval14,train,I grew up on these bagels .,['bagels'],['General'],['positive'],['bagels'],[False],1,False,False
semeval14_train_03580,semeval14,train,We were told that they were booked solid and no other table was available .,['table'],['General'],['negative'],['table'],[False],1,False,False
semeval14_train_03581,semeval14,train,The restaraurant is very small so reservations are a must .,['reservations'],['General'],['neutral'],['reservations'],[False],1,False,False
semeval14_train_03582,semeval14,train,"To my right , the hostess stood over a busboy and hissed rapido , rapido as he tried to clear and re-set a table for six .",['hostess'],['General'],['negative'],['hostess'],[False],1,False,False
semeval14_train_03583,semeval14,train,"To my right , the hostess stood over a busboy and hissed rapido , rapido as he tried to clear and re-set a table for six .",['busboy'],['General'],['neutral'],['busboy'],[False],1,False,False
semeval14_train_03584,semeval14,train,"To my right , the hostess stood over a busboy and hissed rapido , rapido as he tried to clear and re-set a table for six .",['table'],['General'],['neutral'],['table'],[False],1,False,False
semeval14_train_03585,semeval14,train,After dealing with subpar pizza all over the Kensington neighborhood - I 've found little toninos .,['pizza'],['General'],['negative'],['pizza'],[False],1,False,False
semeval14_train_03586,semeval14,train,then we ordered a dinosaur rolls and white tuna sashimi .,['dinosaur rolls'],['General'],['neutral'],['dinosaur rolls'],[False],1,False,False
semeval14_train_03587,semeval14,train,then we ordered a dinosaur rolls and white tuna sashimi .,['white tuna sashimi'],['General'],['neutral'],['white tuna sashimi'],[False],1,False,False
semeval14_train_03588,semeval14,train,I 'm partial to the Gnocchi .,['gnocchi'],['General'],['positive'],['Gnocchi'],[False],1,False,False
semeval14_train_03589,semeval14,train,they were able to squeeze me in at 6 after i called the night before my anniversary for a friday night reservation and told me they 'd treat us well for the occasion .,['reservation'],['General'],['neutral'],['reservation'],[False],1,False,False
semeval14_train_03590,semeval14,train,"Note that they do not serve beer , you must bring your own .",['beer'],['General'],['negative'],['beer'],[False],1,False,False
semeval14_train_03591,semeval14,train,We ate outside at Haru 's Sake bar because Haru 's restaurant next door was overflowing .,['bar'],['General'],['neutral'],['bar'],[False],1,False,False
semeval14_train_03592,semeval14,train,"The service was typical short-order , dinner type .",['service'],['Service'],['neutral'],['service'],[False],1,False,False
semeval14_train_03593,semeval14,train,"We shared a bottle of sake , an order of edamames , and she had the sushi plate while I had the sashimi .",['bottle of sake'],['General'],['neutral'],['bottle of sake'],[False],1,False,False
semeval14_train_03594,semeval14,train,"We shared a bottle of sake , an order of edamames , and she had the sushi plate while I had the sashimi .",['edamames'],['General'],['neutral'],['edamames'],[False],1,False,False
semeval14_train_03595,semeval14,train,"We shared a bottle of sake , an order of edamames , and she had the sushi plat e while I had the sashimi .",['sushi plat'],['General'],['neutral'],['sushi plat'],[False],1,False,False
semeval14_train_03596,semeval14,train,"We shared a bottle of sake , an order of edamames , and she had the sushi plate while I had the sashimi .",['sashimi'],['General'],['neutral'],['sashimi'],[False],1,False,False
semeval14_train_03597,semeval14,train,I ca n't believe people complain about no cheese sticks ?,['cheese sticks'],['General'],['neutral'],['cheese sticks'],[False],1,False,False
semeval14_train_03598,semeval14,train,"From the appetizers we ate , the dim sum and other variety of foods , it was impossible to criticize the food .",['appetizers'],['General'],['positive'],['appetizers'],[False],1,False,False
semeval14_train_03599,semeval14,train,"From the appetizers we ate , the dim sum and other variety of foods , it was impossible to criticize the food .",['dim sum'],['General'],['positive'],['dim sum'],[False],1,False,False
semeval14_train_03600,semeval14,train,"From the appetizers we ate , the dim sum and other variety of foods , it was impossible to criticize the food .",['foods'],['General'],['positive'],['foods'],[False],1,False,False
semeval14_train_03601,semeval14,train,"From the appetizers we ate , the dim sum and other variety of foods , it was impossible to criticize the food .",['food'],['Food'],['positive'],['food'],[False],1,False,False
semeval14_train_03602,semeval14,train,"Each table has a pot of boiling water sunken into its surface , and you get platters of thin sliced meats , various vegetables , and rice and glass noodles .",['table'],['General'],['neutral'],['table'],[False],1,False,False
semeval14_train_03603,semeval14,train,"Each table has a pot of boiling water sunken into its surface , and you get platters of thin sliced meats , various vegetables , and rice and glass noodles .",['pot of boiling water'],['General'],['neutral'],['pot of boiling water'],[False],1,False,False
semeval14_train_03604,semeval14,train,"Each table has a pot of boiling water sunken into its surface , and you get platters of thin sliced meats , various vegetables , and rice and glass noodles .",['meats'],['General'],['neutral'],['meats'],[False],1,False,False
semeval14_train_03605,semeval14,train,"Each table has a pot of boiling water sunken into its surface , and you get platters of thin sliced meats , various vegetables , and rice and glass noodles .",['vegetables'],['General'],['neutral'],['vegetables'],[False],1,False,False
semeval14_train_03606,semeval14,train,"Each table has a pot of boiling water sunken into its surface , and you get platters of thin sliced meats , various vegetables , and rice and glass noodles .",['rice'],['General'],['neutral'],['rice'],[False],1,False,False
semeval14_train_03607,semeval14,train,"Each table has a pot of boiling water sunken into its surface , and you get platters of thin sliced meats , various vegetables , and rice and glass noodles .",['glass noodles'],['General'],['neutral'],['glass noodles'],[False],1,False,False
