sample_id,source,split,text,categories_fine,categories_coarse,sentiments,aspect_terms,is_implicit_flags,num_aspects,has_implicit,has_conflict,consistency_score,mode
synthetic_000000,yelp,train,Horrible customer service from......no other than Alam the manager.  Then to top it off they didn't put the lid on but instead just placed it on top! I grab my coffee and turn around to leave and of course pop goes the lid and hot coffee pour out all over my arm hand and legs!!  Sorry alam but it's time to find a better career maybe pizza delivery boy?!?,"['SERVICE#GENERAL', 'SERVICE#GENERAL']","['Service', 'Service']","['negative', 'negative']","['customer service', None]","[False, True]",2,True,False,,label
synthetic_000001,yelp,train,"Do yourself a favor and never ever order the breaded chicken. It was served black, extremely overcooked to the point where I started to question what kind of meat it actually was. As far as the texture - it would make a nice hockey puck for the NHL. It definitely might not be one of their more common orders but take it off the menu if you have no idea how to make it.",['FOOD#QUALITY'],['Food'],['negative'],['breaded chicken'],[False],1,False,False,,label
synthetic_000002,yelp,train,The margarita tasted like lemonade. It was AWFUL and tasted like it had no tequila in it at all. I asked to either switch it out for something else or for them to remake it and they wouldn't do either. I won't ever be back! Terrible service.,"['DRINKS#QUALITY', 'SERVICE#GENERAL']","['Food', 'Service']","['negative', 'negative']","['margarita', 'service']","[False, False]",2,False,False,,label
synthetic_000003,yelp,train,"At 6:03pm, the PSTA Driver sped through the Marina, not even bothering to slow down to pickup the Passengers, which there were 9 Passengers waiting. That Driver (a White Guy, just to narrow it down) should be Fired Immediately!",['SERVICE#GENERAL'],['Service'],['negative'],['Driver'],[False],1,False,False,,label
synthetic_000004,yelp,train,"Ordered the veggie pho for takeout... The amount of veggies is nice and a lot more than you get with veggie pho from other places, but the broth is very fishy smelling and tasting.","['FOOD#QUALITY', 'FOOD#QUALITY']","['Food', 'Food']","['positive', 'negative']","['amount of veggies', 'broth']","[False, False]",2,False,True,,label
synthetic_000005,yelp,train,"They must have thought it was my first time!? Salmon smelled horrible and was sweating... After losing my appetite I sent the food back, paid for my beer and left!",['FOOD#QUALITY'],['Food'],['negative'],['Salmon'],[False],1,False,False,,label
synthetic_000006,yelp,train,"No service, waited 20 minutes for someone to approach the table. When asked if there was service I received a shrug from the host.",['SERVICE#GENERAL'],['Service'],['negative'],['service'],[False],1,False,False,,label
synthetic_000007,yelp,train,Great food & pleasant service.  Would order any of our dishes again & staff Robert & Gregory were both very entertaining but not overbearing.,"['FOOD#QUALITY', 'SERVICE#GENERAL', 'SERVICE#GENERAL']","['Food', 'Service', 'Service']","['positive', 'positive', 'positive']","['food', 'service', 'staff Robert & Gregory']","[False, False, False]",3,False,False,,label
synthetic_000008,yelp,train,"Came in at 9:59 am when they open at 10 am, door was unlocked and everything but they lady was very rude and told us they weren't open. Walked out a couple steps turned around and she had flicked the open sign on. Decided not to walk back because of the poor customer service.",['SERVICE#GENERAL'],['Service'],['negative'],['customer service'],[False],1,False,False,,label
synthetic_000009,yelp,train,"Absolutely amazing! Must get the black garlic wings - they are to die for! My brisket ramen was delicious as well, I can not wait to come back!","['FOOD#QUALITY', 'FOOD#QUALITY']","['Food', 'Food']","['positive', 'positive']","['black garlic wings', 'brisket ramen']","[False, False]",2,False,False,,label
synthetic_000010,yelp,train,Come on hoosiers. Boba tea is supposed to be brewed tea that is mixed with milk. It should not come from a bin of powder.,['DRINKS#QUALITY'],['Food'],['negative'],['Boba tea'],[False],1,False,False,,label
synthetic_000011,yelp,train,Worst service ever!!!! I never got my food!!!! I called them twice for them to tell me my food already on its way for 2 hours already smfh,"['SERVICE#GENERAL', 'FOOD#QUALITY']","['Service', 'Food']","['negative', 'negative']","['service', 'food']","[False, False]",2,False,False,,label
synthetic_000012,yelp,train,Epic. God I love pizza.  Obama was right.  Do I really need to say more?  Sorry this wasn't a haiku.,['FOOD#QUALITY'],['Food'],['positive'],['pizza'],[False],1,False,False,,label
synthetic_000013,yelp,train,"Honestly the music was way too loud. Normally I wouldn't care, but I went with my girlfriends grandparents and they were miserable. Not a good place to have a conversation. Food was really good though.","['AMBIENCE#GENERAL', 'FOOD#QUALITY']","['Ambience', 'Food']","['negative', 'positive']","['music', 'Food']","[False, False]",2,False,True,,label
synthetic_000014,yelp,train,Had the lengua burrito. It was non greesy and plated neatly. Simple food that was easy on the wallet. Think I will try the flan next time,"['FOOD#QUALITY', 'FOOD#PRICES']","['Food', 'Price']","['positive', 'positive']","['lengua burrito', 'food']","[False, False]",2,False,False,,label
synthetic_000015,yelp,train,Go to Charlie's!   You'll get a far superior burger and shake!  Bonus: You'll get treated with the courtesy a paying customer deserves.,"['FOOD#QUALITY', 'DRINKS#QUALITY', 'SERVICE#GENERAL']","['Food', 'Food', 'Service']","['positive', 'positive', 'positive']","['burger', 'shake', None]","[False, False, True]",3,True,False,,label
synthetic_000016,yelp,train,One of the worst tika masalas I ever tasted and i've order it many times from numerous places in various cities. This place is americanized and unauthentic.,"['FOOD#QUALITY', 'FOOD#STYLE_OPTIONS']","['Food', 'Food']","['negative', 'negative']","['tika masalas', 'this place']","[False, False]",2,False,False,,label
synthetic_000017,yelp,train,"A few years ago my parents, my brothers and i went to this restaraunt for my birthday. We ordered the usual huge spread because we love thai food. But there was a surprise in the tea. A roach, swimming around. The server brought a new pot (no apology) and that was all. No taking the tea off the bill, no acknowledgement of what happened, nothing. We haven't eaten there since.","['FOOD#STYLE_OPTIONS', 'DRINKS#QUALITY', 'SERVICE#GENERAL']","['Food', 'Food', 'Service']","['positive', 'negative', 'negative']","['thai food', 'tea', None]","[False, False, True]",3,True,True,,label
synthetic_000018,yelp,train,"The music is absolutely lovely, but don't get the old New Orleans fashioned.... it's worse than cough syrup and I got it without the simple syrup","['AMBIENCE#GENERAL', 'DRINKS#QUALITY']","['Ambience', 'Food']","['positive', 'negative']","['music', 'old New Orleans fashioned']","[False, False]",2,False,True,,label
synthetic_000019,yelp,train,"I had the banana foster french toast. To die for. Husband ordered Migos-something (scrambled eggs with chorizo) equally delicious!  Although there was a line when we arrived, our total wait time was less than 10 mins. Janet the hostess was friendly and hustled to get tables sat. I immediately became obsessed with the trendy decor and layout of what used to be a classic front porch- turned restaurant.","['FOOD#QUALITY', 'FOOD#QUALITY', 'SERVICE#GENERAL', 'SERVICE#GENERAL', 'AMBIENCE#GENERAL']","['Food', 'Food', 'Service', 'Service', 'Ambience']","['positive', 'positive', 'positive', 'positive', 'positive']","['banana foster french toast', 'Migos-something', None, 'Janet the hostess', 'trendy decor and layout']","[False, False, True, False, False]",5,True,False,,label
synthetic_000020,yelp,train,"As good as it gets in a mall food court concept (even an upscale one). The salads and bowls were delicious. The frescas were delicious (the lime, ginger, cucumber one in particular). The service was fast and helpful. I liked how they let you customize the bowls on the menu. We were able to make a bowl that had chicken, vegetarian by adding tofu. Will definitely be back.","['FOOD#QUALITY', 'DRINKS#QUALITY', 'SERVICE#GENERAL', 'FOOD#STYLE_OPTIONS']","['Food', 'Food', 'Service', 'Food']","['positive', 'positive', 'positive', 'positive']","['salads and bowls', 'frescas', 'service', 'customize the bowls']","[False, False, False, False]",4,False,False,,label
synthetic_000021,yelp,train,The food here is delicious and the portions are amazing for the price.  The girl who works behind the counter is an absolute sweetheart.  Always smiling and happy.   I wish I worked closer so I could come more often.,"['FOOD#QUALITY', 'FOOD#QUALITY', 'FOOD#PRICES', 'SERVICE#GENERAL']","['Food', 'Food', 'Price', 'Service']","['positive', 'positive', 'positive', 'positive']","['food', 'portions', 'price', 'girl who works behind the counter']","[False, False, False, False]",4,False,False,,label
synthetic_000022,yelp,train,"Dirty inside the restaurant. We ordered carry out and got back to our room, no napkins, plastic ware, or sauces. The food was just so so. Too much ginger in the general tso chicken and the crab Rangoon was lacking in the filling department. Overall, I would not recommend and we will not order again.","['AMBIENCE#GENERAL', 'SERVICE#GENERAL', 'FOOD#QUALITY', 'FOOD#QUALITY', 'FOOD#QUALITY', 'RESTAURANT#GENERAL']","['Ambience', 'Service', 'Food', 'Food', 'Food', 'General']","['negative', 'negative', 'neutral', 'negative', 'negative', 'negative']","['inside the restaurant', None, 'food', 'general tso chicken', 'crab Rangoon', None]","[False, True, False, False, False, True]",6,True,True,,label
synthetic_000023,yelp,train,Oh man! This is the spot right here! Everything is made to order and sooo worth the wait. I'm from Chicago and have been a self proclaimed sandwich expert for most of my life...this place deserves every bit of those 5 stars! Well done guys!,"['RESTAURANT#GENERAL', 'FOOD#QUALITY', 'SERVICE#GENERAL']","['General', 'Food', 'Service']","['positive', 'positive', 'positive']","[None, None, None]","[True, True, True]",3,True,False,,label
synthetic_000024,yelp,train,"Overrated! There are so many great or just average places to eat in the city don't waste your time here. The char grill oysters were pretty good but an $80.00 lunch needs to be better than this. We ordered 2 small appetizers, a sandwich and 2 drinks and it was $80.00.","['RESTAURANT#GENERAL', 'FOOD#QUALITY', 'RESTAURANT#PRICES']","['General', 'Food', 'Price']","['negative', 'positive', 'negative']","[None, 'char grill oysters', '$80.00 lunch']","[True, False, False]",3,True,True,,label
synthetic_000025,yelp,train,"Had breakfast with the family after a quick stopover. Great food and service (thanks Jonathan!), definaelty a good find that was busy but had no wait on a Saturday.","['FOOD#QUALITY', 'SERVICE#GENERAL']","['Food', 'Service']","['positive', 'positive']","['food', 'service']","[False, False]",2,False,False,,label
synthetic_000026,yelp,train,Great food and service. The antipasto was by far the best that I have ever had.  The pasta is all fresh and full of flavor. The Fisherman's stew was loaded with great tender fish in a saffron sauce.,"['FOOD#QUALITY', 'SERVICE#GENERAL', 'FOOD#QUALITY', 'FOOD#QUALITY', 'FOOD#QUALITY']","['Food', 'Service', 'Food', 'Food', 'Food']","['positive', 'positive', 'positive', 'positive', 'positive']","['food', 'service', 'antipasto', 'pasta', ""Fisherman's stew""]","[False, False, False, False, False]",5,False,False,,label
synthetic_000027,yelp,train,"Great food but it is a little touristy. I am spoiled because I am a local and go to the spongedocks a lot. If this is your first time in the area, Hella's is a must. Even if only for their bakery. If i could write a separate review for bakery, it would be 5 star","['FOOD#QUALITY', 'RESTAURANT#GENERAL', 'FOOD#QUALITY']","['Food', 'General', 'Food']","['positive', 'negative', 'positive']","['food', None, 'bakery']","[False, True, False]",3,True,True,,label
synthetic_000028,yelp,train,"3.5 stars. Everyone gave this place rave reviews so I had to give it a try. Remember to bring cash because no credit cards accepted! I had the chili cheese etouffee with crawfish. It came out fast, I though it was tasty, really cheesy and heavy, with really soft garlic bread. I'm usually not a big fan of heavy food but this place was pretty good. I would have to come back and try the other items again.","['FOOD#QUALITY', 'FOOD#QUALITY', 'SERVICE#GENERAL', 'RESTAURANT#PRICES']","['Food', 'Food', 'Service', 'Price']","['positive', 'positive', 'positive', 'neutral']","['chili cheese etouffee with crawfish', 'garlic bread', None, None]","[False, False, True, True]",4,True,True,,label
synthetic_000029,yelp,train,This place was absolutely disgusting and sucks that we have to wait here for our bus. The bus was 20 mins late and we couldn't even sit because the whole place was disgusting.,"['RESTAURANT#GENERAL', 'AMBIENCE#GENERAL']","['General', 'Ambience']","['negative', 'negative']","['place', None]","[False, True]",2,True,False,,label
synthetic_000030,yelp,train,"Pretty solid tourist trap type restaurant on the docks. A little bit overpriced for the food quality, but reasonable given the touristy surroundings.","['RESTAURANT#GENERAL', 'FOOD#QUALITY', 'RESTAURANT#PRICES']","['General', 'Food', 'Price']","['neutral', 'neutral', 'negative']","['restaurant', 'food', None]","[False, False, True]",3,True,True,,label
synthetic_000031,yelp,train,This publix is always clean and the staff always pleasant. Cashiers talk to you instead of being drones. Shelves always are well stocked and if out on a sale item are always happy to write a rain check. Always in and out quick. Never had to wait more than a few minutes in line. Staff always asks to help you out if you have a full buggy.,"['RESTAURANT#GENERAL', 'SERVICE#GENERAL', 'SERVICE#GENERAL', 'RESTAURANT#MISCELLANEOUS', 'SERVICE#GENERAL']","['General', 'Service', 'Service', 'General', 'Service']","['positive', 'positive', 'positive', 'positive', 'positive']","['publix', 'staff', 'cashiers', 'shelves', None]","[False, False, False, False, True]",5,True,False,,label
synthetic_000032,yelp,train,"I just paid $7 for .5oz of ahi tuna mixed with .5oz of avacado, romaine, and tomatoe. Grey goose martini was mostly dirty. Totally disappointed but I understand corporate training standards on drinks. Bartender was very nice, humorous. Also asked how my drink, as well as my food was on key. A+ on service. Totally cheap on food!","['FOOD#PRICES', 'DRINKS#QUALITY', 'SERVICE#GENERAL', 'SERVICE#GENERAL', 'FOOD#PRICES']","['Price', 'Food', 'Service', 'Service', 'Price']","['negative', 'negative', 'positive', 'positive', 'negative']","['.5oz of ahi tuna mixed with .5oz of avacado, romaine, and tomatoe', 'Grey goose martini', 'Bartender', None, 'food']","[False, False, False, True, False]",5,True,True,,label
synthetic_000033,yelp,train,Currently here. Took 15 minutes to get a cup of water. Our waitress is extremely rude and threw our drinks down. My experience is already ruined before my food came simply because of the lack of service. If you're hungry go somewhere else.,"['SERVICE#GENERAL', 'SERVICE#GENERAL', 'SERVICE#GENERAL']","['Service', 'Service', 'Service']","['negative', 'negative', 'negative']","[None, 'waitress', 'drinks']","[True, False, False]",3,True,False,,label
synthetic_000034,yelp,train,This place has wonderful ambiance and is spacious for group dining. The food and service however are terrible. Everyone had something that tasted funky or didn't come right. With the kitchen upstairs and our table downstairs every problem took twice as long to work out as well. It is way overpriced. I don't recommend it and won't go back.,"['AMBIENCE#GENERAL', 'FOOD#QUALITY', 'SERVICE#GENERAL', 'RESTAURANT#PRICES']","['Ambience', 'Food', 'Service', 'Price']","['positive', 'negative', 'negative', 'negative']","['ambiance', 'food', 'service', None]","[False, False, False, True]",4,True,True,,label
synthetic_000035,yelp,train,so we ordered brisket sandwiched from here waited forever for it to arrive and when the food came they had run our of brisket and given us roast beef instead. They never bothered to tell us that and some of the order was wrong completely. we called them and said they would remake the wrong items not the roast beef and they wanted the food back. the staff were very rude,"['SERVICE#GENERAL', 'FOOD#QUALITY', 'SERVICE#GENERAL']","['Service', 'Food', 'Service']","['negative', 'negative', 'negative']","[None, 'brisket sandwich', 'staff']","[True, False, False]",3,True,False,,label
synthetic_000036,yelp,train,"Finally the brick and mortar version of Spot has arrived!  Inventive burgers, the freshest ingredients and a lively, family friendly atmosphere. Get there during the off peak times if you want to be ensured a seat. This place fills up fast!  Looking forward to eating my way through the burgers, then the other hot specialty sandwiches.    Still sniffing the fat and juices on my fingers long after the burger is gone. Sad to have to wash my hands.","['FOOD#QUALITY', 'FOOD#QUALITY', 'AMBIENCE#GENERAL']","['Food', 'Food', 'Ambience']","['positive', 'positive', 'positive']","['burgers', 'ingredients', 'atmosphere']","[False, False, False]",3,False,False,,label
synthetic_000037,yelp,train,"Over priced medicore bar food.   They have a new menu. The menu on their website contained some better options. The new slimmed down menu has fewer and much less appealling offerings. It is now just over priceded bar food. Nothing special here. Burgers, wings, salads and mediocre sushi. Blah.","['FOOD#QUALITY', 'FOOD#PRICES', 'FOOD#STYLE_OPTIONS', 'FOOD#QUALITY', 'FOOD#QUALITY', 'FOOD#QUALITY', 'FOOD#QUALITY']","['Food', 'Price', 'Food', 'Food', 'Food', 'Food', 'Food']","['negative', 'negative', 'negative', 'neutral', 'neutral', 'neutral', 'negative']","['bar food', None, 'menu', 'burgers', 'wings', 'salads', 'sushi']","[False, True, False, False, False, False, False]",7,True,True,,label
synthetic_000038,yelp,train,"2.5 stars...  I would like to give you a better rating because you're close to being something pretty good but its really not there yet. Like others mention below, the atmosphere is fun and a good local spot but the food has no flavor. The ingredients are there - fresh and good quality, but my taste buds are left screaming for more every time!!","['AMBIENCE#GENERAL', 'RESTAURANT#GENERAL', 'FOOD#QUALITY', 'FOOD#QUALITY']","['Ambience', 'General', 'Food', 'Food']","['positive', 'positive', 'negative', 'positive']","['atmosphere', None, 'food', 'ingredients']","[False, True, False, False]",4,True,True,,label
synthetic_000039,yelp,train,I experienced the worst customer service possible I've waited 15 minutes for an employee to ask me if I was being taken care of while my food was done and sitting and also the soda's in the refrigerator were expired and out of date I contacted the manager on duty and the employee did nothing I tried giving them another chance and this continues to be an issue I will no longer come to this location,"['SERVICE#GENERAL', 'DRINKS#QUALITY', 'SERVICE#GENERAL']","['Service', 'Food', 'Service']","['negative', 'negative', 'negative']","['customer service', 'soda', None]","[False, False, True]",3,True,False,,label
synthetic_000040,yelp,train,Amazing dosas. Terrible everything else. I ordered a chicken curry and the chicken pieces in it were breaded (Were they originally chicken nuggets? Who knows!). Biriyani was bland and featured cheap cinnamon sticks instead of cinnamon bark and obviously frozen mixed veggies. I've heard they've cleaned the place up a little since my visit but the interior was horrendous and dirty.,"['FOOD#QUALITY', 'RESTAURANT#GENERAL', 'FOOD#QUALITY', 'FOOD#QUALITY', 'FOOD#QUALITY', 'FOOD#QUALITY', 'AMBIENCE#GENERAL']","['Food', 'General', 'Food', 'Food', 'Food', 'Food', 'Ambience']","['positive', 'negative', 'negative', 'negative', 'negative', 'negative', 'negative']","['dosas', None, 'chicken curry', 'biriyani', 'cinnamon sticks', 'mixed veggies', 'interior']","[False, True, False, False, False, False, False]",7,True,True,,label
synthetic_000041,yelp,train,"2nd time here on Saturday at 6. Reservations were for 615 seated at 7 PM. Hostess said 20 minute wait, significantly underestimated. Same thing happened first time around. Understaffed. Squeeze you in at each table.12 people at each table only room for nine. Not enough room for dishes and drinks. Food is good but everything else below acceptable.","['SERVICE#GENERAL', 'SERVICE#GENERAL', 'SERVICE#GENERAL', 'AMBIENCE#GENERAL', 'FOOD#QUALITY']","['Service', 'Service', 'Service', 'Ambience', 'Food']","['negative', 'negative', 'negative', 'negative', 'positive']","['Reservations', 'Hostess', None, None, 'Food']","[False, False, True, True, False]",5,True,True,,label
synthetic_000042,yelp,train,"I can't really rate or comment on the food, the front counter help seemed nice and courteous .. but my big disappointment is, how are you going to buy and be part of such a big franchise and still be so damn cheap and not accept American Express? Really dude?? All because you are to damn cheap to pay the credit card fee!. Really?? Really dude!?.","['SERVICE#GENERAL', 'RESTAURANT#PRICES', 'RESTAURANT#MISCELLANEOUS']","['Service', 'Price', 'General']","['positive', 'negative', 'negative']","['front counter help', None, None]","[False, True, True]",3,True,True,,label
synthetic_000043,yelp,train,Our waitress was great. The issue was my veggie burger was not cooked. They did take it off the bill but I don't plan on going back.,"['SERVICE#GENERAL', 'FOOD#QUALITY']","['Service', 'Food']","['positive', 'negative']","['waitress', 'veggie burger']","[False, False]",2,False,True,,label
synthetic_000044,yelp,train,"I came here for lunch and was very disappointed.  Bland and expensive for the amount and quality of food we received.  Lukewarm, nearly tasteless (how can Mexican food be tasteless???) and a total waste of my lunch hour.  Meh.  Do yourself a favor and support the many authentic, locally owned, non-chain Mexican restaurants.  I was wishing that I had gone to Mi Pueblo instead.......","['RESTAURANT#GENERAL', 'FOOD#QUALITY', 'FOOD#PRICES']","['General', 'Food', 'Price']","['negative', 'negative', 'negative']","[None, 'food', 'food']","[True, False, False]",3,True,False,,label
synthetic_000045,yelp,train,"Always love coming here with my kids.  Friendly staff that are very accommodating and friendly.  The food is amazing.  Friday and Saturday nights there is buffet as well as every day at lunch.  We haven't eaten anything here that isn't good.  It is our pick amongst the St. Louis area Indian restaurants.  Even though we live in Ballwin near a few other restaurants,  this one is worth the drive!","['SERVICE#GENERAL', 'FOOD#QUALITY', 'FOOD#STYLE_OPTIONS']","['Service', 'Food', 'Food']","['positive', 'positive', 'positive']","['staff', 'food', 'buffet']","[False, False, False]",3,False,False,,label
synthetic_000046,yelp,train,This place used to be much worse but the food has gotten better and the place renovated so the atmosphere is better.,"['FOOD#QUALITY', 'AMBIENCE#GENERAL', 'AMBIENCE#GENERAL']","['Food', 'Ambience', 'Ambience']","['positive', 'positive', 'positive']","['food', 'place', 'atmosphere']","[False, False, False]",3,False,False,,label
synthetic_000047,yelp,train,"Food was awful!!!!! Tarter sauce tasted old, gumbo tasted like air freshener, and even the salad was horrible, payed way too much for food that was uneatable, very bad experience","['FOOD#QUALITY', 'FOOD#QUALITY', 'FOOD#QUALITY', 'FOOD#QUALITY', 'FOOD#PRICES']","['Food', 'Food', 'Food', 'Food', 'Price']","['negative', 'negative', 'negative', 'negative', 'negative']","['Food', 'Tarter sauce', 'gumbo', 'salad', None]","[False, False, False, False, True]",5,True,False,,label
synthetic_000048,yelp,train,"I visited Clayton Barber for the first time today, and will never be back. I'm glad that they are successful enough to run an appointment only barber, but rudely  turning away business with an empty shop is ridiculous.",['SERVICE#GENERAL'],['Service'],['negative'],[None],[True],1,True,False,,label
synthetic_000049,yelp,train,"Great rich food,  but a lil bit pricey.  Everything tastes wonderful but nothing stays the same the menu is always changing.  The most unique donuts you will find.","['FOOD#QUALITY', 'FOOD#PRICES', 'FOOD#STYLE_OPTIONS', 'FOOD#QUALITY']","['Food', 'Price', 'Food', 'Food']","['positive', 'negative', 'neutral', 'positive']","['food', 'food', 'menu', 'donuts']","[False, False, False, False]",4,False,True,,label
synthetic_000050,yelp,train,I am new to homebrewing and am so thankful for this place! I've been in once and they answered all my questions. I've even called in when I was having trouble getting my keg tapped and they very pleasantly helped me figure out was was wrong! I love Philly Homebrew Outlet and will be purchasing from them in the future!,"['RESTAURANT#GENERAL', 'SERVICE#GENERAL']","['General', 'Service']","['positive', 'positive']","['this place', None]","[False, True]",2,True,False,,label
synthetic_000051,yelp,train,"Had the greek lasagna and greek potatoes.  Pretty good lunch, tasted pretty healthy and I'm not dead tired after lunch.  Best thing about this place...like many hot spots in South Tampa there are smoking hot girls in and out all day.  Now that's yummy.","['FOOD#QUALITY', 'FOOD#QUALITY', 'FOOD#QUALITY', 'AMBIENCE#GENERAL']","['Food', 'Food', 'Food', 'Ambience']","['positive', 'positive', 'positive', 'positive']","['greek lasagna', 'greek potatoes', 'lunch', None]","[False, False, False, True]",4,True,False,,label
synthetic_000052,yelp,train,"I went here with a friend of mine for a delightful mid-morning / afternoon treat.  We browsed the farmers market and found some amazing honey, salsa, meats, and more!  Then, we ended up eating in the kitchen and it was delicious!  Followed by lunch we went to the store and bought some macaroons - which was my first time to have these delicacies and they were out of this world!  Overall, we had a lovely time!","['FOOD#QUALITY', 'FOOD#QUALITY', 'FOOD#QUALITY', 'FOOD#QUALITY', 'FOOD#QUALITY', 'AMBIENCE#GENERAL']","['Food', 'Food', 'Food', 'Food', 'Food', 'Ambience']","['positive', 'positive', 'positive', 'positive', 'positive', 'positive']","['honey', 'salsa', 'meats', 'lunch', 'macaroons', 'farmers market']","[False, False, False, False, False, False]",6,False,False,,label
synthetic_000053,yelp,train,If I could give this 0/5 stars I would. The front desk staff is EXTREMELY RUDE. They are unwilling to help with anything. They overcharge you for everything. Housekeeping threw away some of our personal belongings when they cleaned the room. We ended up moving to a different hotel during the middle of our stay. Stay away from Royal Sonesta!,"['SERVICE#GENERAL', 'RESTAURANT#PRICES', 'SERVICE#GENERAL']","['Service', 'Price', 'Service']","['negative', 'negative', 'negative']","['front desk staff', None, 'housekeeping']","[False, True, False]",3,True,False,,label
synthetic_000054,yelp,train,Great place for breakfast. Homemade corn beef hash and biscuits and gravy. Beautiful setting.  Friendly service. Fair prices.  Just a super place to come for breakfast along the water.,"['RESTAURANT#GENERAL', 'FOOD#QUALITY', 'AMBIENCE#GENERAL', 'SERVICE#GENERAL', 'RESTAURANT#PRICES']","['General', 'Food', 'Ambience', 'Service', 'Price']","['positive', 'positive', 'positive', 'positive', 'positive']","['place', 'corn beef hash and biscuits and gravy', 'setting', 'service', 'prices']","[False, False, False, False, False]",5,False,False,,label
synthetic_000055,yelp,train,Great seafood - Love the fried shrimp. My husband got the stuff I tried it but didn't like it so much. He's had the stuffed Mirliton,"['FOOD#QUALITY', 'FOOD#QUALITY', 'FOOD#QUALITY']","['Food', 'Food', 'Food']","['positive', 'positive', 'negative']","['seafood', 'fried shrimp', 'stuffed Mirliton']","[False, False, False]",3,False,True,,label
synthetic_000056,yelp,train,"I love the bacon cheese burger, but everytime I come here no matter how busy it is or even when it's dead I get crap service with crap attitudes from servers. The food and its location being really close to my house are the only reasons I come back.","['FOOD#QUALITY', 'SERVICE#GENERAL', 'FOOD#QUALITY', 'LOCATION#GENERAL']","['Food', 'Service', 'Food', 'General']","['positive', 'negative', 'positive', 'positive']","['bacon cheese burger', None, 'food', 'location']","[False, True, False, False]",4,True,True,,label
synthetic_000057,yelp,train,"The quality of the sushi itself is okay, but what really made Crazy Sushi stand out for me was the presentation. I had ordered three rolls and they were arranged neatly on a large platter with a fake bonzai tree! Seaweed salad was good, much better for the price than at Fuji Mountain. A nice BYO location that isn't too far from Penn's campus.","['FOOD#QUALITY', 'FOOD#STYLE_OPTIONS', 'FOOD#QUALITY', 'FOOD#PRICES', 'LOCATION#GENERAL']","['Food', 'Food', 'Food', 'Price', 'General']","['neutral', 'positive', 'positive', 'positive', 'positive']","['sushi', 'presentation', 'seaweed salad', 'seaweed salad', 'location']","[False, False, False, False, False]",5,False,True,,label
synthetic_000058,yelp,train,Go here for breakfast almost every weekend. Great huevos rancheros and enchiladas montadas. They are willing to make something special if you want.,"['FOOD#QUALITY', 'FOOD#QUALITY', 'SERVICE#GENERAL']","['Food', 'Food', 'Service']","['positive', 'positive', 'positive']","['huevos rancheros', 'enchiladas montadas', None]","[False, False, True]",3,True,False,,label
synthetic_000059,yelp,train,Don't be cheated - this is an American restaurant. Too much salad dressing on every dish. The only good thing is the uni.,"['RESTAURANT#GENERAL', 'FOOD#QUALITY', 'FOOD#QUALITY']","['General', 'Food', 'Food']","['negative', 'negative', 'positive']","[None, 'salad dressing', 'uni']","[True, False, False]",3,True,True,,label
synthetic_000060,yelp,train,"When I ate here I chose something a little off compared to the other things on the menu. Unfortunately my sense of trying something new was unsuccessful because I didn't really like the meal. Every pasta I had tasted dry to me, like it needed more sauce. But the environment there is perfect and you feel amazing . Just wish they could work on the food a bit.","['FOOD#QUALITY', 'FOOD#QUALITY', 'AMBIENCE#GENERAL', 'FOOD#QUALITY']","['Food', 'Food', 'Ambience', 'Food']","['negative', 'negative', 'positive', 'negative']","['meal', 'pasta', 'environment', 'food']","[False, False, False, False]",4,False,True,,label
synthetic_000061,yelp,train,"Mediocre bbq and service. Lukewarm food. The way they bring food out is like this: one person gets their plate, another person gets their plate in about 10 min, and the third person gets theirs in about 5 min after that. Portions of the actual meat are pretty small. Bbq sauce is given if requested but they don't volunteer it. It is given in a small plate so you have a limit.","['FOOD#QUALITY', 'SERVICE#GENERAL', 'FOOD#QUALITY', 'SERVICE#GENERAL', 'FOOD#QUALITY', 'FOOD#QUALITY']","['Food', 'Service', 'Food', 'Service', 'Food', 'Food']","['negative', 'negative', 'negative', 'negative', 'negative', 'negative']","['bbq', 'service', 'food', None, 'portions', 'bbq sauce']","[False, False, False, True, False, False]",6,True,False,,label
synthetic_000062,yelp,train,"So the atmosphere isn't that great. Kind of like a cafeteria that plays TMZ. I'm a vegetarian so there isn't much for me here. Which should have been obvious due to the ""7 course beef"" offering. I got the lemongrass tofu which was ok....I won't be returning to this place.","['AMBIENCE#GENERAL', 'FOOD#STYLE_OPTIONS', 'FOOD#QUALITY', 'RESTAURANT#GENERAL']","['Ambience', 'Food', 'Food', 'General']","['negative', 'negative', 'neutral', 'negative']","['atmosphere', '7 course beef', 'lemongrass tofu', None]","[False, False, False, True]",4,True,True,,label
synthetic_000063,yelp,train,"Like walking into a cave with Bacchus himself trying to sell you a bottle or 10. Best selection in town and by far the most enthusiasm for wine, which, in New Orleans, is saying something. Make the trip out.","['FOOD#STYLE_OPTIONS', 'AMBIENCE#GENERAL', 'SERVICE#GENERAL']","['Food', 'Ambience', 'Service']","['positive', 'positive', 'positive']","['selection', None, 'enthusiasm for wine']","[False, True, False]",3,True,False,,label
synthetic_000064,yelp,train,"It was pretty full when I went like always. The food was pretty tasty, albeit a bit on the salty side. The service on the otherhand was rather mediocre. We didn't receive a menu when we first entered and had to call multiple waiters. We had to wait a long time for our food while people around us got theirs already. Although I understand that it was very busy, they pretty much ignored us with no apologies at all.","['FOOD#QUALITY', 'FOOD#QUALITY', 'SERVICE#GENERAL', 'SERVICE#GENERAL']","['Food', 'Food', 'Service', 'Service']","['positive', 'negative', 'negative', 'negative']","['food', 'salty', 'service', None]","[False, False, False, True]",4,True,True,,label
synthetic_000065,yelp,train,Rons still a regular stop for me.  Usually some good craft beers  (excellent this week) and tasty food  (if you know what to stick with on menu).,"['RESTAURANT#GENERAL', 'DRINKS#QUALITY', 'FOOD#QUALITY']","['General', 'Food', 'Food']","['positive', 'positive', 'positive']","['Rons', 'craft beers', 'food']","[False, False, False]",3,False,False,,label
synthetic_000066,yelp,train,"Great looking place. Lots of beer obviously. A beer lovers haven. Other than that, not much to differentiate this place from another bar except they have more beer choices. Not that a bar is a problem. Just looking for better food with the beer to enhance this place.  Hope they try to step up their game in that area. Kudos to our server Dave.  He was awesome. Great service, beard and stache!","['RESTAURANT#GENERAL', 'DRINKS#STYLE_OPTIONS', 'FOOD#QUALITY', 'SERVICE#GENERAL', 'SERVICE#GENERAL']","['General', 'Food', 'Food', 'Service', 'Service']","['positive', 'positive', 'negative', 'positive', 'positive']","['place', 'beer', 'food', 'server Dave', 'service']","[False, False, False, False, False]",5,False,True,,label
synthetic_000067,yelp,train,"Three things to note:  1. Hand grenades are too sweet for my liking. 2. It's dirty, smelly, and loud in here (typical Bourbon). 3. Bartenders are rude.","['DRINKS#QUALITY', 'AMBIENCE#GENERAL', 'SERVICE#GENERAL']","['Food', 'Ambience', 'Service']","['negative', 'negative', 'negative']","['Hand grenades', None, None]","[False, True, True]",3,True,False,,label
synthetic_000068,yelp,train,"The food was decent. Several items were a little too salty, but overall it was  a good experience. The service could be a little tighter.","['FOOD#QUALITY', 'FOOD#QUALITY', 'SERVICE#GENERAL']","['Food', 'Food', 'Service']","['neutral', 'negative', 'negative']","['food', None, None]","[False, True, True]",3,True,True,,label
synthetic_000069,yelp,train,"A++ for ambience. Very cozy English pub feel. Great drinks too - the bartenders here know how to mix 'em. That being said, the prices are steep (I paid $7 for a standard mixed drink) and the seating is limited.","['AMBIENCE#GENERAL', 'DRINKS#QUALITY', 'DRINKS#PRICES', 'RESTAURANT#MISCELLANEOUS']","['Ambience', 'Food', 'Price', 'General']","['positive', 'positive', 'negative', 'negative']","['ambience', 'drinks', 'prices', 'seating']","[False, False, False, False]",4,False,True,,label
synthetic_000070,yelp,train,"On dec 4th went for dinner at earls in Sherwood Park. I have not been there for awhile as it is usually too busy to get  in Anyways they  have done renovations since,so went too see and I was not impressed.They use high end materials from cultural stone to beautiful light fixtures but when u look around it is all booths just like Humphrey s. No privacy, and no class......and still noisy","['RESTAURANT#MISCELLANEOUS', 'AMBIENCE#GENERAL', 'AMBIENCE#GENERAL', 'AMBIENCE#GENERAL', 'RESTAURANT#PRICES']","['General', 'Ambience', 'Ambience', 'Ambience', 'Price']","['negative', 'positive', 'negative', 'negative', 'negative']","['renovations', 'materials', 'booths', None, None]","[False, False, False, True, True]",5,True,True,,label
synthetic_000071,yelp,train,"It's probably only good because this is the only Asian/Taiwanese place. But I don't know what the hype of the braised beef noodle is because it wasn't even good. The whole soup was really bland. The noodles were kind of hard and had absolutely no flavor.  They have a little boba section in the restaurant, so that's kind of cool, a lot of drink options. The environment is decent.","['FOOD#QUALITY', 'FOOD#QUALITY', 'FOOD#QUALITY', 'DRINKS#STYLE_OPTIONS', 'AMBIENCE#GENERAL']","['Food', 'Food', 'Food', 'Food', 'Ambience']","['negative', 'negative', 'negative', 'positive', 'positive']","['braised beef noodle', 'soup', 'noodles', 'boba section', 'environment']","[False, False, False, False, False]",5,False,True,,label
synthetic_000072,yelp,train,"I'm convinced that the people that work here just make whatever they think you should drink rather than what you actually order. I especially love when one certain condescending employee informs me that ""skim milk beverages do not come with whip"" after requesting no whip. Oh but it does...every.single.time. The other day, I ordered 3 items and every single item was either made incorrectly or completely the wrong thing.  Also, the drive thru....so slow. Glacial, even.","['SERVICE#GENERAL', 'SERVICE#GENERAL', 'DRINKS#QUALITY', 'SERVICE#GENERAL']","['Service', 'Service', 'Food', 'Service']","['negative', 'negative', 'negative', 'negative']","[None, 'employee', 'drinks', 'drive thru']","[True, False, False, False]",4,True,False,,label
synthetic_000073,yelp,train,"We're new to the area, so we're exploring restaurants every weekend. My wife has already proclaimed The Roost her favorite, and that's based on many years of breakfast dining, not just in this area. They bake all their own breads and pastries. Try the raisin bread or sugar-cinnamon toast. Yum! The cornbread casserole is another dish my wife and I highly recommend. And the service was prompt, attentive and very friendly. Enjoy!","['RESTAURANT#GENERAL', 'FOOD#QUALITY', 'FOOD#QUALITY', 'FOOD#QUALITY', 'FOOD#QUALITY', 'SERVICE#GENERAL']","['General', 'Food', 'Food', 'Food', 'Food', 'Service']","['positive', 'positive', 'positive', 'positive', 'positive', 'positive']","['The Roost', 'bread and pastries', 'raisin bread', 'sugar-cinnamon toast', 'cornbread casserole', 'service']","[False, False, False, False, False, False]",6,False,False,,label
synthetic_000074,yelp,train,"Posted hours indicate a 9pm closing on Monday nights. Last night at 8:53, the door was locked. Not a big deal, but as I glanced at the hours a surly clerk near the door said in a rather mean tone, ""It doesn't matter anyway. GOODBYE!""  Really? That's how you do business? Be shitty and antagonistic to customers because you close early?   I've spent my final dime in Am. Spirits, there are other options.","['SERVICE#GENERAL', 'RESTAURANT#GENERAL']","['Service', 'General']","['negative', 'negative']","[None, 'Am. Spirits']","[True, False]",2,True,False,,label
synthetic_000075,yelp,train,"This may look like just a hole in the wall food establishment but if you judge on that alone, you'd be missing out. The food here is fantastic from the way it's prepared to the seasoning they use. Amazing gyros, fish and chicken in a variety of ways. Whatever you do, please try some dessert when you go.","['FOOD#QUALITY', 'FOOD#QUALITY', 'FOOD#STYLE_OPTIONS']","['Food', 'Food', 'Food']","['positive', 'positive', 'positive']","['food', 'gyros', 'dessert']","[False, False, False]",3,False,False,,label
synthetic_000076,yelp,train,"I wanted to like this place as the food was good but they crammed our party of 11 into a single booth which ruined the night. On top of that, the portions were not sized right for our group so most left hungry and the service was poor. The oddest thing of the night was they kept locking the door to the restaurant despite it being middle of service (7pm). Would not recommend.","['FOOD#QUALITY', 'AMBIENCE#GENERAL', 'SERVICE#GENERAL', 'FOOD#QUALITY', 'RESTAURANT#MISCELLANEOUS']","['Food', 'Ambience', 'Service', 'Food', 'General']","['positive', 'negative', 'negative', 'negative', 'negative']","['food', None, None, 'portions', 'door']","[False, True, False, False, False]",5,True,True,,label
synthetic_000077,yelp,train,This was the worst Chinese food I have ever had. Tasteless soup. Dry and over cooked wontons. The bourbon chicken made us ill. The friendly and courteous staff almost made me not want to write this. Be afraid. Be very afraid.,"['FOOD#QUALITY', 'FOOD#QUALITY', 'FOOD#QUALITY', 'FOOD#QUALITY', 'SERVICE#GENERAL']","['Food', 'Food', 'Food', 'Food', 'Service']","['negative', 'negative', 'negative', 'negative', 'positive']","['Chinese food', 'soup', 'wontons', 'bourbon chicken', 'staff']","[False, False, False, False, False]",5,False,True,,label
synthetic_000078,yelp,train,Had brunch on a Saturday. Food was delicious! Service was great! Great atmosphere! Will definitely put this place in my rotation of favorite spots!,"['FOOD#QUALITY', 'SERVICE#GENERAL', 'AMBIENCE#GENERAL', 'RESTAURANT#GENERAL']","['Food', 'Service', 'Ambience', 'General']","['positive', 'positive', 'positive', 'positive']","['Food', 'Service', 'atmosphere', 'place']","[False, False, False, False]",4,False,False,,label
synthetic_000079,yelp,train,"I love Natural Cafe! Delicious and fresh food and you can get anything from salads to pasta to salmon, rice, and veggies. I also love the environment and the little flowers they have on every table. I've had a few subpar interactions with the employees there but nothing to stop me from coming back.","['RESTAURANT#GENERAL', 'FOOD#QUALITY', 'AMBIENCE#GENERAL', 'SERVICE#GENERAL']","['General', 'Food', 'Ambience', 'Service']","['positive', 'positive', 'positive', 'negative']","['Natural Cafe', 'food', 'environment', 'employees']","[False, False, False, False]",4,False,True,,label
synthetic_000080,yelp,train,"Ate during the lunch buffet. Not terribly impressed, the food was slightly below average and the goat curry was stringy and I found three bone shards. If you are hungry and want a lunch where you don't have to wait for service then you'll be fine. otherwise I would pass.","['FOOD#QUALITY', 'FOOD#QUALITY', 'SERVICE#GENERAL']","['Food', 'Food', 'Service']","['negative', 'negative', 'positive']","['food', 'goat curry', None]","[False, False, True]",3,True,True,,label
synthetic_000081,yelp,train,"Food and beer was great. Very dissatisfied with the service, sat at a table and waited 10 minutes to get served. Come here almost every week and have never had a issue with the service.","['FOOD#QUALITY', 'DRINKS#QUALITY', 'SERVICE#GENERAL']","['Food', 'Food', 'Service']","['positive', 'positive', 'negative']","['food', 'beer', 'service']","[False, False, False]",3,False,True,,label
synthetic_000082,yelp,train,"So worth the wait! The crepes are amazing! I also loved the grits, which is rare. Tried my hubby's pancakes....awesome!","['FOOD#QUALITY', 'FOOD#QUALITY', 'FOOD#QUALITY']","['Food', 'Food', 'Food']","['positive', 'positive', 'positive']","['crepes', 'grits', 'pancakes']","[False, False, False]",3,False,False,,label
synthetic_000083,yelp,train,Just average. My wife and I were one of two occupied tables on the night we visited. The food was OK but nothing special. The prices were along the lines of Lil' Abners and Daisy Maes which ARE good steak houses. The staff seem pretty uninterested as a whole. Service was slow even though there was only one other table besides ours. I had expected better for the price paid.,"['RESTAURANT#GENERAL', 'FOOD#QUALITY', 'RESTAURANT#PRICES', 'SERVICE#GENERAL', 'SERVICE#GENERAL']","['General', 'Food', 'Price', 'Service', 'Service']","['neutral', 'neutral', 'neutral', 'negative', 'negative']","[None, 'food', 'prices', None, 'staff']","[True, False, False, True, False]",5,True,True,,label
synthetic_000084,yelp,train,"Don't expect to get any work done here.  Despite a lovely remodel of the bicycle store that was here, along with a good sized parking lot, there is quite literally not a single table in the entire joint with an electrical outlet.  No plugging in your phone, computer, nothing.  Sat here for tea (which was fine) for 20 minutes, didn't even unpack my stuff. I won't be back.","['AMBIENCE#GENERAL', 'DRINKS#QUALITY', 'AMBIENCE#GENERAL']","['Ambience', 'Food', 'Ambience']","['negative', 'neutral', 'negative']","[None, 'tea', None]","[True, False, True]",3,True,True,,label
synthetic_000085,yelp,train,"I want to love this place, but I can't. It's hipsterific, with kombucha, decent snacks, great teas, and a quiet chill place to work. However, they have the worst WiFi. In fact just consider that this place does not offer Wifi.","['DRINKS#STYLE_OPTIONS', 'FOOD#STYLE_OPTIONS', 'DRINKS#STYLE_OPTIONS', 'RESTAURANT#GENERAL', 'AMBIENCE#GENERAL', 'RESTAURANT#MISCELLANEOUS']","['Food', 'Food', 'Food', 'General', 'Ambience', 'General']","['neutral', 'positive', 'positive', 'negative', 'positive', 'negative']","['kombucha', 'snacks', 'teas', 'place', None, 'WiFi']","[False, False, False, False, True, False]",6,True,True,,label
synthetic_000086,yelp,train,"Amazing food, great atmosphere. Glad we now have a quick way to get our Indian cuisine! I will definitely be back and bringing friends and family!!","['FOOD#QUALITY', 'AMBIENCE#GENERAL']","['Food', 'Ambience']","['positive', 'positive']","['food', 'atmosphere']","[False, False]",2,False,False,,label
synthetic_000087,yelp,train,Pretty looking on the outside. Still amateur on the inside. This owner has an inflated ego.. don't pump your money into inferior product. Go to La Bonne Boucher. It's the real thing.,"['AMBIENCE#GENERAL', 'SERVICE#GENERAL', 'FOOD#QUALITY']","['Ambience', 'Service', 'Food']","['positive', 'negative', 'negative']","['outside', None, 'product']","[False, True, False]",3,True,True,,label
synthetic_000088,yelp,train,What a hidden gem of a restaurant.  While everyone else go to Taco Bus and stands in long lines I'll come here to Taco Son and get just as good of food without the lines. Everything here is made from scratch and you can taste the freshness of the ingredients.  The portions are big so you get your monies worth. Oh and their breakfast burritos are killer grab you one after a long night.,"['RESTAURANT#GENERAL', 'FOOD#QUALITY', 'RESTAURANT#PRICES', 'FOOD#QUALITY']","['General', 'Food', 'Price', 'Food']","['positive', 'positive', 'positive', 'positive']","['Taco Son', 'food', None, 'breakfast burritos']","[False, False, True, False]",4,True,False,,label
synthetic_000089,yelp,train,"My boyfriend and I tried this deli for the first time today. I had a turkey, avocado & bacon panini and he ha a buffalo chicken wrap. We will definitely be returning. The wait for food wasn't too long, which is always appreciated during lunch hour. There was SO much to choose from. They have salads, soup, macaroni, sandwiches and hot food. I love a deli that has many options to choose from!","['FOOD#QUALITY', 'FOOD#QUALITY', 'SERVICE#GENERAL', 'FOOD#STYLE_OPTIONS']","['Food', 'Food', 'Service', 'Food']","['positive', 'positive', 'positive', 'positive']","['turkey, avocado & bacon panini', 'buffalo chicken wrap', None, None]","[False, False, True, True]",4,True,False,,label
synthetic_000090,yelp,train,"Applebee's isn't really my thing, but I had a gift card, so we stopped in. It was actually pretty good. My wife's portabella chicken was very tasty and perfectly cooked. My bourbon street steak was also cooked nicely, but it did have that weird Applebee's steak texture. The pretzel sticks were a really good appetizer, though. Ceasar salads were fresh and good. Not too shabby, Applebee's!","['FOOD#QUALITY', 'FOOD#QUALITY', 'FOOD#QUALITY', 'FOOD#QUALITY']","['Food', 'Food', 'Food', 'Food']","['positive', 'neutral', 'positive', 'positive']","['portabella chicken', 'bourbon street steak', 'pretzel sticks', 'Ceasar salads']","[False, False, False, False]",4,False,True,,label
synthetic_000091,yelp,train,"The service and beer selection were in my top 5 favorites of all time.  The staff were very attentive and helpful. They helped one another. The food was great from the Kobe sliders to the crab-cake.  When in town, this is my favorite place to go.","['SERVICE#GENERAL', 'DRINKS#STYLE_OPTIONS', 'SERVICE#GENERAL', 'FOOD#QUALITY', 'FOOD#QUALITY', 'RESTAURANT#GENERAL']","['Service', 'Food', 'Service', 'Food', 'Food', 'General']","['positive', 'positive', 'positive', 'positive', 'positive', 'positive']","['service', 'beer selection', 'staff', 'Kobe sliders', 'crab-cake', 'place']","[False, False, False, False, False, False]",6,False,False,,label
synthetic_000092,yelp,train,"This place is pretty amazing with a novel idea. The pizza is great, the choices are vast.   Only suggestion: clean the walls, they are covered in dust and lint (look up)","['RESTAURANT#GENERAL', 'RESTAURANT#MISCELLANEOUS', 'FOOD#QUALITY', 'FOOD#STYLE_OPTIONS', 'AMBIENCE#GENERAL']","['General', 'General', 'Food', 'Food', 'Ambience']","['positive', 'positive', 'positive', 'positive', 'negative']","['place', 'idea', 'pizza', 'choices', 'walls']","[False, False, False, False, False]",5,False,True,,label
synthetic_000093,yelp,train,Their salsa was flavorless. To many green peppers in the fijitas compared to the onion and the chicken was dry.  Had to ask for more torrtias because the first ones where dried out. The kid who brought out the food didn't warn is how hot the plates where. My food was just pay. And by the way no Tolet seat in the men's room.,"['FOOD#QUALITY', 'FOOD#QUALITY', 'FOOD#QUALITY', 'FOOD#QUALITY', 'SERVICE#GENERAL', 'RESTAURANT#MISCELLANEOUS']","['Food', 'Food', 'Food', 'Food', 'Service', 'General']","['negative', 'negative', 'negative', 'negative', 'negative', 'negative']","['salsa', 'fijitas', 'chicken', 'torrtias', None, ""men's room""]","[False, False, False, False, True, False]",6,True,False,,label
synthetic_000094,yelp,train,"Awesome sports bar--- and the food is great. This place gets overrun with the college crowd during the school year, but doesn't get as clubby/crowded as Sportsman's.","['RESTAURANT#GENERAL', 'FOOD#QUALITY', 'AMBIENCE#GENERAL']","['General', 'Food', 'Ambience']","['positive', 'positive', 'negative']","['sports bar', 'food', None]","[False, False, True]",3,True,True,,label
synthetic_000095,yelp,train,"Just had chicken taco, steak taco, and chicken salad. Chicken was a little cold from sitting on the cool salad container. The chicken was fresh and juicy. The steak taco was delicious and had ample meat for the taco size. The salad had a zesty lime based salad dressing which was delicious. My regret is that I did not order enough food so my wife asked me to go out and get more tacos.","['FOOD#QUALITY', 'FOOD#QUALITY', 'FOOD#QUALITY', 'FOOD#QUALITY']","['Food', 'Food', 'Food', 'Food']","['neutral', 'positive', 'positive', 'positive']","['chicken', 'chicken', 'steak taco', 'salad dressing']","[False, False, False, False]",4,False,True,,label
synthetic_000096,yelp,train,"Easy online ordering. Food was good. We had a cheesesteak with fried onions, mozzarella sticks, onion rings, and a pizza steak.  One thing I didn't like was that the cheese steak automatically comes with sauce. It doesn't mention this on the menu so I didn't know to order it without sauce.","['RESTAURANT#MISCELLANEOUS', 'FOOD#QUALITY', 'FOOD#QUALITY', 'RESTAURANT#MISCELLANEOUS']","['General', 'Food', 'Food', 'General']","['positive', 'positive', 'negative', 'negative']","['online ordering', 'Food', 'cheesesteak', 'menu']","[False, False, False, False]",4,False,True,,label
synthetic_000097,yelp,train,Slllooowweeessttt deli counter ever! Been waiting for over 20 minutes for the Daily Special of all things. I could have caught the fish myself in this amount of time.,"['SERVICE#GENERAL', 'SERVICE#GENERAL']","['Service', 'Service']","['negative', 'negative']","[None, 'deli counter']","[True, False]",2,True,False,,label
synthetic_000098,yelp,train,Great cake like donuts and the peanut butter fluff is their best one especially with peanuts. I would say the best local place in the area.,"['FOOD#QUALITY', 'FOOD#QUALITY', 'RESTAURANT#GENERAL']","['Food', 'Food', 'General']","['positive', 'positive', 'positive']","['cake like donuts', 'peanut butter fluff', 'place']","[False, False, False]",3,False,False,,label
synthetic_000099,yelp,train,Add a star if you are vegan. Good tasting but a bit greasy. The mock meats were pretty good especially the chicken drumsticks.Reasonably priced. Will go back and try  little fresher choices.,"['FOOD#QUALITY', 'FOOD#QUALITY', 'FOOD#QUALITY', 'FOOD#PRICES']","['Food', 'Food', 'Food', 'Price']","['positive', 'negative', 'positive', 'positive']","['mock meats', None, 'chicken drumsticks', None]","[False, True, False, True]",4,True,True,,label
synthetic_000100,yelp,train,The food is never consistently the same.  I guess they must be one of the busiest locations in St Louis so beware of a constant crowed and don't except to get the same quality you might get at your usual location. And the Internet connection is useless.,"['FOOD#QUALITY', 'AMBIENCE#GENERAL', 'RESTAURANT#MISCELLANEOUS']","['Food', 'Ambience', 'General']","['negative', 'negative', 'negative']","['food', None, 'Internet connection']","[False, True, False]",3,True,False,,label
synthetic_000101,yelp,train,"Upscale place, food is great here and next door at Kona's. Live music in the back at Apri's. Whole package, you won't be disappointed.","['RESTAURANT#GENERAL', 'FOOD#QUALITY', 'AMBIENCE#GENERAL']","['General', 'Food', 'Ambience']","['positive', 'positive', 'positive']","['place', 'food', 'live music']","[False, False, False]",3,False,False,,label
synthetic_000102,yelp,train,This place is great! I always get the buffalo chicken cheesesteak with American cheese and it comes out good every time. The employees are always nice as well. Only thing I don't like is the horrible yellow lights they have above the seating area outside! It's like an instant headache!,"['RESTAURANT#GENERAL', 'FOOD#QUALITY', 'SERVICE#GENERAL', 'AMBIENCE#GENERAL']","['General', 'Food', 'Service', 'Ambience']","['positive', 'positive', 'positive', 'negative']","['place', 'buffalo chicken cheesesteak', 'employees', 'yellow lights']","[False, False, False, False]",4,False,True,,label
synthetic_000103,yelp,train,"Ugly yellow building - very ghetto. Very out-of-place looking, especially for this side of town. How is the food? To be honest, we really didn't like it.","['LOCATION#GENERAL', 'LOCATION#GENERAL', 'FOOD#QUALITY']","['General', 'General', 'Food']","['negative', 'negative', 'negative']","['building', None, 'food']","[False, True, False]",3,True,False,,label
synthetic_000104,yelp,train,"The deals that are offered at Ninki are great (who wouldn't want 50% off sushi rolls!), but the actual sushi isn't that great. My sushi was very bland and had no taste to it. I tried some of the fried rice from my husband's bento box and it was bland as well! The only thing I liked was their gyoza...now that was good!  Probably won't be returning here anytime soon.","['RESTAURANT#PRICES', 'FOOD#QUALITY', 'FOOD#QUALITY', 'FOOD#QUALITY']","['Price', 'Food', 'Food', 'Food']","['positive', 'negative', 'negative', 'positive']","['deals', 'sushi', 'fried rice', 'gyoza']","[False, False, False, False]",4,False,True,,label
synthetic_000105,yelp,train,My brother raves about this place and it was better than described. The service and food was excellent. Everyone was very nice and attentive. Cannot say enough good things about the place.,"['RESTAURANT#GENERAL', 'SERVICE#GENERAL', 'FOOD#QUALITY']","['General', 'Service', 'Food']","['positive', 'positive', 'positive']","['this place', 'service', 'food']","[False, False, False]",3,False,False,,label
synthetic_000106,yelp,train,"Ate Here Today the appetizers are good. Had the  fried Calamari was very good! I had the pasta an didnt really like it.But ate it it was really  too much garlic.I""ll come here for the  appetizers!","['FOOD#QUALITY', 'FOOD#QUALITY', 'FOOD#QUALITY']","['Food', 'Food', 'Food']","['positive', 'positive', 'negative']","['appetizers', 'fried Calamari', 'pasta']","[False, False, False]",3,False,True,,label
synthetic_000107,yelp,train,"Decent food, but avoid this place during lunch hour at all costs. They can't seem to get their orders straight. Wasted an hour. As can be seen on lower rating for this particular branch, the service problem seems to be unique to this particular location.","['FOOD#QUALITY', 'SERVICE#GENERAL', 'RESTAURANT#GENERAL']","['Food', 'Service', 'General']","['neutral', 'negative', 'negative']","['food', None, 'this place']","[False, True, False]",3,True,True,,label
synthetic_000108,yelp,train,It's not the greatest jack in the box I have been to but I feel like all fast food in the city is gross and not fast at all! Try something local instead so many great spots.,"['RESTAURANT#GENERAL', 'SERVICE#GENERAL', 'FOOD#QUALITY']","['General', 'Service', 'Food']","['negative', 'negative', 'negative']","['jack in the box', None, None]","[False, True, True]",3,True,False,,label
synthetic_000109,yelp,train,Service- painfully slow. 10 minutes for drinks. One water refill.  Order accuracy- terrible. Ordered steak medium (not medium well) received well dine,"['SERVICE#GENERAL', 'SERVICE#GENERAL', 'SERVICE#GENERAL', 'FOOD#QUALITY']","['Service', 'Service', 'Service', 'Food']","['negative', 'negative', 'negative', 'negative']","['Service', None, None, 'steak']","[False, True, True, False]",4,True,False,,label
synthetic_000110,yelp,train,"Placed a phone order for pick up; Jefferson's burger. This is the sad looking item I found when I got back to my office. No cheese, two strips and barely a squirt. Menu clearly states this item should come w/American cheese and I did not opt out. Temp was lukewarm at best.  Extremely disappointed. Attached image to backup my review.","['FOOD#QUALITY', 'FOOD#STYLE_OPTIONS', 'FOOD#QUALITY']","['Food', 'Food', 'Food']","['negative', 'negative', 'negative']","[""Jefferson's burger"", 'cheese', None]","[False, False, True]",3,True,False,,label
synthetic_000111,yelp,train,"EAT HERE ON TUESDAY: the special is phenomenal. Call and order a large plain for pickup. Starting at 6pm, you will be charged the same amount as the time you called. Call in at 6:30pm, you get a large plain pizza for $6.30. Hard to beat. Pizza is quite good.","['FOOD#QUALITY', 'FOOD#PRICES', 'FOOD#QUALITY']","['Food', 'Price', 'Food']","['positive', 'positive', 'positive']","['special', 'large plain pizza', 'pizza']","[False, False, False]",3,False,False,,label
synthetic_000112,yelp,train,"The second time I went here wasn't nearly a good as the first. The beer situation was similar but the mussels were only ok, the broth terrible. The calamari was listed as lightly breaded but was mostly breading. Still a decent place but I guess the meal depends more on the cook that evening.","['RESTAURANT#GENERAL', 'DRINKS#QUALITY', 'FOOD#QUALITY', 'FOOD#QUALITY', 'FOOD#QUALITY', 'RESTAURANT#GENERAL']","['General', 'Food', 'Food', 'Food', 'Food', 'General']","['negative', 'neutral', 'negative', 'negative', 'negative', 'positive']","[None, 'beer', 'mussels', 'broth', 'calamari', None]","[True, False, False, False, False, True]",6,True,True,,label
synthetic_000113,yelp,train,"Burgers were good - not great.  Fries are ok at best but they give you a very large portion for the price. Although, if I'm going to pay $7 for a burger, I might as well pay $3 more at another restaurant for a burger that's great and also not a fast food burger.","['FOOD#QUALITY', 'FOOD#QUALITY', 'FOOD#PRICES', 'FOOD#PRICES', 'RESTAURANT#GENERAL']","['Food', 'Food', 'Price', 'Price', 'General']","['positive', 'neutral', 'positive', 'negative', 'negative']","['burgers', 'fries', 'fries', 'burgers', None]","[False, False, False, False, True]",5,True,True,,label
synthetic_000114,yelp,train,"In Brentwood for work this week and I came here based on the previews. The food is good but that's all, good. Nor great... mediocre beef burrito bowl. Place and process similar to a Chipotle but my vote would go to Chipotle.","['FOOD#QUALITY', 'FOOD#QUALITY', 'SERVICE#GENERAL', 'RESTAURANT#GENERAL']","['Food', 'Food', 'Service', 'General']","['neutral', 'neutral', 'neutral', 'neutral']","['food', 'beef burrito bowl', None, 'place']","[False, False, True, False]",4,True,False,,label
synthetic_000115,yelp,train,"Food is typical Steak 'n Shake.. My issue here is with the service. Awful, awful, awful. Took my kids for breakfast and waited over 30 minutes for pancakes and eggs. Asked for salsa, ate entire breakfast before it showed up. Coffee refill?  Promised but never delivered. I don't expect McDonald's speed, but this is Steak 'n Shake, not a full service restaurant. Should be able to get in and out relatively quickly.","['FOOD#QUALITY', 'SERVICE#GENERAL', 'SERVICE#GENERAL', 'SERVICE#GENERAL', 'SERVICE#GENERAL', 'RESTAURANT#GENERAL']","['Food', 'Service', 'Service', 'Service', 'Service', 'General']","['neutral', 'negative', 'negative', 'negative', 'negative', 'negative']","['Food', 'service', None, None, None, ""Steak 'n Shake""]","[False, False, True, True, True, False]",6,True,True,,label
synthetic_000116,yelp,train,"Went here for dinner today. Here is the review, good and bad. We got salsa and that was homemade and it was delicious! Also, the steak was not too bad, just slightly burnt. It was alright. The fries were very good, the bread was yummy. Overall a good or okay experience. Wish the steak wasn't so burnt, but I'll be back!","['FOOD#QUALITY', 'FOOD#QUALITY', 'FOOD#QUALITY', 'FOOD#QUALITY']","['Food', 'Food', 'Food', 'Food']","['positive', 'neutral', 'positive', 'positive']","['salsa', 'steak', 'fries', 'bread']","[False, False, False, False]",4,False,True,,label
synthetic_000117,yelp,train,"Decent meal, fair price.  Service poor,  getting more coffee proved a chore. Waited ten minutes while I watched my waitress clean.  The days of Bob Evans being a great place seems to waning. I doubt Mr Evans wanted his customers to leave without more coffee.","['FOOD#QUALITY', 'RESTAURANT#PRICES', 'SERVICE#GENERAL', 'DRINKS#QUALITY', 'RESTAURANT#GENERAL']","['Food', 'Price', 'Service', 'Food', 'General']","['neutral', 'positive', 'negative', 'neutral', 'negative']","['meal', 'price', 'service', 'coffee', 'Bob Evans']","[False, False, False, False, False]",5,False,True,,label
synthetic_000118,yelp,train,Omg. Don't go here....waited and waited for my food . When it came out only half was there...waited more for my pancakes asked for more ice tea....waited no ice teabut... the food was good,"['SERVICE#GENERAL', 'FOOD#QUALITY', 'FOOD#QUALITY', 'DRINKS#QUALITY']","['Service', 'Food', 'Food', 'Food']","['negative', 'positive', 'neutral', 'negative']","[None, 'food', 'pancakes', 'ice tea']","[True, False, False, False]",4,True,True,,label
synthetic_000119,yelp,train,"Strawberry smoothie, you are too good to me. If you're still okay with drinking cold drinks before work when it's 20 degrees outside, head to Starbucks.   The staff is friendly, the drinks are delicious (although they are overpriced) and all of the Christmas goodies inside are awesome.   Great place to relax or prep for a work day.   See you again soon Southport Starbucks!","['DRINKS#QUALITY', 'SERVICE#GENERAL', 'DRINKS#PRICES', 'DRINKS#QUALITY', 'AMBIENCE#GENERAL', 'RESTAURANT#GENERAL']","['Food', 'Service', 'Price', 'Food', 'Ambience', 'General']","['positive', 'positive', 'negative', 'positive', 'positive', 'positive']","['strawberry smoothie', 'staff', 'drinks', 'drinks', 'Christmas goodies', None]","[False, False, False, False, False, True]",6,True,True,,label
synthetic_000120,yelp,train,Was not to bad.  gaucamole tasted like it was from a jar. Not fresh at all.  Got a Pork Burritto that was good though.,"['FOOD#QUALITY', 'FOOD#QUALITY']","['Food', 'Food']","['negative', 'positive']","['gaucamole', 'Pork Burritto']","[False, False]",2,False,True,,label
synthetic_000121,yelp,train,Went here when they first opened. They only had one flavor... it wasn't that great. Everything was overpriced and we left spending about 70-80 dollars for three people and it wasn't filling.  *it is not Cajun style seafood. The sauce tastes like a mixture between buffet style sauces with fish sauce.  Giving them a solid three because there are better places to eat at,"['FOOD#STYLE_OPTIONS', 'RESTAURANT#PRICES', 'FOOD#QUALITY', 'FOOD#QUALITY']","['Food', 'Price', 'Food', 'Food']","['negative', 'negative', 'negative', 'negative']","['flavor', None, None, 'sauce']","[False, True, True, False]",4,True,False,,label
synthetic_000122,yelp,train,"best chinese/taiwanese/fusion in reno, hands down. definitely try the more unique stuff like the sandwiches and pancakes, but the old standbys are also good. can't really be beat for quality and the price is reasonable too. plus.... boba tea. yum.","['RESTAURANT#GENERAL', 'FOOD#QUALITY', 'FOOD#QUALITY', 'FOOD#QUALITY', 'RESTAURANT#PRICES', 'DRINKS#QUALITY']","['General', 'Food', 'Food', 'Food', 'Price', 'Food']","['positive', 'positive', 'positive', 'positive', 'positive', 'positive']","['chinese/taiwanese/fusion', 'sandwiches', 'pancakes', None, None, 'boba tea']","[False, False, False, True, True, False]",6,True,False,,label
synthetic_000123,yelp,train,"Service was friendly.  Good wine pour.  I ordered simple apps in the spirit of time, of course, I'm at an airport.  It took forty, yes 40, minutes for a cup of gumbo (pre- made item, just needs to be scooped out and plopped in cup). I am sure no one reads airpprt reviews be a use you get what you get.  If this restaurant was outside an airport it wouldn't make it.  Nice people.  Good wine pour.  But that's it.","['SERVICE#GENERAL', 'DRINKS#QUALITY', 'SERVICE#GENERAL', 'SERVICE#GENERAL', 'DRINKS#QUALITY', 'RESTAURANT#GENERAL']","['Service', 'Food', 'Service', 'Service', 'Food', 'General']","['positive', 'positive', 'negative', 'positive', 'positive', 'negative']","['Service', 'wine pour', None, 'people', 'wine pour', 'restaurant']","[False, False, True, False, False, False]",6,True,True,,label
synthetic_000124,yelp,train,"I love Mr. Wizard's because they offer frozen yogurt which is a  lot healthier than frozen custard. I like that they offer some pre-select combinations or you can create your own. The only part that sucks is that there is only outside seating so if it's cold outside, plan to eat in your car.","['FOOD#QUALITY', 'FOOD#STYLE_OPTIONS', 'AMBIENCE#GENERAL']","['Food', 'Food', 'Ambience']","['positive', 'positive', 'negative']","['frozen yogurt', 'pre-select combinations', 'outside seating']","[False, False, False]",3,False,True,,label
synthetic_000125,yelp,train,"Fun and enjoyable place to sample unique wines. Sarah our host made the experience a wonderful occasion. A must new stop on the winery trail. Try it, you'll like it!","['RESTAURANT#GENERAL', 'DRINKS#STYLE_OPTIONS', 'SERVICE#GENERAL']","['General', 'Food', 'Service']","['positive', 'positive', 'positive']","['place', 'wines', 'Sarah']","[False, False, False]",3,False,False,,label
synthetic_000126,yelp,train,Food is overpriced and the menu online is not the same as the menu in the cafe.  The food is the same but the prices are vastly different.  False advertising. Not impressed.,"['FOOD#PRICES', 'RESTAURANT#MISCELLANEOUS', 'FOOD#PRICES']","['Price', 'General', 'Price']","['negative', 'negative', 'negative']","['Food', 'menu', 'prices']","[False, False, False]",3,False,False,,label
synthetic_000127,yelp,train,Okay food. The biscuits are good. Be warned! They will try and trick you into ordering extra sauces and spreads. It's almost $1 just for a little bit of citrus butter which is too expensive for the quality.,"['FOOD#QUALITY', 'FOOD#QUALITY', 'FOOD#PRICES']","['Food', 'Food', 'Price']","['neutral', 'positive', 'negative']","['food', 'biscuits', 'citrus butter']","[False, False, False]",3,False,True,,label
synthetic_000128,yelp,train,Love this place. Love my Mots & my Tom hehe all these guys are super funny and they know their stuff.,"['RESTAURANT#GENERAL', 'SERVICE#GENERAL']","['General', 'Service']","['positive', 'positive']","['place', None]","[False, True]",2,True,False,,label
synthetic_000129,yelp,train,"Lovely little restaurant which was converted from a house...lots of history to this place.  The patio area is romantic and the bar is fun to hang out in. Very good food and surprisingly not expensive. Amazing brunch on Sundays.  You know this place is great when Pamela Anderson, Brad Pitt, Jennifer Aniston, and Bill Belamy (heh heh) have been seen dining there.","['RESTAURANT#GENERAL', 'AMBIENCE#GENERAL', 'AMBIENCE#GENERAL', 'FOOD#QUALITY', 'FOOD#PRICES', 'FOOD#STYLE_OPTIONS']","['General', 'Ambience', 'Ambience', 'Food', 'Price', 'Food']","['positive', 'positive', 'positive', 'positive', 'positive', 'positive']","['restaurant', 'patio area', 'bar', 'food', 'food', 'brunch']","[False, False, False, False, False, False]",6,False,False,,label
synthetic_000130,yelp,train,"I actually eat here at least once a month . The food is good and the service compliments it. You will fall in love with there zucchini muffins. I always leave with some stashed in my purse, you know for later. The prices are cheap and they have a fantastic frozen yogurt bar . with unlimited toppings. Have fun !! yum yum","['FOOD#QUALITY', 'SERVICE#GENERAL', 'FOOD#QUALITY', 'RESTAURANT#PRICES', 'FOOD#STYLE_OPTIONS']","['Food', 'Service', 'Food', 'Price', 'Food']","['positive', 'positive', 'positive', 'positive', 'positive']","['food', 'service', 'zucchini muffins', 'prices', 'frozen yogurt bar']","[False, False, False, False, False]",5,False,False,,label
synthetic_000131,yelp,train,Really was expecting more.  I usually go to the Wilmot location but thought I'd check this one out.  Huge mistake.  Went with a party of 6.  The only thing that looked close to what I ate growing up in Japan was the Tokyo ramen.  The curry rice was a joke.   I mean....broccoli?  Sushi was meh.  The 20 minute drive to speedway and Wilmot is worth not having the regret you'll have from eating here.,"['RESTAURANT#GENERAL', 'FOOD#QUALITY', 'FOOD#QUALITY', 'FOOD#QUALITY']","['General', 'Food', 'Food', 'Food']","['negative', 'positive', 'negative', 'negative']","[None, 'Tokyo ramen', 'curry rice', 'sushi']","[True, False, False, False]",4,True,True,,label
synthetic_000132,yelp,train,"Went back to The Fat Ham last week and it is still amazing.  Consistent, delicious, and priced right.  Still no cookie dessert but glad it isn't featured on the updated website.  The Road Trip short film was very good! Kevin, the next time you are in Atlanta, must try Star Provisions cold fried chicken and 7 Lamps' mussels. Glad to have you in University City, Mr. Sbraga.","['RESTAURANT#GENERAL', 'FOOD#QUALITY', 'FOOD#PRICES', 'FOOD#QUALITY', 'FOOD#QUALITY']","['General', 'Food', 'Price', 'Food', 'Food']","['positive', 'positive', 'positive', 'positive', 'positive']","['The Fat Ham', None, None, 'cold fried chicken', 'mussels']","[False, True, True, False, False]",5,True,False,,label
synthetic_000133,yelp,train,We've been coming here since I was a kid. The staff has watched me and now my kids grow up. They're personable and so nice. They're also very prompt with service. Yoli and frank are the absolute best! The food is amazing! I absolutely love their shredded beef burro and cheese crisp. I feel they have true authentic Mexican food.,"['SERVICE#GENERAL', 'SERVICE#GENERAL', 'FOOD#QUALITY', 'FOOD#QUALITY', 'FOOD#STYLE_OPTIONS']","['Service', 'Service', 'Food', 'Food', 'Food']","['positive', 'positive', 'positive', 'positive', 'positive']","['staff', None, 'food', 'shredded beef burro and cheese crisp', 'Mexican food']","[False, True, False, False, False]",5,True,False,,label
synthetic_000134,yelp,train,"Always good, very consistent. We eat here almost weekly and have never had a negative experiance. It is in a small strip center with a very basic interior. The food is the main attraction and it is worth the trip.","['FOOD#QUALITY', 'AMBIENCE#GENERAL']","['Food', 'Ambience']","['positive', 'neutral']","['food', 'interior']","[False, False]",2,False,True,,label
synthetic_000135,yelp,train,"Stopped in for dinner, and we had a fantastic experience. The service was pleasant, the food delicious plus the atmosphere was very welcoming. Mike the owner, said hello to us and just made us feel very at home. We will be back!","['RESTAURANT#GENERAL', 'SERVICE#GENERAL', 'FOOD#QUALITY', 'AMBIENCE#GENERAL']","['General', 'Service', 'Food', 'Ambience']","['positive', 'positive', 'positive', 'positive']","['experience', 'service', 'food', 'atmosphere']","[False, False, False, False]",4,False,False,,label
synthetic_000136,yelp,train,"I usually come here once every 2 years only to find that yes, the food is still pretty bland...well, at least they are consistent. I've tried breakfast and I've tried dinner and the food is always less than spectacular. I usually see this spot out my car window on my way to Amy's up the road which is so much better.",['FOOD#QUALITY'],['Food'],['negative'],['food'],[False],1,False,False,,label
synthetic_000137,yelp,train,"Great pizza. It's just down the road from Peel, which offers great pizzas too. Gia's is more traditional, which definitely has its place. I loved the BLT pizza in particular.","['FOOD#QUALITY', 'RESTAURANT#GENERAL', 'FOOD#STYLE_OPTIONS']","['Food', 'General', 'Food']","['positive', 'positive', 'positive']","['pizza', ""Gia's"", 'BLT pizza']","[False, False, False]",3,False,False,,label
synthetic_000138,yelp,train,"This is the best tortilla soup I've ever eaten!!  This is going to sound strange but I actually crave their chips and salsa.  The restaurant is always clean, waitstaff is always friendly, and the food is always good!  Worth the trip!","['FOOD#QUALITY', 'FOOD#STYLE_OPTIONS', 'AMBIENCE#GENERAL', 'SERVICE#GENERAL', 'FOOD#QUALITY']","['Food', 'Food', 'Ambience', 'Service', 'Food']","['positive', 'positive', 'positive', 'positive', 'positive']","['tortilla soup', 'chips and salsa', 'restaurant', 'waitstaff', 'food']","[False, False, False, False, False]",5,False,False,,label
synthetic_000139,yelp,train,Quaint and inviting.  This is a beer lover's tasting room.  A wide variety  of delicious beers to drink and enjoy.  This is a happy addition to this amazing neighborhood.,"['LOCATION#GENERAL', 'AMBIENCE#GENERAL', 'RESTAURANT#GENERAL', 'DRINKS#QUALITY']","['General', 'Ambience', 'General', 'Food']","['positive', 'positive', 'positive', 'positive']","['neighborhood', None, 'tasting room', 'beers']","[False, True, False, False]",4,True,False,,label
synthetic_000140,yelp,train,"Not good at all, not even for a strip mall chinese buffet.  Everything looked so old we couldn't find anything to make a positive comment about.",['RESTAURANT#GENERAL'],['General'],['negative'],['everything'],[False],1,False,False,,label
synthetic_000141,yelp,train,"Truly, the Skyway Cafe is one of those perfect Brunch spots. The service is excellent, the coffee is brewed well and is refilled often, and the atmosphere is saturated with a regular, local crowd with a loyal following. Get in before 11 because it gets crowded!","['RESTAURANT#GENERAL', 'SERVICE#GENERAL', 'DRINKS#QUALITY', 'AMBIENCE#GENERAL']","['General', 'Service', 'Food', 'Ambience']","['positive', 'positive', 'positive', 'positive']","['Skyway Cafe', 'service', 'coffee', 'atmosphere']","[False, False, False, False]",4,False,False,,label
synthetic_000142,yelp,train,"Even in the middle of lunchtime on a weekday, food is cold-old. With that odor associated with something that as waited too long, where flavor transmutes to an impatient attitude. You could maybe account for this by imagining the burger, fries, and fish sandwich had been prepared at some suburban McDonalds and then trucked over to this urban outlet to be re-heated and allow to age a bit. This is an insult to the neighborhood.","['FOOD#QUALITY', 'SERVICE#GENERAL', 'FOOD#QUALITY', 'FOOD#QUALITY', 'FOOD#QUALITY', 'LOCATION#GENERAL']","['Food', 'Service', 'Food', 'Food', 'Food', 'General']","['negative', 'negative', 'negative', 'negative', 'negative', 'negative']","['food', None, 'burger', 'fries', 'fish sandwich', 'neighborhood']","[False, True, False, False, False, False]",6,True,False,,label
synthetic_000143,yelp,train,Great pizza and wings. Service is always quick and friendly with fresh beer on tap. Plenty of tvs and arcade games to choose from. Yay peggs!,"['FOOD#QUALITY', 'FOOD#QUALITY', 'SERVICE#GENERAL', 'DRINKS#QUALITY', 'AMBIENCE#GENERAL', 'AMBIENCE#GENERAL']","['Food', 'Food', 'Service', 'Food', 'Ambience', 'Ambience']","['positive', 'positive', 'positive', 'positive', 'positive', 'positive']","['pizza', 'wings', 'service', 'beer', 'tvs', 'arcade games']","[False, False, False, False, False, False]",6,False,False,,label
synthetic_000144,yelp,train,"For appetizers, we had the scallion pancakes and the seafood soup. They were delicious.  I wanted the Peking Noodles, but the sauce contained meat, which I do not eat.  However, the owner was nice enough and made accommodations for me.  The lychee smoothie was yummy and actually tasted like lychee. They use real fruit here.  Everyone at our table was satisfied with the food and service.","['FOOD#QUALITY', 'FOOD#QUALITY', 'FOOD#QUALITY', 'SERVICE#GENERAL', 'DRINKS#QUALITY', 'SERVICE#GENERAL', 'FOOD#QUALITY']","['Food', 'Food', 'Food', 'Service', 'Food', 'Service', 'Food']","['positive', 'positive', 'neutral', 'positive', 'positive', 'positive', 'positive']","['scallion pancakes', 'seafood soup', 'Peking Noodles', 'owner', 'lychee smoothie', None, None]","[False, False, False, False, False, True, True]",7,True,True,,label
synthetic_000145,yelp,train,"We were not impressed. The eight dollar guacamole that had crema or sour cream added was not good. I had a fish taco that tasted fishy. Not good either. The Rollo Pollo wasn't bad, nor were either of the salmon dishes. My husband ordered enchiladas and he was not impressed. Very pricey for the quality or lack thereof.","['FOOD#QUALITY', 'FOOD#QUALITY', 'FOOD#QUALITY', 'FOOD#QUALITY', 'FOOD#QUALITY', 'RESTAURANT#PRICES']","['Food', 'Food', 'Food', 'Food', 'Food', 'Price']","['negative', 'negative', 'neutral', 'neutral', 'negative', 'negative']","['guacamole', 'fish taco', 'Rollo Pollo', 'salmon dishes', 'enchiladas', None]","[False, False, False, False, False, True]",6,True,True,,label
synthetic_000146,yelp,train,Kinda a dive bar but could have been cool.  We found the girl bartender to be pretentious and rude.  All she seemed to care about is rushing through our order so she could go back and talk to her friends and giving smart ass answers every time you asked her a question.,"['SERVICE#GENERAL', 'SERVICE#GENERAL']","['Service', 'Service']","['negative', 'negative']","['girl bartender', None]","[False, True]",2,True,False,,label
synthetic_000147,yelp,train,"Went here 3 times one weekend while in town for a baseball tournament! Great food and service every time. From breakfast meals to sandwiches, every one was pleased with their choices. It's a good option for groups and files","['FOOD#QUALITY', 'SERVICE#GENERAL', 'RESTAURANT#GENERAL']","['Food', 'Service', 'General']","['positive', 'positive', 'positive']","['food', 'service', 'option for groups']","[False, False, False]",3,False,False,,label
synthetic_000148,yelp,train,"Great place, great food, wonderful service, and you just can't beat the price!  If you are looking for authentic puertorrican food this is the place to go.  You will feel you are enjoying a meal with family and friends.  Best mofongo ever!!!!","['RESTAURANT#GENERAL', 'FOOD#QUALITY', 'SERVICE#GENERAL', 'RESTAURANT#PRICES', 'FOOD#QUALITY']","['General', 'Food', 'Service', 'Price', 'Food']","['positive', 'positive', 'positive', 'positive', 'positive']","['place', 'food', 'service', None, 'mofongo']","[False, False, False, True, False]",5,True,False,,label
synthetic_000149,yelp,train,A need to understand customer service. Very disappointed with the lack of understanding. Traveling down from NY to take my Mother to a musical at the Media Theater. Picked Mom up at the nursing home. Looking to get a reservation at one of my Mom's favorite testaruants.  Unfortunately the person on the phone wouldn't accommodate a reservation for our party of 4. They only take reservations for large parties. Silly,['SERVICE#GENERAL'],['Service'],['negative'],[None],[True],1,True,False,,label
synthetic_000150,yelp,train,"I can only comment on the vermicelli bowls because I have never had the Pho.   The vermicelli are a decent size and a fair price. Conveniently located if you live in the Alberta Ave neighbourhood, my orders have always been ready in 15 minutes - even on a Friday night.","['FOOD#QUALITY', 'FOOD#PRICES', 'LOCATION#GENERAL', 'SERVICE#GENERAL']","['Food', 'Price', 'General', 'Service']","['neutral', 'positive', 'positive', 'positive']","['vermicelli bowls', 'vermicelli bowls', None, None]","[False, False, True, True]",4,True,True,,label
synthetic_000151,yelp,train,"Was that Mexican??? I think not.  No taste, no spice, and not even close to Mexican!!!   My dogs would not eat it, when I could not get it down.","['FOOD#STYLE_OPTIONS', 'FOOD#QUALITY']","['Food', 'Food']","['negative', 'negative']","['Mexican', None]","[False, True]",2,True,False,,label
synthetic_000152,yelp,train,Decent food but gave me indigestion from another planet i swear.  Do yourself a favor and just microwave a frozen acme pizza,['FOOD#QUALITY'],['Food'],['negative'],['food'],[False],1,False,False,,label
synthetic_000153,yelp,train,"Staff is friendly. Walters trio enchiladas where terrible and the rice was uncooked, gross. My friends liked the mahi mahi and juicy Lucy burger.","['SERVICE#GENERAL', 'FOOD#QUALITY', 'FOOD#QUALITY', 'FOOD#QUALITY', 'FOOD#QUALITY']","['Service', 'Food', 'Food', 'Food', 'Food']","['positive', 'negative', 'negative', 'positive', 'positive']","['Staff', 'Walters trio enchiladas', 'rice', 'mahi mahi', 'juicy Lucy burger']","[False, False, False, False, False]",5,False,True,,label
synthetic_000154,yelp,train,"I was told by many that the banh mi's were good here but I have had better. I think for the price you get an excellence size and value but the quality of the sandwich itself, at least the grilled pork variety, could have been better. I am sure that there are better banh mi stands in the area but this one for sure is solid. Don't expect amazing but expect good.","['FOOD#QUALITY', 'FOOD#PRICES', 'FOOD#PRICES', 'FOOD#QUALITY']","['Food', 'Price', 'Price', 'Food']","['neutral', 'positive', 'positive', 'negative']","[""banh mi's"", 'price', 'size and value', 'grilled pork variety']","[False, False, False, False]",4,False,True,,label
synthetic_000155,yelp,train,"Been coming here for years... this place would be so good if they could only fix their wait staff.    The service here, while has been great at times, overall sucks.  The high school/college aged girls that seem to dominate the staff seem to be more interested in chatting it up with each other, texting, etc than seeing to their customers.","['RESTAURANT#GENERAL', 'SERVICE#GENERAL', 'SERVICE#GENERAL']","['General', 'Service', 'Service']","['positive', 'negative', 'negative']","['place', 'wait staff', 'service']","[False, False, False]",3,False,True,,label
synthetic_000156,yelp,train,Really love the atmosphere here.  It is perfect for lunch but rather pricey for dinner.  I'm actually more of a fan of the lunch fare anyway so it works for me.  They do have a rewards card so be sure to get started on one of those so you can build up points.  They also have a nice patio in the back for warm weather days.  Friendly staff too!,"['AMBIENCE#GENERAL', 'RESTAURANT#PRICES', 'FOOD#QUALITY', 'RESTAURANT#MISCELLANEOUS', 'AMBIENCE#GENERAL', 'SERVICE#GENERAL']","['Ambience', 'Price', 'Food', 'General', 'Ambience', 'Service']","['positive', 'negative', 'positive', 'positive', 'positive', 'positive']","['atmosphere', None, 'lunch fare', 'rewards card', 'patio', 'staff']","[False, True, False, False, False, False]",6,True,True,,label
synthetic_000157,yelp,train,"The Waffle House has consistent quality wherever you go. I'm not really fond of their business model with their yelling and very small dining area, but I get it.  I still look forward to going for breakfast.","['FOOD#QUALITY', 'RESTAURANT#MISCELLANEOUS', 'AMBIENCE#GENERAL', 'AMBIENCE#GENERAL']","['Food', 'General', 'Ambience', 'Ambience']","['positive', 'negative', 'negative', 'negative']","['quality', 'business model', 'yelling', 'dining area']","[False, False, False, False]",4,False,True,,label
synthetic_000158,yelp,train,I'm not a breakfast person so I wasn't very excited about going here but wow!!! The wait was LONG - but worth it. The best food at our table was crawfish biscuit but everything else was very good. My son loved his fried chicken gravy biscuit and the hash browns were really good. The staff were very helpful when we explained our time crunch and helped by taking our order before we got our table. Excellent.,"['SERVICE#GENERAL', 'SERVICE#GENERAL', 'FOOD#QUALITY', 'FOOD#QUALITY', 'FOOD#QUALITY', 'SERVICE#GENERAL']","['Service', 'Service', 'Food', 'Food', 'Food', 'Service']","['negative', 'positive', 'positive', 'positive', 'positive', 'positive']","[None, None, 'crawfish biscuit', 'fried chicken gravy biscuit', 'hash browns', 'staff']","[True, True, False, False, False, False]",6,True,True,,label
synthetic_000159,yelp,train,"Nice place.  Waitress was attentive and did a great job.  We enjoyed salad and the cheese bread sticks.  I would get both again.  We had a handtossed sausage pizza.  The pizza itself was not the best becuase the sausage was terrible.  I would not recommend the sausage at all.  If you enjoy eating sausage, don't come here to eat it.","['RESTAURANT#GENERAL', 'SERVICE#GENERAL', 'FOOD#QUALITY', 'FOOD#QUALITY', 'FOOD#QUALITY', 'FOOD#QUALITY']","['General', 'Service', 'Food', 'Food', 'Food', 'Food']","['positive', 'positive', 'positive', 'positive', 'negative', 'negative']","['place', 'waitress', 'salad', 'cheese bread sticks', 'handtossed sausage pizza', 'sausage']","[False, False, False, False, False, False]",6,False,True,,label
synthetic_000160,yelp,train,"Overpriced fast food joint.   Skip the pretension and just go to McDonald's down the street.  I was not impressed with the service, the selections or the food.   Only good point was the actual ice cream for dessert.   So skip the more and just get some ice cream to go.","['RESTAURANT#PRICES', 'SERVICE#GENERAL', 'FOOD#STYLE_OPTIONS', 'FOOD#QUALITY', 'FOOD#QUALITY']","['Price', 'Service', 'Food', 'Food', 'Food']","['negative', 'negative', 'negative', 'negative', 'positive']","[None, 'service', 'selections', 'food', 'ice cream']","[True, False, False, False, False]",5,True,True,,label
synthetic_000161,yelp,train,"Good wings with lots of flavor choices. Good seasoned fries. Not a lot of beers to choose from bit I figure most of the people who hang out here are just fine with Budweiser and corona. Its a bit cramped but not too bad. Also, why do all the waitresses wear false eyelashes?","['FOOD#QUALITY', 'FOOD#QUALITY', 'DRINKS#STYLE_OPTIONS', 'SERVICE#GENERAL', 'AMBIENCE#GENERAL']","['Food', 'Food', 'Food', 'Service', 'Ambience']","['positive', 'positive', 'negative', 'negative', 'negative']","['wings', 'fries', 'beers', None, None]","[False, False, False, True, True]",5,True,True,,label
synthetic_000162,yelp,train,"I've lived near this place for many years. But there are tons of pizza and sandwich places in this area. It's saturated. I know we tried the pizza years ago and were disappointed. Tonight we got pizza steaks and they were fabulous. Soft rill, packed with meat, right amount of cheese and perfect sauce. I'm really impressed and we'll definitely order from them again.","['FOOD#QUALITY', 'FOOD#QUALITY']","['Food', 'Food']","['positive', 'negative']","['pizza steaks', 'pizza']","[False, False]",2,False,True,,label
synthetic_000163,yelp,train,"The only benefit to coming here is large portion size. Four of us went, we got spicy chicken, lomein, fried rice and the ahi bowl. The ahi bowl was ok, the rest was absolute garbage. All of the dishes were very bland, you would be better off getting the frozen Chinese food in the grocery store. Never coming back.","['FOOD#STYLE_OPTIONS', 'FOOD#QUALITY', 'FOOD#QUALITY', 'FOOD#QUALITY']","['Food', 'Food', 'Food', 'Food']","['positive', 'neutral', 'negative', 'negative']","['portion size', 'ahi bowl', 'spicy chicken, lomein, fried rice', None]","[False, False, False, True]",4,True,True,,label
synthetic_000164,yelp,train,"Horrible, old, cigarette smelly (even tho we requested smoke-free); room was never serviced during our 2-night stay, toilet starting leaking the morning we left. Needs a complete, total, expensive remodel!!!","['RESTAURANT#GENERAL', 'SERVICE#GENERAL', 'RESTAURANT#MISCELLANEOUS', 'AMBIENCE#GENERAL']","['General', 'Service', 'General', 'Ambience']","['negative', 'negative', 'negative', 'negative']","['room', None, 'toilet', None]","[False, True, False, True]",4,True,False,,label
synthetic_000165,yelp,train,Place is going downhill. They raised the prices but not on the menu.   Served cheese whiz instead of Swiss.  Had to get out money back. Staff was rude when questioned.  Just about threw our money back at us.,"['RESTAURANT#PRICES', 'FOOD#QUALITY', 'SERVICE#GENERAL']","['Price', 'Food', 'Service']","['negative', 'negative', 'negative']","['prices', 'cheese whiz', 'Staff']","[False, False, False]",3,False,False,,label
synthetic_000166,yelp,train,"Absolutely charming breakfast, brunch, and dinner spot. Happened it while in Philly for a conference and actually considered extending my stay just to explore their menu fully.  Food is elegant but has a warm, home cooked feel, coffee is strong, and the ambiance is great.  Gotta love a spot whose servers shout ""Opa"" when a guest breaks a glass!","['RESTAURANT#GENERAL', 'FOOD#QUALITY', 'DRINKS#QUALITY', 'AMBIENCE#GENERAL', 'SERVICE#GENERAL']","['General', 'Food', 'Food', 'Ambience', 'Service']","['positive', 'positive', 'positive', 'positive', 'positive']","['breakfast, brunch, and dinner spot', 'Food', 'coffee', 'ambiance', 'servers']","[False, False, False, False, False]",5,False,False,,label
synthetic_000167,yelp,train,"UPDATE - I am giving them a star back because it appears the owner keeps up with yelp comments and genuinely cares about reviews and customer satisfaction. This has impressed me enough to go back for another try (plus a craving for truffle fries that will not go away), hopefully, after my next visit i will be able to bump it up another star or two.  500, I will see you soon. Fellow yelpers, I will keep you posted.","['RESTAURANT#MISCELLANEOUS', 'FOOD#QUALITY']","['General', 'Food']","['positive', 'positive']","['owner', 'truffle fries']","[False, False]",2,False,False,,label
synthetic_000168,yelp,train,I love this place! The pizza is perfection due in part to the wood fired oven. The appetizers are great too. They use really ingredients and it shows. It is a simple neopalatin style pizza but the flavors all work well to make a great pizza. Service is great and they always have a amazing selection of beers.,"['RESTAURANT#GENERAL', 'FOOD#QUALITY', 'FOOD#QUALITY', 'FOOD#QUALITY', 'FOOD#STYLE_OPTIONS', 'FOOD#STYLE_OPTIONS', 'SERVICE#GENERAL', 'DRINKS#STYLE_OPTIONS']","['General', 'Food', 'Food', 'Food', 'Food', 'Food', 'Service', 'Food']","['positive', 'positive', 'positive', 'positive', 'positive', 'positive', 'positive', 'positive']","['place', 'pizza', 'appetizers', 'ingredients', 'wood fired oven', 'neapolitan style pizza', 'Service', 'beers']","[False, False, False, False, False, False, False, False]",8,False,False,,label
synthetic_000169,yelp,train,"Don't know what it is but If my tummy's feeling icky, I can count on Chipotle's stake to fix me up. I just have to remember not to go during full on lunch time. I usually go between 2 & 4 when it's peaceful and calm. Busy or not the service is always friendly and fast!","['FOOD#QUALITY', 'SERVICE#GENERAL', 'AMBIENCE#GENERAL']","['Food', 'Service', 'Ambience']","['positive', 'positive', 'positive']","['stake', None, None]","[False, True, True]",3,True,False,,label
synthetic_000170,yelp,train,"DON'T BOTHER GETTING THE GROUPON. The sushi was terrible and they DIDN'T HONOR the Groupon because I didn't present it when I was seated. I've used many, many Groupons in other establishments and have never been refused. I called Groupon and got a refund from them and reported that Yakuza did not accept it.  BIG THUMBS DOWN for Yakuza, thumbs up for Groupon.","['FOOD#QUALITY', 'SERVICE#GENERAL', 'RESTAURANT#MISCELLANEOUS', 'RESTAURANT#GENERAL']","['Food', 'Service', 'General', 'General']","['negative', 'negative', 'positive', 'negative']","['sushi', None, 'Groupon', 'Yakuza']","[False, True, False, False]",4,True,True,,label
synthetic_000171,yelp,train,Excellent amount of food with their early bird specials from 2-5pm. Food was average at best. People were friendly and everything was clean. Prices were pretty good,"['FOOD#QUALITY', 'FOOD#STYLE_OPTIONS', 'SERVICE#GENERAL', 'AMBIENCE#GENERAL', 'RESTAURANT#PRICES']","['Food', 'Food', 'Service', 'Ambience', 'Price']","['neutral', 'positive', 'positive', 'positive', 'positive']","['food', 'early bird specials', 'people', None, 'prices']","[False, False, False, True, False]",5,True,True,,label
synthetic_000172,yelp,train,I really don't like being told that the chef changed how something is made months ago and that I have been eating buttermilk for who knows how long.  That is not cool.  All of the seitan dishes were either removed from the menu or they were changed to include animal junk.  Basically this place has gone from being awesome to just another burrito shop for the vegan community.  Boo!,"['SERVICE#GENERAL', 'FOOD#STYLE_OPTIONS', 'FOOD#STYLE_OPTIONS', 'RESTAURANT#GENERAL']","['Service', 'Food', 'Food', 'General']","['negative', 'negative', 'negative', 'negative']","['chef', 'seitan dishes', 'menu', None]","[False, False, False, True]",4,True,False,,label
synthetic_000173,yelp,train,"Lots of slots, you have to pay to park, the cocktail waitresses aren't cute, drinks take forever, and everyone smokes in there..... I'd still go back though","['RESTAURANT#MISCELLANEOUS', 'RESTAURANT#PRICES', 'SERVICE#GENERAL', 'DRINKS#QUALITY', 'AMBIENCE#GENERAL']","['General', 'Price', 'Service', 'Food', 'Ambience']","['positive', 'negative', 'negative', 'negative', 'negative']","['slots', 'park', 'cocktail waitresses', None, None]","[False, False, False, True, True]",5,True,True,,label
synthetic_000174,yelp,train,"This place has a good location in Hillsboro Village and lots of well-positioned tv screens (had a good time watching some world cup matches here).  However, the food is fairly bad.  Service is all right, sometimes slow.  Eh.","['LOCATION#GENERAL', 'RESTAURANT#MISCELLANEOUS', 'FOOD#QUALITY', 'SERVICE#GENERAL', 'SERVICE#GENERAL']","['General', 'General', 'Food', 'Service', 'Service']","['positive', 'positive', 'negative', 'neutral', 'negative']","['location', 'tv screens', 'food', 'service', None]","[False, False, False, False, True]",5,True,True,,label
synthetic_000175,yelp,train,"Really, you can't put meat on the side for a taco salad? And your justification is a stumble over a bunch of words? I don't understand??? I definitely won't be back!","['FOOD#STYLE_OPTIONS', 'SERVICE#GENERAL', 'RESTAURANT#GENERAL']","['Food', 'Service', 'General']","['negative', 'negative', 'negative']","['meat on the side for a taco salad', None, None]","[False, True, True]",3,True,False,,label
synthetic_000176,yelp,train,"Got my haircut with Elijah ""Eli"" and I have to say that the vibe in this place is simply amazing, just a bunch of guys enjoying a good cut and laughing.  It was great, Eli was amazing and the price matches the quality! Definitely my new shop up here on the North Side.","['AMBIENCE#GENERAL', 'SERVICE#GENERAL', 'RESTAURANT#PRICES']","['Ambience', 'Service', 'Price']","['positive', 'positive', 'positive']","['vibe', 'Eli', 'price']","[False, False, False]",3,False,False,,label
synthetic_000177,yelp,train,"Amazing food and drinks, good coffee. BUT there's flies everywhere. I eat here pretty often and that's always a problem.","['FOOD#QUALITY', 'DRINKS#QUALITY', 'DRINKS#QUALITY', 'AMBIENCE#GENERAL']","['Food', 'Food', 'Food', 'Ambience']","['positive', 'positive', 'positive', 'negative']","['food', 'drinks', 'coffee', 'flies']","[False, False, False, False]",4,False,True,,label
synthetic_000178,yelp,train,"Great food... Love the Fish tacos & Nachos are great  it's really a nice atmosphere for family settings and night or dates too.. Music beach bar, home made ice cream  & a little play ground - it's great","['FOOD#QUALITY', 'FOOD#QUALITY', 'FOOD#QUALITY', 'AMBIENCE#GENERAL']","['Food', 'Food', 'Food', 'Ambience']","['positive', 'positive', 'positive', 'positive']","['food', 'Fish tacos', 'Nachos', 'atmosphere']","[False, False, False, False]",4,False,False,,label
synthetic_000179,yelp,train,"Some of the finest Mexican food I've had. The fried fish taco is WONDERFUL, as is all of the other food. My biggest regret is not buying their red sauce and birria to take home.   Also-there is no air conditioning. They do have ceiling fans, but we all know those aren't necessarily helpful in the monsoon season. The food is definitely worth the trip though!","['FOOD#QUALITY', 'FOOD#QUALITY', 'FOOD#QUALITY', 'AMBIENCE#GENERAL', 'AMBIENCE#GENERAL']","['Food', 'Food', 'Food', 'Ambience', 'Ambience']","['positive', 'positive', 'positive', 'negative', 'negative']","['Mexican food', 'fried fish taco', 'red sauce and birria', 'air conditioning', None]","[False, False, False, False, True]",5,True,True,,label
synthetic_000180,yelp,train,"Great food! The wait was a bit long, and their wait list process is a bit confusing. But other than that it was nice, friendly, and quick service. And the food was fantastic.","['FOOD#QUALITY', 'SERVICE#GENERAL', 'SERVICE#GENERAL']","['Food', 'Service', 'Service']","['positive', 'negative', 'positive']","['food', None, None]","[False, True, True]",3,True,True,,label
synthetic_000181,yelp,train,Rooms were better than expected judging by the exterior of hotel.  Great food in casino.  Great service all around.  Casino is way to smokey to the point it was hard to breathe.,"['LOCATION#GENERAL', 'RESTAURANT#MISCELLANEOUS', 'FOOD#QUALITY', 'SERVICE#GENERAL', 'AMBIENCE#GENERAL']","['General', 'General', 'Food', 'Service', 'Ambience']","['negative', 'positive', 'positive', 'positive', 'negative']","['exterior of hotel', 'Rooms', 'food', 'service', 'Casino']","[False, False, False, False, False]",5,False,True,,label
synthetic_000182,yelp,train,"They are really great with making cakes last minute, as I can attest to! I've had a sampling of most of their cakes, and they're all delicious. A little too sweet for my personal preference, but that's not a bad flaw to have!","['FOOD#QUALITY', 'FOOD#STYLE_OPTIONS', 'FOOD#QUALITY']","['Food', 'Food', 'Food']","['positive', 'positive', 'negative']","['cakes', 'cakes', None]","[False, False, True]",3,True,True,,label
synthetic_000183,yelp,train,"After reading all the glowing reviews, we stopped in for a drink on Sunday afternoon. The bartender was the worst we've experienced during our visit to NoLa. There was not a single ""friendly/neighborly"" vibe to be found. He was kind of a jerk who could care less about anyone sitting around his bar. We finished our drinks and promptly left.","['SERVICE#GENERAL', 'SERVICE#GENERAL', 'AMBIENCE#GENERAL']","['Service', 'Service', 'Ambience']","['negative', 'negative', 'negative']","['bartender', None, None]","[False, True, True]",3,True,False,,label
synthetic_000184,yelp,train,"Food was not very good and speed of service is very slow. Our waitress was very friendly tho. Granted We cane here on a Friday night, but it shouldn't take 1hr and half to serve dinner for two.  Poor execution on food and speed of service. I will not be coming here again.","['FOOD#QUALITY', 'SERVICE#GENERAL', 'SERVICE#GENERAL']","['Food', 'Service', 'Service']","['negative', 'negative', 'positive']","['Food', 'speed of service', 'waitress']","[False, False, False]",3,False,True,,label
synthetic_000185,yelp,train,Service and management terrible... After messing up all 4 of our orders the waiter got mad and started cursing... The manager offered our drinks to be free.. What a mess. The food was cold and nasty didn't even eat half of it and waited over an hour... I will never dine in any cracker barrel again after this experience...,"['SERVICE#GENERAL', 'SERVICE#GENERAL', 'SERVICE#GENERAL', 'DRINKS#QUALITY', 'FOOD#QUALITY', 'SERVICE#GENERAL', 'RESTAURANT#GENERAL']","['Service', 'Service', 'Service', 'Food', 'Food', 'Service', 'General']","['negative', 'negative', 'negative', 'positive', 'negative', 'negative', 'negative']","['Service and management', 'waiter', 'manager', 'drinks', 'food', None, None]","[False, False, False, False, False, True, True]",7,True,True,,label
synthetic_000186,yelp,train,"Tried The Wine Loft last night and had a complete different experience then what most reviewers had. Our service was phenomenal, wine was delicious, and the food we tried was tasty! My husband and I shared the brie and mini sliders. We also shared a bottle of a great cab that complimented our food well. They have a nice happy hour!","['SERVICE#GENERAL', 'DRINKS#QUALITY', 'FOOD#QUALITY', 'FOOD#QUALITY', 'DRINKS#QUALITY', 'RESTAURANT#MISCELLANEOUS']","['Service', 'Food', 'Food', 'Food', 'Food', 'General']","['positive', 'positive', 'positive', 'positive', 'positive', 'positive']","['service', 'wine', 'food', 'brie and mini sliders', 'cab', 'happy hour']","[False, False, False, False, False, False]",6,False,False,,label
synthetic_000187,yelp,train,"Dorignac's is a great local grocery store.  They have tons of local products, as well as national brands.  The quality is pretty good.  The employees are friendly and helpful.  I only wish they had a couple more locations.  I only go here when I'm in the area, and that's not very often.","['RESTAURANT#GENERAL', 'FOOD#STYLE_OPTIONS', 'FOOD#QUALITY', 'SERVICE#GENERAL', 'LOCATION#GENERAL']","['General', 'Food', 'Food', 'Service', 'General']","['positive', 'positive', 'positive', 'positive', 'negative']","[""Dorignac's"", 'local products', 'quality', 'employees', None]","[False, False, False, False, True]",5,True,True,,label
synthetic_000188,yelp,train,"If you're a fan of sweets, this spot is worth visiting.  They're well-known for their pralines, but there are plenty of other desserts to choose from here.  They even have guys in the front (or back?) of the store making pralines that you can watch.","['RESTAURANT#GENERAL', 'FOOD#QUALITY', 'FOOD#STYLE_OPTIONS']","['General', 'Food', 'Food']","['positive', 'positive', 'positive']","['spot', 'pralines', 'desserts']","[False, False, False]",3,False,False,,label
synthetic_000189,yelp,train,"Food was a 3.5 or so, but our server Kiki pushed our rating up to 4.  Oysters on half shell were good (but so damn big!).   BBQ oysters were really tasty.   Turtle soup - solid and spicy.   BBQ shrimp - wife loved it, I thought just ok.","['FOOD#QUALITY', 'SERVICE#GENERAL', 'FOOD#QUALITY', 'FOOD#QUALITY', 'FOOD#QUALITY', 'FOOD#QUALITY']","['Food', 'Service', 'Food', 'Food', 'Food', 'Food']","['neutral', 'positive', 'positive', 'positive', 'positive', 'neutral']","['Food', 'Kiki', 'Oysters on half shell', 'BBQ oysters', 'Turtle soup', 'BBQ shrimp']","[False, False, False, False, False, False]",6,False,True,,label
synthetic_000190,yelp,train,I've been to this place in numerous occasions and I have never been disappointed! My friend and I are traveling to Puerto Rico and my mother in law wanted Tamales! They were very accommodating and gave us free samples and offer to cook them and pack them for us! Great place and very friendly staff!,"['RESTAURANT#GENERAL', 'SERVICE#GENERAL']","['General', 'Service']","['positive', 'positive']","['place', 'staff']","[False, False]",2,False,False,,label
synthetic_000191,yelp,train,The food here was much better when it first opened.  Still a solid and easy BBQ and meat option just not enough to go 4 stars even.  The meat is good.  The sides are what has declined. Their biscuits aren't that great - a little too dense.  Nice selection of desserts.,"['FOOD#QUALITY', 'FOOD#QUALITY', 'FOOD#QUALITY', 'FOOD#STYLE_OPTIONS']","['Food', 'Food', 'Food', 'Food']","['negative', 'positive', 'negative', 'positive']","['food', 'meat', 'biscuits', 'desserts']","[False, False, False, False]",4,False,True,,label
synthetic_000192,yelp,train,This place is dirty and old! If you go to the drive thru you'll get better service than if you go inside. Lunch time is the worst. It's like the found the slowest people to ring during the busiest time.,"['RESTAURANT#GENERAL', 'SERVICE#GENERAL', 'AMBIENCE#GENERAL']","['General', 'Service', 'Ambience']","['negative', 'negative', 'negative']","['place', None, None]","[False, True, True]",3,True,False,,label
synthetic_000193,yelp,train,Best pizza ever Worst service tho  I still keep coming because the pizza is still go but be ready to wait a hour or more and to wait in a long line for a refil of soda   On a slow night it's awesome no complaints,"['FOOD#QUALITY', 'SERVICE#GENERAL', 'SERVICE#GENERAL', 'DRINKS#QUALITY', 'AMBIENCE#GENERAL']","['Food', 'Service', 'Service', 'Food', 'Ambience']","['positive', 'negative', 'negative', 'negative', 'positive']","['pizza', 'service', None, 'soda', None]","[False, False, True, False, True]",5,True,True,,label
synthetic_000194,yelp,train,"Stopped in for the lunch menu with my girlfriend, place was extremely clean, food was ON POINT!  And AFFORDABLE Can't wait to go back!!","['RESTAURANT#GENERAL', 'FOOD#QUALITY', 'FOOD#PRICES']","['General', 'Food', 'Price']","['positive', 'positive', 'positive']","['place', 'food', None]","[False, False, True]",3,True,False,,label
synthetic_000195,yelp,train,"Smoke and Barrel BBQ, less than marginal at best, I don't think I will ever come again! They should have kept Pastavino. Tri tip was roasted not smoked or BBQ'd cut into one inch squares, bread was hard. The chicken was the only thing somewhat worth eating.","['RESTAURANT#GENERAL', 'FOOD#QUALITY', 'FOOD#QUALITY', 'FOOD#QUALITY']","['General', 'Food', 'Food', 'Food']","['negative', 'negative', 'negative', 'positive']","['Smoke and Barrel BBQ', 'Tri tip', 'bread', 'chicken']","[False, False, False, False]",4,False,True,,label
synthetic_000196,yelp,train,"Fiorello's is awesome! My daughter's graduation was this past Saturday 5/31 and we were looking for something in west chester for lunch after the graduation with easy parking and great food.  we had 16 people and we all had GREAT meals. the service was outstanding and the ambiance was perfect - casual but very, very nice. I can't say enough about what a great experience we had.","['RESTAURANT#GENERAL', 'FOOD#QUALITY', 'SERVICE#GENERAL', 'AMBIENCE#GENERAL']","['General', 'Food', 'Service', 'Ambience']","['positive', 'positive', 'positive', 'positive']","[""Fiorello's"", 'food', 'service', 'ambiance']","[False, False, False, False]",4,False,False,,label
synthetic_000197,yelp,train,"Service was awesome, food was delicious! Very busy place for brunch on weekends but the wait was well worth it","['SERVICE#GENERAL', 'FOOD#QUALITY', 'RESTAURANT#GENERAL']","['Service', 'Food', 'General']","['positive', 'positive', 'neutral']","['Service', 'food', 'place']","[False, False, False]",3,False,True,,label
synthetic_000198,yelp,train,We are from out of town here on vacation. We really enjoyed the restaurant and the fish tank display. There is a lot of interesting Guy Harvey merchandise up front also.,"['RESTAURANT#GENERAL', 'AMBIENCE#GENERAL', 'RESTAURANT#MISCELLANEOUS']","['General', 'Ambience', 'General']","['positive', 'positive', 'positive']","['restaurant', 'fish tank display', 'Guy Harvey merchandise']","[False, False, False]",3,False,False,,label
synthetic_000199,yelp,train,I loved it.... Food was good and I love the atmosphere drinks were great!!! It's really a upscale version of the Cheesecake Factory.,"['FOOD#QUALITY', 'AMBIENCE#GENERAL', 'DRINKS#QUALITY']","['Food', 'Ambience', 'Food']","['positive', 'positive', 'positive']","['Food', 'atmosphere', 'drinks']","[False, False, False]",3,False,False,,label
synthetic_000200,yelp,train,This is one of the busiest Chick fil A's I've seen but they always manage to be quick and have exceptional service! I seriously don't know how they can be so quick and great all the time! One of my favorite places!,"['RESTAURANT#GENERAL', 'SERVICE#GENERAL']","['General', 'Service']","['positive', 'positive']","['Chick fil A', None]","[False, True]",2,True,False,,label
synthetic_000201,yelp,train,"I am glad I was able to join friend for their reservations at Luke. The drinks were wonderful! First time having raw and fried oysters, I was told the raw oysters were less salty then regular which I appreciated. I had the crab bisque which was divine, tried my friends shrimp and grits, and the bread pudding, all were glorious and to top it off the serves was great.","['DRINKS#QUALITY', 'FOOD#QUALITY', 'FOOD#QUALITY', 'FOOD#QUALITY', 'FOOD#QUALITY', 'SERVICE#GENERAL']","['Food', 'Food', 'Food', 'Food', 'Food', 'Service']","['positive', 'positive', 'positive', 'positive', 'positive', 'positive']","['drinks', 'raw oysters', 'crab bisque', 'shrimp and grits', 'bread pudding', 'serves']","[False, False, False, False, False, False]",6,False,False,,label
synthetic_000202,yelp,train,My wife and I have shopped here for years. They have the best available produce all the time - local when available and best source otherwise. We picked up sweet corn today and it was from Georgia. Last time it was California sweet corn because that was all that was available. The main reason we stopped was for Georgia peaches. Mmmm. They also have a small greenhouse and plants throughout the growing season.,"['FOOD#QUALITY', 'FOOD#QUALITY', 'FOOD#QUALITY']","['Food', 'Food', 'Food']","['positive', 'positive', 'positive']","['produce', 'sweet corn', 'Georgia peaches']","[False, False, False]",3,False,False,,label
synthetic_000203,yelp,train,"This place is just awful. Great atmosphere, but food is just plain bad. I've given it too many tries. Done.","['AMBIENCE#GENERAL', 'FOOD#QUALITY', 'RESTAURANT#GENERAL']","['Ambience', 'Food', 'General']","['positive', 'negative', 'negative']","['atmosphere', 'food', 'place']","[False, False, False]",3,False,True,,label
synthetic_000204,yelp,train,Yummy food and fair prices for the Montecito area! Stopped by after a hike and enjoyed a glass of wine and veggie salad. Good service. Great ambiance.,"['FOOD#QUALITY', 'FOOD#PRICES', 'DRINKS#QUALITY', 'FOOD#QUALITY', 'SERVICE#GENERAL', 'AMBIENCE#GENERAL']","['Food', 'Price', 'Food', 'Food', 'Service', 'Ambience']","['positive', 'positive', 'positive', 'positive', 'positive', 'positive']","['food', 'prices', 'wine', 'veggie salad', 'service', 'ambiance']","[False, False, False, False, False, False]",6,False,False,,label
synthetic_000205,yelp,train,"I have been in this store twice.  It is clean, uncluttered and seems to have a wide variety of products. The clerks and service people need to work on smiling. They seem a little grim and preoccupied. Also items I was shopping for we're not clearly priced and the deli only had 2 sizes of containers. I think there is great potential but things need to come together.","['RESTAURANT#GENERAL', 'SERVICE#GENERAL', 'RESTAURANT#PRICES', 'RESTAURANT#MISCELLANEOUS', 'SERVICE#GENERAL', 'FOOD#STYLE_OPTIONS']","['General', 'Service', 'Price', 'General', 'Service', 'Food']","['neutral', 'negative', 'negative', 'positive', 'negative', 'negative']","['store', None, 'prices', 'products', 'clerks and service people', 'deli']","[False, True, False, False, False, False]",6,True,True,,label
synthetic_000206,yelp,train,"We were visiting from LA and found Crazy Sushi on Yelp. Probably the best presentation of Sushi I have seen. We ordered sashimi, a peacock roll and unagi...delicious!","['FOOD#QUALITY', 'FOOD#QUALITY', 'FOOD#QUALITY', 'FOOD#QUALITY']","['Food', 'Food', 'Food', 'Food']","['positive', 'positive', 'positive', 'positive']","['presentation of Sushi', 'sashimi', 'peacock roll', 'unagi']","[False, False, False, False]",4,False,False,,label
synthetic_000207,yelp,train,"Not sure why the reviews are so high for this place.. Great live band, ok food and bad service. Only a few other tables taken but waited 10+ minutes to order drinks. The fish tacos were tasty; pan-seared scallops were over-seasoned and disappointing.","['AMBIENCE#GENERAL', 'FOOD#QUALITY', 'SERVICE#GENERAL', 'FOOD#QUALITY', 'FOOD#QUALITY', 'DRINKS#QUALITY']","['Ambience', 'Food', 'Service', 'Food', 'Food', 'Food']","['positive', 'neutral', 'negative', 'positive', 'negative', 'negative']","['live band', 'food', None, 'fish tacos', 'pan-seared scallops', 'drinks']","[False, False, True, False, False, False]",6,True,True,,label
synthetic_000208,yelp,train,We had a great meal after a day at the beach. The chicken tacos were great and my husband and so loved crab legs and oysters.,"['FOOD#QUALITY', 'FOOD#QUALITY', 'FOOD#QUALITY', 'FOOD#QUALITY']","['Food', 'Food', 'Food', 'Food']","['positive', 'positive', 'positive', 'positive']","['meal', 'chicken tacos', 'crab legs', 'oysters']","[False, False, False, False]",4,False,False,,label
synthetic_000209,yelp,train,Perfect place to take visitors. The plates are small and pricey but flavorful. Drinks are pretty much $10 across the board. The live music/atmosphere make the outing worth the cost. Make reservations if possible! Fun Fact: My husband and I met Bill Murray and Jon Favreau here.,"['RESTAURANT#GENERAL', 'FOOD#QUALITY', 'FOOD#PRICES', 'DRINKS#PRICES', 'AMBIENCE#GENERAL']","['General', 'Food', 'Price', 'Price', 'Ambience']","['positive', 'positive', 'negative', 'neutral', 'positive']","['place', 'plates', 'plates', 'drinks', 'live music/atmosphere']","[False, False, False, False, False]",5,False,True,,label
synthetic_000210,yelp,train,Just ate there and the meatloaf dinner. Absolutely f'n horrible. Diarrhea in 5 minutes. Worst dinner I've ever had. No stars.,['FOOD#QUALITY'],['Food'],['negative'],['meatloaf dinner'],[False],1,False,False,,label
synthetic_000211,yelp,train,"Came here once with friends and enjoyed the coconut margarita, the creamiest tableside  guacamole made to my liking served with yummy fresh and warm thin tortilla chips and free churros!! I ordered a salad but the chicken was dry and the dressing (requested on the side) didn't please me. I even asked for another dressing but still didn't quite hit the spot. I'd definitely come back for the margaritas, guac/chips and churros though!","['DRINKS#QUALITY', 'FOOD#QUALITY', 'FOOD#QUALITY', 'FOOD#QUALITY', 'FOOD#QUALITY', 'FOOD#QUALITY']","['Food', 'Food', 'Food', 'Food', 'Food', 'Food']","['positive', 'positive', 'positive', 'positive', 'negative', 'negative']","['coconut margarita', 'tableside guacamole', 'tortilla chips', 'churros', 'chicken', 'dressing']","[False, False, False, False, False, False]",6,False,True,,label
synthetic_000212,yelp,train,"Fried rice looks like brown rice about 2 1/4 in chunks of egg. No vegtibles to be recognized . Like they had a water gun of soy sauce and was randomly shooting the rice,  while they were drying it out.. I gave it 2 stars, because I am generous like that.","['FOOD#QUALITY', 'FOOD#QUALITY', 'FOOD#STYLE_OPTIONS', 'FOOD#STYLE_OPTIONS']","['Food', 'Food', 'Food', 'Food']","['negative', 'negative', 'negative', 'negative']","['fried rice', 'egg', 'vegetables', 'soy sauce']","[False, False, False, False]",4,False,False,,label
synthetic_000213,yelp,train,"Wasn't impressed, yes it was a Sat night, yes the NHL playoffs were across the street so I expected a wait.  Only waited about 15 min for a table....then came the real wait and I couldn't say it was the waitress' fault she was attentive and sweet but she had nothing to give us, drinks weren't coming out fast enough food was ready.  Disappointed in the prices too, 2 dinners and app $68 no sodas no liquors....just another chain","['SERVICE#GENERAL', 'SERVICE#GENERAL', 'DRINKS#QUALITY', 'FOOD#QUALITY', 'RESTAURANT#PRICES']","['Service', 'Service', 'Food', 'Food', 'Price']","['neutral', 'positive', 'negative', 'negative', 'negative']","['wait', 'waitress', 'drinks', 'food', 'prices']","[False, False, False, False, False]",5,False,True,,label
synthetic_000214,yelp,train,Lovely neighborhood gem but worth a drive if you're not local. Nice decor. Clean. Comfortable. Excellent menu and food. Binty is best server ever!  Binty left. Hmmmmm. 10-2014,"['RESTAURANT#GENERAL', 'AMBIENCE#GENERAL', 'AMBIENCE#GENERAL', 'AMBIENCE#GENERAL', 'FOOD#STYLE_OPTIONS', 'FOOD#QUALITY', 'SERVICE#GENERAL']","['General', 'Ambience', 'Ambience', 'Ambience', 'Food', 'Food', 'Service']","['positive', 'positive', 'positive', 'positive', 'positive', 'positive', 'positive']","['neighborhood gem', 'decor', None, None, 'menu', 'food', 'Binty']","[False, False, True, True, False, False, False]",7,True,False,,label
synthetic_000215,yelp,train,"Better than Hooters for both food and scenery.  The servers here are certainly friendlier.  The food is okay, basically pub food.  The menu is small, but who comes to a restaurant like this looking for an expansive menu?  We've been in a couple of times for lunch.  They usually are seating immediately.  The biggest downside is the parking lot.  Some of those potholes could swallow a car.","['FOOD#QUALITY', 'AMBIENCE#GENERAL', 'SERVICE#GENERAL', 'FOOD#QUALITY', 'FOOD#STYLE_OPTIONS', 'SERVICE#GENERAL', 'LOCATION#GENERAL']","['Food', 'Ambience', 'Service', 'Food', 'Food', 'Service', 'General']","['positive', 'positive', 'positive', 'neutral', 'neutral', 'positive', 'negative']","['food', 'scenery', 'servers', 'food', 'menu', None, 'parking lot']","[False, False, False, False, False, True, False]",7,True,True,,label
synthetic_000216,yelp,train,"What a cool place.  Great locally roasted coffee, fresh and delicious baked goods, cat products made by local artisans, and, CATS!  Where else can you have a coffee and snack with a friendly kitten sitting on your lap?  Fall in love with one of the felines?  The cats are all from the SPCA, have their shots and are fully adoptable!","['RESTAURANT#GENERAL', 'DRINKS#QUALITY', 'FOOD#QUALITY']","['General', 'Food', 'Food']","['positive', 'positive', 'positive']","['place', 'coffee', 'baked goods']","[False, False, False]",3,False,False,,label
synthetic_000217,yelp,train,"although i live a stones throw away and love the concept, i can no longer support this establishment. the food is just too inconsistent and despite the reasonable prices, subpar quality. i guess its still better than Goldies but Sylvan Park deserves better.","['FOOD#QUALITY', 'FOOD#PRICES']","['Food', 'Price']","['negative', 'positive']","['food', 'prices']","[False, False]",2,False,True,,label
synthetic_000218,yelp,train,"Pool tables, darts, and karaoke which warrant a 5 star review. Some of the WORST bartenders I've ever experienced. I figure a 3 star review splits the difference. If you are ok with a great bar with slow, rude service and weak drinks once you complain, you'll be ok.","['RESTAURANT#MISCELLANEOUS', 'SERVICE#GENERAL', 'SERVICE#GENERAL', 'DRINKS#QUALITY']","['General', 'Service', 'Service', 'Food']","['positive', 'negative', 'negative', 'negative']","['Pool tables, darts, and karaoke', 'bartenders', None, 'drinks']","[False, False, True, False]",4,True,True,,label
synthetic_000219,yelp,train,First of all i wasn't greeted . Then we was serve on dirty trays that was wiped with dirty rags . Also the restroom was disgusting as well as table and chairs we sat on. Sorry but will not be coming back and definitely spreading the word of this place.,"['SERVICE#GENERAL', 'SERVICE#GENERAL', 'AMBIENCE#GENERAL', 'AMBIENCE#GENERAL']","['Service', 'Service', 'Ambience', 'Ambience']","['negative', 'negative', 'negative', 'negative']","[None, 'trays', 'restroom', 'table and chairs']","[True, False, False, False]",4,True,False,,label
synthetic_000220,yelp,train,Not worth the 300+ a night they were charging.  When up the street to the Kempton Hotel for same price and stayed in luxury.,"['RESTAURANT#PRICES', 'RESTAURANT#GENERAL']","['Price', 'General']","['negative', 'negative']","[None, None]","[True, True]",2,True,False,,label
synthetic_000221,yelp,train,Comfort food and the right ambiance. I'm a sucker for cool restaurant setups and the look of this place is lovely. Try the grilled cheese and tomato soup on a chilly or foggy afternoon. Great lunch spot especially with friends or coworkers. The price is a tad steep for the simplicity of the food but not too bad once in awhile.,"['AMBIENCE#GENERAL', 'RESTAURANT#GENERAL', 'FOOD#QUALITY', 'FOOD#PRICES', 'RESTAURANT#GENERAL']","['Ambience', 'General', 'Food', 'Price', 'General']","['positive', 'positive', 'positive', 'negative', 'positive']","['ambiance', 'restaurant setups', 'grilled cheese and tomato soup', 'the price', 'lunch spot']","[False, False, False, False, False]",5,False,True,,label
synthetic_000222,yelp,train,"Didn't make it to the main venue, but had lunch at the Den while in town for a conference at the convention center. Good food, huge selection of beer, and the most awesome bartender in NOLA!","['FOOD#QUALITY', 'DRINKS#STYLE_OPTIONS', 'SERVICE#GENERAL']","['Food', 'Food', 'Service']","['positive', 'positive', 'positive']","['food', 'beer', 'bartender']","[False, False, False]",3,False,False,,label
synthetic_000223,yelp,train,Man. This place is nice. The bartender was awesome. Try the burger. It's fresh with all local ingredients. The plates of food I saw come out looked amazing as well.   The beer is cold. The drinks are mixed perfectly.  This is not a chain restaurant but a dedicated local place with good employees.,"['RESTAURANT#GENERAL', 'SERVICE#GENERAL', 'FOOD#QUALITY', 'FOOD#QUALITY', 'DRINKS#QUALITY', 'DRINKS#QUALITY', 'SERVICE#GENERAL']","['General', 'Service', 'Food', 'Food', 'Food', 'Food', 'Service']","['positive', 'positive', 'positive', 'positive', 'positive', 'positive', 'positive']","['place', 'bartender', 'burger', 'plates of food', 'beer', 'drinks', 'employees']","[False, False, False, False, False, False, False]",7,False,False,,label
synthetic_000224,yelp,train,"The food was fresh but I don't like the idea of creating your own dish, there are too many sauces to figure out if you're making your dish too salty or sweet.","['FOOD#QUALITY', 'FOOD#STYLE_OPTIONS']","['Food', 'Food']","['positive', 'negative']","['food', None]","[False, True]",2,True,True,,label
synthetic_000225,yelp,train,"Good but maybe a little over hyped. I got the Brussel sprouts and the shrimp and grits. The sauce on the sprouts is overwhelming. It was like eating spoonfuls of bbq sauce. Too sweet and too spicy. And the shrimp and grits was better, but also saucy. A little goes a long way.","['FOOD#QUALITY', 'FOOD#QUALITY', 'FOOD#QUALITY', 'RESTAURANT#GENERAL']","['Food', 'Food', 'Food', 'General']","['negative', 'positive', 'negative', 'neutral']","['Brussel sprouts', 'shrimp and grits', 'sauce on the sprouts', None]","[False, False, False, True]",4,True,True,,label
synthetic_000226,yelp,train,"I don't appreciate u calling me ""big guy"" b ! I was  pretty demanding but I wasn't rude about it.b",['SERVICE#GENERAL'],['Service'],['negative'],[None],[True],1,True,False,,label
synthetic_000227,yelp,train,"Finally, Berlin's Doner is adding some much needed excitement to the dismal food selection on the South Side. Both the beef-lamb and chicken are excellent whether in a sandwich, wrap, or salad.","['RESTAURANT#GENERAL', 'FOOD#QUALITY', 'FOOD#QUALITY', 'FOOD#STYLE_OPTIONS']","['General', 'Food', 'Food', 'Food']","['positive', 'positive', 'positive', 'negative']","[""Berlin's Doner"", 'beef-lamb', 'chicken', 'food selection']","[False, False, False, False]",4,False,True,,label
synthetic_000228,yelp,train,"Okay, this is going to be a somewhat limited review, because we ordered a limited number of things. But we really liked what we got.   So here it is. We only got Grilled Cheese sandwhiches and soup.  Both were really good. I know, I know. How hard are either of these to make?  Well, they can still be made bad. And, Allegro made them good, and the price was great.  Update: Don't come here for the pizza. It's very average.","['FOOD#QUALITY', 'FOOD#QUALITY', 'RESTAURANT#PRICES', 'FOOD#QUALITY']","['Food', 'Food', 'Price', 'Food']","['positive', 'positive', 'positive', 'negative']","['Grilled Cheese sandwhiches', 'soup', 'price', 'pizza']","[False, False, False, False]",4,False,True,,label
synthetic_000229,yelp,train,I had a cheeseburger and fries. The burger wasn't seasoned and the fries were sooo salty. Wont be going back definitely have had better burgers elsewhere like Axis pizza in uni city.,"['FOOD#QUALITY', 'FOOD#QUALITY', 'FOOD#QUALITY', 'RESTAURANT#GENERAL']","['Food', 'Food', 'Food', 'General']","['negative', 'negative', 'positive', 'negative']","['burger', 'fries', 'burger', None]","[False, False, False, True]",4,True,True,,label
synthetic_000230,yelp,train,"I have to agree with most of the previous reviewers.  It's unremarkable - literally.  There isn't much to say about it.  There isn't anything to commend nor anything to chastise.    It's on my walk home so I go in when I'm craving some Chinese.  I've tried others in the area but this is probably the best.  Sadly, the Chinese food scene in University City is kind of lame.","['FOOD#QUALITY', 'RESTAURANT#GENERAL', 'LOCATION#GENERAL']","['Food', 'General', 'General']","['positive', 'neutral', 'negative']","['Chinese food', None, 'Chinese food scene in University City']","[False, True, False]",3,True,True,,label
synthetic_000231,yelp,train,"I had a date and Blue Sage and my favorite part was being able to eat ANYTHING off the menu!!! I loved not worrying about hidden bacon and things! The food was very good. We ordered a bunch of yummy stuff! The Yukon Quesadilla is what I had, and it was good, but a little greasy. Even my meat-loving bf loved this place! The only bad points were the greasiness and the tightness in the restaurant.","['FOOD#STYLE_OPTIONS', 'FOOD#QUALITY', 'FOOD#QUALITY', 'FOOD#QUALITY', 'AMBIENCE#GENERAL']","['Food', 'Food', 'Food', 'Food', 'Ambience']","['positive', 'positive', 'neutral', 'negative', 'negative']","['menu', 'food', 'Yukon Quesadilla', None, None]","[False, False, False, True, True]",5,True,True,,label
synthetic_000232,yelp,train,Came here for an event. service was good. Drinks for happy hour were standard wine or lager. Food seemed interesting... but it was tastier in print then actuality. Truffle popcorn for example was nothing more than stale popcorn and some cheap truffle oil. Would go back to try their dinner menu though.  Maybe its just the apps that are forced?,"['SERVICE#GENERAL', 'DRINKS#STYLE_OPTIONS', 'FOOD#QUALITY', 'FOOD#QUALITY']","['Service', 'Food', 'Food', 'Food']","['positive', 'neutral', 'negative', 'negative']","['service', 'drinks', 'food', 'Truffle popcorn']","[False, False, False, False]",4,False,True,,label
synthetic_000233,yelp,train,This place was absolutely awesome. 75 cent oysters. After 2 dozen I moved to the excellent cheesy grits. Great place to eat. Even better during happy hour.,"['RESTAURANT#GENERAL', 'FOOD#PRICES', 'FOOD#QUALITY', 'RESTAURANT#MISCELLANEOUS']","['General', 'Price', 'Food', 'General']","['positive', 'positive', 'positive', 'positive']","['place', 'oysters', 'cheesy grits', 'happy hour']","[False, False, False, False]",4,False,False,,label
synthetic_000234,yelp,train,"So I'm not a huge Greek food fan, but the souvlaki from Zorba's was quite amazing. The restaurant is a classic little Philly spot that doesn't look like much from the outside, but let's it's food so the talking. The people i was with, who do like Greek food, were gushing about the excellent hummus and Greek salad...   I will happily return to Zorba's again.","['FOOD#QUALITY', 'FOOD#QUALITY', 'FOOD#QUALITY', 'RESTAURANT#GENERAL']","['Food', 'Food', 'Food', 'General']","['positive', 'positive', 'positive', 'positive']","['souvlaki', 'hummus', 'Greek salad', 'restaurant']","[False, False, False, False]",4,False,False,,label
synthetic_000235,yelp,train,Food was ok. Seemed to lack flavor. Potato salad was blah. They forgot to use our free Appetizer Yelp coupon. But since husbAnd checked us out I shouldn't complain. But it was a slow Sunday so not sure why.  Lots of other options on the river front to try.  So in general not great but not horrible.,"['FOOD#QUALITY', 'FOOD#QUALITY', 'SERVICE#GENERAL', 'LOCATION#GENERAL', 'RESTAURANT#GENERAL']","['Food', 'Food', 'Service', 'General', 'General']","['neutral', 'negative', 'negative', 'neutral', 'negative']","['Food', 'Potato salad', None, 'river front', 'restaurant']","[False, False, True, False, False]",5,True,True,,label
synthetic_000236,yelp,train,"I had a small snafu with the Yelp coupon but after that? Food....and it was excellent.  The chicken caeser salad was great and heavy on the chicken.  The subs were fresh and tasty.   And, yes, they have beer!   But I had an old-fashioned Dr. Brown's cream soda because they have all their flavors.   Nicely located.   Just a mile from the Wagon Wheel flea market.","['FOOD#QUALITY', 'FOOD#QUALITY', 'FOOD#QUALITY', 'DRINKS#QUALITY', 'DRINKS#STYLE_OPTIONS', 'LOCATION#GENERAL']","['Food', 'Food', 'Food', 'Food', 'Food', 'General']","['positive', 'positive', 'positive', 'positive', 'positive', 'positive']","['food', 'chicken caeser salad', 'subs', 'beer', ""Dr. Brown's cream soda"", None]","[False, False, False, False, False, True]",6,True,False,,label
synthetic_000237,yelp,train,Ribeye was thin and chewy. I tried it again a few months later. I spit it out. Literally. Onto my plate. Easily worst I've ever had.,['FOOD#QUALITY'],['Food'],['negative'],['Ribeye'],[False],1,False,False,,label
synthetic_000238,yelp,train,My cholesterol went up when I walked in the door and looked at the menu. What mattered most was the food was so good. The waitstaff was helpful in helping me make a decision. Don't expect to eat at the location and the prices are cheap. Enjoy!,"['FOOD#QUALITY', 'SERVICE#GENERAL', 'RESTAURANT#PRICES']","['Food', 'Service', 'Price']","['positive', 'positive', 'positive']","['food', 'waitstaff', 'prices']","[False, False, False]",3,False,False,,label
synthetic_000239,yelp,train,"Not how you expect a business to be ran, un professional on so many levels. Just open your eyes and pay attention. Food is great, the cooks are just way to in consistent on cooking and presentation for the price you have to pay. Will never return back.","['SERVICE#GENERAL', 'FOOD#QUALITY', 'SERVICE#GENERAL', 'FOOD#PRICES']","['Service', 'Food', 'Service', 'Price']","['negative', 'positive', 'negative', 'negative']","[None, 'food', 'cooks', 'price']","[True, False, False, False]",4,True,True,,label
synthetic_000240,yelp,train,By far the best we experienced in Santa Barbara and it was the only free historic visit. Highly recommend. The view from the tower is beautiful.,"['RESTAURANT#MISCELLANEOUS', 'RESTAURANT#PRICES', 'AMBIENCE#GENERAL']","['General', 'Price', 'Ambience']","['positive', 'positive', 'positive']","['visit', None, 'view']","[False, True, False]",3,True,False,,label
synthetic_000241,yelp,train,It's FREEZING in the building and the employees said they can't control the temperature. You can hang meat in this place!,"['AMBIENCE#GENERAL', 'SERVICE#GENERAL']","['Ambience', 'Service']","['negative', 'negative']","[None, None]","[True, True]",2,True,False,,label
synthetic_000242,yelp,train,"Great burgers,fries and salad!  Burgers have a hint of salt and pepper flavor.  This location is very quaint. They only have outdoor seating  Friendly staff.  Street parking as well as parking lot in the back.","['FOOD#QUALITY', 'FOOD#QUALITY', 'LOCATION#GENERAL', 'SERVICE#GENERAL']","['Food', 'Food', 'General', 'Service']","['positive', 'positive', 'positive', 'positive']","['burgers', 'fries and salad', 'location', None]","[False, False, False, True]",4,True,False,,label
synthetic_000243,yelp,train,"Amazing place for lassi and chaat. The chaat is elegantly presented and tastes like traditional Karachi chaat. However, the chaat isn't as nearly as good as the lassi. It is soft and creamy and sweetened beautifully. Will be coming back for sure next time I'm in the area.","['RESTAURANT#GENERAL', 'DRINKS#QUALITY', 'FOOD#QUALITY', 'FOOD#QUALITY']","['General', 'Food', 'Food', 'Food']","['positive', 'positive', 'positive', 'negative']","['place', 'lassi', 'chaat', 'chaat']","[False, False, False, False]",4,False,True,,label
synthetic_000244,yelp,train,This place is a scam. They serve drinks where you do not taste the alcohol. The bartenders complain about the tip you leave. I've never been to a bar that is so disrespectful to customers. I will never go there again bunch of young kids with no class. Place will be closed in 6 months.,"['RESTAURANT#GENERAL', 'DRINKS#QUALITY', 'SERVICE#GENERAL']","['General', 'Food', 'Service']","['negative', 'negative', 'negative']","['place', 'drinks', None]","[False, False, True]",3,True,False,,label
synthetic_000245,yelp,train,Horrible service. Ordered a pizza online. Saw email confirmation and called them 4 minutes later because it wasn't what we ordered. Was told they couldn't change the order because it was already in the oven. Got a great Pizza from ABC Pizza instead!,['SERVICE#GENERAL'],['Service'],['negative'],['service'],[False],1,False,False,,label
synthetic_000246,yelp,train,"The setting is very interesting and reminded me of a Mexican restaurant: bar area, music, and ambiance. However, the food really does justice and there were plenty to choose from. I was craving for dinuguan and although it was cooked well, I was expecting the traditional sour taste. The bicol express was both sweet and spicy, which was a good combination. If you are craving for filipino food, this place will suffice.","['AMBIENCE#GENERAL', 'FOOD#QUALITY', 'FOOD#QUALITY', 'FOOD#QUALITY', 'RESTAURANT#GENERAL']","['Ambience', 'Food', 'Food', 'Food', 'General']","['positive', 'positive', 'neutral', 'positive', 'positive']","['setting', 'food', 'dinuguan', 'bicol express', 'place']","[False, False, False, False, False]",5,False,True,,label
synthetic_000247,yelp,train,"Walked by this place and decided to check it out. Great beer and burger place, made even better knowing many things were organic. You can order from the menu, or create your own burger. They also have rotating beers and specials. Nice atmosphere and staff. Burgers don't come with anything, so order from the sides if you want some fries. (There's also sandwiches and salads if you don't want a burger) Vegetarian friendly.","['DRINKS#QUALITY', 'FOOD#QUALITY', 'AMBIENCE#GENERAL', 'SERVICE#GENERAL']","['Food', 'Food', 'Ambience', 'Service']","['positive', 'positive', 'positive', 'positive']","['beer', 'burger', 'atmosphere', 'staff']","[False, False, False, False]",4,False,False,,label
synthetic_000248,yelp,train,Emerald is a fantastic dive bar with a long history. It's the neighborhood St. Pete bar and all demographics venture into this place.,"['RESTAURANT#GENERAL', 'AMBIENCE#GENERAL']","['General', 'Ambience']","['positive', 'positive']","['Emerald', 'dive bar']","[False, False]",2,False,False,,label
synthetic_000249,yelp,train,"This is a great Italian BYOB, with quite the tasting menu deal. We paid $40 each for four well-portioned courses, and definitely did not leave hungry. I definitely recommend this place for a yummy meal at a reasonable price. Overall, we had very good food that I am still thinking about days later. That's a good sign!","['FOOD#PRICES', 'FOOD#QUALITY', 'RESTAURANT#PRICES', 'RESTAURANT#GENERAL', 'FOOD#QUALITY']","['Price', 'Food', 'Price', 'General', 'Food']","['positive', 'positive', 'positive', 'positive', 'positive']","['tasting menu deal', 'four well-portioned courses', 'a reasonable price', 'this place', 'food']","[False, False, False, False, False]",5,False,False,,label
synthetic_000250,yelp,train,"Very expensive!  $10.00 for a 4"" steak sandwich, chips and a drink WTF.  The service wasn't that good.  The two female employees behind the counter weren't friendly.  SMILE sometimes!  If you don't like your job then QUIT!!!!   All that being said, the sandwich was very good.  Just a bit of sticker shock.","['RESTAURANT#PRICES', 'FOOD#PRICES', 'SERVICE#GENERAL', 'FOOD#QUALITY']","['Price', 'Price', 'Service', 'Food']","['negative', 'negative', 'negative', 'positive']","[None, '$10.00 for a 4"" steak sandwich, chips and a drink', 'service', 'the sandwich']","[True, False, False, False]",4,True,True,,label
synthetic_000251,yelp,train,"This target is conveniently located and has what we are looking for.  There is a large parking lot so no need to worry about finding a spot to park.  We can get in and out quickly, and those are the main things I look for at Target.","['LOCATION#GENERAL', 'RESTAURANT#MISCELLANEOUS']","['General', 'General']","['positive', 'positive']","['location', 'parking lot']","[False, False]",2,False,False,,label
synthetic_000252,yelp,train,Bad food and bad service. More costly than it is worth.  I have been there for breakfast and was happy.  This is not a place to go to for lunch or supper.   Disappointed.,"['FOOD#QUALITY', 'SERVICE#GENERAL', 'RESTAURANT#PRICES']","['Food', 'Service', 'Price']","['negative', 'negative', 'negative']","['food', 'service', None]","[False, False, True]",3,True,False,,label
synthetic_000253,yelp,train,"incredibly good on a second visit as well. the chicken curry is consistent -- perfectly spiced, garlicy. the goat biryani is phenomenal!","['FOOD#QUALITY', 'FOOD#QUALITY']","['Food', 'Food']","['positive', 'positive']","['chicken curry', 'goat biryani']","[False, False]",2,False,False,,label
synthetic_000254,yelp,train,"This place could be a lot better!  From the service to the meal...service was extremely slow and my Tom Yum Shrimp Soup was very lackluster.  It hardly had any flavor, except for heat, which I do enjoy spicy, but for some reason on a scale of 1-5, this particular evening I decided to go with a 2...so I certainly should have been able to taste flavor over the spicy heat.","['SERVICE#GENERAL', 'FOOD#QUALITY']","['Service', 'Food']","['negative', 'negative']","['service', 'Tom Yum Shrimp Soup']","[False, False]",2,False,False,,label
synthetic_000255,yelp,train,Huge mall didn't get to see it all but what I did see was awesome. People were really nice. I will definitely visit again,"['LOCATION#GENERAL', 'SERVICE#GENERAL']","['General', 'Service']","['positive', 'positive']","['mall', 'People']","[False, False]",2,False,False,,label
synthetic_000256,yelp,train,"I could write a lengthy review, persuasive and layered to hit all the right points. But why do that when Lee How Fook makes food that does it for you? Long story short they have some of the best general tso chicken I have eaten to date. Try it for yourself and get back at me. - Coolie","['FOOD#QUALITY', 'FOOD#QUALITY']","['Food', 'Food']","['positive', 'positive']","['food', 'general tso chicken']","[False, False]",2,False,False,,label
synthetic_000257,yelp,train,Not what I expected.  The wait staff was slow and rude.  Ordered a peach tea bar drink.  No alcohol was tasted. Menu said to voice food allergies and I did.  Waiter disappeared for awhile and returned with a 4 page list of menu items with ingredients.  Food was good.  We declined dessert and then was ask to leave due to other reservations scheduled.  Even though there were several other open tables.  Will not return.,"['SERVICE#GENERAL', 'SERVICE#GENERAL', 'DRINKS#QUALITY', 'FOOD#QUALITY', 'RESTAURANT#GENERAL']","['Service', 'Service', 'Food', 'Food', 'General']","['negative', 'negative', 'negative', 'positive', 'negative']","[None, 'wait staff', 'peach tea bar drink', 'food', None]","[True, False, False, False, True]",5,True,True,,label
synthetic_000258,yelp,train,"Don't let the outside fool you-this place is much cuter and nicer inside than you would expect!   Food is good and reasonably  priced. We ordered papaya salad, triple flavor duck, and king tofu soup. Papaya salad is always refreshing, but this place overdoes it on the fish sauce. Anything triple flavor is always a safe but delicious choice. I would say their king soup, with choice of protein, is a winner.   And also, BYO!","['AMBIENCE#GENERAL', 'AMBIENCE#GENERAL', 'FOOD#QUALITY', 'FOOD#PRICES', 'FOOD#QUALITY', 'FOOD#QUALITY', 'FOOD#QUALITY', 'RESTAURANT#MISCELLANEOUS']","['Ambience', 'Ambience', 'Food', 'Price', 'Food', 'Food', 'Food', 'General']","['negative', 'positive', 'positive', 'positive', 'neutral', 'positive', 'positive', 'positive']","['outside', 'inside', 'Food', 'food', 'papaya salad', 'triple flavor duck', 'king tofu soup', 'BYO']","[False, False, False, False, False, False, False, False]",8,False,True,,label
synthetic_000259,yelp,train,"Good, casual, homemade bistro fare at a very reasonable price.  Everything was made from scratch - the bacon, the mustard, etc.  The atmosphere was nice.  Just a really solid place.  If I lived in New Orleans, I'd be a regular!","['FOOD#STYLE_OPTIONS', 'RESTAURANT#PRICES', 'AMBIENCE#GENERAL']","['Food', 'Price', 'Ambience']","['positive', 'positive', 'positive']","['bistro fare', 'price', 'atmosphere']","[False, False, False]",3,False,False,,label
synthetic_000260,yelp,train,I have groen up eating Italian food and i have not come across a more legit place than Mazzaros! Love their sauce and meatballs.,"['RESTAURANT#GENERAL', 'FOOD#QUALITY', 'FOOD#QUALITY']","['General', 'Food', 'Food']","['positive', 'positive', 'positive']","['place', 'sauce', 'meatballs']","[False, False, False]",3,False,False,,label
synthetic_000261,yelp,train,Place looks nice but really isn't. The rooms are low quality and small.   Our toilet is the same as a toilet from a Seven Eleven. Our window is cracked as well.  They charge you to park your car as well. In my opinion when you pay $200+ for a room parking should be free.,"['RESTAURANT#GENERAL', 'RESTAURANT#MISCELLANEOUS', 'RESTAURANT#MISCELLANEOUS', 'RESTAURANT#MISCELLANEOUS', 'RESTAURANT#PRICES']","['General', 'General', 'General', 'General', 'Price']","['negative', 'negative', 'negative', 'negative', 'negative']","['place', 'rooms', 'toilet', 'window', 'parking']","[False, False, False, False, False]",5,False,False,,label
synthetic_000262,yelp,train,"Let me start by saying the service is AWESOME!! The breakfast buffet not so much. The eggs were rubbery and dry, the potatoes, hash browns and biscuits and gravy were all void of any real flavor except for grease. Maybe the off the menu items are good?? Skip the buffet. The place is clean but the tables and booths are Tiny. Uncomfortable for a 4 person party. A Tucson landmark that needs a major re-work or will probably die.","['SERVICE#GENERAL', 'FOOD#QUALITY', 'FOOD#QUALITY', 'FOOD#QUALITY', 'RESTAURANT#GENERAL', 'AMBIENCE#GENERAL']","['Service', 'Food', 'Food', 'Food', 'General', 'Ambience']","['positive', 'negative', 'negative', 'negative', 'negative', 'negative']","['service', 'breakfast buffet', 'eggs', 'potatoes, hash browns and biscuits and gravy', 'place', 'tables and booths']","[False, False, False, False, False, False]",6,False,True,,label
synthetic_000263,yelp,train,"Several people recommended this place to us so we have it a try with a takeout pizza. It was delicious! A little thicker than traditional NY style but not ""doughy"". A few weeks later we discovered we were in the delivery area and again got a pizza and also tried the Stromboli. Everything arrived hot within the promised time frame. Stromboli was loaded with cheese and toppings. Definitely our go to pizza place!","['FOOD#QUALITY', 'FOOD#QUALITY', 'SERVICE#GENERAL']","['Food', 'Food', 'Service']","['positive', 'positive', 'positive']","['pizza', 'Stromboli', None]","[False, False, True]",3,True,False,,label
synthetic_000264,yelp,train,"A decent coffeehouse with lots of seats & tables for working, but there's no WiFi, which makes it kind of a useless cafe if you want to do work. Both of the green teas sold here were very refreshing though.","['RESTAURANT#GENERAL', 'AMBIENCE#GENERAL', 'AMBIENCE#GENERAL', 'DRINKS#QUALITY']","['General', 'Ambience', 'Ambience', 'Food']","['positive', 'positive', 'negative', 'positive']","['coffeehouse', 'seats & tables', None, 'green teas']","[False, False, True, False]",4,True,True,,label
synthetic_000265,yelp,train,"This Chef only buys fried chicken from this place. My only Soul food spot, good & consistant. ALWAYS call ahead!","['FOOD#QUALITY', 'SERVICE#GENERAL', 'RESTAURANT#GENERAL']","['Food', 'Service', 'General']","['positive', 'positive', 'positive']","['fried chicken', None, 'Soul food spot']","[False, True, False]",3,True,False,,label
synthetic_000266,yelp,train,"I'm only giving four stars because in comparison to other locations, this one has some damn friendly and fast staff.  The food is on par with what you would expect. The only gripe I have is that I asked for extra pickles and they only gave me one extra one. Wah :(","['SERVICE#GENERAL', 'FOOD#QUALITY', 'SERVICE#GENERAL']","['Service', 'Food', 'Service']","['positive', 'neutral', 'negative']","['staff', 'food', None]","[False, False, True]",3,True,True,,label
synthetic_000267,yelp,train,"I went in here the other day for a rehearsal dinner and it was the worst service. 2 waiters had our table but we still had empty cups the whole time had to ask for breadsticks about 4 times, nothing we had was got it was all room temp, and he messed the bill up in the end.","['SERVICE#GENERAL', 'SERVICE#GENERAL', 'FOOD#QUALITY', 'SERVICE#GENERAL']","['Service', 'Service', 'Food', 'Service']","['negative', 'negative', 'negative', 'negative']","['service', None, None, None]","[False, True, True, True]",4,True,False,,label
synthetic_000268,yelp,train,"This location is by far the best of all the Café Du Monde I've tried during my visit in NOLA. The beignets are consistently not oily and freshly cooked whenever we came here. (Been in this location 3 times in 6 days back in Dec 2017) what's more, there ice mocha and cafe mocha are also really good it's not too sweet and works well with the beignets. Wish they would open a location in SoCal.","['LOCATION#GENERAL', 'FOOD#QUALITY', 'DRINKS#QUALITY', 'DRINKS#QUALITY']","['General', 'Food', 'Food', 'Food']","['positive', 'positive', 'positive', 'positive']","['location', 'beignets', 'ice mocha', 'cafe mocha']","[False, False, False, False]",4,False,False,,label
synthetic_000269,yelp,train,"DISMAL. 1st medium rare steak was cooked so much it was shoeleather. Brown all the way through. The manager John offered to colk another himself. Atfer 15 mins a RARE steak xame out. John then made excuses and asked if I wanted a cupcake.. saying ""At least I know they are good."" Avoid at all costs until a real chef is working there.","['FOOD#QUALITY', 'SERVICE#GENERAL', 'SERVICE#GENERAL']","['Food', 'Service', 'Service']","['negative', 'positive', 'negative']","['steak', None, None]","[False, True, True]",3,True,True,,label
synthetic_000270,yelp,train,"The food is good, but the service sucks!    It took them 15 minutes before anybody check on us.   Another 30 minutes before the food arrived.   Servers are rude!","['FOOD#QUALITY', 'SERVICE#GENERAL', 'SERVICE#GENERAL', 'SERVICE#GENERAL']","['Food', 'Service', 'Service', 'Service']","['positive', 'negative', 'negative', 'negative']","['food', 'service', None, None]","[False, False, True, True]",4,True,True,,label
synthetic_000271,yelp,train,"The decor and the neighborhood were really nice, but the food was on the sweet side. I had beef kabobs with roasted potatoes, but they were soaked with some kind of sweet sauce that ruined it for me. The portions are smaller than usual. This place is probably more a bar than a restaurant.","['AMBIENCE#GENERAL', 'LOCATION#GENERAL', 'FOOD#QUALITY', 'FOOD#QUALITY']","['Ambience', 'General', 'Food', 'Food']","['positive', 'positive', 'negative', 'negative']","['decor', 'neighborhood', 'food', 'portions']","[False, False, False, False]",4,False,True,,label
synthetic_000272,yelp,train,This place is a hidden gem.  The food here is a bit trendy but very well prepared.  The drink menu has original drinks from their bar.  I found the atmosphere very relaxing.  I would highly recommend you check this place out.  It's not cheap but I  found my meal worth the money and I am looking forward to returning for another. meal.,"['RESTAURANT#GENERAL', 'FOOD#QUALITY', 'DRINKS#STYLE_OPTIONS', 'AMBIENCE#GENERAL', 'RESTAURANT#PRICES', 'FOOD#PRICES']","['General', 'Food', 'Food', 'Ambience', 'Price', 'Price']","['positive', 'positive', 'positive', 'positive', 'neutral', 'positive']","['place', 'food', 'drink menu', 'atmosphere', None, 'meal']","[False, False, False, False, True, False]",6,True,True,,label
synthetic_000273,yelp,train,"My friends at work (connoisseurs of good food in the St. Louis area) introduced me to yet another very nice restaurant and that's Brio's!! I like everything about it - starting from the complimentary bread and chips to the bruschetta, pasta and salads !! Beautiful place.. The service adds to the charm !!","['FOOD#QUALITY', 'FOOD#QUALITY', 'FOOD#QUALITY', 'FOOD#QUALITY', 'RESTAURANT#GENERAL', 'SERVICE#GENERAL']","['Food', 'Food', 'Food', 'Food', 'General', 'Service']","['positive', 'positive', 'positive', 'positive', 'positive', 'positive']","['complimentary bread and chips', 'bruschetta', 'pasta', 'salads', 'place', 'service']","[False, False, False, False, False, False]",6,False,False,,label
synthetic_000274,yelp,train,"Been here numerous times. The food is usually always good. Be aware that you will wait a whole for your food, and the waitresses are never the best, a lot of waiting. Their food is great and the atmosphere is great. However, after going there tonight and getting the smallest wings ever and burgers that were about the size of McDonald's burgers, I may not be going there for a while.","['FOOD#QUALITY', 'SERVICE#GENERAL', 'SERVICE#GENERAL', 'AMBIENCE#GENERAL', 'FOOD#QUALITY', 'FOOD#QUALITY']","['Food', 'Service', 'Service', 'Ambience', 'Food', 'Food']","['positive', 'negative', 'negative', 'positive', 'negative', 'negative']","['food', None, 'waitresses', 'atmosphere', 'wings', 'burgers']","[False, True, False, False, False, False]",6,True,True,,label
synthetic_000275,yelp,train,"This place is sub par at best. I've had better pancakes at my local diner. I ordered the blueberry pancakes thinking they would be these fluffy pancakes oozing of warm delicious blueberries. Well, they were about silver dollar size and had like 3 blueberries per pancake- I kid you not! Don't get duped like we did. Go somewhere else! Not even close to worth the wait.","['RESTAURANT#GENERAL', 'FOOD#QUALITY', 'SERVICE#GENERAL', 'RESTAURANT#PRICES']","['General', 'Food', 'Service', 'Price']","['negative', 'negative', 'negative', 'negative']","['place', 'pancakes', None, None]","[False, False, True, True]",4,True,False,,label
synthetic_000276,yelp,train,"The Habit Burger is a straight up legit burger place.  It's always been a toss up for me between in n out and habit burger.  I got me a double char and choco shake at the goleta habit and it was as usual, delicious.  The onion rings are very good also.","['RESTAURANT#GENERAL', 'FOOD#QUALITY', 'DRINKS#QUALITY', 'FOOD#QUALITY']","['General', 'Food', 'Food', 'Food']","['positive', 'positive', 'positive', 'positive']","['Habit Burger', 'double char', 'choco shake', 'onion rings']","[False, False, False, False]",4,False,False,,label
synthetic_000277,yelp,train,Now this location has a good twist to an old college pub.  Great place to watch a game.  Not a bad seat around.  Appears to be great for families too.    Hoping the wine list improves.,"['LOCATION#GENERAL', 'RESTAURANT#GENERAL', 'AMBIENCE#GENERAL', 'DRINKS#STYLE_OPTIONS']","['General', 'General', 'Ambience', 'Food']","['positive', 'positive', 'positive', 'negative']","['location', 'place', None, 'wine list']","[False, False, True, False]",4,True,True,,label
synthetic_000278,yelp,train,"We went here and got the Cuban sandwich, it was really good. The employee ( I think the owner) was friendly. I'm not sure about all the other reviews on here. We will be going back to try the bagels.","['FOOD#QUALITY', 'SERVICE#GENERAL']","['Food', 'Service']","['positive', 'positive']","['Cuban sandwich', 'employee']","[False, False]",2,False,False,,label
synthetic_000279,yelp,train,"Neat diner, unlike other diners as it's quaint and has a good feel to it. I had the Yankee pot roast....which was ok....mashed potatoes were just ok and the meat was kind of bland. The veggies were excellent, fresh, not out of a can.  My wife had an omelette which she said was good. Service was excellent.","['RESTAURANT#GENERAL', 'AMBIENCE#GENERAL', 'FOOD#QUALITY', 'FOOD#QUALITY', 'FOOD#QUALITY', 'FOOD#QUALITY', 'FOOD#QUALITY', 'SERVICE#GENERAL']","['General', 'Ambience', 'Food', 'Food', 'Food', 'Food', 'Food', 'Service']","['positive', 'positive', 'neutral', 'neutral', 'negative', 'positive', 'positive', 'positive']","['diner', None, 'Yankee pot roast', 'mashed potatoes', 'meat', 'veggies', 'omelette', 'service']","[False, True, False, False, False, False, False, False]",8,True,True,,label
synthetic_000280,yelp,train,"To update, the business owner has been in contact and has apologized and made up for it. Overall the Bareburger experience in Center City does have potential to be a good restaurant to check out.",['RESTAURANT#GENERAL'],['General'],['positive'],['Bareburger experience'],[False],1,False,False,,label
synthetic_000281,yelp,train,Service and girls are great! On the negative we got a couples dance and two young security guys first asked me why was there while my wife got her dance. We explained and then it was fine. However another guy came during my turn and asked my wife the same thing and was very rude. We will go back because no drink minimum and no cover. Also the talent was good. Management said the would address the issue.,"['SERVICE#GENERAL', 'SERVICE#GENERAL', 'SERVICE#GENERAL', 'DRINKS#PRICES', 'RESTAURANT#PRICES', 'RESTAURANT#MISCELLANEOUS']","['Service', 'Service', 'Service', 'Price', 'Price', 'General']","['positive', 'positive', 'negative', 'positive', 'positive', 'positive']","['Service', 'girls', None, 'no drink minimum', 'no cover', 'talent']","[False, False, True, False, False, False]",6,True,True,,label
synthetic_000282,yelp,train,"Friendly staff. I had the brown stewed chicken which was good but I prefer the taste of another place in town. Portion size was just right. The chicken was very tender, fell right off the bone. Overall not a bad place.","['SERVICE#GENERAL', 'FOOD#QUALITY', 'FOOD#QUALITY', 'RESTAURANT#GENERAL']","['Service', 'Food', 'Food', 'General']","['positive', 'positive', 'positive', 'neutral']","['staff', 'brown stewed chicken', 'portion size', None]","[False, False, False, True]",4,True,True,,label
synthetic_000283,yelp,train,"My order has been either incorrect, overcharged, or cold each and every time I have come. If you are fine sacrificing quality of food and service for a cheaper price though, this could be the place for you. Just don't speak up about a mistake if you fear the staff and/or manager will give you attitude, because it may happen.","['SERVICE#GENERAL', 'FOOD#QUALITY', 'RESTAURANT#PRICES', 'SERVICE#GENERAL', 'SERVICE#GENERAL']","['Service', 'Food', 'Price', 'Service', 'Service']","['negative', 'negative', 'positive', 'negative', 'negative']","['order', 'food', 'price', 'staff', 'manager']","[False, False, False, False, False]",5,False,True,,label
synthetic_000284,yelp,train,Love the sweet spiral plain pies at Franzones.  Can't go wrong with plain.  I tried the white pizza with onions in addition and it was a pleasant surprise.  The onions were a great addition to the pizza.  Same Franzone's as the Bridgeport one I grew up with.,"['FOOD#QUALITY', 'FOOD#QUALITY', 'FOOD#QUALITY']","['Food', 'Food', 'Food']","['positive', 'positive', 'positive']","['sweet spiral plain pies', 'white pizza with onions', 'onions']","[False, False, False]",3,False,False,,label
synthetic_000285,yelp,train,I gave 4 stars because I agree they did a great job of bringing this place back up to date. I have been for lunch 5 different times now. Working my way down the menu is fun. I haven't found anything I don't like yet. The price is reasonable and the staff is friendly. Plus it's in the neighborhood!,"['RESTAURANT#PRICES', 'SERVICE#GENERAL']","['Price', 'Service']","['positive', 'positive']","['price', 'staff']","[False, False]",2,False,False,,label
synthetic_000286,yelp,train,"After another visit, I'm bumping Batter'd & Fried up to a 4.  The sushi is better than a lot of places, and while it's not the BEST sushi in Nashville, it's plenty good and reasonably priced.  And I really dig the atmosphere.  See my original review for a more complete description of likes and dislikes.","['FOOD#QUALITY', 'FOOD#PRICES', 'AMBIENCE#GENERAL']","['Food', 'Price', 'Ambience']","['positive', 'positive', 'positive']","['sushi', 'sushi', 'atmosphere']","[False, False, False]",3,False,False,,label
synthetic_000287,yelp,train,"Even the beer tastes better at the tap room.. Of you want a true schlafly experience head downtown to the tap room.  Better food, better service all around better experience. Every time.","['DRINKS#QUALITY', 'FOOD#QUALITY', 'SERVICE#GENERAL']","['Food', 'Food', 'Service']","['positive', 'positive', 'positive']","['beer', 'food', 'service']","[False, False, False]",3,False,False,,label
synthetic_000288,yelp,train,"Took awhile for me to get service from the people working because they were busy talking in the back so that made me kinda annoyed, but other then that it was a good meal..Nothing really special.","['SERVICE#GENERAL', 'FOOD#QUALITY']","['Service', 'Food']","['negative', 'positive']","[None, 'meal']","[True, False]",2,True,True,,label
synthetic_000289,yelp,train,This place is incredibly pricey $14 for a Moscow Mule? Especially one that was very week just tastes like ginger beer it was not enjoyable at all. Our bartender was nice but he kept touching his hair and then proceeded to grab ice with his bare hands and put that in customers glasses (really!) total disappointment especially because we love this hotel!!!,"['RESTAURANT#PRICES', 'DRINKS#QUALITY', 'DRINKS#PRICES', 'SERVICE#GENERAL', 'SERVICE#GENERAL']","['Price', 'Food', 'Price', 'Service', 'Service']","['negative', 'negative', 'negative', 'positive', 'negative']","['place', 'Moscow Mule', 'Moscow Mule', 'bartender', None]","[False, False, False, False, True]",5,True,True,,label
synthetic_000290,yelp,train,"This is nice little Chinese bakery in the heart of Philadelphia's Chinatown! The female cashier was very friendly (flirtatious!) and the pastries shown in nicely adorned display cases. I stopped by early one evening had a sesame ball, which was filled with bean paste. The glutinous rice of the ball was nicely flavored, similar to Bai Tang Gao. Definitely as place worth stopping at if you are in the area.","['RESTAURANT#GENERAL', 'SERVICE#GENERAL', 'FOOD#QUALITY', 'FOOD#QUALITY', 'FOOD#QUALITY', 'AMBIENCE#GENERAL']","['General', 'Service', 'Food', 'Food', 'Food', 'Ambience']","['positive', 'positive', 'positive', 'positive', 'positive', 'positive']","['Chinese bakery', 'female cashier', 'pastries', 'sesame ball', 'glutinous rice', 'display cases']","[False, False, False, False, False, False]",6,False,False,,label
synthetic_000291,yelp,train,"Best margaritas around, freshly made (not concentrate or artificial tasting sour mixes) from real limes. Best of all, only $5 at late night or after-work happy hour.  Definitely my new favorite special.  Guacamole is awesome and the spicy salsa they serve it with adds the perfect kick. I also had the squid hot-pot which was tasty, but I could probably eat dinners here of just the guac.","['DRINKS#QUALITY', 'DRINKS#PRICES', 'FOOD#QUALITY', 'FOOD#QUALITY', 'FOOD#QUALITY']","['Food', 'Price', 'Food', 'Food', 'Food']","['positive', 'positive', 'positive', 'positive', 'positive']","['margaritas', 'margaritas', 'guacamole', 'spicy salsa', 'squid hot-pot']","[False, False, False, False, False]",5,False,False,,label
synthetic_000292,yelp,train,Many brews and a friendly crowd.  Located inside the Eldorado and hoppin' at night and on the weekends.  Nice spot...check it out.,"['DRINKS#STYLE_OPTIONS', 'AMBIENCE#GENERAL', 'RESTAURANT#GENERAL']","['Food', 'Ambience', 'General']","['positive', 'positive', 'positive']","['brews', 'crowd', 'spot']","[False, False, False]",3,False,False,,label
synthetic_000293,yelp,train,Best pizza I've ever had with even better service! A must place to eat in Indiana! It is fairly priced as well and caters to a variety of tastes.,"['FOOD#QUALITY', 'SERVICE#GENERAL', 'RESTAURANT#GENERAL', 'RESTAURANT#PRICES']","['Food', 'Service', 'General', 'Price']","['positive', 'positive', 'positive', 'positive']","['pizza', 'service', 'place', None]","[False, False, False, True]",4,True,False,,label
synthetic_000294,yelp,train,"nice restaurant, but small. the lighting is not good for us 40+...smile. there were 6 of us and we were at a back table, quite snug. I had buffalo wings & fries, which were good. they could have taken the tips off though. my family members had salmon, a burger, & duck. they enjoyed their meals.  I may be back for the wings.","['RESTAURANT#GENERAL', 'AMBIENCE#GENERAL', 'FOOD#QUALITY', 'FOOD#QUALITY', 'FOOD#QUALITY', 'FOOD#QUALITY']","['General', 'Ambience', 'Food', 'Food', 'Food', 'Food']","['positive', 'negative', 'positive', 'positive', 'positive', 'positive']","['restaurant', None, 'buffalo wings & fries', 'salmon', 'burger', 'duck']","[False, True, False, False, False, False]",6,True,True,,label
synthetic_000295,yelp,train,The food was decent tasting but came to us cold. We actually got our entrées first and then got our appetizers. The waitress was horrible with the service. Another customer or possibly friend of hers was more helpful to us getting our drinks and getting us things that we needed or even checking to see how we were doing. We don't think we'll ever return :/,"['FOOD#QUALITY', 'FOOD#QUALITY', 'SERVICE#GENERAL', 'SERVICE#GENERAL', 'DRINKS#QUALITY', 'RESTAURANT#GENERAL']","['Food', 'Food', 'Service', 'Service', 'Food', 'General']","['neutral', 'negative', 'negative', 'negative', 'positive', 'negative']","['food', 'food', None, 'waitress', 'drinks', None]","[False, False, True, False, False, True]",6,True,True,,label
synthetic_000296,yelp,train,"Super quick,easy,tasty and consistent. Their lunch specials are something to crave and offer great value. Always try for a booth if available. Their wifi password is 80545517722","['SERVICE#GENERAL', 'FOOD#QUALITY', 'FOOD#PRICES', 'FOOD#QUALITY', 'RESTAURANT#GENERAL']","['Service', 'Food', 'Price', 'Food', 'General']","['positive', 'positive', 'positive', 'positive', 'positive']","[None, None, 'lunch specials', 'lunch specials', None]","[True, True, False, False, True]",5,True,False,,label
synthetic_000297,yelp,train,"Unfortunately, the other reviews said it all. This location is not someplace we'll likely return to.  The soup was cold.  They were out of several types of cookies... But the cookies were awesome as always, especially coconut chocolate chip.","['LOCATION#GENERAL', 'FOOD#QUALITY', 'FOOD#QUALITY']","['General', 'Food', 'Food']","['negative', 'negative', 'positive']","['location', 'soup', 'cookies']","[False, False, False]",3,False,True,,label
synthetic_000298,yelp,train,"Complicated ordering process. Pastries here. Hot line there. Menu items at the cashier (who was making salads and not available for several minutes).  Greasiest bacon I've seen in quite some time. Two people with nothing special, regular coffees, $26. Too much $ for too little service and quality. Used to be much better back in the day.","['SERVICE#GENERAL', 'FOOD#QUALITY', 'FOOD#QUALITY', 'RESTAURANT#PRICES', 'SERVICE#GENERAL']","['Service', 'Food', 'Food', 'Price', 'Service']","['negative', 'neutral', 'negative', 'negative', 'negative']","[None, 'pastries', 'bacon', None, None]","[True, False, False, True, True]",5,True,True,,label
synthetic_000299,yelp,train,My burger was extremely greasy and my fries were very cold. The waitress was also not helpful to me and my fiancés friends. She seemed preoccupied talking to other waitresses and the hostess.,"['FOOD#QUALITY', 'FOOD#QUALITY', 'SERVICE#GENERAL']","['Food', 'Food', 'Service']","['negative', 'negative', 'negative']","['burger', 'fries', 'waitress']","[False, False, False]",3,False,False,,label
synthetic_000300,yelp,train,"I only wish it was as good as its counterpart in Northeast Philly, but alas, it is not.  Tried the twin broiled lobster tails, and they were very undercooked.  Nevertheless, the service was good as is the beer menu.","['RESTAURANT#GENERAL', 'FOOD#QUALITY', 'SERVICE#GENERAL', 'DRINKS#STYLE_OPTIONS']","['General', 'Food', 'Service', 'Food']","['negative', 'negative', 'positive', 'positive']","[None, 'twin broiled lobster tails', 'service', 'beer menu']","[True, False, False, False]",4,True,True,,label
synthetic_000301,yelp,train,The atmosphere is great! Drinks are unique. The reason I'm giving 3 stars is because I feel like the food quality had gone down hill. The last couple times I have eaten there the food has come out cold. I guess it's better to go during lunchtime instead of dinner.,"['AMBIENCE#GENERAL', 'DRINKS#STYLE_OPTIONS', 'FOOD#QUALITY', 'FOOD#QUALITY']","['Ambience', 'Food', 'Food', 'Food']","['positive', 'positive', 'negative', 'negative']","['atmosphere', 'Drinks', 'food quality', 'food']","[False, False, False, False]",4,False,True,,label
synthetic_000302,yelp,train,Usually enjoy this place a lot. I asked for burger medium and it was close to burnt. Burgers are usually spot on.,"['FOOD#QUALITY', 'FOOD#QUALITY']","['Food', 'Food']","['negative', 'positive']","['burger', 'Burgers']","[False, False]",2,False,True,,label
synthetic_000303,yelp,train,"We previously ordered traditional Greek fare here - gyros, spanakopita, falafel. Tonight I tried the blackened tilapia-- so glad I did -- it was fantastic. Delicious meal and good service from Sarah","['FOOD#STYLE_OPTIONS', 'FOOD#QUALITY', 'FOOD#QUALITY', 'SERVICE#GENERAL']","['Food', 'Food', 'Food', 'Service']","['neutral', 'positive', 'positive', 'positive']","['gyros, spanakopita, falafel', 'blackened tilapia', 'meal', 'service']","[False, False, False, False]",4,False,True,,label
synthetic_000304,yelp,train,Sooo good I love this place literally All the flavors are good but the bees knees is amazing it's lavender and honey I strongly suggest that you should go there,"['RESTAURANT#GENERAL', 'FOOD#QUALITY', 'FOOD#QUALITY']","['General', 'Food', 'Food']","['positive', 'positive', 'positive']","['this place', 'All the flavors', 'the bees knees']","[False, False, False]",3,False,False,,label
synthetic_000305,yelp,train,"Every time I come to this location is a different disappointment. Sometimes, they don't have MOCHA, who runs out of Mocha in a coffee place? Plus, their coffee at this location is watery compared to others. I may just stop coming here altogether!","['LOCATION#GENERAL', 'DRINKS#QUALITY', 'DRINKS#QUALITY']","['General', 'Food', 'Food']","['negative', 'negative', 'negative']","['this location', 'Mocha', 'their coffee']","[False, False, False]",3,False,False,,label
synthetic_000306,yelp,train,What kind of business do these guys run? They don't update their website and they don't tell you where the truck is located. It's a shame because I was craving some Korean food.,"['RESTAURANT#MISCELLANEOUS', 'LOCATION#GENERAL', 'FOOD#STYLE_OPTIONS']","['General', 'General', 'Food']","['negative', 'negative', 'positive']","['website', None, 'Korean food']","[False, True, False]",3,True,True,,label
synthetic_000307,yelp,train,"Well... the girl at the counter did not know what a pour over was. That should tell anyone looking for a good coffee how much of a ""coffee house"" this is. So I ordered an iced americano instead, extra room for cream. She brought me three little creamer pods.... Anyway, I've had worse. But I've also had much much better. Not a coffee house with an expertise in coffee, that's for sure.","['SERVICE#GENERAL', 'RESTAURANT#GENERAL', 'DRINKS#QUALITY', 'SERVICE#GENERAL', 'DRINKS#QUALITY']","['Service', 'General', 'Food', 'Service', 'Food']","['negative', 'negative', 'neutral', 'negative', 'positive']","['girl at the counter', 'coffee house', 'iced americano', 'creamer pods', 'coffee']","[False, False, False, False, False]",5,False,True,,label
synthetic_000308,yelp,train,Staff is unorganized.  Rooms are mediocre.  Prices in the hotel in general are marked up and the elevators sound like the are on their last leg.  Many other options in the area to enjoy.,"['SERVICE#GENERAL', 'RESTAURANT#MISCELLANEOUS', 'RESTAURANT#PRICES', 'AMBIENCE#GENERAL']","['Service', 'General', 'Price', 'Ambience']","['negative', 'negative', 'negative', 'negative']","['Staff', 'Rooms', 'Prices', None]","[False, False, False, True]",4,True,False,,label
synthetic_000309,yelp,train,I wanted to like the food here. We ordered fish and chips and lamb stew. Let's just say I won't be recommending it. Go there for a pint or two on the main floor but the second floor dining room was a bit of a mess and drafty too.,"['FOOD#QUALITY', 'DRINKS#QUALITY', 'AMBIENCE#GENERAL']","['Food', 'Food', 'Ambience']","['negative', 'positive', 'negative']","['food', 'a pint or two', 'second floor dining room']","[False, False, False]",3,False,True,,label
synthetic_000310,yelp,train,"First time here and I got the turkey burger bc it was a special. I regret it. Not that it wasn't good but I'm not a big fan of turkey burgers. My own fault. However, the fries were yummy and fresh and like the name of the place is called you build your own burger. I will highly come back here to try their beef burger or salmon burger.","['FOOD#QUALITY', 'FOOD#QUALITY', 'RESTAURANT#GENERAL']","['Food', 'Food', 'General']","['neutral', 'positive', 'positive']","['turkey burger', 'fries', None]","[False, False, True]",3,True,True,,label
synthetic_000311,yelp,train,"I truly enjoyed the atmosphere, the service (Connor) and my dinner meal. I had the cakes for an appetizer, a cup of barley soup and the shrimp ravioli. Malbec glass of wine was perfect. First time here. Thrilled to know they serve breakfast, lunch and dinner!  Highly recommend. I will most certainly be back.","['AMBIENCE#GENERAL', 'SERVICE#GENERAL', 'FOOD#QUALITY', 'FOOD#QUALITY', 'FOOD#QUALITY', 'FOOD#QUALITY', 'DRINKS#QUALITY', 'FOOD#STYLE_OPTIONS']","['Ambience', 'Service', 'Food', 'Food', 'Food', 'Food', 'Food', 'Food']","['positive', 'positive', 'positive', 'positive', 'positive', 'positive', 'positive', 'positive']","['atmosphere', 'service', 'dinner meal', 'cakes', 'barley soup', 'shrimp ravioli', 'Malbec', 'breakfast, lunch and dinner']","[False, False, False, False, False, False, False, False]",8,False,False,,label
synthetic_000312,yelp,train,"Went to this place with a coworker 2 days ago...very impressed by the sushi there because they are very freshly made with good variety. They have good price for lunch special - $13 for 3 rolls and $9 for 2 rolls...however, the portion is a bit small for those non-special sushies. I will go back again for sure...","['FOOD#QUALITY', 'FOOD#PRICES', 'FOOD#PRICES', 'FOOD#QUALITY']","['Food', 'Price', 'Price', 'Food']","['positive', 'positive', 'negative', 'negative']","['sushi', 'lunch special', 'non-special sushies', 'portion']","[False, False, False, False]",4,False,True,,label
synthetic_000313,yelp,train,Horrible waitress. Went around 2 pm on a Saturday and were seated quickly. Waited an exceedingly long time for our food to arrive; Lukewarm at best. Took my parents and the waitress was very short and snippy with my father who was having trouble deciding.  Have eaten at the Red Lobster in Marion IL and was vastly better. Will not be returning here again.,"['SERVICE#GENERAL', 'SERVICE#GENERAL', 'FOOD#QUALITY', 'SERVICE#GENERAL', 'RESTAURANT#GENERAL', 'RESTAURANT#GENERAL']","['Service', 'Service', 'Food', 'Service', 'General', 'General']","['negative', 'positive', 'negative', 'negative', 'positive', 'negative']","['waitress', None, None, 'waitress', 'Red Lobster in Marion IL', 'here']","[False, True, True, False, False, False]",6,True,True,,label
synthetic_000314,yelp,train,I went there a few times the food was good. last time I went I was upset because. ... dishes and silverware were dirty food very greasy and undrained and  unappetizing. Left  me with a bad view of the restaurant and staff.,"['FOOD#QUALITY', 'RESTAURANT#MISCELLANEOUS', 'FOOD#QUALITY', 'RESTAURANT#GENERAL']","['Food', 'General', 'Food', 'General']","['positive', 'negative', 'negative', 'negative']","['food', 'dishes and silverware', 'food', 'restaurant and staff']","[False, False, False, False]",4,False,True,,label
synthetic_000315,yelp,train,"The nachos were seriously disgusting... Probably the grossest food I've had in a long time. The waitress was rude, unresponsive, and had a bad attitude. I will not return.","['FOOD#QUALITY', 'FOOD#QUALITY', 'SERVICE#GENERAL']","['Food', 'Food', 'Service']","['negative', 'negative', 'negative']","['nachos', 'food', 'waitress']","[False, False, False]",3,False,False,,label
synthetic_000316,yelp,train,"The food is good, but the service here is AWFUL.  There are long lines and the staff has zero sense of urgency so you wait to order, and then you wait for your food...for a long time.  A good work around is to order online and then just go pick it up.","['FOOD#QUALITY', 'SERVICE#GENERAL', 'SERVICE#GENERAL']","['Food', 'Service', 'Service']","['positive', 'negative', 'negative']","['food', 'service', None]","[False, False, True]",3,True,True,,label
synthetic_000317,yelp,train,"Chicken Marsalis, fajitas,smoked salmon were what I enjoyed today along with my Mimosas  of course. Only thing that made me leave off a star was that the crab legs were tasteless and no butter was available to give them some flavor and my mimosas  were a little slow coming but that could just be me.","['FOOD#QUALITY', 'FOOD#QUALITY', 'FOOD#QUALITY', 'DRINKS#QUALITY', 'FOOD#QUALITY', 'DRINKS#QUALITY', 'SERVICE#GENERAL']","['Food', 'Food', 'Food', 'Food', 'Food', 'Food', 'Service']","['positive', 'positive', 'positive', 'positive', 'negative', 'negative', 'negative']","['Chicken Marsalis', 'fajitas', 'smoked salmon', 'Mimosas', 'crab legs', 'Mimosas', None]","[False, False, False, False, False, False, True]",7,True,True,,label
synthetic_000318,yelp,train,"This is the can't miss taco stop in Santa Barbara. Homemade corn tortillas served on the best steak, pork and chicken tacos you'll ever have the pleasure of devouring. Perfectly portioned, seasoned and priced. I've eaten a lot of tacos in my time here on Earth and these rank among the very best. Oh, and that salsa bar is still giving me daydreams.","['RESTAURANT#GENERAL', 'FOOD#QUALITY', 'FOOD#QUALITY', 'FOOD#PRICES', 'FOOD#QUALITY']","['General', 'Food', 'Food', 'Price', 'Food']","['positive', 'positive', 'positive', 'positive', 'positive']","['taco stop', 'homemade corn tortillas', 'steak, pork and chicken tacos', 'portioned, seasoned and priced', 'salsa bar']","[False, False, False, False, False]",5,False,False,,label
synthetic_000319,yelp,train,Great for late night dinning or romantic diner.    +Customer Service is amazing & prom!!!  +Food is delicious big thank's to a great chef!!!  +Cocktail are made perfect every time with consistent fresh garnishing. Bartender licensed in fine mixology school.  + Large complimentary valet parking     - Price Range $$$ but feels like $$$$,"['SERVICE#GENERAL', 'FOOD#QUALITY', 'DRINKS#QUALITY', 'RESTAURANT#MISCELLANEOUS', 'RESTAURANT#PRICES']","['Service', 'Food', 'Food', 'General', 'Price']","['positive', 'positive', 'positive', 'positive', 'negative']","['Customer Service', 'Food', 'Cocktail', 'valet parking', 'Price Range']","[False, False, False, False, False]",5,False,True,,label
synthetic_000320,yelp,train,"One of my favorites to take out of town guests to, or for any special occasion. Intimate setting that it great for conversation and the food is exceptional. Friendly, family-oriented restaurant that you can tell has stood the test of time for a reason. This place is an experience! Be sure to wear stretchy pants because you will be FULL when you leave. :)","['AMBIENCE#GENERAL', 'FOOD#QUALITY', 'SERVICE#GENERAL', 'RESTAURANT#GENERAL']","['Ambience', 'Food', 'Service', 'General']","['positive', 'positive', 'positive', 'positive']","['setting', 'food', None, 'restaurant']","[False, False, True, False]",4,True,False,,label
synthetic_000321,yelp,train,Steamed buns for the adults. Beef & Broccoli for the kids. Great service. Good for kids. Food holds up if you opt to take out. Our favorite to go spot.,"['FOOD#QUALITY', 'FOOD#QUALITY', 'SERVICE#GENERAL', 'RESTAURANT#GENERAL']","['Food', 'Food', 'Service', 'General']","['positive', 'positive', 'positive', 'positive']","['Steamed buns', 'Beef & Broccoli', 'service', None]","[False, False, False, True]",4,True,False,,label
synthetic_000322,yelp,train,"Despite being a staunch meat-eater, I can say without question this place rocks! My brother and a friend (both vegans) also enjoy this place. So, it's safe to say that this is a great spot to get food in general -- whether you're a vegan or otherwise!",['RESTAURANT#GENERAL'],['General'],['positive'],['this place'],[False],1,False,False,,label
synthetic_000323,yelp,train,Tried this place because Pho 75 was closed at the time.  A nice suprise. Very clean and the menu was huge.  Im not a pho expert but it was a decent inexpensive meal.,"['RESTAURANT#GENERAL', 'AMBIENCE#GENERAL', 'FOOD#STYLE_OPTIONS', 'FOOD#PRICES']","['General', 'Ambience', 'Food', 'Price']","['positive', 'positive', 'positive', 'positive']","['place', None, 'menu', None]","[False, True, False, True]",4,True,False,,label
synthetic_000324,yelp,train,"Romantic experience, fun and relaxing.  Great for a date night.  Music was good, food was good.  We will be back","['AMBIENCE#GENERAL', 'AMBIENCE#GENERAL', 'FOOD#QUALITY']","['Ambience', 'Ambience', 'Food']","['positive', 'positive', 'positive']","[None, 'Music', 'food']","[True, False, False]",3,True,False,,label
synthetic_000325,yelp,train,"Service was a little slow but food makes up for it. I had the shepherd pie and my husband had the trout. Wow, it was super tasty!","['SERVICE#GENERAL', 'FOOD#QUALITY']","['Service', 'Food']","['negative', 'positive']","[None, 'food']","[True, False]",2,True,True,,label
synthetic_000326,yelp,train,Loved our breakfast here. They created a fresh veggie scramble for me that was delicious! Very friendly worker.  Could use a bit more deep cleaning and decor but overall we all enjoyed our meal.,"['FOOD#QUALITY', 'FOOD#QUALITY', 'SERVICE#GENERAL', 'AMBIENCE#GENERAL', 'FOOD#QUALITY']","['Food', 'Food', 'Service', 'Ambience', 'Food']","['positive', 'positive', 'positive', 'negative', 'positive']","['breakfast', 'fresh veggie scramble', 'worker', None, 'meal']","[False, False, False, True, False]",5,True,True,,label
synthetic_000327,yelp,train,"Wawa is like a beacon in a cold, dark world.  I grew up around Sheetz locations, but I have to admit that I prefer Wawa.  The sandwiches are really good, and they have the typical snacks/drinks you would expect from a convenience store.  This particular location is not quite as friendly as the one I go to near the office, but whatever.  I can still walk out with all of my snacking requirements.","['RESTAURANT#GENERAL', 'FOOD#QUALITY', 'FOOD#STYLE_OPTIONS', 'SERVICE#GENERAL']","['General', 'Food', 'Food', 'Service']","['positive', 'positive', 'neutral', 'negative']","['Wawa', 'sandwiches', 'snacks/drinks', None]","[False, False, False, True]",4,True,True,,label
synthetic_000328,yelp,train,My family and I ate at Bub's today.  The burgers and milk shakes were very good.  The service was excellent.  We will be going back.,"['FOOD#QUALITY', 'DRINKS#QUALITY', 'SERVICE#GENERAL']","['Food', 'Food', 'Service']","['positive', 'positive', 'positive']","['burgers', 'milk shakes', 'service']","[False, False, False]",3,False,False,,label
synthetic_000329,yelp,train,"Mildly charming building; the food however is bad and overpriced.The baked artichokes were greasy and my pasta tasted of cardboard. The salad was nice but over dressed. Portions are very big, perhaps that's why it has good reviews.","['LOCATION#GENERAL', 'FOOD#QUALITY', 'FOOD#PRICES', 'FOOD#QUALITY', 'FOOD#QUALITY', 'FOOD#QUALITY', 'FOOD#STYLE_OPTIONS', 'FOOD#PORTION_SIZES', 'RESTAURANT#PRICES']","['General', 'Food', 'Price', 'Food', 'Food', 'Food', 'Food', 'General', 'Price']","['positive', 'negative', 'negative', 'negative', 'negative', 'positive', 'negative', 'positive', 'negative']","['building', 'food', 'food', 'baked artichokes', 'pasta', 'salad', 'salad', None, None]","[False, False, False, False, False, False, False, True, True]",9,True,True,,label
synthetic_000330,yelp,train,Great new location on Central. Great staff and atmosphere! Looks like they have found a place where they will thrive.,"['LOCATION#GENERAL', 'SERVICE#GENERAL', 'AMBIENCE#GENERAL']","['General', 'Service', 'Ambience']","['positive', 'positive', 'positive']","['location', 'staff', 'atmosphere']","[False, False, False]",3,False,False,,label
synthetic_000331,yelp,train,I love raw oysters and the Happy Hour oysters are a great deal at 50 cents each.  We were seated in the back room which was nice and had the best server.  The back room is much quieter and made for a great place to enjoy our food and chat with our friends.  Our table ordered 48 oysters to start and the order came out in decent time.  I really enjoyed the oyster feast.,"['FOOD#QUALITY', 'FOOD#PRICES', 'SERVICE#GENERAL', 'AMBIENCE#GENERAL', 'SERVICE#GENERAL']","['Food', 'Price', 'Service', 'Ambience', 'Service']","['positive', 'positive', 'positive', 'positive', 'positive']","['raw oysters', 'Happy Hour oysters', 'server', 'back room', None]","[False, False, False, False, True]",5,True,False,,label
synthetic_000332,yelp,train,Their drive-thru is so slow it hurts. I recommend bringing food from the Wendy's next door because by the time you get your food you'll be hungry again.,"['SERVICE#GENERAL', 'SERVICE#GENERAL', 'FOOD#QUALITY']","['Service', 'Service', 'Food']","['negative', 'negative', 'negative']","['drive-thru', None, 'food']","[False, True, False]",3,True,False,,label
synthetic_000333,yelp,train,"I went once and wont go back.  Nothing was absolutely terrible about this place, but it wasnt very good.  They packed their rolls with rice and lacked personality.","['RESTAURANT#GENERAL', 'FOOD#QUALITY', 'RESTAURANT#GENERAL']","['General', 'Food', 'General']","['negative', 'negative', 'negative']","['place', 'rolls', None]","[False, False, True]",3,True,False,,label
synthetic_000334,yelp,train,"For food truck food this place is hit or miss.  They end up outside Ms. Mae's a lot.  Have had the pig sandwich, the bacon barbecue burger and the crawfish mac and cheese.  Some is more delicious than others but a good options for the late night crowd.","['FOOD#QUALITY', 'FOOD#QUALITY', 'FOOD#QUALITY', 'FOOD#STYLE_OPTIONS', 'RESTAURANT#GENERAL']","['Food', 'Food', 'Food', 'Food', 'General']","['neutral', 'neutral', 'neutral', 'neutral', 'positive']","['pig sandwich', 'bacon barbecue burger', 'crawfish mac and cheese', 'food truck food', None]","[False, False, False, False, True]",5,True,True,,label
synthetic_000335,yelp,train,"The ramen is okay, nothing spectacular. Service is okay. Good place for a quick stop but wouldn't go if there were other choices. Been here twice, will continue to go.","['FOOD#QUALITY', 'SERVICE#GENERAL', 'RESTAURANT#GENERAL']","['Food', 'Service', 'General']","['neutral', 'neutral', 'positive']","['ramen', 'service', 'place']","[False, False, False]",3,False,True,,label
synthetic_000336,yelp,train,Ordered a burger and fries great tasting. The staff is straight and to the point you might even think there rude. They just come off that way. When you get there sit down and order ; weather your taking out or eating there it's faster.,"['FOOD#QUALITY', 'FOOD#QUALITY', 'SERVICE#GENERAL']","['Food', 'Food', 'Service']","['positive', 'positive', 'negative']","['burger', 'fries', 'staff']","[False, False, False]",3,False,True,,label
synthetic_000337,yelp,train,"Pizza was great and service was even polite......but the issue i had was with this coupon $10 for $20.....i purchased it and tried to use it and was only given $10 off my total bill.......FALSE Advertising....if youre only getting $10 off your bill why would you take the time to purchase this ""DEAL""......I will return because the pizza and service was great but will NEVER buy a deal from them again....","['FOOD#QUALITY', 'SERVICE#GENERAL', 'RESTAURANT#MISCELLANEOUS']","['Food', 'Service', 'General']","['positive', 'positive', 'negative']","['pizza', 'service', 'coupon']","[False, False, False]",3,False,True,,label
synthetic_000338,yelp,train,"Just the BEST sandwiches in Tucson. A good variety. Great menu... and it is exciting to see the place is getting a makeover to make getting sandwiches faster and better! A nice neighborhood place. And they deliver! On-line ordering available, but I prefer to call.","['FOOD#QUALITY', 'FOOD#STYLE_OPTIONS', 'RESTAURANT#GENERAL', 'SERVICE#GENERAL']","['Food', 'Food', 'General', 'Service']","['positive', 'positive', 'positive', 'positive']","['sandwiches', 'menu', 'place', None]","[False, False, False, True]",4,True,False,,label
synthetic_000339,yelp,train,I had takeout because it was about 45 min prior to closing . I ordered the puttanesca. It was delicious . Perfect combo of salty spiciness. There was such a wide variety of menu combos or you could get the fold and creat your own . Genius ! My only gripe is they need to come up with a gluten free dough option. My tummy will pay for this gluttony later .,"['FOOD#QUALITY', 'FOOD#STYLE_OPTIONS', 'FOOD#PRICES', 'FOOD#STYLE_OPTIONS']","['Food', 'Food', 'Price', 'Food']","['positive', 'positive', 'neutral', 'negative']","['puttanesca', 'menu combos', None, 'gluten free dough option']","[False, False, True, False]",4,True,True,,label
synthetic_000340,yelp,train,"My go-to spot on a Saturday night! I was real bummed that lucys closed, but was pleasantly surprised by this bar just across the street! Their food is better than expected. I always get wings and fries. (be careful of the wtf sauce though) Sometimes it takes a real long time to get the bartenders attention, but the place is usually packed. And if you're lucky the always sunny crew will pop in!","['FOOD#QUALITY', 'FOOD#QUALITY', 'FOOD#QUALITY', 'SERVICE#GENERAL', 'RESTAURANT#GENERAL']","['Food', 'Food', 'Food', 'Service', 'General']","['positive', 'positive', 'negative', 'negative', 'positive']","['food', 'wings and fries', 'wtf sauce', None, 'bar']","[False, False, False, True, False]",5,True,True,,label
synthetic_000341,yelp,train,Had a grilled chicken sandwich on bun to go. Couldn't hold sandwich due to bottom bun being soggy.  So I decided to just eat the meat.  I saw a piece of hair as I removed the meat. I haven't ate there in years and will not eat there again.  Zero stars from me.,"['FOOD#QUALITY', 'FOOD#QUALITY', 'FOOD#QUALITY', 'RESTAURANT#GENERAL']","['Food', 'Food', 'Food', 'General']","['negative', 'negative', 'negative', 'negative']","['grilled chicken sandwich', 'bottom bun', None, None]","[False, False, True, True]",4,True,False,,label
synthetic_000342,yelp,train,This place is overrated for sure. The food is mediocre at best. We had the French toast which was soggy and had little flavor. The location is loud and stuffy. They have Too many tables for the space. Also tried the watermelon lemonade which was full of sugar and had a slice of rotten and spoiled watermelon on it. Won't be coming back.,"['FOOD#QUALITY', 'FOOD#QUALITY', 'LOCATION#GENERAL', 'AMBIENCE#GENERAL', 'DRINKS#QUALITY', 'RESTAURANT#GENERAL']","['Food', 'Food', 'General', 'Ambience', 'Food', 'General']","['negative', 'negative', 'negative', 'negative', 'negative', 'negative']","['food', 'French toast', 'location', None, 'watermelon lemonade', None]","[False, False, False, True, False, True]",6,True,False,,label
synthetic_000343,yelp,train,"This is the best Vietnamese restaurant in town! I've seen them (Saigon) transition from a grocery store to restaurant. Their food is always amazing and you can never go wrong. The service can be sometimes feisty but it's all worth it. If you're new to Asian food you can never go wrong with the Viet (chicken, pork, etc.) grilled sandwich or the pho.","['RESTAURANT#GENERAL', 'FOOD#QUALITY', 'SERVICE#GENERAL', 'FOOD#QUALITY', 'FOOD#QUALITY']","['General', 'Food', 'Service', 'Food', 'Food']","['positive', 'positive', 'positive', 'positive', 'positive']","['restaurant', 'food', 'service', 'Viet grilled sandwich', 'pho']","[False, False, False, False, False]",5,False,False,,label
synthetic_000344,yelp,train,"Hi Caitlin,   Thank you for your reply.  I appreciate your attention to the issues. I forgot to mention the name of the waitress that was so rude and unwelcoming.  Her name is Erin.   Best, Mariza.",['SERVICE#GENERAL'],['Service'],['negative'],['waitress'],[False],1,False,False,,label
synthetic_000345,yelp,train,"It's good diner food. period.  Nothing fancy, just simple food made well. Breakfast is a must. Homemade Belgium waffle covered in TONS of fruit....amazing.  Simple Said...it's good diner food at a good price with friendly waitresses. On a Saturday morning...what more could you ask for?!","['FOOD#QUALITY', 'FOOD#QUALITY', 'RESTAURANT#PRICES', 'SERVICE#GENERAL']","['Food', 'Food', 'Price', 'Service']","['positive', 'positive', 'positive', 'positive']","['diner food', 'Belgium waffle', 'price', 'waitresses']","[False, False, False, False]",4,False,False,,label
synthetic_000346,yelp,train,"When my bf and I looked at the rating for this place I thought, wow how come we've never gone there? Then, we finally visited Prohibition Taproom: it is a true beer place! No wonder -- I'm not a beer person.  But the experience was good. From my point of view, it looked like heaven for the beer-and-sports people.   I liked the vibe and service, so I'm givin' it 4!","['RESTAURANT#GENERAL', 'AMBIENCE#GENERAL', 'SERVICE#GENERAL']","['General', 'Ambience', 'Service']","['positive', 'positive', 'positive']","['experience', 'vibe', 'service']","[False, False, False]",3,False,False,,label
synthetic_000347,yelp,train,"Delicious food, relaxed atmosphere, cocktails refreshing and Katie our waitress very friendly and knowledgeable on the menu and helped us make the right choice .5 stars","['FOOD#QUALITY', 'AMBIENCE#GENERAL', 'DRINKS#QUALITY', 'SERVICE#GENERAL']","['Food', 'Ambience', 'Food', 'Service']","['positive', 'positive', 'positive', 'positive']","['food', 'atmosphere', 'cocktails', 'Katie']","[False, False, False, False]",4,False,False,,label
synthetic_000348,yelp,train,"My go-to spot for low key take out/sit in sushi.  Excellent food, quick turn around and contemporary inside.  Highly recommend.  Only suggestion would be to add much more soy sauce packets in the to-go bag :)","['FOOD#QUALITY', 'FOOD#QUALITY', 'SERVICE#GENERAL', 'AMBIENCE#GENERAL', 'FOOD#STYLE_OPTIONS']","['Food', 'Food', 'Service', 'Ambience', 'Food']","['positive', 'positive', 'positive', 'positive', 'negative']","['sushi', 'food', None, 'inside', 'soy sauce packets']","[False, False, True, False, False]",5,True,True,,label
synthetic_000349,yelp,train,"Great location at the end of the wharf. Get a table outside (on the side where you can drink alcohol). Be prepared to wait for a long time for these spots. Interesting to watch them prepare and cook the crabs. Shared an assortment of food. Calamari and rock crab were delicious. Lobster bisque was not very flavorful (too creamy, not enough lobster) and bread bowl was very dry.","['LOCATION#GENERAL', 'SERVICE#GENERAL', 'FOOD#QUALITY', 'FOOD#QUALITY', 'FOOD#QUALITY', 'FOOD#QUALITY']","['General', 'Service', 'Food', 'Food', 'Food', 'Food']","['positive', 'negative', 'positive', 'positive', 'negative', 'negative']","['location', None, 'calamari', 'rock crab', 'lobster bisque', 'bread bowl']","[False, True, False, False, False, False]",6,True,True,,label
synthetic_000350,yelp,train,"We really enjoyed this restaurant!  We started with hummus and feta cheese mixed with roasted red peppers, super tasty!  We also had their Philly cheesesteak sandwich and a BLT and Brie, both sandwiches were amazing!  The BLT had thick perfectly cooked bacon.  The only reason I didn't give it 5 stars is its a little pricey.","['RESTAURANT#GENERAL', 'FOOD#QUALITY', 'FOOD#QUALITY', 'FOOD#QUALITY', 'FOOD#QUALITY', 'RESTAURANT#PRICES']","['General', 'Food', 'Food', 'Food', 'Food', 'Price']","['positive', 'positive', 'positive', 'positive', 'positive', 'negative']","['restaurant', 'hummus and feta cheese mixed with roasted red peppers', 'Philly cheesesteak sandwich', 'BLT and Brie', 'bacon', None]","[False, False, False, False, False, True]",6,True,True,,label
synthetic_000351,yelp,train,"Seriously! Came here with tickets to see a show at 6, The bands are in 2 places! No signs and could have seen 2 for free in the street! Very misleading!!",['RESTAURANT#MISCELLANEOUS'],['General'],['negative'],[None],[True],1,True,False,,label
synthetic_000352,yelp,train,"Beautiful atmosphere with locally sourced kitchen made everything . Located right in the middle of 12th south and the popular angel wings mural - great place for brunch/lunch if you're in the area. Fries were nice and crispy while the lavender hibiscus tea was gentle and refreshing . This time I ordered safe but I can't wait to come back and try something new, maybe for dinner as our waiter suggested.","['AMBIENCE#GENERAL', 'FOOD#QUALITY', 'FOOD#QUALITY', 'DRINKS#QUALITY', 'SERVICE#GENERAL']","['Ambience', 'Food', 'Food', 'Food', 'Service']","['positive', 'positive', 'positive', 'positive', 'positive']","['atmosphere', 'kitchen', 'fries', 'lavender hibiscus tea', 'waiter']","[False, False, False, False, False]",5,False,False,,label
synthetic_000353,yelp,train,"Ordered from grubhub waited an hour and a half for delivery so I called naturally no one picked up for another 20 minutes then when the guy answers his explanation was that they were on break and hadn't made my order yet and gave me the "" oh well"" attitude and didn't offer any kind of compensation.","['SERVICE#GENERAL', 'SERVICE#GENERAL']","['Service', 'Service']","['negative', 'negative']","[None, 'delivery']","[True, False]",2,True,False,,label
synthetic_000354,yelp,train,If it wasn't bad enough that the Hard Rock just increased their menu prices but now you must pay $10 just to park where you want to just have dinner or gamble.... as if they aren't making enough money..   Sorry we will not be going back....,"['FOOD#PRICES', 'RESTAURANT#PRICES', 'RESTAURANT#GENERAL']","['Price', 'Price', 'General']","['negative', 'negative', 'negative']","['menu prices', None, None]","[False, True, True]",3,True,False,,label
synthetic_000355,yelp,train,Little puzzled by some of the negative reviews. I ordered the BBQ sub this afternoon and it was pretty epic. Would definitely order again!,['FOOD#QUALITY'],['Food'],['positive'],['BBQ sub'],[False],1,False,False,,label
synthetic_000356,yelp,train,"This place is alright.  Pretty soon it will  be the top chinese food around, because everywhere else is closing.  I've seen the quality decline over the years, but I'd still give this place a chance.  It's good enough?","['RESTAURANT#GENERAL', 'FOOD#QUALITY', 'RESTAURANT#GENERAL']","['General', 'Food', 'General']","['neutral', 'positive', 'negative']","['this place', 'chinese food', None]","[False, False, True]",3,True,True,,label
synthetic_000357,yelp,train,my favorite pizza place in the area . friendly staff and the biggest slices of pizza anywhere . For 4.50 you can get any one of up to 10 different gourmet slices . the margherita and the buffalo chicken are not to be missed . great outdoor dining area I frequently ride my bicycle there have a slice and Ride it off home. nice small dining room in the back .,"['RESTAURANT#GENERAL', 'SERVICE#GENERAL', 'FOOD#QUALITY', 'FOOD#STYLE_OPTIONS', 'FOOD#QUALITY', 'FOOD#QUALITY', 'AMBIENCE#GENERAL', 'AMBIENCE#GENERAL', 'FOOD#PRICES']","['General', 'Service', 'Food', 'Food', 'Food', 'Food', 'Ambience', 'Ambience', 'Price']","['positive', 'positive', 'positive', 'positive', 'positive', 'positive', 'positive', 'positive', 'positive']","['pizza place', 'staff', 'slices of pizza', 'gourmet slices', 'margherita', 'buffalo chicken', 'outdoor dining area', 'dining room', '4.50']","[False, False, False, False, False, False, False, False, False]",9,False,False,,label
synthetic_000358,yelp,train,Very helpful employees and they have a great selection of beer! I always go to Ed's over any other local beer distributor.,"['SERVICE#GENERAL', 'DRINKS#STYLE_OPTIONS']","['Service', 'Food']","['positive', 'positive']","['employees', 'selection of beer']","[False, False]",2,False,False,,label
synthetic_000359,yelp,train,"We went at a slow time on a weekday afternoon for a late lunch because we were all wanting sandwiches. So between us all we had: the Bird & Pig, BBQ quesadilla, ahi BLT, clubhouse and kids pbj. All the sandwiches were great! Service was a bit slow though. If I was in the area again I may try again but I would not go out of my way to eat here.","['FOOD#QUALITY', 'SERVICE#GENERAL', 'RESTAURANT#GENERAL']","['Food', 'Service', 'General']","['positive', 'negative', 'neutral']","['sandwiches', 'Service', None]","[False, False, True]",3,True,True,,label
synthetic_000360,yelp,train,"Ordered via Bite Squad delivery. Food is good for the most part. Chicken I received was pretty fatty, very unappetizing. Ordered a side salad with no onions or peppers (not that it should matter, but I have an allergy). Apparently ""no onions/peppers"" means ""extra of both"" so in the trash it went. Delivery guy also got lost on the way to my house, which is literally two miles straight up Hillsborough Ave. Not impressed.","['FOOD#QUALITY', 'FOOD#QUALITY', 'FOOD#QUALITY', 'SERVICE#GENERAL']","['Food', 'Food', 'Food', 'Service']","['positive', 'negative', 'negative', 'negative']","['Food', 'Chicken', 'side salad', None]","[False, False, False, True]",4,True,True,,label
synthetic_000361,yelp,train,We love the craft cocktails and craft beers. The food is hit and miss. The batter on the fish and chips doesn't hold up. It's soggy and gross. The quality of the fish is good but a new batter recipe is mandatory. Their classic burger is good and so are the fries.,"['DRINKS#QUALITY', 'DRINKS#QUALITY', 'FOOD#QUALITY', 'FOOD#QUALITY', 'FOOD#QUALITY', 'FOOD#QUALITY', 'FOOD#QUALITY']","['Food', 'Food', 'Food', 'Food', 'Food', 'Food', 'Food']","['positive', 'positive', 'neutral', 'negative', 'positive', 'positive', 'positive']","['craft cocktails', 'craft beers', 'food', 'batter on the fish and chips', 'fish', 'classic burger', 'fries']","[False, False, False, False, False, False, False]",7,False,True,,label
synthetic_000362,yelp,train,"Good service, good margaritas. I wasn't impressed with the food. The fried pickles were greasy and soggy. The shrimp nachos were soggy from too much crema. I heard the veggie wings are good so maybe I will have to give their food another chance.","['SERVICE#GENERAL', 'DRINKS#QUALITY', 'FOOD#QUALITY', 'FOOD#QUALITY', 'FOOD#QUALITY', 'FOOD#QUALITY']","['Service', 'Food', 'Food', 'Food', 'Food', 'Food']","['positive', 'positive', 'negative', 'negative', 'negative', 'positive']","['service', 'margaritas', 'food', 'fried pickles', 'shrimp nachos', 'veggie wings']","[False, False, False, False, False, False]",6,False,True,,label
synthetic_000363,yelp,train,Just what we were looking for.  A neighborhood bar with better than average bar food.  The meatloaf sandwich was delicious!  Sara was a wonderful bartender and gave honest suggestions.  Great find!,"['FOOD#QUALITY', 'FOOD#QUALITY', 'SERVICE#GENERAL', 'RESTAURANT#GENERAL']","['Food', 'Food', 'Service', 'General']","['positive', 'positive', 'positive', 'positive']","['bar food', 'meatloaf sandwich', 'Sara', None]","[False, False, False, True]",4,True,False,,label
synthetic_000364,yelp,train,This calzone shop offers an array of calzones and sauces on the side to choose from. There are enough options to offer variety but not so many that younger overwhelmed. The atmosphere is great with several community tables or tables to easily seat larger parties. We went at dinner time on a Saturday and had no problem finding a seat.,"['FOOD#STYLE_OPTIONS', 'AMBIENCE#GENERAL', 'AMBIENCE#GENERAL']","['Food', 'Ambience', 'Ambience']","['positive', 'positive', 'positive']","['calzones and sauces', 'atmosphere', 'community tables or tables']","[False, False, False]",3,False,False,,label
synthetic_000365,yelp,train,For me it was easy and fast to order on my way to go.. delicious and best lamb biryani I ever had,"['SERVICE#GENERAL', 'FOOD#QUALITY']","['Service', 'Food']","['positive', 'positive']","['order', 'lamb biryani']","[False, False]",2,False,False,,label
synthetic_000366,yelp,train,"Just any-old-bar.  I went for a networking happy hour, and the service sucked...I mean, they kept giving drinks to the wrong tables, etc.  Crowded and blah.","['RESTAURANT#GENERAL', 'SERVICE#GENERAL', 'AMBIENCE#GENERAL']","['General', 'Service', 'Ambience']","['negative', 'negative', 'negative']","['bar', 'service', None]","[False, False, True]",3,True,False,,label
synthetic_000367,yelp,train,"This Chipotle location was great! I wanted to thank Chipotle for recognizing teachers for Teacher Appreciation Week!  The line was very small and they served quickly as a pose to another location that had the line wrapped around the store!  Their food is always fresh, tasteful and fulfilling!  My go to is always the bowl with white cilantro lime rice,black beans, steak and all the toppings!  Must eat with a bag of fresh tortilla chips!!","['RESTAURANT#GENERAL', 'SERVICE#GENERAL', 'FOOD#QUALITY', 'FOOD#QUALITY']","['General', 'Service', 'Food', 'Food']","['positive', 'positive', 'positive', 'positive']","['Chipotle location', None, 'food', 'tortilla chips']","[False, True, False, False]",4,True,False,,label
synthetic_000368,yelp,train,If you're contemplating on going over there because the wait at breakfast & Burger is too long think again. Just wait your turn and get a table at breakfast & Burger that's all I can say.,"['RESTAURANT#GENERAL', 'SERVICE#GENERAL']","['General', 'Service']","['positive', 'negative']","['breakfast & Burger', None]","[False, True]",2,True,True,,label
synthetic_000369,yelp,train,"The burger was good.. however is was too small for the price, and I left hungry. $30 for a burger, zucchini fries and a beer and I should not have to go to Steak and Shake later for more food.","['FOOD#QUALITY', 'FOOD#PRICES', 'SERVICE#GENERAL', 'FOOD#QUALITY', 'DRINKS#QUALITY', 'RESTAURANT#PRICES']","['Food', 'Price', 'Service', 'Food', 'Food', 'Price']","['positive', 'negative', 'negative', 'neutral', 'neutral', 'negative']","['burger', 'burger', None, 'zucchini fries', 'beer', '$30']","[False, False, True, False, False, False]",6,True,True,,label
synthetic_000370,yelp,train,"We recently moved from Brooklyn, NY and have been in search of some really good pizza...and here it is! We were so happy to bite into a thin crispy crust! It was awesome, the service was amazing and we couldn't be more pleased. I highly recommend this place if you love great pizza and excellent customer service! They will surely get our business again and again.","['FOOD#QUALITY', 'FOOD#QUALITY', 'SERVICE#GENERAL', 'SERVICE#GENERAL', 'RESTAURANT#GENERAL']","['Food', 'Food', 'Service', 'Service', 'General']","['positive', 'positive', 'positive', 'positive', 'positive']","['pizza', 'crust', 'service', 'customer service', 'place']","[False, False, False, False, False]",5,False,False,,label
synthetic_000371,yelp,train,Must have changed management. I go about twice a month. Last two times pasta was under cooked to point of being crunchy  sent it back ask for another which never came. Then they screwed up hot dog order.  Then didn't take sent back dish off check. Finally got it removed from bill paid & left.,"['FOOD#QUALITY', 'FOOD#QUALITY', 'SERVICE#GENERAL']","['Food', 'Food', 'Service']","['negative', 'negative', 'negative']","['pasta', 'hot dog order', None]","[False, False, True]",3,True,False,,label
synthetic_000372,yelp,train,Went there again on a Wednesday night and once again NO OYSTERS! I'm beginning to think this is part of their ploy to cut costs. Charging regular prices everyday of the week but only having expensive items on the weekend (Friday and Saturday). Don't charge people regular price everyday of the week when you aren't going to deliver on the promise of having expensive items like oysters. It makes people feel cheated!,"['FOOD#QUALITY', 'RESTAURANT#PRICES']","['Food', 'Price']","['negative', 'negative']","['oysters', None]","[False, True]",2,True,False,,label
synthetic_000373,yelp,train,"We hit this place late night for dinner when we got back late from a tour. It was right near our hotel so that helped. The raw bar selections were very good, local oysters, giant shrimp and king crab. Service was excellent as well. The burger my wife and son split was good, but nothing to write home about but I wouldn't have come here for just that. Decent bar scene as well.","['FOOD#STYLE_OPTIONS', 'FOOD#QUALITY', 'SERVICE#GENERAL', 'FOOD#QUALITY', 'AMBIENCE#GENERAL']","['Food', 'Food', 'Service', 'Food', 'Ambience']","['positive', 'positive', 'positive', 'neutral', 'positive']","['raw bar selections', 'local oysters, giant shrimp and king crab', 'Service', 'burger', 'bar scene']","[False, False, False, False, False]",5,False,True,,label
synthetic_000374,yelp,train,"The sushi here is so much fun! I love seeing stuff like sunflower seeds and kiwi on top of the rolls. Very clever stuff. I had a great meal here. Twice! Lots of fun. I didn't try the fried stuff, so I can't speak to that.","['FOOD#QUALITY', 'FOOD#STYLE_OPTIONS', 'FOOD#STYLE_OPTIONS', 'FOOD#STYLE_OPTIONS', 'FOOD#QUALITY']","['Food', 'Food', 'Food', 'Food', 'Food']","['positive', 'positive', 'positive', 'positive', 'positive']","['sushi', 'sunflower seeds', 'kiwi', None, 'meal']","[False, False, False, True, False]",5,True,False,,label
synthetic_000375,yelp,train,Not friendly at all. Girl forgot to give me my cup so I asked for a cup. She asked me questions like I took a cup. Is she for real? Bad customer service. Has gone downhill since new ownership.,"['SERVICE#GENERAL', 'SERVICE#GENERAL']","['Service', 'Service']","['negative', 'negative']","[None, 'customer service']","[True, False]",2,True,False,,label
synthetic_000376,yelp,train,"Not a great vibe, employees were pretty rude minus the bartender, and all in all probably will never go back.","['AMBIENCE#GENERAL', 'SERVICE#GENERAL']","['Ambience', 'Service']","['negative', 'negative']","['vibe', None]","[False, True]",2,True,False,,label
synthetic_000377,yelp,train,"This was not the best, at least the salad.  The dressing just did not taste good and they were out of two of the toppings I wanted.  It was really dry and an overall disappointment.  Stir fries looked much better.","['FOOD#QUALITY', 'FOOD#QUALITY', 'SERVICE#GENERAL']","['Food', 'Food', 'Service']","['negative', 'negative', 'negative']","['salad', 'dressing', None]","[False, False, True]",3,True,False,,label
synthetic_000378,yelp,train,"Wasn't wowed and a little less than disappoint. Even on a busy day our food wasn't warm. Food is extremely overpriced, a single taco for $5?? Maybe Reno is that starved to call something Mexican food, but I you can hold out (and you really should) then don't come here.  I came during the lavender and honey festival and the lavender mojitos and margaritas were delicious. Maybe the drinks are worth it!","['FOOD#QUALITY', 'FOOD#PRICES', 'DRINKS#QUALITY', 'RESTAURANT#GENERAL']","['Food', 'Price', 'Food', 'General']","['negative', 'negative', 'positive', 'negative']","['food', 'food', 'lavender mojitos and margaritas', None]","[False, False, False, True]",4,True,True,,label
synthetic_000379,yelp,train,"Clean and fun, but major loss of points when they stopped letting you bring drinks onto the dance floor. Some of us need a little liquid rhythm.  I like the new outdoor patio-- its a little better for conversation than inside.","['AMBIENCE#GENERAL', 'DRINKS#STYLE_OPTIONS', 'AMBIENCE#GENERAL']","['Ambience', 'Food', 'Ambience']","['negative', 'negative', 'positive']","['dance floor', None, 'outdoor patio']","[False, True, False]",3,True,True,,label
synthetic_000380,yelp,train,"Without a doubt Jimboy's has the best ground beef deep fried tacos in all of Reno.  The are pack full of beef and cheese and talk about a crisp crunch when you bit into them!  Just amazing......   For under $6 you can get two good size tacos and a drink, it's a great lunch value!!!!!!!!!","['FOOD#QUALITY', 'FOOD#PRICES', 'DRINKS#PRICES']","['Food', 'Price', 'Price']","['positive', 'positive', 'positive']","['ground beef deep fried tacos', 'tacos and a drink', 'tacos and a drink']","[False, False, False]",3,False,False,,label
synthetic_000381,yelp,train,"Ok, you know that smell of wet dog, thats how the wings taste. Most of my family had burgers and all of them were dry and not good.","['FOOD#QUALITY', 'FOOD#QUALITY']","['Food', 'Food']","['negative', 'negative']","['wings', 'burgers']","[False, False]",2,False,False,,label
synthetic_000382,yelp,train,The regular pizza wasn't hot-n-ready we would've needed to wait 15-20min for 1 pizza that's crazy for a place that offers hot-n-ready pizza,"['FOOD#QUALITY', 'SERVICE#GENERAL']","['Food', 'Service']","['negative', 'negative']","['pizza', None]","[False, True]",2,True,False,,label
synthetic_000383,yelp,train,"Nope. Terrible service, terrible food. This is the second time we've made the mistake of going here because I meant to call it into the GOOD thai restaurant 30 seconds down the street but called this one by accident. They forgot the main part of our takeout order and didn't even apologize when I called. Most of the vegetables in my soup were rotting. Never coming back.","['SERVICE#GENERAL', 'FOOD#QUALITY', 'SERVICE#GENERAL', 'FOOD#QUALITY']","['Service', 'Food', 'Service', 'Food']","['negative', 'negative', 'negative', 'negative']","['service', 'food', None, 'vegetables']","[False, False, True, False]",4,True,False,,label
synthetic_000384,yelp,train,"NOT HAVE AGAIN: The meat burrito was terrible! Not a lot of meet and it tasted so bad, I only ate half of it. Plus, at $2.69 the burrito was way overpriced for its size - should have been no more than half the price; but, even then I would not order it again.","['FOOD#QUALITY', 'FOOD#PRICES']","['Food', 'Price']","['negative', 'negative']","['meat burrito', 'burrito']","[False, False]",2,False,False,,label
synthetic_000385,yelp,train,"Ordered a sandwich on one ticket my boyfriend ordered a sandwich on Another they gave us two of the sane sandwiches, which were very spicey which I cannot handle, just don't understand how this could be difficult.",['FOOD#QUALITY'],['Food'],['negative'],['sandwich'],[False],1,False,False,,label
synthetic_000386,yelp,train,"Stopped by to try their ""Food Network approved"" creole seafood gumbo. Don't do it - it's extremely fishy and flavorless. Also tried the Cajun Dirty Rice which had almost no flavor despite being a nice shade of dark brown. Walk past here and go to one of the many other shops in the French Market.","['FOOD#QUALITY', 'FOOD#QUALITY']","['Food', 'Food']","['negative', 'negative']","['creole seafood gumbo', 'Cajun Dirty Rice']","[False, False]",2,False,False,,label
synthetic_000387,yelp,train,"Love the flavors and attention to detail, but the parking situation is confusing and prices are a bit high for street tacos.","['FOOD#QUALITY', 'FOOD#PRICES']","['Food', 'Price']","['positive', 'negative']","['flavors', 'prices']","[False, False]",2,False,True,,label
synthetic_000388,yelp,train,"The first time I went to this place was yesterday!! I've lived in NOLA all my life and feel guilty that I have never come across. The food was delicious, especially the shrimp and grits. A++!!!","['FOOD#QUALITY', 'FOOD#QUALITY']","['Food', 'Food']","['positive', 'positive']","['food', 'shrimp and grits']","[False, False]",2,False,False,,label
synthetic_000389,yelp,train,We never bothered going because the staff was so rude when we called to ask a few questions that we wound up hanging up on them.,['SERVICE#GENERAL'],['Service'],['negative'],['staff'],[False],1,False,False,,label
synthetic_000390,yelp,train,"Have ordered take out from here twice. This is one of the two best Indian restaurants I've been to in Bucks County (the other being Cafe Bombay in Bristol) -- everything tastes fresh, and you can taste the ingredients (as compared with so many places where the meals basically just have one note). Highly recommend this place.","['FOOD#QUALITY', 'RESTAURANT#GENERAL']","['Food', 'General']","['positive', 'positive']","['everything', 'place']","[False, False]",2,False,False,,label
synthetic_000391,yelp,train,Michael who took my phone order and greeted me was very polite and professional! That's hard to find- great customer service! Good job whoever hired him!,['SERVICE#GENERAL'],['Service'],['positive'],['customer service'],[False],1,False,False,,label
synthetic_000392,yelp,train,Best place for salads! I go there every time I'm in town for lunch. It's fast and veggies are always fresh.,"['FOOD#QUALITY', 'SERVICE#GENERAL', 'FOOD#QUALITY']","['Food', 'Service', 'Food']","['positive', 'positive', 'positive']","['salads', None, 'veggies']","[False, True, False]",3,True,False,,label
synthetic_000393,yelp,train,"This use to be one of my favorite places for livers & gizzards, But now their food is too too too salty. It's like are you trying to give people high blood pressure with all that salt. Maybe corporate can initiate some changes.","['FOOD#STYLE_OPTIONS', 'FOOD#QUALITY']","['Food', 'Food']","['positive', 'negative']","['livers & gizzards', 'food']","[False, False]",2,False,True,,label
synthetic_000394,yelp,train,The food was terrible! the sushi had no flavor. Beef was soo dry.  Potato salad was nothing close to a salad. Food was not good at all.,"['FOOD#QUALITY', 'FOOD#QUALITY', 'FOOD#QUALITY', 'FOOD#QUALITY', 'FOOD#QUALITY']","['Food', 'Food', 'Food', 'Food', 'Food']","['negative', 'negative', 'negative', 'negative', 'negative']","['food', 'sushi', 'Beef', 'Potato salad', 'Food']","[False, False, False, False, False]",5,False,False,,label
synthetic_000395,yelp,train,"Their sushi is on par with others in the area like Sushi Ninja and Sushi Maru. I always get either the Volcano, Mexican, or Yummy rolls. Can't go wrong with these choices!","['FOOD#QUALITY', 'FOOD#STYLE_OPTIONS']","['Food', 'Food']","['neutral', 'positive']","['sushi', 'Volcano, Mexican, or Yummy rolls']","[False, False]",2,False,True,,label
synthetic_000396,yelp,train,Awesome Peruvian food. I have only been there twice but I really enjoyed their tasteful plates. Bistec a la Chorrillana is a must have.,"['FOOD#QUALITY', 'FOOD#QUALITY', 'FOOD#QUALITY']","['Food', 'Food', 'Food']","['positive', 'positive', 'positive']","['Peruvian food', 'plates', 'Bistec a la Chorrillana']","[False, False, False]",3,False,False,,label
synthetic_000397,yelp,train,"Guy at the counter was rude, the place was filthy, and all around horrible! Would/will not recommend this place at all!","['SERVICE#GENERAL', 'AMBIENCE#GENERAL', 'RESTAURANT#GENERAL']","['Service', 'Ambience', 'General']","['negative', 'negative', 'negative']","['Guy at the counter', 'place', None]","[False, False, True]",3,True,False,,label
synthetic_000398,yelp,train,Not that great. We went for breakfast. The drinks were fantastic but the food....not so much. Everything we have had in new Orleans has been fantastic up until this place. Don't go here.  There are so many othet better places.,"['DRINKS#QUALITY', 'FOOD#QUALITY', 'RESTAURANT#GENERAL']","['Food', 'Food', 'General']","['positive', 'negative', 'negative']","['drinks', 'food', None]","[False, False, True]",3,True,True,,label
synthetic_000399,yelp,train,My girlfriend and I decided to give this place a try. We got cornbeef special hoagies and fried pickles. Was very delicious and we will be ordering again for sure. Delivery was quick as well.,"['FOOD#QUALITY', 'SERVICE#GENERAL']","['Food', 'Service']","['positive', 'positive']","['cornbeef special hoagies and fried pickles', 'Delivery']","[False, False]",2,False,False,,label
synthetic_000400,yelp,train,Up  and  on  the  way  to  becoming  an  Island  must ! Surrounded by Plenty  of  tough  competition ! They're  finding  their  way to  consistency  in building  a fantastic  addition  to  the  local's  hearts !,['RESTAURANT#GENERAL'],['General'],['positive'],[None],[True],1,True,False,,label
synthetic_000401,yelp,train,I could make a jacks pizza taste better than their pizza with little effort.  We ordered two pizzas both horrible. Taste like cheap ingredients. Shouldn't be around long.,"['FOOD#QUALITY', 'RESTAURANT#GENERAL']","['Food', 'General']","['negative', 'negative']","['pizzas', None]","[False, True]",2,True,False,,label
synthetic_000402,yelp,train,Waited 15 minutes for someone to acknowledge us. Walked out and still ignored! Don't go here if you are planning on eating.,"['SERVICE#GENERAL', 'RESTAURANT#GENERAL']","['Service', 'General']","['negative', 'negative']","[None, None]","[True, True]",2,True,False,,label
synthetic_000403,yelp,train,They lie about how long orders will take. Big time. I have never met more incompetent/inconsiderate staff in my life.,['SERVICE#GENERAL'],['Service'],['negative'],[None],[True],1,True,False,,label
synthetic_000404,yelp,train,I finally got to try them. Wow..they did a great job with the remodle. I loved the mushroom cheese steak,"['AMBIENCE#GENERAL', 'FOOD#QUALITY']","['Ambience', 'Food']","['positive', 'positive']","['remodle', 'mushroom cheese steak']","[False, False]",2,False,False,,label
synthetic_000405,yelp,train,This is the best location EVER. The donuts are made to order I believe after 5pm. They are always super hot you can barely eat them . Even the next day they are delicious.,"['LOCATION#GENERAL', 'FOOD#QUALITY']","['General', 'Food']","['positive', 'positive']","['location', 'donuts']","[False, False]",2,False,False,,label
synthetic_000406,yelp,train,"Overpriced food for what they served you!  We had stuffed chicken ( their signature dish), dry and not much flavor! Price for the food, didn't match the quality. The only thing we were impressed about was our server Micheal B. He was excellent, he was always on top of things!!!","['FOOD#PRICES', 'FOOD#QUALITY', 'FOOD#PRICES', 'SERVICE#GENERAL']","['Price', 'Food', 'Price', 'Service']","['negative', 'negative', 'negative', 'positive']","['food', 'stuffed chicken', 'price', 'server']","[False, False, False, False]",4,False,True,,label
synthetic_000407,yelp,train,"When I ordered delivery tonight, it gave me a 35-45 minute delivery time. The pizza arrived 70 minutes later. The pizza was cold and looked terrible.","['SERVICE#GENERAL', 'FOOD#QUALITY']","['Service', 'Food']","['negative', 'negative']","['delivery time', 'pizza']","[False, False]",2,False,False,,label
synthetic_000408,yelp,train,"Best coffee in philadelphia located in a no-frills cafe. In fact, there isn't even a menu. A small selection of pastries and caffeinated drinks. But definitely come here for the coffee, smooth and well-priced.","['DRINKS#QUALITY', 'DRINKS#PRICES']","['Food', 'Price']","['positive', 'positive']","['coffee', 'coffee']","[False, False]",2,False,False,,label
synthetic_000409,yelp,train,This local dive would get 5 stars for menu and Sunday football if they didn't let losers smoke cigars inside.,"['FOOD#STYLE_OPTIONS', 'AMBIENCE#GENERAL']","['Food', 'Ambience']","['positive', 'negative']","['menu', 'smoke cigars']","[False, False]",2,False,True,,label
synthetic_000410,yelp,train,Watermelon pickles were amazing and the wedge was done well with great ranch dressing and juicy plump partly sun dried tomatoes,"['FOOD#QUALITY', 'FOOD#QUALITY', 'FOOD#QUALITY', 'FOOD#QUALITY']","['Food', 'Food', 'Food', 'Food']","['positive', 'positive', 'positive', 'positive']","['Watermelon pickles', 'wedge', 'ranch dressing', 'sun dried tomatoes']","[False, False, False, False]",4,False,False,,label
synthetic_000411,yelp,train,"Worst service I've ever received from a starbucks. They had four employees ""working"" while most of them were standing around while there's was eight people waiting for there drinks. The manager on duty or supervisor didn't seem to have any sense of urgency on getting the drinks made  and neither did the employees. Terrible experience and even worse service","['SERVICE#GENERAL', 'RESTAURANT#GENERAL']","['Service', 'General']","['negative', 'negative']","['service', 'experience']","[False, False]",2,False,False,,label
synthetic_000412,yelp,train,The court house is very old and the art is great. The spiral staircase is funny. One can get view of entire city from 5th level. The tower clock room is really surprising with all mechanical gears inside!! You need a prior appointment to get into clock room. Worth spending 2 to 3 hours of time here.,"['AMBIENCE#GENERAL', 'AMBIENCE#GENERAL', 'AMBIENCE#GENERAL']","['Ambience', 'Ambience', 'Ambience']","['positive', 'positive', 'positive']","['art', 'view', 'clock room']","[False, False, False]",3,False,False,,label
synthetic_000413,yelp,train,First visit in 10 years and won't be going back. Poor quality food prepared with no skill. Sweet/ sour pork was almost inedible from greasy tempura coating.  Pork fried rice a waste of money.  The store is depressing to visit and looks like it does little visit. Off in search of another Chinese restaurant.,"['FOOD#QUALITY', 'FOOD#QUALITY', 'FOOD#PRICES', 'AMBIENCE#GENERAL', 'RESTAURANT#GENERAL']","['Food', 'Food', 'Price', 'Ambience', 'General']","['negative', 'negative', 'negative', 'negative', 'negative']","['food', 'Sweet/ sour pork', 'Pork fried rice', 'store', None]","[False, False, False, False, True]",5,True,False,,label
synthetic_000414,yelp,train,"Italian food is one of my favorite types of food I love to eat.  So of course I am a fan of Olive Garden chan restaurants!! This particular Olive Garden is in a great location and is always busy.  However, even though it is always busy the service, and drinks are always on point.  My girls and I love to go there for their amazing sangrias.  The food is just like all the others... yummy and fast.","['FOOD#QUALITY', 'LOCATION#GENERAL', 'SERVICE#GENERAL', 'DRINKS#QUALITY', 'DRINKS#QUALITY', 'FOOD#QUALITY']","['Food', 'General', 'Service', 'Food', 'Food', 'Food']","['positive', 'positive', 'positive', 'positive', 'positive', 'positive']","['Italian food', 'location', 'service', 'drinks', 'sangrias', 'food']","[False, False, False, False, False, False]",6,False,False,,label
synthetic_000415,yelp,train,Beautiful place. Excellent food. I only gave it a 2 because they gouge you on the drinks. My manhattan was $16. A very small glass of house wine was $11.50. There is no justification for that. We eat out often in good restaurants. This is the only place that gouges you on the drinks. I got the halibut. It was delicious but quite small with nothing on the side.,"['RESTAURANT#GENERAL', 'FOOD#QUALITY', 'DRINKS#PRICES', 'DRINKS#PRICES', 'DRINKS#PRICES', 'FOOD#QUALITY']","['General', 'Food', 'Price', 'Price', 'Price', 'Food']","['positive', 'positive', 'negative', 'negative', 'negative', 'positive']","['place', 'food', 'drinks', 'manhattan', 'house wine', 'halibut']","[False, False, False, False, False, False]",6,False,True,,label
synthetic_000416,yelp,train,"My favorite Reno lunch spot and has been for years.  Love their sandwiches and salads.  Deserts amazing too.  Nice ambiance.  Owner a doll.  The ONLY thing I dislike, and don't understand, is how bad the service is!  Waitresses are always SO slow!  I typically have to go track one down to take order...annoying.  (Albeit they are  friendly)","['RESTAURANT#GENERAL', 'FOOD#QUALITY', 'FOOD#QUALITY', 'FOOD#QUALITY', 'AMBIENCE#GENERAL', 'SERVICE#GENERAL', 'SERVICE#GENERAL']","['General', 'Food', 'Food', 'Food', 'Ambience', 'Service', 'Service']","['positive', 'positive', 'positive', 'positive', 'positive', 'negative', 'positive']","['spot', 'sandwiches', 'salads', 'Deserts', 'ambiance', 'service', None]","[False, False, False, False, False, False, True]",7,True,True,,label
synthetic_000417,yelp,train,"We  have given up.  Served dirty wine glasses more than once.  Find out the keg is kicked after you order and wait for the beer.  The burgers at better at the burger chains, juicer and they never seem to cook to the right temp.  Management needs to step it up.","['SERVICE#GENERAL', 'SERVICE#GENERAL', 'FOOD#QUALITY', 'RESTAURANT#MISCELLANEOUS']","['Service', 'Service', 'Food', 'General']","['negative', 'negative', 'negative', 'negative']","['wine glasses', 'beer', 'burgers', 'Management']","[False, False, False, False]",4,False,False,,label
synthetic_000418,yelp,train,"Delicious bagels. It's a bagel shop so I'm not looking for pancakes, bacon, sausage or eggs. If you want a breakfast platter, go elsewhere. If you want good bagels with butter, cream cheese or plain...this is your spot. Cinnamon raisin and everything bagels are really good!","['FOOD#QUALITY', 'FOOD#STYLE_OPTIONS', 'FOOD#STYLE_OPTIONS', 'FOOD#QUALITY', 'FOOD#QUALITY', 'RESTAURANT#GENERAL']","['Food', 'Food', 'Food', 'Food', 'Food', 'General']","['positive', 'negative', 'positive', 'positive', 'positive', 'positive']","['bagels', 'breakfast platter', 'bagels with butter, cream cheese or plain', 'Cinnamon raisin bagels', 'everything bagels', 'spot']","[False, False, False, False, False, False]",6,False,True,,label
synthetic_000419,yelp,train,"I love this place. Love the Dan Dan noodles, the scallion pancake, the three cup chicken, and all the dumplings. It's delicious, the service is good, and the food is not as agonisingly spicy as some reviews say. It reminds me of all the old Szechuan places on Spadina in Toronto, except marginally better and more upscale. Good, interesting cocktails too.","['RESTAURANT#GENERAL', 'FOOD#QUALITY', 'FOOD#QUALITY', 'FOOD#QUALITY', 'FOOD#QUALITY', 'SERVICE#GENERAL', 'FOOD#STYLE_OPTIONS', 'AMBIENCE#GENERAL', 'DRINKS#QUALITY']","['General', 'Food', 'Food', 'Food', 'Food', 'Service', 'Food', 'Ambience', 'Food']","['positive', 'positive', 'positive', 'positive', 'positive', 'positive', 'positive', 'positive', 'positive']","['place', 'Dan Dan noodles', 'scallion pancake', 'three cup chicken', 'dumplings', 'service', 'food', 'upscale', 'cocktails']","[False, False, False, False, False, False, False, False, False]",9,False,False,,label
synthetic_000420,yelp,train,"There's not much to say except that this place is magical.  Awesome candies! Pralines made on the spot.. great fudge and a cool building.. enter on Decatur, exit on Peter's.  They are so friendly you can taste your way right through the shop. So we did.  We also bought too much. Which we ate... and then wished we had more.  A worthwhile side trip, it kind of made our day!","['RESTAURANT#GENERAL', 'FOOD#QUALITY', 'FOOD#STYLE_OPTIONS', 'FOOD#QUALITY', 'AMBIENCE#GENERAL', 'SERVICE#GENERAL']","['General', 'Food', 'Food', 'Food', 'Ambience', 'Service']","['positive', 'positive', 'positive', 'positive', 'positive', 'positive']","['place', 'candies', 'Pralines', 'fudge', 'building', None]","[False, False, False, False, False, True]",6,True,False,,label
synthetic_000421,yelp,train,"What a great place for breakfast!! Healthy options that are yummy, other options that LOOK yummy!! We love the atmosphere, service and food.","['RESTAURANT#GENERAL', 'FOOD#STYLE_OPTIONS', 'AMBIENCE#GENERAL', 'SERVICE#GENERAL', 'FOOD#QUALITY']","['General', 'Food', 'Ambience', 'Service', 'Food']","['positive', 'positive', 'positive', 'positive', 'positive']","['place', 'options', 'atmosphere', 'service', 'food']","[False, False, False, False, False]",5,False,False,,label
synthetic_000422,yelp,train,"The pizza was the best we've had in the Fairmount/Art Museum/Brewerytown area and we've probably tried 5 or so.  The pepperoni was a little crispy (good thing) and the wings were, too.  That last one is really surprising since there are so many soggy wings out there.  Lazos does it right.  They gave me Sprite instead of Coke but otherwise this was a very good pizza+wing combo.  Will order again!","['FOOD#QUALITY', 'FOOD#QUALITY', 'FOOD#QUALITY', 'RESTAURANT#GENERAL']","['Food', 'Food', 'Food', 'General']","['positive', 'positive', 'positive', 'positive']","['pizza', 'pepperoni', 'wings', None]","[False, False, False, True]",4,True,False,,label
synthetic_000423,yelp,train,Great coconut curry chicken. One of the best. The only thing is when you order a whole chicken you would figure you would get 2 wings 2 legs 2 Brest 2 thighs not here we got a piece of a Brest no wings 1 leg and a thigh. It was good but they should tell you what there definition of a whole chicken and half chicken is. Now knowing that I would go again. Cause it is great coconut curry.,"['FOOD#QUALITY', 'FOOD#QUALITY', 'RESTAURANT#GENERAL']","['Food', 'Food', 'General']","['positive', 'negative', 'positive']","['coconut curry chicken', 'whole chicken', None]","[False, False, True]",3,True,True,,label
synthetic_000424,yelp,train,We got seated right away for lunch today.  And then we waited.   And waited. The table across from us even asked if we were still waiting for a server. Finally came over to apologize for the delay.  The food was really good. Each had a flight of beer. Very good. Prices are nice with the lunch special.  Would eat here again,"['SERVICE#GENERAL', 'SERVICE#GENERAL', 'FOOD#QUALITY', 'DRINKS#QUALITY', 'RESTAURANT#PRICES', 'RESTAURANT#GENERAL']","['Service', 'Service', 'Food', 'Food', 'Price', 'General']","['positive', 'negative', 'positive', 'positive', 'positive', 'positive']","['seated', 'waiting', 'food', 'beer', 'Prices', 'here']","[False, False, False, False, False, False]",6,False,True,,label
synthetic_000425,yelp,train,"Over priced drinks, mixing 4 or 5 different liquors and adding juice should NOT cost 15.00, and its not top shelf liquor either.  2 crab clusters and 2 pieces of corn should NOT cost 25.00! It's a shame since I live right up the street, I keep trying to give this place a chance, but every time I leave disappointed. I'm not even going to speak on the horrible parking. ..this place sucks ass !","['DRINKS#PRICES', 'DRINKS#QUALITY', 'FOOD#PRICES', 'FOOD#PRICES', 'RESTAURANT#GENERAL', 'LOCATION#GENERAL']","['Price', 'Food', 'Price', 'Price', 'General', 'General']","['negative', 'negative', 'negative', 'negative', 'negative', 'negative']","['drinks', 'liquor', 'crab clusters', 'corn', 'place', 'parking']","[False, False, False, False, False, False]",6,False,False,,label
synthetic_000426,yelp,train,Food was good but service was poor. Very unorganized and not handling crowd well. Not enough seating outside and indoor temperature is  too cold. Condensation from air vents kept dripping in me. Lemonade tasted like a cool aide mix.. Surprised people were not enjoying the beach chairs un the sand.,"['FOOD#QUALITY', 'SERVICE#GENERAL', 'SERVICE#GENERAL', 'AMBIENCE#GENERAL', 'AMBIENCE#GENERAL', 'AMBIENCE#GENERAL', 'DRINKS#QUALITY', 'AMBIENCE#GENERAL']","['Food', 'Service', 'Service', 'Ambience', 'Ambience', 'Ambience', 'Food', 'Ambience']","['positive', 'negative', 'negative', 'negative', 'negative', 'negative', 'negative', 'negative']","['Food', 'service', None, 'seating', 'temperature', 'air vents', 'Lemonade', 'beach chairs']","[False, False, True, False, False, False, False, False]",8,True,True,,label
synthetic_000427,yelp,train,This is place is great for bad Thai. Not sure what these reviews are about. I ordered a simple clear noodle dish - that was bad. My husband ordered a fried rice dish and the rice was mush. All ingredients including the mushrooms and carrots were canned or frozen. If you want bad Thai come here! I will not come back here even if they paid me to eat here. The worst Thai I ever had.,"['FOOD#QUALITY', 'FOOD#QUALITY', 'FOOD#QUALITY', 'RESTAURANT#GENERAL']","['Food', 'Food', 'Food', 'General']","['negative', 'negative', 'negative', 'negative']","['noodle dish', 'fried rice dish', 'ingredients', 'place']","[False, False, False, False]",4,False,False,,label
synthetic_000428,yelp,train,The  place is so dark hard to see the menu to start off with. The food is fair not really all the tasty. Waiterss we're a bit slow and the place was not even busy.,"['AMBIENCE#GENERAL', 'FOOD#QUALITY', 'SERVICE#GENERAL']","['Ambience', 'Food', 'Service']","['negative', 'neutral', 'negative']","['place', 'food', 'Waiterss']","[False, False, False]",3,False,True,,label
synthetic_000429,yelp,train,The donair meat was very cheap tasting....like it came out of a can or something gross.   The place looks run down.  We won't be back.  People who think this is the best donair have lived a very sheltered life in the land of donairs!  This is probably one of my worst ones!,"['FOOD#QUALITY', 'AMBIENCE#GENERAL', 'RESTAURANT#GENERAL']","['Food', 'Ambience', 'General']","['negative', 'negative', 'negative']","['donair meat', 'place', None]","[False, False, True]",3,True,False,,label
synthetic_000430,yelp,train,Excellent quality sushi. The sashimi and nigiri are fresh and generous in size.  Top notch sushi with limited roll options. A must go to place if you are a true sushi lover,"['FOOD#QUALITY', 'FOOD#QUALITY', 'FOOD#STYLE_OPTIONS', 'RESTAURANT#GENERAL']","['Food', 'Food', 'Food', 'General']","['positive', 'positive', 'negative', 'positive']","['sushi', 'sashimi and nigiri', 'roll options', 'place']","[False, False, False, False]",4,False,True,,label
synthetic_000431,yelp,train,"All over good food. Not super fancy, but I have never had something there that I did not like.   Recommended items:   Marathon Burger Basil Lemonade (alcoholic) Dark and Stormy (alcoholic) Vegetarian Chili (awesome!!) Fire-roasted salsa Crispy Buffalo Chicken Sandwich Southwest Salad  Great place to get a decently priced meal and is easy to get into any day of the week.","['FOOD#QUALITY', 'AMBIENCE#GENERAL', 'FOOD#QUALITY', 'FOOD#QUALITY', 'DRINKS#QUALITY', 'DRINKS#QUALITY', 'FOOD#QUALITY', 'FOOD#QUALITY', 'FOOD#QUALITY', 'FOOD#QUALITY', 'RESTAURANT#GENERAL', 'FOOD#PRICES', 'SERVICE#GENERAL']","['Food', 'Ambience', 'Food', 'Food', 'Food', 'Food', 'Food', 'Food', 'Food', 'Food', 'General', 'Price', 'Service']","['positive', 'negative', 'positive', 'positive', 'positive', 'positive', 'positive', 'positive', 'positive', 'positive', 'positive', 'positive', 'positive']","['food', None, None, 'Marathon Burger', 'Basil Lemonade', 'Dark and Stormy', 'Vegetarian Chili', 'Fire-roasted salsa', 'Crispy Buffalo Chicken Sandwich', 'Southwest Salad', 'place', 'meal', None]","[False, True, True, False, False, False, False, False, False, False, False, False, True]",13,True,True,,label
synthetic_000432,yelp,train,"Hating waiting but finally enjoying. What a bet for a train station. But it sounds like it works on the outdoor plaza, while sun is hanging out with some places to rest and nap. Good bye kiss By Philly","['SERVICE#GENERAL', 'AMBIENCE#GENERAL']","['Service', 'Ambience']","['negative', 'positive']","[None, 'outdoor plaza']","[True, False]",2,True,True,,label
synthetic_000433,yelp,train,"Hankering big time for some all-can-eat sushi, we struck out for Saki Endless Sushi. Saki, a converted UPS Store was tucked away on Gulf to Bay Boulevard. What a delightful surprise. The rolls were beautifully prepared and the fish super fresh. Try the ""Top of the World"" Roll or the ""2 in 1 Crispy"" Roll. Melt in your mouth deliciousness! The Salt and Pepper shrimp was quick fried, hot and oh so good!","['RESTAURANT#GENERAL', 'FOOD#STYLE_OPTIONS', 'FOOD#QUALITY', 'FOOD#QUALITY', 'FOOD#STYLE_OPTIONS', 'FOOD#STYLE_OPTIONS', 'FOOD#QUALITY']","['General', 'Food', 'Food', 'Food', 'Food', 'Food', 'Food']","['positive', 'positive', 'positive', 'positive', 'positive', 'positive', 'positive']","['Saki', 'all-can-eat sushi', 'rolls', 'fish', 'Top of the World Roll', '2 in 1 Crispy Roll', 'Salt and Pepper shrimp']","[False, False, False, False, False, False, False]",7,False,False,,label
synthetic_000434,yelp,train,"Tried it tonight for the first time. Just tried basics to start, chicken in garlic sauce, shrimp fried rice, wonton soup and shrimp rolls..  All was tasty.  My husband thought the shrimp rolls could have used more flavor but I thought they were just fine. This area has needed a good chinese takeout for a long time.  I plan to try it again soon.","['FOOD#QUALITY', 'FOOD#QUALITY', 'FOOD#STYLE_OPTIONS']","['Food', 'Food', 'Food']","['negative', 'positive', 'positive']","['shrimp rolls', None, 'chinese takeout']","[False, True, False]",3,True,True,,label
synthetic_000435,yelp,train,"Quite a busy place - you can drive into the pier and park at the restaurant - 90 mins free with validation. The Cioppino, which comes in a bread bowl is good but unfortunately is a bit scarce with the fish. My wife enjoyed the Shrimp Tacos. Try to get a seat at one of the 4 tables outside...","['LOCATION#GENERAL', 'FOOD#QUALITY', 'FOOD#QUALITY', 'FOOD#QUALITY']","['General', 'Food', 'Food', 'Food']","['positive', 'positive', 'negative', 'positive']","['park', 'Cioppino', 'Cioppino', 'Shrimp Tacos']","[False, False, False, False]",4,False,True,,label
synthetic_000436,yelp,train,"The guy was super nice and attentive and told me what would go good on my white sauce pizza, I listened to him and my pizza was great!! I went with friends and we all got something different and all taste tested each others food and all of it was tasty. Definitely will be going back. We also got the free pesto breadsticks, yum! Their marinara is delicious!!","['SERVICE#GENERAL', 'FOOD#QUALITY', 'FOOD#QUALITY', 'FOOD#QUALITY', 'FOOD#QUALITY', 'RESTAURANT#GENERAL']","['Service', 'Food', 'Food', 'Food', 'Food', 'General']","['positive', 'positive', 'positive', 'positive', 'positive', 'positive']","['guy', 'white sauce pizza', 'food', 'pesto breadsticks', 'marinara', None]","[False, False, False, False, False, True]",6,True,False,,label
synthetic_000437,yelp,train,"The towel they give you to clean your hands priot to dinner smelled dirty, the staff was very rude and the place itself was not too clean... never going back there ever again.","['AMBIENCE#GENERAL', 'SERVICE#GENERAL', 'AMBIENCE#GENERAL', 'RESTAURANT#GENERAL']","['Ambience', 'Service', 'Ambience', 'General']","['negative', 'negative', 'negative', 'negative']","['towel', 'staff', 'place', None]","[False, False, False, True]",4,True,False,,label
synthetic_000438,yelp,train,"Food is below average. Waiter is unfriendly.. I asked which dishes are less spicy, he said dismissively: all of them are spicy because Indian food is spicy.. OK, they never brought a chutney tray and we never asked. They constantly were out of naan which wasn't very flavorful. Yeah, that's the last time for us. The decor was colorful. That's what the one star is for.","['FOOD#QUALITY', 'SERVICE#GENERAL', 'FOOD#STYLE_OPTIONS', 'SERVICE#GENERAL', 'FOOD#QUALITY', 'AMBIENCE#GENERAL', 'RESTAURANT#GENERAL']","['Food', 'Service', 'Food', 'Service', 'Food', 'Ambience', 'General']","['negative', 'negative', 'negative', 'negative', 'negative', 'positive', 'negative']","['Food', 'Waiter', 'dishes', None, 'naan', 'decor', None]","[False, False, False, True, False, False, True]",7,True,True,,label
synthetic_000439,yelp,train,"Pizza was delicious had the meat eaters pizza. The pizza was perfectly proportioned and filled me up and I had to take the rest to go. I will definitely try and persuade the franchise owner to let me open my own blaze pizza in Biloxi, MS. I can imagine I would do a lot of business. God willing....","['FOOD#QUALITY', 'FOOD#STYLE_OPTIONS']","['Food', 'Food']","['positive', 'positive']","['Pizza', 'meat eaters pizza']","[False, False]",2,False,False,,label
synthetic_000440,yelp,train,"The pizza was good, however the restaurant was filthy including the bathrooms.  There was a dog in the restaurant that was not a service dog.  Manager was blowing his nose and coughing right by the pizzas and chewing gum.  Disgusting restaurant!","['FOOD#QUALITY', 'AMBIENCE#GENERAL', 'SERVICE#GENERAL', 'RESTAURANT#GENERAL']","['Food', 'Ambience', 'Service', 'General']","['positive', 'negative', 'negative', 'negative']","['pizza', 'restaurant', 'Manager', 'restaurant']","[False, False, False, False]",4,False,True,,label
synthetic_000441,yelp,train,"I was hoping that the restaurant that replaced Copeland's in this space would be a regular in my rotation of Westbank restaurants. I left extremely disappointed after being overcharged for jambalaya that resembled Zatarain's boxed mix and a gumbo that was underwhelming in flavor. Maybe I went too early, maybe I went on a bad day, but I will not be back until the menu prices drop.","['RESTAURANT#GENERAL', 'FOOD#PRICES', 'FOOD#QUALITY', 'FOOD#QUALITY', 'RESTAURANT#PRICES']","['General', 'Price', 'Food', 'Food', 'Price']","['negative', 'negative', 'negative', 'negative', 'negative']","['restaurant', 'jambalaya', 'jambalaya', 'gumbo', 'menu prices']","[False, False, False, False, False]",5,False,False,,label
synthetic_000442,yelp,train,Becca is an awesome bartender. They have awesome happy hour specials including land shark. The food menu is somewhat limited but the service at the bar is great. We hope they can keep up the business and attract more locals.,"['SERVICE#GENERAL', 'DRINKS#STYLE_OPTIONS', 'FOOD#STYLE_OPTIONS', 'SERVICE#GENERAL']","['Service', 'Food', 'Food', 'Service']","['positive', 'positive', 'negative', 'positive']","['bartender', 'happy hour specials', 'food menu', 'service']","[False, False, False, False]",4,False,True,,label
synthetic_000443,yelp,train,So my wife picked this place and to be honest I wish she had not. The staff was great. The food was a different story. All of the food we had was way to salty. I don't want to be mean so I will sum up this experience as a can miss. Maybe in a few months we will give this place a second chance.,"['SERVICE#GENERAL', 'FOOD#QUALITY', 'RESTAURANT#GENERAL']","['Service', 'Food', 'General']","['positive', 'negative', 'negative']","['staff', 'food', 'place']","[False, False, False]",3,False,True,,label
synthetic_000444,yelp,train,"The last time I was here was when I was in high school at the OLD restaurant (if anyone remembers that).  Very nice set up inside, comfy booths, nice staff.  Our pizza took a little longer than anticipated but was tasty, their presentation was the most intriguing.  They slice the pizza in half and place each half on different tiers to bring out to the table.  Have local crafted beers on tap from Mastry's brewing.   Good selection of food.","['AMBIENCE#GENERAL', 'AMBIENCE#GENERAL', 'SERVICE#GENERAL', 'SERVICE#GENERAL', 'FOOD#QUALITY', 'FOOD#STYLE_OPTIONS', 'FOOD#STYLE_OPTIONS']","['Ambience', 'Ambience', 'Service', 'Service', 'Food', 'Food', 'Food']","['positive', 'positive', 'positive', 'negative', 'positive', 'positive', 'positive']","['set up', 'booths', 'staff', None, 'pizza', 'presentation', 'selection']","[False, False, False, True, False, False, False]",7,True,True,,label
synthetic_000445,yelp,train,"This is a decent place to stop at the Lakeside Mall, where pretty much everything besides Bed Bath & Beyond could be described as ""Meh. I've experienced better.""  The stuffed grape leaves are ok and served for a fair price, although they are served cold.  The falafel are fair, but the hummus is as bland as a piece of paper drizzled with olive oil.  Skip that unless you eat it with the salad, which is actually very nicely dressed.","['RESTAURANT#GENERAL', 'FOOD#QUALITY', 'FOOD#PRICES', 'FOOD#QUALITY', 'FOOD#QUALITY', 'FOOD#QUALITY', 'FOOD#QUALITY']","['General', 'Food', 'Price', 'Food', 'Food', 'Food', 'Food']","['positive', 'neutral', 'positive', 'negative', 'neutral', 'negative', 'positive']","['place', 'stuffed grape leaves', 'stuffed grape leaves', 'stuffed grape leaves', 'falafel', 'hummus', 'salad']","[False, False, False, False, False, False, False]",7,False,True,,label
synthetic_000446,yelp,train,Wholes food have a good variety of organic food. They always seem to be up to date as well. I love that their seafood is always fresh and I love making fresh roasted peanut butter for my children. The only thing I can say is if your black beware of the security guard that will follow you around the whole store the entire time..,"['FOOD#STYLE_OPTIONS', 'FOOD#QUALITY', 'FOOD#QUALITY', 'SERVICE#GENERAL', 'RESTAURANT#GENERAL']","['Food', 'Food', 'Food', 'Service', 'General']","['positive', 'positive', 'positive', 'negative', 'positive']","['variety', 'seafood', 'peanut butter', 'security guard', None]","[False, False, False, False, True]",5,True,True,,label
synthetic_000447,yelp,train,"Tried this place for the first time on a Saturday for a late lunch/early dinner.   LOVE LOVE LOVE the low carb Naruto Roll, but it only comes with 5 pieces :( .... I would adding more healthy rolls wrapped in cucumber and soy paper like this to the menu. The Sashimi prices are a little high...  All in all we loved the mix of Japanese/ Korean food and the service, although the choice in music wasn't up to par.","['FOOD#QUALITY', 'FOOD#STYLE_OPTIONS', 'FOOD#PRICES', 'FOOD#STYLE_OPTIONS', 'SERVICE#GENERAL', 'AMBIENCE#GENERAL']","['Food', 'Food', 'Price', 'Food', 'Service', 'Ambience']","['positive', 'negative', 'negative', 'positive', 'positive', 'negative']","['Naruto Roll', '5 pieces', 'Sashimi prices', 'Japanese/Korean food', 'service', 'music']","[False, False, False, False, False, False]",6,False,True,,label
synthetic_000448,yelp,train,I love Bing's boba!!!!!!!!! The Taro snow is my go to drink. Definitely the best boba spot in Tucson! The place is always clean. They have board games for you to play. The staff is helpful and friendly. My husband ordered a drink that unfortunately was not at the right flavor level. He told the staff and they made him a new drink that was to his liking.,"['DRINKS#QUALITY', 'DRINKS#QUALITY', 'RESTAURANT#GENERAL', 'AMBIENCE#GENERAL', 'RESTAURANT#MISCELLANEOUS', 'SERVICE#GENERAL', 'DRINKS#QUALITY', 'DRINKS#QUALITY']","['Food', 'Food', 'General', 'Ambience', 'General', 'Service', 'Food', 'Food']","['positive', 'positive', 'positive', 'positive', 'positive', 'positive', 'negative', 'positive']","['boba', 'Taro snow', 'boba spot', 'place', 'board games', 'staff', 'drink', 'new drink']","[False, False, False, False, False, False, False, False]",8,False,True,,label
synthetic_000449,yelp,train,I went here with some friends and I would recommend this place for some great drinks. They have some unique cocktails and cordials. But I was disappointed in the food.  It was just bland and nothing exciting.  The service was pleasant but it didn't make the food any better. Come here if you're looking for a variety of booze but don't come hungry.,"['RESTAURANT#GENERAL', 'DRINKS#QUALITY', 'DRINKS#STYLE_OPTIONS', 'DRINKS#STYLE_OPTIONS', 'FOOD#QUALITY', 'SERVICE#GENERAL']","['General', 'Food', 'Food', 'Food', 'Food', 'Service']","['positive', 'positive', 'positive', 'positive', 'negative', 'positive']","['place', 'drinks', 'cocktails', 'cordials', 'food', 'service']","[False, False, False, False, False, False]",6,False,True,,label
synthetic_000450,yelp,train,"Wow!  Yummy, different,  delicious.   Our favorite is the lamb curry and korma.  With 10 different kinds of naan!!!  Don't let the outside deter you (because we almost changed our minds)...go in and try something new!   You'll be glad you did!","['FOOD#QUALITY', 'FOOD#QUALITY', 'FOOD#STYLE_OPTIONS', 'RESTAURANT#GENERAL']","['Food', 'Food', 'Food', 'General']","['positive', 'positive', 'positive', 'positive']","['lamb curry', 'korma', 'naan', None]","[False, False, False, True]",4,True,False,,label
synthetic_000451,yelp,train,Beer selection is good. Food is quality. Atmosphere is one of the best on mass ave. the staff is very friendly which makes the meal taste that much better. Wings are quality with good flavor. Always on the list for a quick pint after work.,"['DRINKS#QUALITY', 'FOOD#QUALITY', 'AMBIENCE#GENERAL', 'SERVICE#GENERAL', 'FOOD#QUALITY']","['Food', 'Food', 'Ambience', 'Service', 'Food']","['positive', 'positive', 'positive', 'positive', 'positive']","['Beer', 'Food', 'Atmosphere', 'staff', 'Wings']","[False, False, False, False, False]",5,False,False,,label
synthetic_000452,yelp,train,"Slow service, food was just OK. Had the beef and shrimp with vermacelli and lemon chicken. Only two shrimp the size of my pinky. Lemon chicken and beef were a step above Panda Express. 30+ minute wait for food.","['SERVICE#GENERAL', 'FOOD#QUALITY', 'FOOD#QUALITY', 'FOOD#QUALITY', 'FOOD#QUALITY', 'SERVICE#GENERAL']","['Service', 'Food', 'Food', 'Food', 'Food', 'Service']","['negative', 'neutral', 'negative', 'positive', 'positive', 'negative']","['service', 'food', 'shrimp', 'lemon chicken', 'beef', None]","[False, False, False, False, False, True]",6,True,True,,label
synthetic_000453,yelp,train,OMG this place is the bomb! A local recommended it to us. He mentioned national awards for their donuts and I could see why. I also had a breakfast slider with best bread.  The place has a great authentic industrial rustic neighborhood feel with seating inside and out. Have you ever eaten food that is so good it feels like you're drunk happy as you sit and enjoy it?... this is that kind of place.,"['RESTAURANT#GENERAL', 'FOOD#QUALITY', 'FOOD#QUALITY', 'AMBIENCE#GENERAL', 'FOOD#QUALITY']","['General', 'Food', 'Food', 'Ambience', 'Food']","['positive', 'positive', 'positive', 'positive', 'positive']","['place', 'donuts', 'breakfast slider', 'feel', 'food']","[False, False, False, False, False]",5,False,False,,label
synthetic_000454,yelp,train,"Wow, the BBQ Shrimp was killer.  Definitely a must.  Ted and Dwayne did a great job as servers.    I would come back for sure.  The decor is nice and the atmosphere pleasant.","['FOOD#QUALITY', 'SERVICE#GENERAL', 'AMBIENCE#GENERAL', 'AMBIENCE#GENERAL', 'RESTAURANT#GENERAL']","['Food', 'Service', 'Ambience', 'Ambience', 'General']","['positive', 'positive', 'positive', 'positive', 'positive']","['BBQ Shrimp', 'servers', 'decor', 'atmosphere', None]","[False, False, False, False, True]",5,True,False,,label
synthetic_000455,yelp,train,"Negative 5 stars. Worst service and slow, 15 minutes for 1 panini. They use microwaves people so its not even fresh, just crap. I'm sure they don't CLEAN them either. Disgusting, Get Real. I will go buy a frozen breakfast sandwhich & cook it my own CLEAN microwave which isn't cooked with everybody else's crap. NEVER AGAIN will go here. Btw i waited so long i got my money back. Keep your crappy sandwhich and enjoy","['SERVICE#GENERAL', 'FOOD#QUALITY', 'FOOD#QUALITY']","['Service', 'Food', 'Food']","['negative', 'negative', 'negative']","['service', 'panini', 'sandwhich']","[False, False, False]",3,False,False,,label
synthetic_000456,yelp,train,"I love the owner!  He's amazing!!  The only complaint I have is that the service from the server's isn't that fabulous.  We had our rehearsal dinner here and while the food was OK, the service wasn't good at all.  We waited so long for food and just refills.  My husband and I visit this restaurant for ourselves and have no issues but I would not recommend having a large crowd here.","['RESTAURANT#GENERAL', 'SERVICE#GENERAL', 'FOOD#QUALITY', 'RESTAURANT#GENERAL']","['General', 'Service', 'Food', 'General']","['positive', 'negative', 'neutral', 'positive']","['owner', 'service', 'food', 'restaurant']","[False, False, False, False]",4,False,True,,label
synthetic_000457,yelp,train,"Awful! Our fav Chinese restaurant down the street closed their business and we gave this place a try. Very little meat in the 2 dishes we ordered. Very small portions or white rice to pair with the dishes. Crab Rangoon were sad with little filling and over cooked. To top off, they only take cash so I had to leave and make another stop. Will not be back. Plenty of other Chinese American restaurants in town.","['FOOD#QUALITY', 'FOOD#QUALITY', 'FOOD#QUALITY', 'RESTAURANT#MISCELLANEOUS', 'RESTAURANT#GENERAL']","['Food', 'Food', 'Food', 'General', 'General']","['negative', 'negative', 'negative', 'negative', 'negative']","['meat', 'portions', 'Crab Rangoon', 'cash', None]","[False, False, False, False, True]",5,True,False,,label
synthetic_000458,yelp,train,"This coffee shop is NOT what Nashville is about . unfortunately I could extend that to all of westhaven.  No friendly greeting , in fact, no greeting at all.  The clientele are snobs.  The coffee was merely up to par.  Overall not a great experience, won't be coming back.","['RESTAURANT#GENERAL', 'SERVICE#GENERAL', 'AMBIENCE#GENERAL', 'DRINKS#QUALITY']","['General', 'Service', 'Ambience', 'Food']","['negative', 'negative', 'negative', 'neutral']","['coffee shop', 'greeting', 'clientele', 'coffee']","[False, False, False, False]",4,False,True,,label
synthetic_000459,yelp,train,The food was blah. The server forgot to put our ticket in to the cook so we waited additional time and watched the other tables that came in after us get their food before us. The only good thing was the manager gave us half off on each entree ordered. Definitely would not recommend and will not be back.,"['FOOD#QUALITY', 'SERVICE#GENERAL', 'FOOD#PRICES', 'RESTAURANT#GENERAL']","['Food', 'Service', 'Price', 'General']","['negative', 'negative', 'positive', 'negative']","['food', 'server', 'half off', None]","[False, False, False, True]",4,True,True,,label
synthetic_000460,yelp,train,Worth the wait and the hype- get the old fashioned buttermilk pancakes with a side of bacon and fruit- I topped my pancakes with bananas and will now die happy. Those pancakes are what dreams are made of!,"['SERVICE#GENERAL', 'FOOD#QUALITY', 'FOOD#QUALITY', 'RESTAURANT#GENERAL']","['Service', 'Food', 'Food', 'General']","['positive', 'positive', 'positive', 'positive']","['wait', 'pancakes', 'bacon and fruit', None]","[False, False, False, True]",4,True,False,,label
synthetic_000461,yelp,train,Place has really slipped as far as food quality. Pork steak was dry and tough and I wish they'd have let me pick which sauce from the squeeze bottles on the table. The BBQ nachos we'd shared here before many times was soggy and tasteless. We were there early evening Saturday and they weren't busy at all.  I guess words gotten around.   Still good service like before.  Probably not returning.,"['RESTAURANT#GENERAL', 'FOOD#QUALITY', 'FOOD#QUALITY', 'FOOD#STYLE_OPTIONS', 'FOOD#QUALITY', 'SERVICE#GENERAL']","['General', 'Food', 'Food', 'Food', 'Food', 'Service']","['negative', 'negative', 'negative', 'negative', 'negative', 'positive']","['Place', 'food quality', 'Pork steak', 'sauce', 'BBQ nachos', 'service']","[False, False, False, False, False, False]",6,False,True,,label
synthetic_000462,yelp,train,"not many great bars in soco but this comes close.  lots of tvs, good atmosphere. we didn't eat but I'd definitely try the food.  overall a good time.","['RESTAURANT#GENERAL', 'AMBIENCE#GENERAL', 'AMBIENCE#GENERAL', 'FOOD#QUALITY', 'RESTAURANT#GENERAL']","['General', 'Ambience', 'Ambience', 'Food', 'General']","['positive', 'positive', 'positive', 'positive', 'positive']","['bars', 'atmosphere', 'tvs', 'food', None]","[False, False, False, False, True]",5,True,False,,label
synthetic_000463,yelp,train,"The menu isn't extensive but great to go to if you're craving a classic bibimbap.  I would recommend the extra dollar for the stone bowl.  The man who runs the shop is sweet and makes sure you have a good dine in experience.   Also, the location is close to the Magic Gardens.","['FOOD#STYLE_OPTIONS', 'FOOD#QUALITY', 'FOOD#PRICES', 'SERVICE#GENERAL', 'LOCATION#GENERAL']","['Food', 'Food', 'Price', 'Service', 'General']","['negative', 'positive', 'positive', 'positive', 'neutral']","['menu', 'bibimbap', 'stone bowl', 'man who runs the shop', 'location']","[False, False, False, False, False]",5,False,True,,label
synthetic_000464,yelp,train,"My husband and I come here often. We love the food here, it's always fresh and the service is great. We highly recommend this place to anyone who loves sushi & hibachi.","['FOOD#QUALITY', 'SERVICE#GENERAL', 'RESTAURANT#GENERAL', 'FOOD#STYLE_OPTIONS']","['Food', 'Service', 'General', 'Food']","['positive', 'positive', 'positive', 'positive']","['food', 'service', 'place', 'sushi & hibachi']","[False, False, False, False]",4,False,False,,label
synthetic_000465,yelp,train,My favorite burger in town! The place is confortabke and has a great variety of drinks with bourbon. They should have a reservation policy.,"['FOOD#QUALITY', 'AMBIENCE#GENERAL', 'DRINKS#STYLE_OPTIONS', 'RESTAURANT#MISCELLANEOUS']","['Food', 'Ambience', 'Food', 'General']","['positive', 'positive', 'positive', 'negative']","['burger', 'place', 'drinks', 'reservation policy']","[False, False, False, False]",4,False,True,,label
synthetic_000466,yelp,train,It was a group of us and we had issues with our order. We had to send back some of our orders. The coffee was cold the omelette was disgusting taste as though they didn't clean the griddle it was cooked on. Two of my friends had steak and it was burnt!,"['SERVICE#GENERAL', 'DRINKS#QUALITY', 'FOOD#QUALITY', 'FOOD#QUALITY']","['Service', 'Food', 'Food', 'Food']","['negative', 'negative', 'negative', 'negative']","[None, 'coffee', 'omelette', 'steak']","[True, False, False, False]",4,True,False,,label
synthetic_000467,yelp,train,"I love this place, the best day is Thursday for dollar tacos. The people who make the food are so nice and they know what they're doing and they make excellent food. If you go in there and you want the ""Plan B"", ask them to make it in a wrap for you and it tastes even better. Breakfast is only until 11 am so hurry! BEST IN HYDE PARK!!!!","['RESTAURANT#GENERAL', 'FOOD#PRICES', 'SERVICE#GENERAL', 'FOOD#QUALITY', 'FOOD#QUALITY', 'FOOD#STYLE_OPTIONS', 'RESTAURANT#GENERAL']","['General', 'Price', 'Service', 'Food', 'Food', 'Food', 'General']","['positive', 'positive', 'positive', 'positive', 'positive', 'positive', 'positive']","['place', 'dollar tacos', 'people who make the food', 'food', 'Plan B', 'wrap', None]","[False, False, False, False, False, False, True]",7,True,False,,label
synthetic_000468,yelp,train,Our first experience here was good - fresh Thai and attentive service. Our other tries were not as pleasant.  The AC wasn't working once and the other time we didn't receive good service. We wanted to support this local restaurant but haven't been impressed.,"['FOOD#QUALITY', 'SERVICE#GENERAL', 'RESTAURANT#GENERAL', 'AMBIENCE#GENERAL', 'SERVICE#GENERAL', 'RESTAURANT#GENERAL']","['Food', 'Service', 'General', 'Ambience', 'Service', 'General']","['positive', 'positive', 'negative', 'negative', 'negative', 'negative']","['Thai', 'service', None, 'AC', 'service', 'restaurant']","[False, False, True, False, False, False]",6,True,True,,label
synthetic_000469,yelp,train,The music and drinks were good. Bouncers were EXTREMELY disrespectful. I would not go back. It's a shame because the music was good and the atmosphere was fun.,"['AMBIENCE#GENERAL', 'DRINKS#QUALITY', 'SERVICE#GENERAL', 'AMBIENCE#GENERAL', 'RESTAURANT#GENERAL']","['Ambience', 'Food', 'Service', 'Ambience', 'General']","['positive', 'positive', 'negative', 'positive', 'negative']","['music', 'drinks', 'bouncers', 'atmosphere', None]","[False, False, False, False, True]",5,True,True,,label
synthetic_000470,yelp,train,"If you order a salad, be carful for the ingredients.. I found bacon, Spanish in my Fuji Apple salad.. And they did not add the blue cheese... They mess up the general taste of the plate..","['FOOD#QUALITY', 'FOOD#QUALITY', 'FOOD#QUALITY']","['Food', 'Food', 'Food']","['negative', 'negative', 'negative']","['salad', 'ingredients', 'blue cheese']","[False, False, False]",3,False,False,,label
synthetic_000471,yelp,train,"We discovered this place a few months ago and been here 3 times ao far. Everything is so delicious.  The roles are nice and soft with cinnamon butter, you can even ask for some roles to go. Too bad that we have to travel about an hour to get there.","['FOOD#QUALITY', 'FOOD#QUALITY', 'LOCATION#GENERAL']","['Food', 'Food', 'General']","['positive', 'positive', 'negative']","['Everything', 'roles', None]","[False, False, True]",3,True,True,,label
synthetic_000472,yelp,train,"Overpriced and the actual cake is frankly overrated. If you order coffee, refills are not free. Good to know in advance. :(  That said, the decor is cute if you're wanting to take a little girl out for a special outing. It's a very cute shabby chic shop if you're into that sort of thing. If you get take out they will give you $10 worth of packaging with your $15 slice of cake.","['FOOD#PRICES', 'FOOD#QUALITY', 'DRINKS#PRICES', 'AMBIENCE#GENERAL', 'AMBIENCE#GENERAL', 'RESTAURANT#PRICES']","['Price', 'Food', 'Price', 'Ambience', 'Ambience', 'Price']","['negative', 'negative', 'negative', 'positive', 'positive', 'negative']","['cake', 'cake', 'coffee', 'decor', 'shop', 'packaging']","[False, False, False, False, False, False]",6,False,True,,label
synthetic_000473,yelp,train,"Horrible food.  Bread sticks totally dry. Mozzarella sticks more salty than salt itself. And the worst tasting, bland, fettuccine alfredo ever.  Gave it a try despite the 1.5 stars but shouldn't have risked it. Wish I could give them a zero.","['FOOD#QUALITY', 'FOOD#QUALITY', 'FOOD#QUALITY', 'FOOD#QUALITY', 'RESTAURANT#GENERAL']","['Food', 'Food', 'Food', 'Food', 'General']","['negative', 'negative', 'negative', 'negative', 'negative']","['food', 'Bread sticks', 'Mozzarella sticks', 'fettuccine alfredo', None]","[False, False, False, False, True]",5,True,False,,label
synthetic_000474,yelp,train,Do not go here. Was greeted last though I got there before 2 other people. Then waited 35 minutes for a chicken parmesan. Worst service ever.,"['RESTAURANT#GENERAL', 'SERVICE#GENERAL', 'SERVICE#GENERAL', 'SERVICE#GENERAL']","['General', 'Service', 'Service', 'Service']","['negative', 'negative', 'negative', 'negative']","[None, None, None, 'service']","[True, True, True, False]",4,True,False,,label
synthetic_000475,yelp,train,"I really love the owners here. They are very friendly and nice. The service is always great and the food tastes good too. One thing I would recommend is changing their pas thai noodles to thicker rice noodles. They use thin rice noodles, but it would taste so much better with slightly thicker noodles. Their pad thai sauce is pretty good as well. I would recommend this place and visit again.","['RESTAURANT#GENERAL', 'SERVICE#GENERAL', 'FOOD#QUALITY', 'FOOD#STYLE_OPTIONS', 'FOOD#QUALITY', 'RESTAURANT#GENERAL']","['General', 'Service', 'Food', 'Food', 'Food', 'General']","['positive', 'positive', 'positive', 'negative', 'positive', 'positive']","['owners', 'service', 'food', 'thin rice noodles', 'pad thai sauce', 'place']","[False, False, False, False, False, False]",6,False,True,,label
synthetic_000476,yelp,train,This place made an OK surf and turf plate but all and all its something you should skip. Over priced low-end sea-food. We only went for the little guy who wanted to see all the tacky decorations. I'd never go back!,"['FOOD#QUALITY', 'RESTAURANT#GENERAL', 'FOOD#PRICES', 'AMBIENCE#GENERAL']","['Food', 'General', 'Price', 'Ambience']","['neutral', 'negative', 'negative', 'negative']","['surf and turf plate', 'place', 'sea-food', 'decorations']","[False, False, False, False]",4,False,True,,label
synthetic_000477,yelp,train,"Service wasn't good, wait time wasn't bad but it seemed like our food had been just sitting up in the window because it was so cold. My steak seemed really raw for medium rare. Got no butter with my now tiny rolls. Was really sad paying 40$ for mediocre food. Friends sides came in a styrofoam bowl. Not planning on returning. Sad thing is that it used to be so good. :(","['SERVICE#GENERAL', 'SERVICE#GENERAL', 'FOOD#QUALITY', 'FOOD#QUALITY', 'FOOD#QUALITY', 'FOOD#PRICES', 'FOOD#QUALITY', 'RESTAURANT#GENERAL', 'RESTAURANT#GENERAL']","['Service', 'Service', 'Food', 'Food', 'Food', 'Price', 'Food', 'General', 'General']","['negative', 'neutral', 'negative', 'negative', 'negative', 'negative', 'negative', 'negative', 'negative']","['Service', 'wait time', 'food', 'steak', 'butter', '$40', 'sides', None, 'it']","[False, False, False, False, False, False, False, True, False]",9,True,True,,label
synthetic_000478,yelp,train,This place is terrible.  The hostess was very rude.  The waiter was pretty nice however.  The food was awful and terribly overpriced.  We went when there were very few people there.  The manager fell all over himself trying to make a nearby party welcome while totally ignoring us.  What a disappointment.  AVOID AVOID AVOID,"['RESTAURANT#GENERAL', 'SERVICE#GENERAL', 'SERVICE#GENERAL', 'FOOD#QUALITY', 'FOOD#PRICES', 'SERVICE#GENERAL']","['General', 'Service', 'Service', 'Food', 'Price', 'Service']","['negative', 'negative', 'positive', 'negative', 'negative', 'negative']","['place', 'hostess', 'waiter', 'food', 'food', 'manager']","[False, False, False, False, False, False]",6,False,True,,label
synthetic_000479,yelp,train,"They make the best birthday cake HERE, lil pricey but their cake is very very exceptionally good, their bakery is good too, but also a lil pricey, but well worth the extra couple bucks, only downfall to this place is that the people in there don't really speak English, and I have to point at stuff  lol, other than than great place!","['FOOD#QUALITY', 'FOOD#PRICES', 'FOOD#QUALITY', 'RESTAURANT#GENERAL', 'RESTAURANT#PRICES', 'RESTAURANT#PRICES', 'SERVICE#GENERAL', 'RESTAURANT#GENERAL']","['Food', 'Price', 'Food', 'General', 'Price', 'Price', 'Service', 'General']","['positive', 'negative', 'positive', 'positive', 'negative', 'positive', 'negative', 'positive']","['birthday cake', 'cake', 'cake', 'bakery', 'bakery', 'bakery', None, 'place']","[False, False, False, False, False, False, True, False]",8,True,True,,label
synthetic_000480,yelp,train,"Stopped in for dinner alone while taking a break from work.  Ordered wings for an appitizer and fish tacos for an entree.  The wings were over cooked and very difficult to eat.  The fish tacos were good.  The prices are thoroughly unreasonable, especially for the atmosphere and quality of food.  Frankly, don't really know how they're so busy.   Would not return.","['FOOD#QUALITY', 'FOOD#QUALITY', 'RESTAURANT#PRICES', 'AMBIENCE#GENERAL', 'FOOD#QUALITY', 'RESTAURANT#GENERAL']","['Food', 'Food', 'Price', 'Ambience', 'Food', 'General']","['negative', 'positive', 'negative', 'negative', 'negative', 'negative']","['wings', 'fish tacos', 'prices', 'atmosphere', 'quality of food', None]","[False, False, False, False, False, True]",6,True,True,,label
synthetic_000481,yelp,train,"This place really isn't that good. The atmosphere is sweet, but the food is mediocre at best. I'm always disappointed when I type in middle eastern and this pops up as the best available, it's definitely not.","['RESTAURANT#GENERAL', 'AMBIENCE#GENERAL', 'FOOD#QUALITY']","['General', 'Ambience', 'Food']","['negative', 'positive', 'negative']","['place', 'atmosphere', 'food']","[False, False, False]",3,False,True,,label
synthetic_000482,yelp,train,"Was so disappointed at Frank's yesterday when we found they were out of all fish! Who has a daily ""all you can eat"" fish fry advertised but out of fish at lunch??? So we ordered burgs and had to wait well over 30 minutes for our food. Too many other places to eat out to waste your time waiting at Franks! Oh and $20.00 for 2 cheeseburgers with 5 fries each, nah......won't be back again.","['FOOD#QUALITY', 'SERVICE#GENERAL', 'FOOD#PRICES', 'RESTAURANT#GENERAL']","['Food', 'Service', 'Price', 'General']","['negative', 'negative', 'negative', 'negative']","['fish', None, 'cheeseburgers', ""Frank's""]","[False, True, False, False]",4,True,False,,label
synthetic_000483,yelp,train,Uh oh! They serve (bad) prepackaged spinach artichoke dip here. There's almost nothing worse than knowing your meal was assembled from packaged food by someone no more talented than yourself for any money. Don't waste time on breakfast or dinner here. I don't know that it will last serving food like that.,"['FOOD#QUALITY', 'FOOD#QUALITY']","['Food', 'Food']","['negative', 'negative']","['prepackaged spinach artichoke dip', None]","[False, True]",2,True,False,,label
synthetic_000484,yelp,train,I just had delivery from this location.  I am not impressed.  It took an hour and a half to get my pizza delivered to me. When I finally did get the pizza it was barely warm and greasy.  I gave two stars not one because my mom thought the pizza was still tasty. Needless to say I won't be ordering from this location again.,"['SERVICE#GENERAL', 'FOOD#QUALITY', 'FOOD#QUALITY', 'LOCATION#GENERAL', 'RESTAURANT#GENERAL']","['Service', 'Food', 'Food', 'General', 'General']","['negative', 'negative', 'positive', 'negative', 'negative']","[None, 'pizza', 'pizza', 'location', None]","[True, False, False, False, True]",5,True,True,,label
synthetic_000485,yelp,train,"Frequently come here during both brunch and dinner. Food is always great, and this place is one of the only diners that I know of that has a bar.   Service is sometimes a toss up as we've had great service and horrible service on various visits, but with a place that is always open, I can't complain for convenience.","['FOOD#QUALITY', 'DRINKS#STYLE_OPTIONS', 'SERVICE#GENERAL', 'SERVICE#GENERAL', 'RESTAURANT#GENERAL']","['Food', 'Food', 'Service', 'Service', 'General']","['positive', 'positive', 'positive', 'negative', 'positive']","['Food', 'bar', 'service', 'service', None]","[False, False, False, False, True]",5,True,True,,label
synthetic_000486,yelp,train,Been good other times ... This time was a total let down .. I think they are going through new ownership ... I will give them one more try but if it is anything like this meal we just had ... They will  not be open long .. It's sad,"['RESTAURANT#GENERAL', 'RESTAURANT#GENERAL', 'FOOD#QUALITY']","['General', 'General', 'Food']","['positive', 'negative', 'negative']","[None, None, 'meal']","[True, True, False]",3,True,True,,label
synthetic_000487,yelp,train,"Service great, food awful  We went there for a Sunday brunch. Our waitress was great, provided nice service.  Wine was great too. BUT the food was horrible. Something as simple as omelet was not eatable. It was cold, too oily and just didn't taste well. Potatoes that came with it were of strange color and didn't taste the way they were suppose to. I had much better omelette sat regular diners.","['SERVICE#GENERAL', 'FOOD#QUALITY', 'SERVICE#GENERAL', 'DRINKS#QUALITY', 'FOOD#QUALITY', 'FOOD#QUALITY']","['Service', 'Food', 'Service', 'Food', 'Food', 'Food']","['positive', 'negative', 'positive', 'positive', 'negative', 'negative']","['Service', 'food', 'service', 'Wine', 'omelet', 'Potatoes']","[False, False, False, False, False, False]",6,False,True,,label
synthetic_000488,yelp,train,"This is everything I want in take out food - fresh, yummy, and relatively healthy. I also love that there is a good to go place in Northern Liberties that is convenient - there is not enough of that!","['FOOD#QUALITY', 'RESTAURANT#GENERAL', 'LOCATION#GENERAL']","['Food', 'General', 'General']","['positive', 'positive', 'negative']","['take out food', 'place', None]","[False, False, True]",3,True,True,,label
synthetic_000489,yelp,train,It's a airforce coffee stand... not much to write home about. The staff are nice and the beer selection is good. The only downside is if you are trying to get your caffeine fix in the morning get there early because you and half the hotel seems to be in line for a cuppa.,"['RESTAURANT#GENERAL', 'SERVICE#GENERAL', 'DRINKS#QUALITY', 'SERVICE#GENERAL']","['General', 'Service', 'Food', 'Service']","['negative', 'positive', 'positive', 'negative']","['airforce coffee stand', 'staff', 'beer selection', None]","[False, False, False, True]",4,True,True,,label
synthetic_000490,yelp,train,"This place continued to be below average. Small servings, esp with the meat, and servers who are more in a hurry than to be attentive to the customers needs. Mildly flavorful but when Freebirds arrives from Austin, it will put this place and Chipotle to shame.","['RESTAURANT#GENERAL', 'FOOD#PRICES', 'SERVICE#GENERAL', 'FOOD#QUALITY']","['General', 'Price', 'Service', 'Food']","['negative', 'negative', 'negative', 'negative']","['place', 'servings', 'servers', 'flavorful']","[False, False, False, False]",4,False,False,,label
synthetic_000491,yelp,train,My eyes r still watering .. What the heck the smell of ammonia was overpowering at the bar .. Food service and ambience don't matter when u can not breathe ! Really this was bad . Can not imagine what happened to require that disinfecting ...,"['AMBIENCE#GENERAL', 'SERVICE#GENERAL', 'AMBIENCE#GENERAL', 'RESTAURANT#GENERAL']","['Ambience', 'Service', 'Ambience', 'General']","['negative', 'negative', 'negative', 'negative']","['smell of ammonia', 'service', 'ambience', 'this']","[False, False, False, False]",4,False,False,,label
synthetic_000492,yelp,train,"Ordered their chicken fajita and fish chips.  Chicken was really good, fish and chips not so much. Portions sizes were too little, for the price I would expect a little more. Drinks were alright.","['FOOD#QUALITY', 'FOOD#QUALITY', 'FOOD#PRICES', 'RESTAURANT#PRICES', 'DRINKS#QUALITY']","['Food', 'Food', 'Price', 'Price', 'Food']","['positive', 'negative', 'negative', 'negative', 'neutral']","['chicken fajita', 'fish and chips', 'Portion sizes', 'price', 'Drinks']","[False, False, False, False, False]",5,False,True,,label
synthetic_000493,yelp,train,"Very poor experience, the waiter was very rude. The AC doesn't work well and can't cool the place. Food is poor, if you have to go just have a salad.","['RESTAURANT#GENERAL', 'SERVICE#GENERAL', 'AMBIENCE#GENERAL', 'FOOD#QUALITY']","['General', 'Service', 'Ambience', 'Food']","['negative', 'negative', 'negative', 'negative']","['experience', 'waiter', 'AC', 'Food']","[False, False, False, False]",4,False,False,,label
synthetic_000494,yelp,train,"Inspect your food before you put it in your mouth! Ordered the Spicy Tuna Roll last night and am now battling the worst case of food poisoning the world has ever known - think projectile vomiting- . The tuna was mushy and the color was too dark, like it had been sitting out at room temperature all day. This place needs to be inspected. Avoid this place.","['FOOD#QUALITY', 'AMBIENCE#GENERAL', 'RESTAURANT#GENERAL']","['Food', 'Ambience', 'General']","['negative', 'negative', 'negative']","['Spicy Tuna Roll', 'place', 'place']","[False, False, False]",3,False,False,,label
synthetic_000495,yelp,train,"Love this spot! I've been here twice now, trying different dishes each time, and the food is consistently very good.   Food: get the fried chicken. Also, get the Mac and cheese. You can feel guilty about it later.   Atmosphere: cute and cozy with I've music. Just be warned that sitting near the musician means you won't be able to hear much of anything else.   Service: always prompt and courteous!","['RESTAURANT#GENERAL', 'FOOD#QUALITY', 'FOOD#QUALITY', 'FOOD#QUALITY', 'AMBIENCE#GENERAL', 'AMBIENCE#GENERAL', 'SERVICE#GENERAL']","['General', 'Food', 'Food', 'Food', 'Ambience', 'Ambience', 'Service']","['positive', 'positive', 'positive', 'positive', 'positive', 'negative', 'positive']","['spot', 'food', 'fried chicken', 'Mac and cheese', 'Atmosphere', None, 'Service']","[False, False, False, False, False, True, False]",7,True,True,,label
synthetic_000496,yelp,train,"We visited Village Bakehouse after reading the reviews and were very happy we did. The place has such a homey feel, but small. We waited a few minutes for a table, but were occupied looking at all the goodies. The breakfast prices are very reasonable, under $5 for many items. Pecan sticky bun was amazing!","['RESTAURANT#GENERAL', 'AMBIENCE#GENERAL', 'SERVICE#GENERAL', 'FOOD#PRICES', 'FOOD#QUALITY']","['General', 'Ambience', 'Service', 'Price', 'Food']","['positive', 'positive', 'neutral', 'positive', 'positive']","['Village Bakehouse', 'homey feel', None, 'breakfast prices', 'Pecan sticky bun']","[False, False, True, False, False]",5,True,True,,label
synthetic_000497,yelp,train,"They have a super yummy menu priced really well. My favorite part is the outdoor bar/sitting area. Love the couches and fire pits! Music is great, line-dancing on the weekends and live music sometimes too! The bartenders are awesome, great drink specials. And their bloody mary's are AMAZING, made with their BBQ sauce, so good! My favorite menu item is the BBQ chicken pizza!","['FOOD#QUALITY', 'RESTAURANT#PRICES', 'AMBIENCE#GENERAL', 'AMBIENCE#GENERAL', 'AMBIENCE#GENERAL', 'SERVICE#GENERAL', 'DRINKS#STYLE_OPTIONS', 'DRINKS#QUALITY', 'FOOD#QUALITY']","['Food', 'Price', 'Ambience', 'Ambience', 'Ambience', 'Service', 'Food', 'Food', 'Food']","['positive', 'positive', 'positive', 'positive', 'positive', 'positive', 'positive', 'positive', 'positive']","['menu', 'menu', 'outdoor bar/sitting area', 'couches and fire pits', 'Music', 'bartenders', 'drink specials', ""bloody mary's"", 'BBQ chicken pizza']","[False, False, False, False, False, False, False, False, False]",9,False,False,,label
synthetic_000498,yelp,train,"Stopped in for takeout and got a half chicken and lomo saltado. The lomo saltado was delicious. My husband saved the white meat chicken for me (it's usually my favorite) and unfortunately, it was inedibly dry. Hubs said the dark meat was amazing though, so hopefully my white meat dryness was a fluke. I would definitely go back for both the chicken and lomo saltado.","['FOOD#QUALITY', 'FOOD#QUALITY', 'FOOD#QUALITY', 'RESTAURANT#GENERAL']","['Food', 'Food', 'Food', 'General']","['positive', 'negative', 'positive', 'positive']","['lomo saltado', 'white meat chicken', 'dark meat', None]","[False, False, False, True]",4,True,True,,label
synthetic_000499,yelp,train,"Popular place. Large servings.  Avoid the omelets, but the other breakfast entrees look good.  Lots of flies in the dining room.","['RESTAURANT#GENERAL', 'FOOD#STYLE_OPTIONS', 'FOOD#QUALITY', 'FOOD#QUALITY', 'AMBIENCE#GENERAL']","['General', 'Food', 'Food', 'Food', 'Ambience']","['positive', 'positive', 'negative', 'positive', 'negative']","['place', 'servings', 'omelets', 'breakfast entrees', 'dining room']","[False, False, False, False, False]",5,False,True,,label
synthetic_000500,yelp,train,Bar downstairs and upstairs.  People were line dancing when I came in.  Opted for the second floor bar and watched a few people on a little mechancical bull....a mechanical sheep really.   Balcony was the most fun.  There was a roudy bunch out there so we all had a good time.,"['AMBIENCE#GENERAL', 'AMBIENCE#GENERAL']","['Ambience', 'Ambience']","['positive', 'positive']","['Balcony', 'bunch']","[False, False]",2,False,False,,label
synthetic_000501,yelp,train,What has happened?  Have been going to Simply Thai for many years.  Recent experience was sub- par. Service was terrible.   Crispy tofu is NOT fried soup noodles.  Who are the white people there?  Does anyone know the story?  Oh my!,"['RESTAURANT#GENERAL', 'SERVICE#GENERAL', 'FOOD#QUALITY']","['General', 'Service', 'Food']","['negative', 'negative', 'negative']","['Simply Thai', 'Service', 'Crispy tofu']","[False, False, False]",3,False,False,,label
synthetic_000502,yelp,train,"Had lunch here today. My cheeseburger was a 10/10 with an avocado on top. I also had the ""ranchero fries"" which are French fries with ranch, cheese, and tomatoes on top! The only thing keeping this awesome lunch spot from being 5 star would be the fact that it took a significant amount of time to get out food when the restaurant was relatively pretty slow.","['FOOD#QUALITY', 'RESTAURANT#GENERAL', 'SERVICE#GENERAL']","['Food', 'General', 'Service']","['positive', 'positive', 'negative']","['cheeseburger', 'lunch spot', None]","[False, False, True]",3,True,True,,label
synthetic_000503,yelp,train,"Sorry fellas, this place closed.   It is set to be replaced with a Stadium Bar & Grill. It's a shame because I actually liked this place. It wasn't much to look at, but the food was decent and the prices were reasonable.","['RESTAURANT#GENERAL', 'AMBIENCE#GENERAL', 'FOOD#QUALITY', 'FOOD#PRICES']","['General', 'Ambience', 'Food', 'Price']","['positive', 'negative', 'positive', 'positive']","['place', 'look', 'food', 'prices']","[False, False, False, False]",4,False,True,,label
synthetic_000504,yelp,train,"Getting to really like the Trident! Bar server Cody did it All!! She was helpful, efficient and friendly! Good combination!  Fried dill pickles complimented the Arrogant Bastard and Cold Snap my husband hD. We have to come back for a Real meal!! Happy Hour prices also helped!","['SERVICE#GENERAL', 'FOOD#QUALITY', 'DRINKS#QUALITY', 'DRINKS#QUALITY', 'DRINKS#PRICES', 'RESTAURANT#GENERAL']","['Service', 'Food', 'Food', 'Food', 'Price', 'General']","['positive', 'positive', 'positive', 'positive', 'positive', 'positive']","['Cody', 'Fried dill pickles', 'Arrogant Bastard', 'Cold Snap', 'Happy Hour prices', 'Trident']","[False, False, False, False, False, False]",6,False,False,,label
synthetic_000505,yelp,train,"Ew. I don't know what upsets me more, the borderline gross food or how much I had to pay for it. We waited forever to get into this place which served me a relatively tasteless burger on an incredibly soggy McDonald's quality bun and the saltiest fries I have ever eaten. Yes, truffle oil is delicious, but pouring it over burned, greasy fries does not a delicious, 16 dollar meal make. We won't be back.","['FOOD#QUALITY', 'FOOD#PRICES', 'SERVICE#GENERAL', 'FOOD#QUALITY', 'FOOD#QUALITY', 'FOOD#QUALITY', 'FOOD#QUALITY', 'FOOD#PRICES', 'RESTAURANT#GENERAL']","['Food', 'Price', 'Service', 'Food', 'Food', 'Food', 'Food', 'Price', 'General']","['negative', 'negative', 'negative', 'negative', 'negative', 'negative', 'positive', 'negative', 'negative']","['food', None, None, 'burger', 'bun', 'fries', 'truffle oil', 'meal', None]","[False, True, True, False, False, False, False, False, True]",9,True,True,,label
synthetic_000506,yelp,train,"Stopped by for cheesecake with no one in line, and was ignored by three people before one of them finally acknowledged me. Got the turtle cheesecake. The cheesecake itself was okay. The toppings along with it made it better. These are really like cheesecake sundaes. I should've gotten a regular size. The large was two servings worth.","['FOOD#QUALITY', 'FOOD#QUALITY', 'FOOD#STYLE_OPTIONS', 'SERVICE#GENERAL']","['Food', 'Food', 'Food', 'Service']","['neutral', 'positive', 'negative', 'negative']","['cheesecake', 'toppings', 'large', None]","[False, False, False, True]",4,True,True,,label
synthetic_000507,yelp,train,"Been there twice because it use to be right around the corner.  It's not the worst place but their claim of making any flavor you can think of isn't exactly all that genuine.  The staff is young and cute and clean, the prices are high.  I'd still rather go to Shake Shack, even if it's not as ""healthy.""","['FOOD#STYLE_OPTIONS', 'SERVICE#GENERAL', 'RESTAURANT#PRICES', 'RESTAURANT#GENERAL']","['Food', 'Service', 'Price', 'General']","['negative', 'positive', 'negative', 'positive']","['flavor', 'staff', 'prices', 'place']","[False, False, False, False]",4,False,True,,label
synthetic_000508,yelp,train,I ve been to Grand lux many times and I feel like it no longer has the fire it used to have. This used to be a higher end cheesecake factory but now it is similar to its sister company in more ways then one..... I honestly would prefer cheesecake factorys food because I feel like they are more established and consistent.,"['AMBIENCE#GENERAL', 'RESTAURANT#GENERAL', 'FOOD#QUALITY']","['Ambience', 'General', 'Food']","['negative', 'negative', 'positive']","[None, 'Grand lux', 'food']","[True, False, False]",3,True,True,,label
synthetic_000509,yelp,train,"Nice bar to relax, smoke a cigar and enjoy a drink. My bartender, Adrian, made me a fantastic dirty martini.","['AMBIENCE#GENERAL', 'DRINKS#QUALITY', 'DRINKS#QUALITY', 'SERVICE#GENERAL']","['Ambience', 'Food', 'Food', 'Service']","['positive', 'positive', 'positive', 'positive']","['bar', 'drink', 'dirty martini', 'bartender']","[False, False, False, False]",4,False,False,,label
synthetic_000510,yelp,train,Don't have much negative to say. Family ate here before our first lightning game and everyone enjoyed the meal. We are partial to Mexican cuisine and it didn't disappoint although offering complimentary chips and salsa like every other Mexican restaurant in the US would have been nice.,"['FOOD#QUALITY', 'FOOD#STYLE_OPTIONS', 'FOOD#STYLE_OPTIONS']","['Food', 'Food', 'Food']","['positive', 'positive', 'negative']","['meal', 'Mexican cuisine', 'chips and salsa']","[False, False, False]",3,False,True,,label
synthetic_000511,yelp,train,"Food used to great years ago but getting really chintzy.  Beef with broccoli, thin tough pieces of beef, six slices covered in veggies.  Not many people, and seeing dirty aqarium while eating not indusive to fine dining,","['FOOD#QUALITY', 'FOOD#QUALITY', 'AMBIENCE#GENERAL']","['Food', 'Food', 'Ambience']","['negative', 'negative', 'negative']","['Food', 'beef', 'dirty aquarium']","[False, False, False]",3,False,False,,label
synthetic_000512,yelp,train,Love love love.     This place us a great vibe with an authentic feel!!   The free coffee is a major plus!    Definitely need to come back!,"['AMBIENCE#GENERAL', 'AMBIENCE#GENERAL', 'DRINKS#PRICES', 'RESTAURANT#GENERAL']","['Ambience', 'Ambience', 'Price', 'General']","['positive', 'positive', 'positive', 'positive']","['vibe', 'authentic feel', 'free coffee', 'place']","[False, False, False, False]",4,False,False,,label
synthetic_000513,yelp,train,"I am sorry to complain about such a beautiful place.  The food we ordered was just lousy.    The mac and cheese had very little cheese, no flavor, just some flavorless crab on a lot of breaded macaroni.  The fish tacos were dry, the cole slaw on them tasteless  We did have a very good bartender, Ryan, so that is why there are some stars on this review.  The chef needs to get with it.","['AMBIENCE#GENERAL', 'FOOD#QUALITY', 'FOOD#QUALITY', 'FOOD#QUALITY', 'FOOD#QUALITY', 'SERVICE#GENERAL']","['Ambience', 'Food', 'Food', 'Food', 'Food', 'Service']","['positive', 'negative', 'negative', 'negative', 'negative', 'positive']","['place', 'food', 'mac and cheese', 'fish tacos', 'cole slaw', 'bartender']","[False, False, False, False, False, False]",6,False,True,,label
synthetic_000514,yelp,train,"My medical office had our Christmas party in 2016 at The Depot Craft Brewery Distillery.  Food was EXCELLENT.  Employees were courteous and professional.  We were in the upstairs large group gathering room, which was awesome. We had a bartender and servers all to ourselves.  Did I mention the food was EXCELLENT!!!!!!!!!!!  Only con? Parking for us arriving at 5 pm was waaaaaaaay in the back behind the building and it was raining that night.  :(","['FOOD#QUALITY', 'SERVICE#GENERAL', 'AMBIENCE#GENERAL', 'SERVICE#GENERAL', 'LOCATION#GENERAL']","['Food', 'Service', 'Ambience', 'Service', 'General']","['positive', 'positive', 'positive', 'positive', 'negative']","['Food', 'Employees', 'room', 'bartender and servers', 'Parking']","[False, False, False, False, False]",5,False,True,,label
synthetic_000515,yelp,train,"I absolutely love the summer tiki hut feel of the place! Great for grabbing drinks and just hanging out.  I ordered shrimp tacos. They were pretty good. Nothing out of this world, but not bad either!  The service was great and enjoyed talking  to our server. Everything was very reasonably priced too! I will definitely be back!","['AMBIENCE#GENERAL', 'DRINKS#STYLE_OPTIONS', 'FOOD#QUALITY', 'SERVICE#GENERAL', 'RESTAURANT#PRICES', 'RESTAURANT#GENERAL']","['Ambience', 'Food', 'Food', 'Service', 'Price', 'General']","['positive', 'positive', 'positive', 'positive', 'positive', 'positive']","['summer tiki hut feel', 'drinks', 'shrimp tacos', 'service', 'everything', None]","[False, False, False, False, False, True]",6,True,False,,label
synthetic_000516,yelp,train,"Fantastic grilled oysters to start. Muffeletta was good. White chocolate bread pudding was amazing.  Service was very good.  I disliked my blackberry basil margarita, it was not good at all. I told the staff, but they didn't take it away or off the tab :(","['FOOD#QUALITY', 'FOOD#QUALITY', 'FOOD#QUALITY', 'SERVICE#GENERAL', 'DRINKS#QUALITY', 'SERVICE#GENERAL']","['Food', 'Food', 'Food', 'Service', 'Food', 'Service']","['positive', 'positive', 'positive', 'positive', 'negative', 'negative']","['grilled oysters', 'Muffeletta', 'White chocolate bread pudding', 'Service', 'blackberry basil margarita', 'staff']","[False, False, False, False, False, False]",6,False,True,,label
synthetic_000517,yelp,train,"Kind of a cool spot. We were there when it was pretty dead, but the layout is cool and the bowling lanes are just fine.  Run a little loose.  Good selection of beer and the crew was pretty nice.  It would be nice to see the place when it's hopping.","['RESTAURANT#GENERAL', 'AMBIENCE#GENERAL', 'AMBIENCE#GENERAL', 'AMBIENCE#GENERAL', 'SERVICE#GENERAL', 'DRINKS#STYLE_OPTIONS', 'SERVICE#GENERAL']","['General', 'Ambience', 'Ambience', 'Ambience', 'Service', 'Food', 'Service']","['positive', 'negative', 'positive', 'neutral', 'negative', 'positive', 'positive']","['spot', None, 'layout', 'bowling lanes', None, 'beer', 'crew']","[False, True, False, False, True, False, False]",7,True,True,,label
synthetic_000518,yelp,train,"Change the name of this place to ""$12 a night just to park at this dump"" and maybe there is a chance at more than one star because I never made it past the less than persuasive garage attendant. It is trashy but common to charge customers park if you are located downtown or adjacent to the airport. This place is neither and has no excuse. It is located at the corner of bad neighborhood and interstate noise.","['RESTAURANT#PRICES', 'LOCATION#GENERAL', 'AMBIENCE#GENERAL', 'RESTAURANT#GENERAL']","['Price', 'General', 'Ambience', 'General']","['negative', 'negative', 'negative', 'negative']","['$12 a night', 'corner of bad neighborhood', 'interstate noise', 'trashy']","[False, False, False, False]",4,False,False,,label
synthetic_000519,yelp,train,"Such a nice- looking place, but they need to get their act together as far as service.  A little too slow.  The server was great!  Once we received our food, we all enjoyed our selections.","['AMBIENCE#GENERAL', 'SERVICE#GENERAL', 'SERVICE#GENERAL', 'FOOD#QUALITY']","['Ambience', 'Service', 'Service', 'Food']","['positive', 'negative', 'positive', 'positive']","['place', 'service', 'server', 'food']","[False, False, False, False]",4,False,True,,label
synthetic_000520,yelp,train,"It's a family owned restaurant, the environment is good, food was not served very fast but they definitely taste good. One thing, it is really over priced, extremely pricey.............","['AMBIENCE#GENERAL', 'SERVICE#GENERAL', 'FOOD#QUALITY', 'RESTAURANT#PRICES']","['Ambience', 'Service', 'Food', 'Price']","['positive', 'negative', 'positive', 'negative']","['environment', None, 'food', None]","[False, True, False, True]",4,True,True,,label
synthetic_000521,yelp,train,"Solid rice and fresh vegetables. Pricey for what you get, although understandable given that the location is on South St. Also try the panjeon (Korean pancake) and yukgaejang (beef stew) on a cold winter day. Small restaurant, seems like most people take their food to go. Very friendly staff.","['FOOD#QUALITY', 'FOOD#QUALITY', 'FOOD#PRICES', 'SERVICE#GENERAL']","['Food', 'Food', 'Price', 'Service']","['positive', 'positive', 'negative', 'positive']","['rice', 'vegetables', None, 'staff']","[False, False, True, False]",4,True,True,,label
synthetic_000522,yelp,train,"I had high hopes for this one, because it would have been convenient, but I won't be going back. I will say that the prices are decent and the place is pretty cool, but the quality is less than good. Got home and noticed that the haircut was lopsided...","['RESTAURANT#PRICES', 'RESTAURANT#GENERAL', 'FOOD#QUALITY']","['Price', 'General', 'Food']","['positive', 'positive', 'negative']","['prices', 'place', 'quality']","[False, False, False]",3,False,True,,label
synthetic_000523,yelp,train,"The atmosphere was nice but laid back. We didn't have to wait at 7 on a tues. The food was okay. It may be what we ordered, the quinoa burger was mushy, I do not suggest it.  The oysters were undercooked but seemed fresh. Fast service but could have been more personable.","['AMBIENCE#GENERAL', 'SERVICE#GENERAL', 'FOOD#QUALITY', 'FOOD#QUALITY', 'FOOD#QUALITY', 'SERVICE#GENERAL']","['Ambience', 'Service', 'Food', 'Food', 'Food', 'Service']","['positive', 'positive', 'neutral', 'negative', 'negative', 'neutral']","['atmosphere', None, 'food', 'quinoa burger', 'oysters', 'service']","[False, True, False, False, False, False]",6,True,True,,label
synthetic_000524,yelp,train,"It was a blah place, grill mahi sandwich was decent, chips good, waffle fries not so good...the atmosphere was mediocre, wait staff was fine so I may go again for a drink but that is probably it!","['RESTAURANT#GENERAL', 'FOOD#QUALITY', 'FOOD#QUALITY', 'FOOD#QUALITY', 'AMBIENCE#GENERAL', 'SERVICE#GENERAL']","['General', 'Food', 'Food', 'Food', 'Ambience', 'Service']","['negative', 'neutral', 'positive', 'negative', 'negative', 'neutral']","['place', 'grill mahi sandwich', 'chips', 'waffle fries', 'atmosphere', 'wait staff']","[False, False, False, False, False, False]",6,False,True,,label
synthetic_000525,yelp,train,Great spot! Also has breakfast until 3 vs many places which end at 11. The eggs Benedict and eggs Florentine were delicious. Strawberry mimosa was a bit sweet but good. Bloody mary is bomb! Server was very nice.,"['RESTAURANT#GENERAL', 'RESTAURANT#MISCELLANEOUS', 'FOOD#QUALITY', 'FOOD#QUALITY', 'DRINKS#QUALITY', 'DRINKS#QUALITY', 'SERVICE#GENERAL']","['General', 'General', 'Food', 'Food', 'Food', 'Food', 'Service']","['positive', 'positive', 'positive', 'positive', 'positive', 'positive', 'positive']","['spot', 'breakfast', 'eggs Benedict', 'eggs Florentine', 'Strawberry mimosa', 'Bloody mary', 'Server']","[False, False, False, False, False, False, False]",7,False,False,,label
synthetic_000526,yelp,train,Food and atmosphere is nice. As one should expect in the CBD. Sometimes the back room can be stuffy on a busy day. I recommend the raw oysters and burgers. A few dollars on the high side for lunch.,"['FOOD#QUALITY', 'AMBIENCE#GENERAL', 'AMBIENCE#GENERAL', 'FOOD#QUALITY', 'FOOD#QUALITY', 'FOOD#PRICES']","['Food', 'Ambience', 'Ambience', 'Food', 'Food', 'Price']","['positive', 'positive', 'negative', 'positive', 'positive', 'negative']","['Food', 'atmosphere', 'back room', 'raw oysters', 'burgers', 'lunch']","[False, False, False, False, False, False]",6,False,True,,label
synthetic_000527,yelp,train,We live close by so decided to go here. Not up to expectations. The tv's were blasting loud and the place was not that clean especially considering how few people were in there. The food was very average. There are a lot of other better options out there.,"['RESTAURANT#GENERAL', 'AMBIENCE#GENERAL', 'AMBIENCE#GENERAL', 'FOOD#QUALITY']","['General', 'Ambience', 'Ambience', 'Food']","['negative', 'negative', 'negative', 'neutral']","[None, ""tv's"", 'place', 'food']","[True, False, False, False]",4,True,True,,label
synthetic_000528,yelp,train,"Terrible service. Waited in line for an hour and finally the hostess told us they were ""suspending seating because the kitchen is backed up"", on  Saturday evening! Don't waste your time there...","['SERVICE#GENERAL', 'SERVICE#GENERAL', 'RESTAURANT#GENERAL']","['Service', 'Service', 'General']","['negative', 'negative', 'negative']","['service', None, None]","[False, True, True]",3,True,False,,label
synthetic_000529,yelp,train,The food was mediocre and the staff was even worse. We waited 30 minutes for fried pickles. The only thing going for this place that I could tell was the atmosphere!,"['FOOD#QUALITY', 'SERVICE#GENERAL', 'SERVICE#GENERAL', 'AMBIENCE#GENERAL']","['Food', 'Service', 'Service', 'Ambience']","['negative', 'negative', 'negative', 'positive']","['food', 'staff', None, 'atmosphere']","[False, False, True, False]",4,True,True,,label
synthetic_000530,yelp,train,"I visited the new Paoli location. BIG selection of tasty donuts. It's about time--the cardboard impostors found at Dunkin are so lame compared to these beauties. Salted Caramel, Bacon Maple, Lemon--now you're talking my language. Breakfast sandwiches, muffins, and bagels, oh my.","['FOOD#QUALITY', 'FOOD#STYLE_OPTIONS', 'FOOD#STYLE_OPTIONS', 'FOOD#STYLE_OPTIONS', 'FOOD#STYLE_OPTIONS', 'FOOD#QUALITY', 'FOOD#QUALITY', 'FOOD#QUALITY']","['Food', 'Food', 'Food', 'Food', 'Food', 'Food', 'Food', 'Food']","['positive', 'positive', 'positive', 'positive', 'positive', 'positive', 'positive', 'positive']","['donuts', 'selection', 'Salted Caramel', 'Bacon Maple', 'Lemon', 'breakfast sandwiches', 'muffins', 'bagels']","[False, False, False, False, False, False, False, False]",8,False,False,,label
synthetic_000531,yelp,train,"It's a very small restaurant with very friendly service. We came on a Sunday morning and it was packed with customers. Fortunately we didn't have to wait very long to get our table. Our meals where flavorful and hot which didn't take long to receive. Also, I really liked  the hot red sauce that was on the table. They have a very large menu and will have to go back for lunch.","['SERVICE#GENERAL', 'SERVICE#GENERAL', 'FOOD#QUALITY', 'FOOD#QUALITY', 'FOOD#STYLE_OPTIONS', 'RESTAURANT#GENERAL']","['Service', 'Service', 'Food', 'Food', 'Food', 'General']","['positive', 'positive', 'positive', 'positive', 'positive', 'positive']","['service', None, 'meals', 'hot red sauce', 'menu', 'restaurant']","[False, True, False, False, False, False]",6,True,False,,label
synthetic_000532,yelp,train,"I really liked the atmosphere and the fresh and yummy ingredients. I'm still trying to find the best pizza place in Reno and I give this three stars for their delicious salads and toppings but minus two stars because I like thinner, whole wheat crust. Still doesn't compare to mom's homemade pizza's!","['AMBIENCE#GENERAL', 'FOOD#QUALITY', 'RESTAURANT#GENERAL', 'FOOD#QUALITY', 'FOOD#STYLE_OPTIONS', 'FOOD#QUALITY']","['Ambience', 'Food', 'General', 'Food', 'Food', 'Food']","['positive', 'positive', 'positive', 'positive', 'negative', 'negative']","['atmosphere', 'ingredients', 'this', 'salads and toppings', 'crust', 'pizza']","[False, False, False, False, False, False]",6,False,True,,label
synthetic_000533,yelp,train,"Meh. Thats really all I have to say about this place. Food was OK, service was awful. The bartenders were more concerned about texting and laughing with their friends than bringing another drink. I will be back to see if maybe it was a fluke but at this point I doubt it.","['RESTAURANT#GENERAL', 'FOOD#QUALITY', 'SERVICE#GENERAL', 'SERVICE#GENERAL']","['General', 'Food', 'Service', 'Service']","['negative', 'neutral', 'negative', 'negative']","['place', 'Food', 'service', 'bartenders']","[False, False, False, False]",4,False,True,,label
synthetic_000534,yelp,train,"If I could give them 0 stars I would. Horrible customer service. I order my coffee as follows, cold brew, no water, 2 shots. This tote always gives me and issue with this order saying that they cannot make it as follows, although the app offers that as an option for online ordering, and every other Starbucks out there has zero complications with this order. Infuriating.","['SERVICE#GENERAL', 'DRINKS#STYLE_OPTIONS']","['Service', 'Food']","['negative', 'negative']","['customer service', 'coffee']","[False, False]",2,False,False,,label
synthetic_000535,yelp,train,We order food for the office from here all the time.  The food is healthy but doesn't taste bad.  They offer a variety of foods from chicken salad salads to peanut butter and jelly in peta bread.  They also offer soups and smoothies.  They deliver right to our office floor.,"['FOOD#QUALITY', 'FOOD#STYLE_OPTIONS', 'FOOD#STYLE_OPTIONS', 'DRINKS#STYLE_OPTIONS']","['Food', 'Food', 'Food', 'Food']","['positive', 'positive', 'positive', 'positive']","['food', 'variety', 'soups', 'smoothies']","[False, False, False, False]",4,False,False,,label
synthetic_000536,yelp,train,Chocolate mint martini was amazing. Girlfriend had chocolate covered banana martini and loved it. We split the standing banana split and the home made Icecream is the best I have had,"['DRINKS#QUALITY', 'DRINKS#QUALITY', 'FOOD#QUALITY', 'FOOD#QUALITY']","['Food', 'Food', 'Food', 'Food']","['positive', 'positive', 'positive', 'positive']","['Chocolate mint martini', 'chocolate covered banana martini', 'banana split', 'Icecream']","[False, False, False, False]",4,False,False,,label
synthetic_000537,yelp,train,Have become increasingly unimpressed with the Asian food on Delmar. Got the chengdu spicy chicken which tasted no different than chicken from a fried chicken place. Rice that came with it was incredibly boring even for rice. Servings were way too much. Server was not attentive to table enough and appeared there was only one server for full restaurant. The only thing justifying one stars was the inside of the restaurant was nice.,"['FOOD#STYLE_OPTIONS', 'FOOD#QUALITY', 'FOOD#QUALITY', 'FOOD#STYLE_OPTIONS', 'SERVICE#GENERAL', 'AMBIENCE#GENERAL']","['Food', 'Food', 'Food', 'Food', 'Service', 'Ambience']","['negative', 'negative', 'negative', 'negative', 'negative', 'positive']","['Asian food', 'chengdu spicy chicken', 'Rice', 'Servings', 'Server', 'inside of the restaurant']","[False, False, False, False, False, False]",6,False,True,,label
synthetic_000538,yelp,train,My husband had the 6 oz pepperloin meal and was very happy with it. I had the shrimp kabob meal. There were only 4 shrimp and they were more then well done and very small.  The service was good. The restaurant was not busy.,"['FOOD#QUALITY', 'FOOD#QUALITY', 'SERVICE#GENERAL']","['Food', 'Food', 'Service']","['positive', 'negative', 'positive']","['6 oz pepperloin meal', 'shrimp kabob meal', 'service']","[False, False, False]",3,False,True,,label
synthetic_000539,yelp,train,"We had yummy sandwiches, drinks and shared a huge slice of millionaire cake for lunch.  Although the sandwiches were tasty, neither of us cared for the mustard they used. Also, the ""salad"" that came with the sandwiches was difficult to navigate. Cake was yummy. Very expensive for what we got.","['FOOD#QUALITY', 'FOOD#STYLE_OPTIONS', 'FOOD#QUALITY', 'FOOD#QUALITY', 'RESTAURANT#PRICES']","['Food', 'Food', 'Food', 'Food', 'Price']","['positive', 'negative', 'negative', 'positive', 'negative']","['sandwiches', 'mustard', 'salad', 'cake', None]","[False, False, False, False, True]",5,True,True,,label
synthetic_000540,yelp,train,"Really great made to order pizza, like a Chipotle for pizza! I had the alligator sausage with pepperoni, onions, mushrooms and jalapeños on mine and it was delicious! Great beer and smores pie too (use the Yelp offer for the smores pie)! Some issues with charging for this free pie but otherwise great service too!","['FOOD#QUALITY', 'FOOD#QUALITY', 'DRINKS#QUALITY', 'FOOD#QUALITY', 'FOOD#PRICES', 'SERVICE#GENERAL']","['Food', 'Food', 'Food', 'Food', 'Price', 'Service']","['positive', 'positive', 'positive', 'positive', 'negative', 'positive']","['pizza', 'alligator sausage', 'beer', 'smores pie', None, 'service']","[False, False, False, False, True, False]",6,True,True,,label
synthetic_000541,yelp,train,"I usually steer clear of the chain restaurants (since there are so many other good restaurants here in STL), but eating at Brio was a good choice.  I've had brunch, lunch, and dinner here and all were fantastic.  It was also pretty easy to get last minute reservations.  The mushroom ravioli was delicious...I'd definitely get it again!","['RESTAURANT#GENERAL', 'RESTAURANT#GENERAL', 'FOOD#QUALITY', 'SERVICE#GENERAL', 'FOOD#QUALITY']","['General', 'General', 'Food', 'Service', 'Food']","['negative', 'positive', 'positive', 'positive', 'positive']","['chain restaurants', 'Brio', 'brunch, lunch, and dinner', 'reservations', 'mushroom ravioli']","[False, False, False, False, False]",5,False,True,,label
synthetic_000542,yelp,train,"This place has really gone down hill.  I always order the same thing - the vegetable samosa chaat - and the last few times it's been a different assortment of ingredients. Today my partner picks up my order and it's in a weird salad container. It was 90% chickpeas, a soggy, in edible mess literally SWIMMING in sauce. Never again.","['RESTAURANT#GENERAL', 'FOOD#QUALITY', 'SERVICE#GENERAL']","['General', 'Food', 'Service']","['negative', 'negative', 'negative']","['place', 'vegetable samosa chaat', 'weird salad container']","[False, False, False]",3,False,False,,label
synthetic_000543,yelp,train,"FINALLY!   A Chipotle that I love.  You have restored my faith in you.  The meat is cooked, they give you enough of a serving and the staff is friendly.  I sat outside and ate and people watched.","['RESTAURANT#GENERAL', 'FOOD#QUALITY', 'FOOD#QUALITY', 'SERVICE#GENERAL']","['General', 'Food', 'Food', 'Service']","['positive', 'positive', 'positive', 'positive']","['Chipotle', 'meat', 'serving', 'staff']","[False, False, False, False]",4,False,False,,label
synthetic_000544,yelp,train,"I bought a groupon for a 4 person buffet and a $25 game card. The games are incredibly expensive. I've been there 2 times before. Everything has gone up. The 'token' games that are there.... $1.25 gets you 4 tokens. Stick with chuck e cheese, food is just as bad, games are half the price.","['RESTAURANT#PRICES', 'RESTAURANT#PRICES', 'RESTAURANT#PRICES', 'FOOD#QUALITY', 'RESTAURANT#PRICES']","['Price', 'Price', 'Price', 'Food', 'Price']","['negative', 'negative', 'negative', 'negative', 'positive']","['games', None, 'token games', 'food', 'games']","[False, True, False, False, False]",5,True,True,,label
synthetic_000545,yelp,train,Had the brisket sandwich with two sides and a drink for 9.99 - Great barbecue at an affordable price. Wonderful side such as potato casserole cream spinach baked beans green beans,"['FOOD#QUALITY', 'DRINKS#PRICES', 'RESTAURANT#PRICES', 'FOOD#QUALITY', 'FOOD#QUALITY', 'FOOD#QUALITY', 'FOOD#QUALITY']","['Food', 'Price', 'Price', 'Food', 'Food', 'Food', 'Food']","['positive', 'positive', 'positive', 'positive', 'positive', 'positive', 'positive']","['brisket sandwich', 'drink', 'price', 'potato casserole', 'cream spinach', 'baked beans', 'green beans']","[False, False, False, False, False, False, False]",7,False,False,,label
synthetic_000546,yelp,train,"Had a great breakfast this morning. Met the manager Nick. Great guy. Loved the fact that he took time to go out of his way to talk to me and ask how my dining experience was. Great spot for the locals as well as the tourists. I had the Big Easy breakfast. Enough food for two. The pancakes were excellent. Good fast service, good food and overall good experience.","['FOOD#QUALITY', 'RESTAURANT#MISCELLANEOUS', 'SERVICE#GENERAL', 'RESTAURANT#GENERAL', 'FOOD#QUALITY', 'SERVICE#GENERAL', 'FOOD#QUALITY', 'RESTAURANT#GENERAL']","['Food', 'General', 'Service', 'General', 'Food', 'Service', 'Food', 'General']","['positive', 'positive', 'positive', 'positive', 'positive', 'positive', 'positive', 'positive']","['breakfast', 'Nick', None, 'spot', 'pancakes', 'service', 'food', 'experience']","[False, False, True, False, False, False, False, False]",8,True,False,,label
synthetic_000547,yelp,train,"The miso soup is salty and wrong. All the cooked meats are a catastrophe (burnt, chewy, nasty etc). The always half-price sushi is stupid.   You're going to get full on rice. The fish itself isn't what I'd call amazing, but it definitely isn't bad. The malibu is pretty satisfying too.","['FOOD#QUALITY', 'FOOD#QUALITY', 'FOOD#PRICES', 'FOOD#QUALITY', 'DRINKS#QUALITY']","['Food', 'Food', 'Price', 'Food', 'Food']","['negative', 'negative', 'negative', 'neutral', 'positive']","['miso soup', 'cooked meats', 'sushi', 'fish', 'malibu']","[False, False, False, False, False]",5,False,True,,label
synthetic_000548,yelp,train,"The food here is hit and miss, especially lately. The popcorn chicken was excellent the first few times, but the last two times it was overly salty and soggy. The noodle dishes are sometimes bright and fresh, but other times are soggy and boring.","['FOOD#QUALITY', 'FOOD#QUALITY', 'FOOD#QUALITY', 'FOOD#QUALITY']","['Food', 'Food', 'Food', 'Food']","['positive', 'negative', 'positive', 'negative']","['popcorn chicken', 'popcorn chicken', 'noodle dishes', 'noodle dishes']","[False, False, False, False]",4,False,True,,label
synthetic_000549,yelp,train,"Place was a nice hidden gem on maggazine st. Donuts for days and bomb sliders. If you want to get fat eat here. Got the maple bacon donut salted caramel donut and coconut cream. All were yum yum. Then got the fried chicken slider oyster, duck, and pork belly sliders. Fried chicken was the best. All needed more spread/sauce but still yummy. Most affordable lunch we had in NOLA","['RESTAURANT#GENERAL', 'FOOD#QUALITY', 'FOOD#QUALITY', 'FOOD#QUALITY', 'RESTAURANT#PRICES']","['General', 'Food', 'Food', 'Food', 'Price']","['positive', 'positive', 'positive', 'positive', 'positive']","['Place', 'donuts', 'sliders', 'fried chicken', 'lunch']","[False, False, False, False, False]",5,False,False,,label
synthetic_000550,yelp,train,Mostly kids working that don't care about service. We waited over an hour for our pizza.  When we finally got it the pizza and potatoes were cold. The place is loud and full of drunks on a Saturday night. If you want to get drunk and eat cold pizza its a great place. I won't go back.,"['SERVICE#GENERAL', 'SERVICE#GENERAL', 'FOOD#QUALITY', 'FOOD#QUALITY', 'AMBIENCE#GENERAL', 'RESTAURANT#GENERAL', 'RESTAURANT#GENERAL']","['Service', 'Service', 'Food', 'Food', 'Ambience', 'General', 'General']","['negative', 'negative', 'negative', 'negative', 'negative', 'positive', 'negative']","['service', None, 'pizza', 'potatoes', 'place', 'place', None]","[False, True, False, False, False, False, True]",7,True,True,,label
synthetic_000551,yelp,train,I've always had good experiences here. The food is creative and tasty and the house wines are decent. Their cocktails are well made but small. I've never had a problem with service but also haven't been here during a super busy time. The patio is a great spot to hang out with friends.,"['RESTAURANT#GENERAL', 'FOOD#QUALITY', 'FOOD#STYLE_OPTIONS', 'DRINKS#QUALITY', 'DRINKS#QUALITY', 'DRINKS#STYLE_OPTIONS', 'SERVICE#GENERAL', 'AMBIENCE#GENERAL']","['General', 'Food', 'Food', 'Food', 'Food', 'Food', 'Service', 'Ambience']","['positive', 'positive', 'positive', 'positive', 'positive', 'negative', 'positive', 'positive']","['here', 'food', 'food', 'house wines', 'cocktails', 'cocktails', 'service', 'patio']","[False, False, False, False, False, False, False, False]",8,False,True,,label
synthetic_000552,yelp,train,"Dons is good but not authentic.  If your looking more for drinks than food then this would be your place.  Its certainly an upbeat environment, well lit, decorated well.  Food is ok but again just not authentic.","['RESTAURANT#GENERAL', 'AMBIENCE#GENERAL', 'FOOD#QUALITY', 'FOOD#STYLE_OPTIONS']","['General', 'Ambience', 'Food', 'Food']","['positive', 'positive', 'neutral', 'negative']","['Dons', 'environment', 'Food', 'authentic']","[False, False, False, False]",4,False,True,,label
synthetic_000553,yelp,train,"like most high end steak places you most likely will get a  good and pricey meal. personally i prefer morton's just b/c i think ruth goes a bit crazy with the butter on their steak and an inferior key lime pie but everything else is pretty comparable. they run a 3 course for 2 special for 89- it might be 99 now?- a couple times a year,  well worth it for that price.","['FOOD#QUALITY', 'FOOD#PRICES', 'FOOD#QUALITY', 'FOOD#QUALITY', 'RESTAURANT#PRICES']","['Food', 'Price', 'Food', 'Food', 'Price']","['positive', 'negative', 'negative', 'negative', 'positive']","['meal', 'meal', 'steak', 'key lime pie', 'price']","[False, False, False, False, False]",5,False,True,,label
synthetic_000554,yelp,train,"Not much left to say about this place. Awesome dining experience. Great   Moroccan food, but certainly not the best I've ever had. The experience is really the bread and butter here. Bring cash! Also,   Wish they would mix up the menu a bit.","['RESTAURANT#GENERAL', 'FOOD#QUALITY', 'FOOD#STYLE_OPTIONS']","['General', 'Food', 'Food']","['positive', 'neutral', 'negative']","['dining experience', 'Moroccan food', 'menu']","[False, False, False]",3,False,True,,label
synthetic_000555,yelp,train,"In Reno for the night. Was a bit skeptical because well..it's Reno, but this place far exceeded expectations. Very good Taiwanese food compared to most places I've tried in different cities. My recommendations: 三杯鸡, oyster omlet, and scallion pancake.   There are many other dishes I wish I could try. Will definitely miss this place once I leave.","['RESTAURANT#GENERAL', 'FOOD#QUALITY', 'FOOD#QUALITY', 'FOOD#QUALITY', 'FOOD#QUALITY', 'FOOD#STYLE_OPTIONS', 'RESTAURANT#GENERAL']","['General', 'Food', 'Food', 'Food', 'Food', 'Food', 'General']","['positive', 'positive', 'positive', 'positive', 'positive', 'negative', 'positive']","['this place', 'Taiwanese food', '三杯鸡', 'oyster omlet', 'scallion pancake', 'dishes', 'this place']","[False, False, False, False, False, False, False]",7,False,True,,label
synthetic_000556,yelp,train,Food is ok if you like cold fries and alittle chicken on pizza called them back and the girl said you need to talk to walter so he gets on and says where we're busy and the food can't always be hot and also because we live 3 towns over that's why it was cold and he was doing me a favor please people don't go here unless your like in the same town,"['FOOD#QUALITY', 'FOOD#QUALITY', 'LOCATION#GENERAL']","['Food', 'Food', 'General']","['neutral', 'negative', 'negative']","['Food', 'cold fries', None]","[False, False, True]",3,True,True,,label
synthetic_000557,yelp,train,"Was seated and watched 'the show' between the owner and a server for 15 minutes without getting waited on; they bickered in front of customers. Felt like the twilight zone of restaurants. At one point, the owner sat and talked with another table and we STILL hadn't been waited on. And the restaurant maybe had 5 tables seated!! We finally got up and left. Save yourself the time and money, this restaurant needs a serious overhaul.","['SERVICE#GENERAL', 'AMBIENCE#GENERAL', 'RESTAURANT#GENERAL', 'RESTAURANT#PRICES']","['Service', 'Ambience', 'General', 'Price']","['negative', 'negative', 'negative', 'negative']","[None, None, 'restaurant', None]","[True, True, False, True]",4,True,False,,label
synthetic_000558,yelp,train,"I've never had the opportunity to use the disclaimer that the only reason I gave it one star was because a no-star option was not available...until now. From the beginning the service was absolutely terrible.  When we asked for menus. The server's response was, ""It's posted (inside on a chalkboard...I suggest you take a picture..""  Some food came earlier than the rest...not everyone got silverware...we were told it was in the dishwasher...bad, bad, bad...keep walking past this joint","['SERVICE#GENERAL', 'SERVICE#GENERAL', 'RESTAURANT#GENERAL']","['Service', 'Service', 'General']","['negative', 'negative', 'negative']","['service', None, 'joint']","[False, True, False]",3,True,False,,label
synthetic_000559,yelp,train,"Sunday not so fun day at Schlafly. Came in, cool music live outside. Go inside to grab a bite and drink.  We sat inside for around 15 minutes, no server. They had like 4 bartenders, two waitresses and 2 bar backs. Yet, no one even approached.   I do not recommend maplewood on Sunday at all. Bad experience.","['AMBIENCE#GENERAL', 'SERVICE#GENERAL', 'RESTAURANT#GENERAL']","['Ambience', 'Service', 'General']","['positive', 'negative', 'negative']","['music', None, 'experience']","[False, True, False]",3,True,True,,label
synthetic_000560,yelp,train,Meh. I think maybe Tampa bay just doesn't have great indian food? Is that why there's such good reviews? I've been here for the lunch buffet a few times and am just not impressed. It's just ok.,"['FOOD#QUALITY', 'FOOD#STYLE_OPTIONS']","['Food', 'Food']","['negative', 'negative']","['indian food', 'lunch buffet']","[False, False]",2,False,False,,label
synthetic_000561,yelp,train,So yummy! Best hotdogs in Santa Barbara hands down! Guy is super friendly and helpful. I love how they change it up every week with a different special. Definitely recommend this place you gotta try it.,"['FOOD#QUALITY', 'SERVICE#GENERAL', 'FOOD#STYLE_OPTIONS', 'RESTAURANT#GENERAL']","['Food', 'Service', 'Food', 'General']","['positive', 'positive', 'positive', 'positive']","['hotdogs', 'Guy', 'different special', 'place']","[False, False, False, False]",4,False,False,,label
synthetic_000562,yelp,train,"I do like this place. The employees are relaxed and friendly, the pizza and salads are good, and the price is fair.  Also, good location for me.","['RESTAURANT#GENERAL', 'SERVICE#GENERAL', 'FOOD#QUALITY', 'FOOD#QUALITY', 'RESTAURANT#PRICES', 'LOCATION#GENERAL']","['General', 'Service', 'Food', 'Food', 'Price', 'General']","['positive', 'positive', 'positive', 'positive', 'positive', 'positive']","['place', 'employees', 'pizza', 'salads', 'price', 'location']","[False, False, False, False, False, False]",6,False,False,,label
synthetic_000563,yelp,train,"Disgustingly over priced. They have a wonderful, mouth watering beer selection but c'mon. This is not even NY prices. I realize PA law is part of the problem here but Foodery beer prices are just too high. I have been on boycott for years. I would rather go to one of the great beer bars around or pick up beer in NJ than give this place my $","['RESTAURANT#PRICES', 'DRINKS#QUALITY', 'DRINKS#PRICES', 'DRINKS#PRICES', 'RESTAURANT#GENERAL']","['Price', 'Food', 'Price', 'Price', 'General']","['negative', 'positive', 'negative', 'negative', 'negative']","[None, 'beer selection', 'prices', 'beer prices', 'place']","[True, False, False, False, False]",5,True,True,,label
synthetic_000564,yelp,train,Its okay it one likes overpriced ice cream....'the gotta have' it menu! Nice its 'fixed' in front of you with a few dollops of the stuff and extras.  Without coupons not worth it...cept for those who supposedly have the $ or the credit cards to blow on disposables such as this,['FOOD#PRICES'],['Price'],['negative'],['ice cream'],[False],1,False,False,,label
synthetic_000565,yelp,train,"I  drove  by  this  restaurant  last  night.  What  a  fun ,  brightly  lit  neighborhood.  I  hope  to  return  and  eat  here.  Looks  like  Florida  has  some  great  new  nightlife. Hidden  somewhere  between  Ybor  City  and  downtown  Tampa....",['AMBIENCE#GENERAL'],['Ambience'],['positive'],['brightly lit'],[False],1,False,False,,label
synthetic_000566,yelp,train,after reading other reviews of this place. Nothing special. Wouldn't take friends to. Unless they weren't very good ones. Service c. Food c.,"['RESTAURANT#GENERAL', 'SERVICE#GENERAL', 'FOOD#QUALITY']","['General', 'Service', 'Food']","['negative', 'negative', 'negative']","['place', 'Service', 'Food']","[False, False, False]",3,False,False,,label
synthetic_000567,yelp,train,Just had my first Panera delivery experience and it was great! The delivery was on time and the nicest delivery guy I've ever met delivered my lunch! He was friendly and polite and seemed like he was having his best day ever! Max delivered great food with a contagious smile! Good stuff Panera!,"['SERVICE#GENERAL', 'SERVICE#GENERAL', 'FOOD#QUALITY', 'RESTAURANT#GENERAL']","['Service', 'Service', 'Food', 'General']","['positive', 'positive', 'positive', 'positive']","['delivery', 'delivery guy', 'food', 'Panera']","[False, False, False, False]",4,False,False,,label
synthetic_000568,yelp,train,The taste was decent but I would give it ZERO stars if I could  we ordered the nachos with beef and all 3 of us are SICK! It's past midnight and I'm barfing! Worse decision ever,"['FOOD#QUALITY', 'FOOD#QUALITY', 'RESTAURANT#GENERAL']","['Food', 'Food', 'General']","['neutral', 'negative', 'negative']","['taste', 'nachos', None]","[False, False, True]",3,True,True,,label
synthetic_000569,yelp,train,"I love the taste of Baskin Robins ice cream, but I cannot get over the rude staff at this location. If you're in a bad mood & need ice cream to cheer you up, DO NOT GO HERE. The employees' rudeness will make your mood even worse. Your money will buy you ice cream here. Definitely not customer service.","['FOOD#QUALITY', 'SERVICE#GENERAL', 'RESTAURANT#GENERAL', 'SERVICE#GENERAL']","['Food', 'Service', 'General', 'Service']","['positive', 'negative', 'negative', 'negative']","['taste', 'staff', 'here', 'customer service']","[False, False, False, False]",4,False,True,,label
synthetic_000570,yelp,train,"my food was not as I ordered it and the manager was quick to assist me and make it right, I appreciate that so much, and Katrina who works at the Cheesecake counter is always nice!!!!!!!","['FOOD#QUALITY', 'SERVICE#GENERAL', 'SERVICE#GENERAL']","['Food', 'Service', 'Service']","['negative', 'positive', 'positive']","['food', 'manager', 'Katrina']","[False, False, False]",3,False,True,,label
synthetic_000571,yelp,train,Omg this is pizza for people who have never actually been to New York. It's like Nashville hot chicken outside Nashville and have navel had Hattie B's it just doesn't work. This pizza was average at best and the service was terrible staff was rude. Bathrooms were nasty and I really have no reason to return. The Greek salad was ok but they didn't even have Greek dressing. You can do way better than this place... Trust me!,"['FOOD#QUALITY', 'SERVICE#GENERAL', 'SERVICE#GENERAL', 'AMBIENCE#GENERAL', 'FOOD#QUALITY', 'FOOD#STYLE_OPTIONS', 'RESTAURANT#GENERAL']","['Food', 'Service', 'Service', 'Ambience', 'Food', 'Food', 'General']","['negative', 'negative', 'negative', 'negative', 'neutral', 'negative', 'negative']","['pizza', 'service', 'staff', 'Bathrooms', 'Greek salad', 'Greek dressing', 'place']","[False, False, False, False, False, False, False]",7,False,True,,label
synthetic_000572,yelp,train,Terrible establishment.  Poor service. The bouncers do not have any restraint. If you are female they will grab you aggressivley. ..very hostile. I have had a few terrible experiences there and I share them with everyone I meet so they know what they are getting into when they go there. Don't waste your time or your money when Nashville has so many other awesome places to offer!,"['RESTAURANT#GENERAL', 'SERVICE#GENERAL', 'SERVICE#GENERAL', 'RESTAURANT#PRICES']","['General', 'Service', 'Service', 'Price']","['negative', 'negative', 'negative', 'negative']","['establishment', 'service', 'bouncers', 'money']","[False, False, False, False]",4,False,False,,label
synthetic_000573,yelp,train,Awesome food! It was so fresh and delicious. The papaya salad was delicious! Try the curry..simply spicy and beautiful. The service was great too! They have take out!!!,"['FOOD#QUALITY', 'FOOD#QUALITY', 'FOOD#QUALITY', 'SERVICE#GENERAL', 'RESTAURANT#MISCELLANEOUS']","['Food', 'Food', 'Food', 'Service', 'General']","['positive', 'positive', 'positive', 'positive', 'positive']","['food', 'papaya salad', 'curry', 'service', 'take out']","[False, False, False, False, False]",5,False,False,,label
synthetic_000574,yelp,train,"Mac and cheese is really tasteless. Not worth the price at all. Got the BBQ Bowl. Dry chicken,  chewy macaronis, and soggy cornbread ""crunch""","['FOOD#QUALITY', 'RESTAURANT#PRICES', 'FOOD#QUALITY', 'FOOD#QUALITY', 'FOOD#QUALITY']","['Food', 'Price', 'Food', 'Food', 'Food']","['negative', 'negative', 'negative', 'negative', 'negative']","['Mac and cheese', 'price', 'chicken', 'macaronis', 'cornbread']","[False, False, False, False, False]",5,False,False,,label
synthetic_000575,yelp,train,"I give a couple of stars because the steamboat ride itself was really nice and the jazz band added a Nawlins touch. Unfortunately, the buffet food served was nowhere near deserving of the ridiculous $77/person charged. The options were almost completely fatty and dry prime rib, fried fish that tasted like paper, and bland penne noodles. The server and staff were friendly, which helped our experience. Would consider doing this if choosing the non-meal option only.","['AMBIENCE#GENERAL', 'AMBIENCE#GENERAL', 'FOOD#QUALITY', 'RESTAURANT#PRICES', 'FOOD#QUALITY', 'FOOD#QUALITY', 'FOOD#QUALITY', 'SERVICE#GENERAL']","['Ambience', 'Ambience', 'Food', 'Price', 'Food', 'Food', 'Food', 'Service']","['positive', 'positive', 'negative', 'negative', 'negative', 'negative', 'negative', 'positive']","['steamboat ride', 'jazz band', 'buffet food', '$77/person', 'prime rib', 'fried fish', 'penne noodles', 'server and staff']","[False, False, False, False, False, False, False, False]",8,False,True,,label
synthetic_000576,yelp,train,"Great service, food was ok..  Wish the soups were served warmer, and my steak was cooked well done, when requested medium.   However the service was excellent.","['SERVICE#GENERAL', 'FOOD#QUALITY', 'FOOD#QUALITY', 'FOOD#QUALITY', 'SERVICE#GENERAL']","['Service', 'Food', 'Food', 'Food', 'Service']","['positive', 'neutral', 'negative', 'negative', 'positive']","['service', 'food', 'soups', 'steak', 'service']","[False, False, False, False, False]",5,False,True,,label
synthetic_000577,yelp,train,"came for lunch buffet , there were several dishes but overall quality was average. vegetarian dishes were not flavourful. Tandoori chicken and chicken curry were OK.","['FOOD#QUALITY', 'FOOD#QUALITY', 'FOOD#QUALITY', 'FOOD#QUALITY']","['Food', 'Food', 'Food', 'Food']","['neutral', 'negative', 'neutral', 'neutral']","['overall quality', 'vegetarian dishes', 'Tandoori chicken', 'chicken curry']","[False, False, False, False]",4,False,True,,label
synthetic_000578,yelp,train,"If you work at AB, this place is pretty much your go-to lunch spot. Friendly staff and always a solid sandwich. Quick service, but they make both the hot and cold sandwiches with a little extra love and care. The mesquite turkey and the ""St. Louisan"" are my two personal favorites. Some outdoor seating or you can always head across the street to the park for an impromptu picnic.","['RESTAURANT#GENERAL', 'SERVICE#GENERAL', 'FOOD#QUALITY', 'SERVICE#GENERAL', 'FOOD#QUALITY', 'FOOD#STYLE_OPTIONS', 'FOOD#STYLE_OPTIONS', 'AMBIENCE#GENERAL']","['General', 'Service', 'Food', 'Service', 'Food', 'Food', 'Food', 'Ambience']","['positive', 'positive', 'positive', 'positive', 'positive', 'positive', 'positive', 'positive']","['place', 'staff', 'sandwich', 'service', 'sandwiches', 'mesquite turkey', 'St. Louisan', 'outdoor seating']","[False, False, False, False, False, False, False, False]",8,False,False,,label
synthetic_000579,yelp,train,"Wow!   Soooo full!    Great staff!   Delicious food!   BYOB!   Good times!      I loved the wings, tofu, and the catfish!     I can't wait until I'm back in town to visit.    It's slowly becoming my undisputed go to restaurant when I'm philly!   Also heard from a patron that Uber eats started delivering.    Wish I lived closer so I could enjoy more frequently.    Absolutely one of my favorite spots for a good meal!","['SERVICE#GENERAL', 'FOOD#QUALITY', 'FOOD#QUALITY', 'FOOD#QUALITY', 'FOOD#QUALITY', 'RESTAURANT#GENERAL', 'RESTAURANT#MISCELLANEOUS', 'AMBIENCE#GENERAL']","['Service', 'Food', 'Food', 'Food', 'Food', 'General', 'General', 'Ambience']","['positive', 'positive', 'positive', 'positive', 'positive', 'positive', 'positive', 'positive']","['staff', 'food', 'wings', 'tofu', 'catfish', 'restaurant', 'BYOB', None]","[False, False, False, False, False, False, False, True]",8,True,False,,label
synthetic_000580,yelp,train,"The wait time was pretty low we got seated so quickly even though it was absolutely packed, however the waitress we had didn't come to our table hardly at all we had empty drinks for half our dinner. It would almost be worth it if the food was good but it was average and I have had much better for cheaper.   Overall experience: meh! Not to die for but not totally disgusting either","['SERVICE#GENERAL', 'SERVICE#GENERAL', 'FOOD#QUALITY', 'FOOD#PRICES', 'DRINKS#QUALITY', 'RESTAURANT#GENERAL']","['Service', 'Service', 'Food', 'Price', 'Food', 'General']","['positive', 'negative', 'negative', 'negative', 'negative', 'neutral']","['wait time', 'waitress', 'food', None, 'drinks', 'overall experience']","[False, False, False, True, False, False]",6,True,True,,label
synthetic_000581,yelp,train,I'm in the Clearwater area quite often for business so I'm always looking for good restaurants. Cafe Ponte was a recommendation from the customer who was joining us for dinner and it did not disappoint. The lobster bisque was excellent with just a hint of habanero. Something unique that I was not expecting. I had the Boullibaisse which was loaded with seafood in a rich broth. I will definitely be back the next time I'm in town.,"['RESTAURANT#GENERAL', 'FOOD#QUALITY', 'FOOD#QUALITY']","['General', 'Food', 'Food']","['positive', 'positive', 'positive']","['Cafe Ponte', 'lobster bisque', 'Boullibaisse']","[False, False, False]",3,False,False,,label
synthetic_000582,yelp,train,"Nice atmosphere, and cool lounge area. Happy hour specials are still pretty pricey and limited to drinks only. Appetizers are tasty.","['AMBIENCE#GENERAL', 'AMBIENCE#GENERAL', 'DRINKS#PRICES', 'FOOD#QUALITY']","['Ambience', 'Ambience', 'Price', 'Food']","['positive', 'positive', 'negative', 'positive']","['atmosphere', 'lounge area', 'Happy hour specials', 'Appetizers']","[False, False, False, False]",4,False,True,,label
synthetic_000583,yelp,train,"my husband and I visited here on fri 6/9.  I think my expectations were way to high.  Donuts were not bad but certainly didn't live up to the hype.  We ordered 6 hots, 2 of each and each sugar mix and 2 of the fancys they had which where spicy pb and j.  My husband is crazy for chicken and couldn't wait to dive in.  He said it was ok","['FOOD#QUALITY', 'FOOD#QUALITY']","['Food', 'Food']","['negative', 'neutral']","['Donuts', 'chicken']","[False, False]",2,False,True,,label
synthetic_000584,yelp,train,"Best donut shop in STL!!! Family owned, clean, truly great service by people that care and know you! The donuts are amazing. Handmade every morning! It's packed every day. Great breakfast sandwiches too!","['RESTAURANT#GENERAL', 'AMBIENCE#GENERAL', 'SERVICE#GENERAL', 'FOOD#QUALITY', 'FOOD#STYLE_OPTIONS', 'FOOD#QUALITY', 'RESTAURANT#MISCELLANEOUS']","['General', 'Ambience', 'Service', 'Food', 'Food', 'Food', 'General']","['positive', 'positive', 'positive', 'positive', 'positive', 'positive', 'positive']","['donut shop', 'clean', 'service', 'donuts', 'Handmade', 'breakfast sandwiches', 'Family owned']","[False, False, False, False, False, False, False]",7,False,False,,label
synthetic_000585,yelp,train,"Had a last minute request to find a special rye whiskey (High West double rye) as a present in New Orleans, but didn't have a car (or time) to travel far to find it. This place had it in stock and at reasonable price. Very convenient location in French Quarter.","['DRINKS#PRICES', 'LOCATION#GENERAL', 'RESTAURANT#GENERAL']","['Price', 'General', 'General']","['positive', 'positive', 'positive']","['rye whiskey', 'location', 'place']","[False, False, False]",3,False,False,,label
synthetic_000586,yelp,train,Came here one afternoon to watch the Kings hockey game. Place is okay. Nothing really stands out about this place. The best thing I would say is that there are a lot of TVs and a projector to show the game. They have your average beers on tap for $5 bucks a pint. Good place to watch sports.,"['RESTAURANT#GENERAL', 'AMBIENCE#GENERAL', 'DRINKS#PRICES']","['General', 'Ambience', 'Price']","['positive', 'positive', 'positive']","['place', 'TVs and a projector', 'beers']","[False, False, False]",3,False,False,,label
synthetic_000587,yelp,train,"Jaclyn is A-W-E-S-O-M-E!!! First time at the Red Pony, eating upstairs, and our waitress is giving us excellent service!! We'll be back!!","['SERVICE#GENERAL', 'RESTAURANT#GENERAL']","['Service', 'General']","['positive', 'positive']","['service', 'Red Pony']","[False, False]",2,False,False,,label
synthetic_000588,yelp,train,The reviews did not disappoint. The chargrilled oysters were the BEST!!!! Shrimp po boy fried fish po boy seasoned and fried to perfection. Ask for Shirley. Even though she is a Met fan we won't hold that against her. She is an excellent server. Will be back.,"['FOOD#QUALITY', 'FOOD#QUALITY', 'SERVICE#GENERAL', 'RESTAURANT#GENERAL']","['Food', 'Food', 'Service', 'General']","['positive', 'positive', 'positive', 'positive']","['chargrilled oysters', 'Shrimp po boy', 'server', None]","[False, False, False, True]",4,True,False,,label
synthetic_000589,yelp,train,"This is a good alternative to Chipotle. They have a huge selection of salsas and hot sauces. We had chicken tacos and veggie quesadilla. Food tastes good, service is quick and good seating options.. indoor and outdoor.","['RESTAURANT#GENERAL', 'FOOD#STYLE_OPTIONS', 'FOOD#QUALITY', 'SERVICE#GENERAL', 'AMBIENCE#GENERAL']","['General', 'Food', 'Food', 'Service', 'Ambience']","['positive', 'positive', 'positive', 'positive', 'positive']","['alternative', 'selection of salsas and hot sauces', 'food', 'service', 'seating options']","[False, False, False, False, False]",5,False,False,,label
synthetic_000590,yelp,train,"Whenever I'm in Reno we usually try to eat at the Brew Brothers. For a small brewery, we really like the beer. The food was ok, nothing really special. The service, it's ok as well. Kind of annoying how the young girls are practically wearing nothing while the older women are completely covered up. I know it's for the men, but still, there's women that eat there too.","['DRINKS#QUALITY', 'FOOD#QUALITY', 'SERVICE#GENERAL', 'AMBIENCE#GENERAL']","['Food', 'Food', 'Service', 'Ambience']","['positive', 'neutral', 'neutral', 'negative']","['beer', 'food', 'service', None]","[False, False, False, True]",4,True,True,,label
synthetic_000591,yelp,train,"Great, rotating, draft list.  Good pizzas, salads, wings.  All around pretty solid menu!  Get's very busy during happy hours, games and weekends.","['DRINKS#STYLE_OPTIONS', 'FOOD#QUALITY', 'FOOD#QUALITY', 'FOOD#QUALITY', 'FOOD#STYLE_OPTIONS']","['Food', 'Food', 'Food', 'Food', 'Food']","['positive', 'positive', 'positive', 'positive', 'positive']","['draft list', 'pizzas', 'salads', 'wings', 'menu']","[False, False, False, False, False]",5,False,False,,label
synthetic_000592,yelp,train,"Hotel is what you would expect from a Hilton Property.  Clean and spacious room with a sleeping and entertainment area.  Breakfast is included with the room as is WIFI. The free WIIFI is slow.  Breakfast is OK, but not memorable. No surprises, good or bad. Hotel staff are friendly, courteous and helpful.  All in all a good value for what I paid.","['AMBIENCE#GENERAL', 'FOOD#QUALITY', 'SERVICE#GENERAL', 'SERVICE#GENERAL', 'RESTAURANT#PRICES']","['Ambience', 'Food', 'Service', 'Service', 'Price']","['positive', 'neutral', 'negative', 'positive', 'positive']","['room', 'Breakfast', 'WiFI', 'staff', 'value']","[False, False, False, False, False]",5,False,True,,label
synthetic_000593,yelp,train,"Great  breads especially the German rye. My favorite breakfast is the poached eggs, cooked perfectly. For lunch, I go for the eggplant panini or  Laurie's salad.","['FOOD#QUALITY', 'FOOD#QUALITY', 'FOOD#QUALITY', 'FOOD#QUALITY']","['Food', 'Food', 'Food', 'Food']","['positive', 'positive', 'positive', 'positive']","['breads', 'poached eggs', 'eggplant panini', ""Laurie's salad""]","[False, False, False, False]",4,False,False,,label
synthetic_000594,yelp,train,"I walked in to an amazing set by an all-female bluegrass outfit (with the owner, Layla, on drums) and soon the talent segued into a tears-in-your-beer and honky-tonking country four-piece.",['AMBIENCE#GENERAL'],['Ambience'],['positive'],['set'],[False],1,False,False,,label
synthetic_000595,yelp,train,"Good price and hive atmosphere. Beignets are way better than cafe du monde, though you still need to go there too so you can say you've been there. Great mocha and brown sugar praline cookie here too. Nice music in the courtyard. Check it out!","['RESTAURANT#PRICES', 'AMBIENCE#GENERAL', 'FOOD#QUALITY', 'DRINKS#QUALITY', 'FOOD#QUALITY', 'AMBIENCE#GENERAL']","['Price', 'Ambience', 'Food', 'Food', 'Food', 'Ambience']","['positive', 'positive', 'positive', 'positive', 'positive', 'positive']","['price', 'atmosphere', 'Beignets', 'mocha', 'brown sugar praline cookie', 'music']","[False, False, False, False, False, False]",6,False,False,,label
synthetic_000596,yelp,train,"This place is my absolute fave! The flavors are spot on, they taste exactly the way you imagine, but better! The strawberries & champagne, toasted marshmallow, and cheesecake  are a few of my personal favorites. I moved to Phoenix a few years back and was ecstatic when I found out they opened locations in the valley. This is a Tucson gem that I will continue to visit over and over!","['RESTAURANT#GENERAL', 'FOOD#QUALITY', 'FOOD#QUALITY', 'DRINKS#QUALITY', 'FOOD#QUALITY', 'FOOD#QUALITY', 'LOCATION#GENERAL', 'LOCATION#GENERAL']","['General', 'Food', 'Food', 'Food', 'Food', 'Food', 'General', 'General']","['positive', 'positive', 'positive', 'positive', 'positive', 'positive', 'positive', 'positive']","['place', 'flavors', 'strawberries', 'champagne', 'toasted marshmallow', 'cheesecake', 'locations', 'Tucson']","[False, False, False, False, False, False, False, False]",8,False,False,,label
synthetic_000597,yelp,train,"What a fu@#$in joke. We came in here and asked for Grey Goose. Dudes all like, ok...then he pours me Titos..Bitch, I'm edumecated....i know the difference between Titos and Grey Goose. I have been drinking since I was ten. And herpes Usher music...i feel insulted. Thank you Brad, or whatever your name is for making it right you fuckin putz. DUECES DICKBAG.","['RESTAURANT#GENERAL', 'DRINKS#QUALITY', 'DRINKS#QUALITY', 'SERVICE#GENERAL']","['General', 'Food', 'Food', 'Service']","['negative', 'negative', 'negative', 'negative']","[None, 'Grey Goose', 'Titos', None]","[True, False, False, True]",4,True,False,,label
synthetic_000598,yelp,train,"Tony's really has surprisingly good Mexican food, which you wouldn't expect to find out here in Chalmette.  It's actually the best Mexican food I've had in Louisiana.  Everything I've tried there is good.  My favorite so far is the chiles rellenos, which are large and excellent.  They also have Mexican Coca-Cola, which is sweetened with actual sugar, rather than the high-fructose corn syrup in the American version.","['FOOD#QUALITY', 'FOOD#QUALITY', 'DRINKS#QUALITY']","['Food', 'Food', 'Food']","['positive', 'positive', 'positive']","['Mexican food', 'chiles rellenos', 'Mexican Coca-Cola']","[False, False, False]",3,False,False,,label
synthetic_000599,yelp,train,"My new favorite place in Philly.  I will put this place up to any of the other cocktail bars in Philly and NY.  Service was outstanding.  the cocktails (especially the Fancy Free) are to die for.  The bar snacks (spicy nut mixture) was great too.  Great job guys.  Staff, decor, atmosphere...all spot on.","['RESTAURANT#GENERAL', 'SERVICE#GENERAL', 'DRINKS#QUALITY', 'FOOD#QUALITY', 'SERVICE#GENERAL', 'AMBIENCE#GENERAL', 'AMBIENCE#GENERAL']","['General', 'Service', 'Food', 'Food', 'Service', 'Ambience', 'Ambience']","['positive', 'positive', 'positive', 'positive', 'positive', 'positive', 'positive']","['place', 'Service', 'cocktails', 'bar snacks', 'Staff', 'decor', 'atmosphere']","[False, False, False, False, False, False, False]",7,False,False,,label
synthetic_000600,yelp,train,"This place honestly was a disappointment! Very thin cuts of meat for the price compared to other places. The food came out cold too. Had the Dolsot Bibimbap and the stone pot was cold to the point I could've picked it up and not get burned.   When you order a dolsot bibimbap of any kind, the rice at the bottle should be able to get crunchy....nope not here.   LADIES AND GENTLEMEN, please save your money and go somewhere else.","['RESTAURANT#GENERAL', 'FOOD#QUALITY', 'FOOD#PRICES', 'FOOD#QUALITY', 'FOOD#QUALITY', 'FOOD#STYLE_OPTIONS']","['General', 'Food', 'Price', 'Food', 'Food', 'Food']","['negative', 'negative', 'negative', 'negative', 'negative', 'negative']","['place', 'thin cuts of meat', 'price', 'food', 'stone pot', 'dolsot bibimbap']","[False, False, False, False, False, False]",6,False,False,,label
synthetic_000601,yelp,train,"Wasn't that busy they might have had 4 servers on. Our server took forever to get us CANNED BEERS, we NEVER GOT OUR WATERS. Our appetizer came AFTER we finished our food. They comped it, but didn't try to make amends about the rest of horrible experience. We will NEVER GO BACK.","['SERVICE#GENERAL', 'DRINKS#QUALITY', 'SERVICE#GENERAL', 'RESTAURANT#GENERAL']","['Service', 'Food', 'Service', 'General']","['negative', 'negative', 'negative', 'negative']","['server', 'waters', 'appetizer', 'experience']","[False, False, False, False]",4,False,False,,label
synthetic_000602,yelp,train,"Romantic and cozy French restaurant. A bit pricey, but you get your money's worth with the nice portions. The escargot is highly recommended. Try and save room for dessert.","['AMBIENCE#GENERAL', 'RESTAURANT#PRICES', 'FOOD#QUALITY', 'FOOD#QUALITY']","['Ambience', 'Price', 'Food', 'Food']","['positive', 'negative', 'positive', 'positive']","['Romantic and cozy', 'pricey', 'nice portions', 'escargot']","[False, False, False, False]",4,False,True,,label
synthetic_000603,yelp,train,"A sushi place that delivers? Yes, please! Everything we ordered was great - Queen Roll, Sweet Heart Roll, Summer Roll, plus some individual sushi pieces. Fresh, well prepared, flavorful combinations. Cash only so plan accordingly. We'll be ordering from them again.","['SERVICE#GENERAL', 'FOOD#QUALITY', 'FOOD#QUALITY', 'FOOD#QUALITY', 'FOOD#QUALITY', 'RESTAURANT#GENERAL']","['Service', 'Food', 'Food', 'Food', 'Food', 'General']","['positive', 'positive', 'positive', 'positive', 'positive', 'positive']","['delivers', 'Queen Roll', 'Sweet Heart Roll', 'Summer Roll', 'sushi pieces', None]","[False, False, False, False, False, True]",6,True,False,,label
synthetic_000604,yelp,train,"Have to disagree with rave reviews on this one. We were shown a menu and then told they only had about half of the items. Then picked something and were told they didn't have that either. Ended up ordering chicken, lamb, and beef. It took about twenty or twenty five minutes. We ate outside because the interior is so dreary and stuffy. Our order was correct. Food was acceptable but not anything I'll go back for.","['FOOD#STYLE_OPTIONS', 'SERVICE#GENERAL', 'AMBIENCE#GENERAL', 'SERVICE#GENERAL', 'FOOD#QUALITY', 'RESTAURANT#GENERAL']","['Food', 'Service', 'Ambience', 'Service', 'Food', 'General']","['negative', 'negative', 'negative', 'positive', 'negative', 'negative']","['menu', None, 'interior', 'order', 'Food', None]","[False, True, False, False, False, True]",6,True,True,,label
synthetic_000605,yelp,train,"Really solid beer selection - US, Canadian, Belgian, European.  Canned beer seems to be a point of pride in their offerings, which is good because they're near the Philadelphia Folk Festival which has a no glass policy (also PFF has a no alcohol policy but...)  Samples available, always passing along the new knowledge and stocking the latest.  Goes out of their way to get good stock of beers offered in limited season.","['DRINKS#QUALITY', 'DRINKS#STYLE_OPTIONS']","['Food', 'Food']","['positive', 'positive']","['beer selection', 'canned beer']","[False, False]",2,False,False,,label
synthetic_000606,yelp,train,"Busy place, but we were offered extra- special coffee while we waited. No sooner than it was ready, so was our table. The server was welcoming and offered suggestions for us after we made her aware of some dietary restrictions. My daughter and I shared a salad, entree, and Special grits. Every bite was delicious, beautifully presented, and reasonably priced as downtown prices go. We like this restaurant a lot.","['DRINKS#QUALITY', 'SERVICE#GENERAL', 'FOOD#QUALITY', 'FOOD#QUALITY', 'FOOD#QUALITY', 'FOOD#PRICES', 'RESTAURANT#GENERAL']","['Food', 'Service', 'Food', 'Food', 'Food', 'Price', 'General']","['positive', 'positive', 'positive', 'positive', 'positive', 'positive', 'positive']","['coffee', 'server', 'salad', 'entree', 'Special grits', 'prices', 'restaurant']","[False, False, False, False, False, False, False]",7,False,False,,label
synthetic_000607,yelp,train,"So I love donuts and I love coffee...but don't go here if you have a specific donut in mind! They usually have a ton of iced sprinkled donuts in a ridiculous amount of colors, but beyond that good luck! Also the coffee is a hit or miss at this location. I am a frequent visitor here because Bellevue doesn't have a whole lot going on but don't go with high expectations!","['FOOD#QUALITY', 'FOOD#STYLE_OPTIONS', 'DRINKS#QUALITY', 'RESTAURANT#GENERAL']","['Food', 'Food', 'Food', 'General']","['positive', 'negative', 'neutral', 'negative']","['donuts', 'donuts', 'coffee', None]","[False, False, False, True]",4,True,True,,label
synthetic_000608,yelp,train,"I really liked the smaller portions, it allowed us to enjoy more of the menu and the free meal on your birthday was great. The food was good but it was missing something to give it a little bit more. Will definitely go back.","['FOOD#STYLE_OPTIONS', 'RESTAURANT#MISCELLANEOUS', 'FOOD#QUALITY', 'FOOD#QUALITY', 'RESTAURANT#GENERAL']","['Food', 'General', 'Food', 'Food', 'General']","['positive', 'positive', 'positive', 'negative', 'positive']","['smaller portions', 'the free meal on your birthday', 'food', 'food', None]","[False, False, False, False, True]",5,True,True,,label
synthetic_000609,yelp,train,Yay for the market fresh salad. Finally a restaurant that I can tell them what to put in my salad and not feel bad about it.,"['FOOD#QUALITY', 'FOOD#STYLE_OPTIONS', 'RESTAURANT#GENERAL']","['Food', 'Food', 'General']","['positive', 'positive', 'positive']","['salad', 'salad', 'restaurant']","[False, False, False]",3,False,False,,label
synthetic_000610,yelp,train,"The restaurant was very cute. The staff was friendly and helpful. The food that we had was good. Nothing overly special, but solid. We were perhaps disappointed because we had heard it was great.  Drinks were made with fresh ingredients and were very good.","['AMBIENCE#GENERAL', 'SERVICE#GENERAL', 'FOOD#QUALITY', 'RESTAURANT#GENERAL', 'DRINKS#QUALITY']","['Ambience', 'Service', 'Food', 'General', 'Food']","['positive', 'positive', 'positive', 'negative', 'positive']","['restaurant', 'staff', 'food', None, 'Drinks']","[False, False, False, True, False]",5,True,True,,label
synthetic_000611,yelp,train,Really truly slow service.  Not the waitress. The kitchen. 40 min to get a pasta and salad.  Recommended if you want to really drag that date out.,"['SERVICE#GENERAL', 'SERVICE#GENERAL', 'RESTAURANT#GENERAL']","['Service', 'Service', 'General']","['negative', 'negative', 'negative']","['service', 'kitchen', None]","[False, False, True]",3,True,False,,label
synthetic_000612,yelp,train,"It is what you expect in an Acme, the only thing I found a little different with this one is that it seemed the aisles were a little narrower than in other stores. Store is a little smaller than others so not as wide of a variety, but was fine, looks like they've upgraded some areas like the frozen/refrigerated food sections. Service was fine.","['SERVICE#GENERAL', 'FOOD#STYLE_OPTIONS', 'FOOD#STYLE_OPTIONS']","['Service', 'Food', 'Food']","['positive', 'positive', 'neutral']","['Service', 'frozen/refrigerated food sections', 'variety']","[False, False, False]",3,False,True,,label
synthetic_000613,yelp,train,"I had a really great first visit to Growler's Taphouse! The beer selection is really great and our server made some excellent selections, I usually don't expect much food wise from a place with a lot of beer but the food here was pretty great! I ordered the pork sliders and chips & salsa, the hot salsa was so good!!!","['RESTAURANT#GENERAL', 'DRINKS#STYLE_OPTIONS', 'SERVICE#GENERAL', 'FOOD#QUALITY', 'FOOD#QUALITY', 'FOOD#QUALITY']","['General', 'Food', 'Service', 'Food', 'Food', 'Food']","['positive', 'positive', 'positive', 'positive', 'positive', 'positive']","[""Growler's Taphouse"", 'beer selection', 'server', 'food', 'pork sliders', 'hot salsa']","[False, False, False, False, False, False]",6,False,False,,label
synthetic_000614,yelp,train,Went there tonight courtesy of a Groupon purchase and was pleasantly surprised at the array of dishes. Decided to go with the Fried Pork Chop sandwich which very good. My girlfriend had the crab cakes with mac & cheese and mashed potatoes. Everything was delicious and we'll be definitely making a return trip b,"['FOOD#STYLE_OPTIONS', 'FOOD#QUALITY', 'FOOD#QUALITY', 'RESTAURANT#GENERAL']","['Food', 'Food', 'Food', 'General']","['positive', 'positive', 'positive', 'positive']","['array of dishes', 'Fried Pork Chop sandwich', 'Everything', 'return trip']","[False, False, False, False]",4,False,False,,label
synthetic_000615,yelp,train,"This is not an authentic sushi place.  If you are going to order spicy tuna and salmon then this the places for you, else wait for dinner and head over to Double Knot","['RESTAURANT#GENERAL', 'FOOD#STYLE_OPTIONS', 'FOOD#STYLE_OPTIONS', 'FOOD#STYLE_OPTIONS']","['General', 'Food', 'Food', 'Food']","['negative', 'negative', 'positive', 'positive']","['place', 'authentic sushi', 'spicy tuna', 'salmon']","[False, False, False, False]",4,False,True,,label
synthetic_000616,yelp,train,The place is cute and the staff was very friendly. Nice menu. Good for brunch. We had lunch and were seated right away. I really enjoyed the avocado  toast and side of bacon. Nice to have another brunch place nearby.,"['AMBIENCE#GENERAL', 'SERVICE#GENERAL', 'FOOD#STYLE_OPTIONS', 'FOOD#STYLE_OPTIONS', 'SERVICE#GENERAL', 'FOOD#QUALITY', 'FOOD#QUALITY', 'LOCATION#GENERAL']","['Ambience', 'Service', 'Food', 'Food', 'Service', 'Food', 'Food', 'General']","['positive', 'positive', 'positive', 'positive', 'positive', 'positive', 'positive', 'positive']","['place', 'staff', 'menu', 'brunch', None, 'avocado toast', 'bacon', 'another brunch place']","[False, False, False, False, True, False, False, False]",8,True,False,,label
synthetic_000617,yelp,train,"Always dead on with fresh made foods. Folks are friendly, food is great, Italian Specialties are always tasty. Great rolls too. The comment from OTTIS B. is not true; maybe it was him, as he said ""after paying"" he went back. Owners aim to please.....","['FOOD#QUALITY', 'SERVICE#GENERAL', 'FOOD#QUALITY', 'FOOD#STYLE_OPTIONS', 'FOOD#QUALITY', 'RESTAURANT#GENERAL']","['Food', 'Service', 'Food', 'Food', 'Food', 'General']","['positive', 'positive', 'positive', 'positive', 'positive', 'positive']","['foods', 'Folks', 'food', 'Italian Specialties', 'rolls', 'Owners']","[False, False, False, False, False, False]",6,False,False,,label
synthetic_000618,yelp,train,What the heck has happened to Claim Jumper?? The food used to be very good. My girlfriend and I went there for lunch and it was terrible! It used to be one of my favorite restaurants but the food is no longer worth eating. I can only assume they will be going out of business soon. Very sad.,"['FOOD#QUALITY', 'RESTAURANT#GENERAL', 'RESTAURANT#GENERAL']","['Food', 'General', 'General']","['negative', 'positive', 'negative']","['food', 'restaurants', None]","[False, False, True]",3,True,True,,label
synthetic_000619,yelp,train,"A new Indonesian restaurant established in the heart of South Philly with the touch of Medan taste. Sky Cafe has a small menu with popular dishes. The restaurant can seat about 30 people, so if you show up for lunch on a weekend, plan on waiting for a few minutes. Otherwise, great food and prices.","['FOOD#QUALITY', 'FOOD#PRICES']","['Food', 'Price']","['positive', 'positive']","['food', 'prices']","[False, False]",2,False,False,,label
synthetic_000620,yelp,train,"Good Hispanic food, not authentic but if you want plates that look good for photos and decent food, go here.","['FOOD#QUALITY', 'FOOD#STYLE_OPTIONS', 'FOOD#STYLE_OPTIONS']","['Food', 'Food', 'Food']","['positive', 'negative', 'positive']","['food', 'authentic', 'plates']","[False, False, False]",3,False,True,,label
synthetic_000621,yelp,train,"Can you at least put some meat on that cheesesteak! Not a good bang for your buck. But as someone said, it's the only gig in town. Gosh,  McDonald's gives you a bigger burger and more fries, at a cheaper price! Never use to be this way at Parkside.","['FOOD#QUALITY', 'FOOD#PRICES', 'RESTAURANT#PRICES']","['Food', 'Price', 'Price']","['negative', 'negative', 'negative']","['cheesesteak', None, None]","[False, True, True]",3,True,False,,label
synthetic_000622,yelp,train,"I haven't seen the book, but I think hotchickswithdouchebags.com is a hilarious website that.... Oops!  I forgot - this is a review for Pearl... in my defense, it's very easy to confuse the two.  I went to Pearl to see a DJ who I'd enjoyed at Silk City, but it was choch central and after one overpriced drink both my wallet and my soul were hurting.","['DRINKS#PRICES', 'AMBIENCE#GENERAL']","['Price', 'Ambience']","['negative', 'negative']","['drink', 'DJ']","[False, False]",2,False,False,,label
synthetic_000623,yelp,train,Their bird & pig sandwich is the bomb. Brie cheese is one of my favs and this sandwich offers plenty. The Asian Slaw was a suggestion from our waitress and did not disappoint. It was yummy. The sesame seeds made all the difference. Full bar always has a variety of tasty drink options. This place is cool bc it has a vegan options for those folks with those dietary needs.,"['FOOD#QUALITY', 'FOOD#QUALITY', 'FOOD#QUALITY', 'FOOD#QUALITY', 'DRINKS#STYLE_OPTIONS', 'FOOD#STYLE_OPTIONS', 'RESTAURANT#GENERAL']","['Food', 'Food', 'Food', 'Food', 'Food', 'Food', 'General']","['positive', 'positive', 'positive', 'positive', 'positive', 'positive', 'positive']","['bird & pig sandwich', 'Brie cheese', 'Asian Slaw', 'sesame seeds', 'Full bar', 'vegan options', 'place']","[False, False, False, False, False, False, False]",7,False,False,,label
synthetic_000624,yelp,train,"My go to place for fried seafood here in Nashville!  I LOVE, LOVE, LOVE the fried oysters and clam strips basket!  The seafood is always fresh and tasty!  On days when I'm ""trying"" to be good, I flip the menu over to their sushi offerings...the Green Goddess and the Shrimp Pad Thai are my faves!","['RESTAURANT#GENERAL', 'FOOD#QUALITY', 'FOOD#QUALITY', 'FOOD#QUALITY', 'FOOD#STYLE_OPTIONS', 'FOOD#QUALITY', 'FOOD#QUALITY']","['General', 'Food', 'Food', 'Food', 'Food', 'Food', 'Food']","['positive', 'positive', 'positive', 'positive', 'positive', 'positive', 'positive']","['place', 'fried oysters', 'clam strips basket', 'seafood', 'sushi offerings', 'Green Goddess', 'Shrimp Pad Thai']","[False, False, False, False, False, False, False]",7,False,False,,label
synthetic_000625,yelp,train,"Ok so I lied. There is no falafel here. Went back and got the ziggy burger (eh), crispy chick'n sandwhich (amazing!), quinoa chili (yum), udon salad (eh), and sweet potato fries (pretty good). It's nice to have the option of a vegetarian fast food place because who knows what some of those places put in the mean.","['FOOD#STYLE_OPTIONS', 'FOOD#QUALITY', 'FOOD#QUALITY', 'FOOD#QUALITY', 'FOOD#QUALITY', 'FOOD#QUALITY', 'FOOD#STYLE_OPTIONS']","['Food', 'Food', 'Food', 'Food', 'Food', 'Food', 'Food']","['negative', 'neutral', 'positive', 'positive', 'neutral', 'positive', 'positive']","['falafel', 'ziggy burger', ""crispy chick'n sandwhich"", 'quinoa chili', 'udon salad', 'sweet potato fries', 'option']","[False, False, False, False, False, False, False]",7,False,True,,label
synthetic_000626,yelp,train,"This place never disappoints.  Even though they didn't have the seafood listed on the menu for our dish,  the substitutions might have been better. Since it is a tiny place there is sometimes a wait...  But it's well worth it. As always,  the leftovers were just as delicious...","['RESTAURANT#GENERAL', 'FOOD#STYLE_OPTIONS', 'FOOD#QUALITY', 'SERVICE#GENERAL', 'FOOD#QUALITY']","['General', 'Food', 'Food', 'Service', 'Food']","['positive', 'negative', 'negative', 'negative', 'positive']","['place', 'seafood', 'substitutions', None, 'leftovers']","[False, False, False, True, False]",5,True,True,,label
synthetic_000627,yelp,train,"It was our first time eating there and we ordered the buffalo chicken bites, chicken tacos, stuffed potato spring rolls and salmon three way! The food was mediocre and our server was really slow! Don't think we'll be going back there!","['FOOD#QUALITY', 'SERVICE#GENERAL', 'RESTAURANT#GENERAL']","['Food', 'Service', 'General']","['negative', 'negative', 'negative']","['food', 'server', None]","[False, False, True]",3,True,False,,label
synthetic_000628,yelp,train,"On the same lines as any of the Scotty's Brewhouses around Indiana, but this one prides itself for being organic.  Also has a list of beers from different Indiana breweries (a plus in my book).  I had a bison burger which I really liked and would recommend it to any burger fan.","['DRINKS#STYLE_OPTIONS', 'FOOD#QUALITY', 'FOOD#STYLE_OPTIONS']","['Food', 'Food', 'Food']","['positive', 'positive', 'positive']","['beers', 'bison burger', 'organic']","[False, False, False]",3,False,False,,label
synthetic_000629,yelp,train,"This place was so not with the price. Chips were staleish. I asked waitress if I could get shrimp in tacos some other way than fried and she said no, they are pre battered.  So we ordered fish tacos and fish was fried. Husband got mole salmon which had no flavor so he had to ask for hot sauce. Bill was 100 for 2 small tacos, salmon and a few drinks. This place will not last long.","['RESTAURANT#PRICES', 'FOOD#QUALITY', 'SERVICE#GENERAL', 'FOOD#QUALITY', 'RESTAURANT#PRICES', 'RESTAURANT#GENERAL']","['Price', 'Food', 'Service', 'Food', 'Price', 'General']","['negative', 'negative', 'negative', 'negative', 'negative', 'negative']","['price', 'Chips', 'waitress', 'mole salmon', 'Bill', 'place']","[False, False, False, False, False, False]",6,False,False,,label
synthetic_000630,yelp,train,I've been coming to the Newtown Saladworks for 4 years.  I like seeing many of the same friendly faces and the best part is that they know my salad order as soon as I get to the counter without even saying it!    My coworkers and I often go out to lunch and the one place we haven't been disappointed by is Saladworks!,"['SERVICE#GENERAL', 'SERVICE#GENERAL', 'RESTAURANT#GENERAL']","['Service', 'Service', 'General']","['positive', 'positive', 'positive']","[None, 'friendly faces', 'Saladworks']","[True, False, False]",3,True,False,,label
synthetic_000631,yelp,train,"Meh, a decent place to get your greasy food but they're pretty disorganized and will likely get your order wrong.  (They've almost always miss the peppers on my hot dog.)  They have Chicago memorabilia decorating the place but the place is sparse enough that is isn't cheezy.  Who knew it would be so hard to find a decent hot dog place!","['FOOD#QUALITY', 'SERVICE#GENERAL', 'FOOD#QUALITY', 'AMBIENCE#GENERAL']","['Food', 'Service', 'Food', 'Ambience']","['positive', 'negative', 'negative', 'positive']","['food', None, 'hot dog', 'place']","[False, True, False, False]",4,True,True,,label
synthetic_000632,yelp,train,This place is walking distance to my office and the lunch prices are pocket friendly! But the food it's really not so great. Bland and unappealing. I would recommend Thai Kitchen in Maryland Heights!,"['LOCATION#GENERAL', 'RESTAURANT#PRICES', 'FOOD#QUALITY']","['General', 'Price', 'Food']","['positive', 'positive', 'negative']","['walking distance', 'lunch prices', 'food']","[False, False, False]",3,False,True,,label
synthetic_000633,yelp,train,(3.5) ~ Overall Food & Service  MY MENU * Oreo Malt Shake = (4) very good * Fries = (3.5) good * Burger = (3) ok...too salty:-(,"['DRINKS#QUALITY', 'FOOD#QUALITY', 'FOOD#QUALITY']","['Food', 'Food', 'Food']","['positive', 'positive', 'negative']","['Oreo Malt Shake', 'Fries', 'Burger']","[False, False, False]",3,False,True,,label
synthetic_000634,yelp,train,"I will get straight to the point..... If you are ever anywhere near Camden NJ, In fact if you are anywhere in the State of NJ, get to Santana's for breakfast and pastries.   Their coffee puts Starbucks, DD, Micky D's and all the rest to shame!!   Their pastries are INCREDIBLE!!  You would have to fly to Boricua ( Puerto Rico) to even come close!!    My business is in neighboring Pennsauken, and we are there every morning!!!","['DRINKS#QUALITY', 'FOOD#QUALITY', 'RESTAURANT#GENERAL']","['Food', 'Food', 'General']","['positive', 'positive', 'positive']","['coffee', 'pastries', ""Santana's""]","[False, False, False]",3,False,False,,label
synthetic_000635,yelp,train,"Great bbq. I love their mac and cheese,  as well as their other sides. The brisket is extremely tender,  and so is the pork. You also get free ice cream so that never hurts, lol.","['FOOD#QUALITY', 'FOOD#QUALITY', 'FOOD#QUALITY', 'FOOD#QUALITY', 'FOOD#QUALITY', 'FOOD#PRICES']","['Food', 'Food', 'Food', 'Food', 'Food', 'Price']","['positive', 'positive', 'positive', 'positive', 'positive', 'positive']","['bbq', 'mac and cheese', 'other sides', 'brisket', 'pork', 'ice cream']","[False, False, False, False, False, False]",6,False,False,,label
synthetic_000636,yelp,train,"Excellent service!! Great happy hour deal!! I only tried the chips and guacamole this time, but I will be back to try more. Fresh and delicious food.","['SERVICE#GENERAL', 'RESTAURANT#PRICES', 'FOOD#QUALITY']","['Service', 'Price', 'Food']","['positive', 'positive', 'positive']","['service', 'happy hour deal', 'food']","[False, False, False]",3,False,False,,label
synthetic_000637,yelp,train,"Place is similar to Applebee's ... the food is alright and my stomach was bugging me for a while. I came back here for the second time to see if I'd feel the same and I was unfortunately let down with the food. For the price, I expect some better quality.","['RESTAURANT#GENERAL', 'FOOD#QUALITY', 'FOOD#QUALITY', 'RESTAURANT#PRICES']","['General', 'Food', 'Food', 'Price']","['neutral', 'neutral', 'negative', 'negative']","['Place', 'food', 'food', 'price']","[False, False, False, False]",4,False,True,,label
synthetic_000638,yelp,train,Decent falafel wrap...but not exactly cheap. And the cave-like sitting area was cold and uninviting. There are better choices in Manayunk.,"['FOOD#QUALITY', 'FOOD#PRICES', 'AMBIENCE#GENERAL']","['Food', 'Price', 'Ambience']","['neutral', 'negative', 'negative']","['falafel wrap', None, 'cave-like sitting area']","[False, True, False]",3,True,True,,label
synthetic_000639,yelp,train,"Ohana means family, and as soon as you enter this restaurant and meet the owner teresa you will truly feel like you are just that. The food is delicious and healthy, from the meat options to vegan, you will not be disappointed with anything on the menu.","['RESTAURANT#GENERAL', 'SERVICE#GENERAL', 'FOOD#QUALITY', 'FOOD#STYLE_OPTIONS', 'FOOD#STYLE_OPTIONS']","['General', 'Service', 'Food', 'Food', 'Food']","['positive', 'positive', 'positive', 'positive', 'positive']","['restaurant', 'owner teresa', 'food', 'meat options', 'vegan']","[False, False, False, False, False]",5,False,False,,label
synthetic_000640,yelp,train,Once again as of Friday it seems as though Wholefoods is moving away from organic and non gmo labeled products!  This transition is moving Sooo slow! Wholefoods market share will no doubt decline!  Also they always out of stock of store brand organic chicken breast,"['FOOD#STYLE_OPTIONS', 'FOOD#STYLE_OPTIONS']","['Food', 'Food']","['negative', 'negative']","['organic and non gmo labeled products', 'store brand organic chicken breast']","[False, False]",2,False,False,,label
synthetic_000641,yelp,train,"Great food and drinks, albeit overpriced I had the salt of the earth cocktail and it had great flavor. The angry chicken chicken taco was good, but one wasn't very filling. We had the shiitake, lemon and cauliflower pizza as an appetizer and it had good flavor as well.","['FOOD#QUALITY', 'DRINKS#QUALITY', 'DRINKS#QUALITY', 'RESTAURANT#PRICES', 'FOOD#QUALITY', 'FOOD#QUALITY', 'FOOD#QUALITY']","['Food', 'Food', 'Food', 'Price', 'Food', 'Food', 'Food']","['positive', 'positive', 'positive', 'negative', 'positive', 'negative', 'positive']","['food', 'drinks', 'salt of the earth cocktail', None, 'angry chicken chicken taco', None, 'shiitake, lemon and cauliflower pizza']","[False, False, False, True, False, True, False]",7,True,True,,label
synthetic_000642,yelp,train,"Four stars for product.  ZERO STARS FOR THE RUDEST MOST ARROGANT, OBNOXIOUS 'CUSTOMER SERVICE'.  I should have walked out of there ... but I didn't and I am still kicking myself.  Pralines are good.  Good texture, good bite quality, I would go slightly less on the sugar and more on the flavour.  But good product nonetheless.","['FOOD#QUALITY', 'SERVICE#GENERAL', 'FOOD#QUALITY', 'FOOD#QUALITY', 'FOOD#QUALITY', 'FOOD#QUALITY', 'FOOD#QUALITY']","['Food', 'Service', 'Food', 'Food', 'Food', 'Food', 'Food']","['positive', 'negative', 'positive', 'positive', 'positive', 'negative', 'positive']","['product', 'CUSTOMER SERVICE', 'Pralines', 'texture', 'bite quality', 'sugar', 'flavour']","[False, False, False, False, False, False, False]",7,False,True,,label
synthetic_000643,yelp,train,This place was really surprising.  The food was good and worth the money and while the location seems like a good idea it actually keeps me from going back when I do not have a need to be in that plaza.,"['RESTAURANT#GENERAL', 'FOOD#QUALITY', 'FOOD#PRICES', 'LOCATION#GENERAL']","['General', 'Food', 'Price', 'General']","['positive', 'positive', 'positive', 'negative']","['place', 'food', None, 'location']","[False, False, True, False]",4,True,True,,label
synthetic_000644,yelp,train,"Good food. Not as busy as the other Japanese steakhouses. Worth stopping by. My first time there and had a nice lunch with my family. Ordered traditonal hybatchi grill food and a sushi roll. I've had better but not bad, not bad at all.  Next time we will try something a little more signature to this restaurant!","['FOOD#QUALITY', 'SERVICE#GENERAL', 'RESTAURANT#GENERAL', 'FOOD#QUALITY', 'FOOD#QUALITY']","['Food', 'Service', 'General', 'Food', 'Food']","['positive', 'positive', 'positive', 'positive', 'neutral']","['food', None, None, 'lunch', None]","[False, True, True, False, True]",5,True,True,,label
synthetic_000645,yelp,train,I come to Indy every year for business and this place is great.food was delicious and this is st Elmo's sister rest. St Elmo's shrimps cóctel is great.make sure you make a reservation .I recommend.,"['RESTAURANT#GENERAL', 'FOOD#QUALITY', 'FOOD#QUALITY', 'RESTAURANT#GENERAL']","['General', 'Food', 'Food', 'General']","['positive', 'positive', 'positive', 'positive']","['place', 'food', 'shrimps cóctel', None]","[False, False, False, True]",4,True,False,,label
synthetic_000646,yelp,train,"This places never lets me down, I love their cilantro rice and there chicken sandwich is amazing! I add the yellow sauce to everything! If you haven't been, you must try!","['RESTAURANT#GENERAL', 'FOOD#QUALITY', 'FOOD#QUALITY', 'FOOD#STYLE_OPTIONS', 'RESTAURANT#GENERAL']","['General', 'Food', 'Food', 'Food', 'General']","['positive', 'positive', 'positive', 'positive', 'positive']","['places', 'cilantro rice', 'chicken sandwich', 'yellow sauce', None]","[False, False, False, False, True]",5,True,False,,label
synthetic_000647,yelp,train,"I got the Stuffed Pepper, Shrimp Pasta & green beans. There was NO stuffing in the pepper. Only heavily seasoned ground beef. No shrimp in the pasta, just 3 on top. Green beans were too salty. I'll just stick to the Turkey necks. Been here several times and have only had 1 good plate.","['FOOD#QUALITY', 'FOOD#QUALITY', 'FOOD#QUALITY', 'FOOD#QUALITY']","['Food', 'Food', 'Food', 'Food']","['negative', 'negative', 'negative', 'negative']","['Stuffed Pepper', 'Shrimp Pasta', 'green beans', None]","[False, False, False, True]",4,True,False,,label
synthetic_000648,yelp,train,Only have had drinks there as the menu looks like nothing special.   But The atmosphere is really cool to have a drink in.   It has a nice breeze and you can see the gulf from inside the bar.,"['DRINKS#QUALITY', 'AMBIENCE#GENERAL', 'AMBIENCE#GENERAL', 'AMBIENCE#GENERAL']","['Food', 'Ambience', 'Ambience', 'Ambience']","['negative', 'positive', 'positive', 'positive']","['drinks', 'atmosphere', 'breeze', 'gulf']","[False, False, False, False]",4,False,True,,label
synthetic_000649,yelp,train,Standard Chili's experience: Fast service and yummy food. I love that you can now order and pay from the tablets at the tables... very cool!,"['SERVICE#GENERAL', 'FOOD#QUALITY']","['Service', 'Food']","['positive', 'positive']","['service', 'food']","[False, False]",2,False,False,,label
synthetic_000650,yelp,train,"Absolute garbage company. Trying to get from Indy to Chicago and they are more than an hour late, did not inform me of the delay, and their entire customer policy (feel free to read it on the website) consists of ""we cannot be held responsible for anything."" Sitting at a bus stop with 20 people whom are all having their time wasted with absolutely no recourse.",['SERVICE#GENERAL'],['Service'],['negative'],[None],[True],1,True,False,,label
synthetic_000651,yelp,train,Great Thai food!! I had the Spicy Thai Basil with Chicken!!! Yummy!! Great cool weather with great company at a relaxing Thai restaurant in a lovely patio setting!! Will be back for sure!!,"['FOOD#QUALITY', 'AMBIENCE#GENERAL', 'RESTAURANT#GENERAL']","['Food', 'Ambience', 'General']","['positive', 'positive', 'positive']","['Spicy Thai Basil with Chicken', 'patio setting', 'restaurant']","[False, False, False]",3,False,False,,label
synthetic_000652,yelp,train,"What's the point of setting a pick up time for a ToGo order when you end up waiting 30mins after that to get your food anyway?? The restaurant wasn't busy in the slightest, and it literally took over 30 minutes from the time I was supposed to pick up my order for them to actually bring out my to go order. I could've walked in and ordered food, and I would've gotten it faster.",['SERVICE#GENERAL'],['Service'],['negative'],[None],[True],1,True,False,,label
synthetic_000653,yelp,train,"This mcdonalds is terrible. Place is dirty, employees take too long to take an order, they mess up orders and seems like everyone that works here is miserable. Avoid the aggravation and go some where else.","['RESTAURANT#GENERAL', 'AMBIENCE#GENERAL', 'SERVICE#GENERAL', 'SERVICE#GENERAL', 'SERVICE#GENERAL']","['General', 'Ambience', 'Service', 'Service', 'Service']","['negative', 'negative', 'negative', 'negative', 'negative']","['mcdonalds', 'Place', None, 'orders', 'staff']","[False, False, True, False, False]",5,True,False,,label
synthetic_000654,yelp,train,Terrible food. Took 25 minutes to get our food. We ordered blueberry pancakes with a side of 2 eggs. Pancakes were overdone and had almost no blueberries. Left with stomach aches and disappointment,"['FOOD#QUALITY', 'SERVICE#GENERAL', 'FOOD#QUALITY']","['Food', 'Service', 'Food']","['negative', 'negative', 'negative']","['food', None, 'blueberry pancakes']","[False, True, False]",3,True,False,,label
synthetic_000655,yelp,train,Amazing new find! Small cute cafe with VERY reasonable prices for delicious food. I tried the egg on Gouda crepe with bacon which was delicious and well stuffed. I just wish the Gouda taste was a bit stronger and that there was some type of sauce to go with it. The caramel ricotta crepe was DELICIOUS and very well prepared. I'll definitely be coming back to try the rest of their menu!,"['RESTAURANT#PRICES', 'FOOD#QUALITY', 'FOOD#QUALITY', 'FOOD#QUALITY', 'FOOD#STYLE_OPTIONS', 'FOOD#QUALITY', 'AMBIENCE#GENERAL', 'RESTAURANT#GENERAL']","['Price', 'Food', 'Food', 'Food', 'Food', 'Food', 'Ambience', 'General']","['positive', 'positive', 'positive', 'negative', 'negative', 'positive', 'positive', 'positive']","['prices', 'food', 'egg on Gouda crepe with bacon', 'Gouda taste', 'sauce', 'caramel ricotta crepe', 'cafe', None]","[False, False, False, False, False, False, False, True]",8,True,True,,label
synthetic_000656,yelp,train,The St. Paul sandwich is just about perfect. Lack of vegetarian egg rolls is the only bummer for me. It's always fast and delicious here.,"['FOOD#QUALITY', 'FOOD#STYLE_OPTIONS', 'SERVICE#GENERAL', 'FOOD#QUALITY']","['Food', 'Food', 'Service', 'Food']","['positive', 'negative', 'positive', 'positive']","['St. Paul sandwich', 'vegetarian egg rolls', None, None]","[False, False, True, True]",4,True,True,,label
synthetic_000657,yelp,train,"The service was great and the food was good too. I didn't want soup with my grilled cheese since it was such a hot day...so they made me a second grilled cheese!  I didn't try the coffee but had a couple of the smoothies (PB&J, Island Espresso) which were really tasty.   The atmosphere is good-open space-makes it feel larger than it is. And there is a tiny puppy chilling here too.","['SERVICE#GENERAL', 'FOOD#QUALITY', 'DRINKS#QUALITY', 'AMBIENCE#GENERAL']","['Service', 'Food', 'Food', 'Ambience']","['positive', 'positive', 'positive', 'positive']","['service', 'food', 'smoothies', 'atmosphere']","[False, False, False, False]",4,False,False,,label
synthetic_000658,yelp,train,"I had sausage gravy and biscuits for my breakfast here and was severely disappointed. The gravy was thin and lacking flavor, the biscuits were under cooked and over flowered. The atmosphere inside is non existent. They try to present themselves as more of an upscale restaurant but are dragged down by the constant rustling of the wait staff replacing the paper table covers. All in all my visits to the café was just disappointing.","['FOOD#QUALITY', 'FOOD#QUALITY', 'AMBIENCE#GENERAL', 'SERVICE#GENERAL', 'RESTAURANT#GENERAL', 'RESTAURANT#GENERAL']","['Food', 'Food', 'Ambience', 'Service', 'General', 'General']","['negative', 'negative', 'negative', 'negative', 'negative', 'negative']","['gravy', 'biscuits', 'atmosphere', 'wait staff', 'restaurant', 'café']","[False, False, False, False, False, False]",6,False,False,,label
synthetic_000659,yelp,train,"The service was good.  The ingredients were fresh.  Nice and noisy like a kid friendly family place should be.  Plenty of options for your burrito, enough so that my daughter and I could build a burrito to each of our satisfactions.  This feat in itself is no small accomplishment.  I'll be back.","['SERVICE#GENERAL', 'FOOD#QUALITY', 'AMBIENCE#GENERAL', 'FOOD#STYLE_OPTIONS', 'RESTAURANT#GENERAL']","['Service', 'Food', 'Ambience', 'Food', 'General']","['positive', 'positive', 'positive', 'positive', 'positive']","['service', 'ingredients', 'place', 'options', None]","[False, False, False, False, True]",5,True,False,,label
synthetic_000660,yelp,train,I went here for the first time a few days ago.  I really enjoyed the atmosphere and customer service.  The ladies all had really good attitudes.  I will definitely be going back!,"['AMBIENCE#GENERAL', 'SERVICE#GENERAL', 'SERVICE#GENERAL', 'RESTAURANT#GENERAL']","['Ambience', 'Service', 'Service', 'General']","['positive', 'positive', 'positive', 'positive']","['atmosphere', 'customer service', 'ladies', None]","[False, False, False, True]",4,True,False,,label
synthetic_000661,yelp,train,"Inconceivable: at a group presentation and they failed, even after a request to do so, turn off the loud of noxious music. Food was served late, 1.5 hour after ordering!! Good: mediocre.","['AMBIENCE#GENERAL', 'SERVICE#GENERAL', 'RESTAURANT#GENERAL']","['Ambience', 'Service', 'General']","['negative', 'negative', 'negative']","['music', None, None]","[False, True, True]",3,True,False,,label
synthetic_000662,yelp,train,Worst service ever.   After waiting 45 mins called and they say driver just left 20 mins late same story finally after almost 2 hours the wrong food shows up as well as everything disgusting. Called back listened to owner yell at waitress about this wile I'm listening so I drive there for a refund and over arguing w me even though order was horrible ..   wow worst food worst service and the owner is completely unprofessional...,"['SERVICE#GENERAL', 'FOOD#QUALITY', 'SERVICE#GENERAL']","['Service', 'Food', 'Service']","['negative', 'negative', 'negative']","['service', 'food', None]","[False, False, True]",3,True,False,,label
synthetic_000663,yelp,train,When I went to eat here they were cleaning the ceiling fans right over where the food was being prepared.,['AMBIENCE#GENERAL'],['Ambience'],['negative'],['ceiling fans'],[False],1,False,False,,label
synthetic_000664,yelp,train,"Great food.  Good cocktails.  Decent service, although,  the staff could afford to dress distinctly different since its hard to identify them from they other customers.  The bathrooms are a nightmare though.  There simply are not enough when it's busy, which  it is frequently.  Kills the good experience.","['FOOD#QUALITY', 'DRINKS#QUALITY', 'SERVICE#GENERAL', 'SERVICE#GENERAL', 'AMBIENCE#GENERAL', 'RESTAURANT#GENERAL']","['Food', 'Food', 'Service', 'Service', 'Ambience', 'General']","['positive', 'positive', 'positive', 'negative', 'negative', 'negative']","['food', 'cocktails', 'service', 'staff', 'bathrooms', 'experience']","[False, False, False, False, False, False]",6,False,True,,label
synthetic_000665,yelp,train,"The Smoked Salmon Frittata came with the smoked salmon, egg, potato, red bell peppers, goat cheese, horseradish -dil crema & fresh fruit. And it was as good as it sounded   A very good mod dat brunch, dinner, and private dining spot.","['FOOD#QUALITY', 'RESTAURANT#GENERAL']","['Food', 'General']","['positive', 'positive']","['Smoked Salmon Frittata', 'spot']","[False, False]",2,False,False,,label
synthetic_000666,yelp,train,"Mediocre ribs, sauce was too sweet and vinegary. Lack of substitutions for side dishes. Waiter seemed impatient with my friend's pesca-vegetarian dietary restriction.","['FOOD#QUALITY', 'FOOD#QUALITY', 'FOOD#STYLE_OPTIONS', 'SERVICE#GENERAL']","['Food', 'Food', 'Food', 'Service']","['negative', 'negative', 'negative', 'negative']","['ribs', 'sauce', 'substitutions', 'Waiter']","[False, False, False, False]",4,False,False,,label
synthetic_000667,yelp,train,"Healthy food is a rarity in Nola, and HK does healthy food fast. I live in the campus area and I love the convenience of this place. The menu covers it all really, so whatever I'm in the mood for they usually have it.","['FOOD#QUALITY', 'SERVICE#GENERAL', 'RESTAURANT#GENERAL', 'FOOD#STYLE_OPTIONS']","['Food', 'Service', 'General', 'Food']","['positive', 'positive', 'positive', 'positive']","['healthy food', None, 'convenience', 'menu']","[False, True, False, False]",4,True,False,,label
synthetic_000668,yelp,train,Visited last night for dinner. The turkey burger and loaded fries are just as delicious at the Charlotte Ave location. Happy to have this new location in my Sylvan Park neighborhood!,"['FOOD#QUALITY', 'FOOD#QUALITY', 'LOCATION#GENERAL']","['Food', 'Food', 'General']","['positive', 'positive', 'positive']","['turkey burger', 'loaded fries', 'new location']","[False, False, False]",3,False,False,,label
synthetic_000669,yelp,train,We tried to eat lunch here with 7 of us and the whole place empty and were rudely turned away because large parties usually call ahead!  If I could give this place a negative star I sure would.  Besides being in a hard to get to blase strip mall it had no ambiance!  Feel bad for the owner with such poor employees!  Don't waste your time:(,"['SERVICE#GENERAL', 'RESTAURANT#GENERAL', 'AMBIENCE#GENERAL', 'SERVICE#GENERAL', 'LOCATION#GENERAL']","['Service', 'General', 'Ambience', 'Service', 'General']","['negative', 'negative', 'negative', 'negative', 'negative']","[None, 'place', 'ambiance', 'employees', None]","[True, False, False, False, True]",5,True,False,,label
synthetic_000670,yelp,train,"The waiter was super nice and so was the owner. So, that part is great and lots of beers to choose from. However, the restaurant is very tired, needs painting redone and in serious need of good cleaning, window sills, bathrooms,... The food is at best mediocre and for the price, definitely not worth it. They are very nice people working there though. So their heart is in it, just need to make some changes.","['SERVICE#GENERAL', 'SERVICE#GENERAL', 'DRINKS#STYLE_OPTIONS', 'AMBIENCE#GENERAL', 'FOOD#QUALITY', 'FOOD#PRICES', 'SERVICE#GENERAL']","['Service', 'Service', 'Food', 'Ambience', 'Food', 'Price', 'Service']","['positive', 'positive', 'positive', 'negative', 'negative', 'negative', 'positive']","['waiter', 'owner', 'beers', 'restaurant', 'food', 'price', 'people']","[False, False, False, False, False, False, False]",7,False,True,,label
synthetic_000671,yelp,train,"Food was great. Enjoyed a very spicy beef dish which was worth every cent. Our server was a sweetheart, but the reservation process and initial greeting were unacceptable. Pretentious BIG time. I will return, but they need to remember they are not the only place in town!","['FOOD#QUALITY', 'FOOD#QUALITY', 'FOOD#PRICES', 'SERVICE#GENERAL', 'SERVICE#GENERAL', 'SERVICE#GENERAL', 'RESTAURANT#GENERAL', 'RESTAURANT#GENERAL']","['Food', 'Food', 'Price', 'Service', 'Service', 'Service', 'General', 'General']","['positive', 'positive', 'positive', 'positive', 'negative', 'negative', 'negative', 'positive']","['Food', 'beef dish', 'beef dish', 'server', 'reservation process', 'initial greeting', None, None]","[False, False, False, False, False, False, True, True]",8,True,True,,label
synthetic_000672,yelp,train,"The drink menu is nothing special, but the filet mignon sliders with fries are delicious. Service is frequent and warm. The atmosphere wasn't my thing, but it was (loudly) buzzing with conversation the whole time, so at least there's a crowd.  I'd probably go here again for a late night snack, but otherwise I'll stay away. There's a $15 minimum to use a card.","['DRINKS#QUALITY', 'FOOD#QUALITY', 'SERVICE#GENERAL', 'AMBIENCE#GENERAL', 'AMBIENCE#GENERAL', 'RESTAURANT#GENERAL', 'RESTAURANT#GENERAL', 'RESTAURANT#PRICES']","['Food', 'Food', 'Service', 'Ambience', 'Ambience', 'General', 'General', 'Price']","['negative', 'positive', 'positive', 'negative', 'positive', 'positive', 'negative', 'negative']","['drink menu', 'filet mignon sliders with fries', 'Service', 'atmosphere', None, None, None, '$15 minimum']","[False, False, False, False, True, True, True, False]",8,True,True,,label
synthetic_000673,yelp,train,AWESOME experience at this funky joint.   Server was super friendly and had the bartender make us off-menu drinks.  Mixologist was on point.  Food? HELL YES. Black bean burger (hold the bun) with chips and salsa-- divine!,"['RESTAURANT#GENERAL', 'RESTAURANT#GENERAL', 'SERVICE#GENERAL', 'DRINKS#STYLE_OPTIONS', 'DRINKS#QUALITY', 'FOOD#QUALITY', 'FOOD#QUALITY', 'FOOD#QUALITY']","['General', 'General', 'Service', 'Food', 'Food', 'Food', 'Food', 'Food']","['positive', 'positive', 'positive', 'positive', 'positive', 'positive', 'positive', 'positive']","['experience', 'joint', 'Server', 'off-menu drinks', 'Mixologist', 'Food', 'Black bean burger', 'chips and salsa']","[False, False, False, False, False, False, False, False]",8,False,False,,label
synthetic_000674,yelp,train,What can you say about beignets and coffee. If you mess that up the place should close. Two stars for piss poor customer service. Word to the wise: don't take someone's order and walk away mid-way to pack up another order for a customer. Unbelievable!,"['SERVICE#GENERAL', 'SERVICE#GENERAL', 'RESTAURANT#GENERAL']","['Service', 'Service', 'General']","['negative', 'negative', 'negative']","['customer service', 'order', 'place']","[False, False, False]",3,False,False,,label
synthetic_000675,yelp,train,This was our 3rd visit in just over a year and nothing has changed. Construction everywhere. Please sync your lights and let the traffic flow.   Your drivers are horrible and I'm talking about just the Snowbirders. People of every age and race had a problem finding their accelerator on their vehicles.   We love the area but would rather drive in LA than Tucson any day.,"['AMBIENCE#GENERAL', 'LOCATION#GENERAL']","['Ambience', 'General']","['negative', 'positive']","['Construction', 'area']","[False, False]",2,False,True,,label
synthetic_000676,yelp,train,"Mr.B's has seen better days. Service is lacking (we reordered bread and never received it, Wine was brought to the table well into the main course, my soup was almost cold). The food is still good, but they really need to work on getting the service to the level it used to be.","['SERVICE#GENERAL', 'FOOD#QUALITY', 'FOOD#QUALITY', 'SERVICE#GENERAL', 'SERVICE#GENERAL']","['Service', 'Food', 'Food', 'Service', 'Service']","['negative', 'negative', 'positive', 'negative', 'negative']","['Service', 'soup', 'food', None, None]","[False, False, False, True, True]",5,True,True,,label
synthetic_000677,yelp,train,"This place was awesome! It ended up being one of our favorite meals in Nashville - and that is saying a lot!! Our server, Grant, was a rockstar and so helpful and patient with us. Definitely recommend. Great burgers, beer, and staff!","['RESTAURANT#GENERAL', 'SERVICE#GENERAL', 'FOOD#QUALITY', 'DRINKS#QUALITY', 'SERVICE#GENERAL']","['General', 'Service', 'Food', 'Food', 'Service']","['positive', 'positive', 'positive', 'positive', 'positive']","['place', 'server', 'burgers', 'beer', 'staff']","[False, False, False, False, False]",5,False,False,,label
synthetic_000678,yelp,train,"I am from New York, Alfredo has a spectacular cheesesteak he is very nice I added hot peppers and tomatoes and grilled onions delicious and great price! Extremely friendly and delicious the pizza is also very good. My go to place","['FOOD#QUALITY', 'RESTAURANT#PRICES', 'FOOD#QUALITY', 'SERVICE#GENERAL', 'RESTAURANT#GENERAL']","['Food', 'Price', 'Food', 'Service', 'General']","['positive', 'positive', 'positive', 'positive', 'positive']","['cheesesteak', 'price', 'pizza', None, 'place']","[False, False, False, True, False]",5,True,False,,label
synthetic_000679,yelp,train,"It's a pretty good go to spot.  Has a menu that offers a variety of foods.  The drinks are pretty good. Service is okay.  Pros: Big tvs, good crowd when a game is on. Cons: can get tight when crowded.","['RESTAURANT#GENERAL', 'FOOD#STYLE_OPTIONS', 'DRINKS#QUALITY', 'SERVICE#GENERAL', 'AMBIENCE#GENERAL', 'AMBIENCE#GENERAL', 'AMBIENCE#GENERAL']","['General', 'Food', 'Food', 'Service', 'Ambience', 'Ambience', 'Ambience']","['positive', 'positive', 'positive', 'neutral', 'positive', 'positive', 'negative']","['spot', 'menu', 'drinks', 'Service', 'tv', 'crowd', 'crowd']","[False, False, False, False, False, False, False]",7,False,True,,label
synthetic_000680,yelp,train,"We arrived over an hour before the posted closing time, and were greeted with ""I'm closing early.""  So much for IHOP, we went to Dave's Dogs across the freeway and had a good meal -- and they stayed open.  If I had pulled something like that when I was in food service I would have been fired!","['RESTAURANT#GENERAL', 'FOOD#QUALITY', 'RESTAURANT#GENERAL']","['General', 'Food', 'General']","['negative', 'positive', 'positive']","['IHOP', 'meal', ""Dave's Dogs""]","[False, False, False]",3,False,True,,label
synthetic_000681,yelp,train,"TJ'S had great ambience and views. The food was good but not exceptional...price appropriate for area. Service was somewhat slow.  For a more complete review, we will need to try their pizza.","['AMBIENCE#GENERAL', 'AMBIENCE#GENERAL', 'FOOD#QUALITY', 'RESTAURANT#PRICES', 'SERVICE#GENERAL']","['Ambience', 'Ambience', 'Food', 'Price', 'Service']","['positive', 'positive', 'positive', 'positive', 'negative']","['ambience', 'views', 'food', 'price', 'Service']","[False, False, False, False, False]",5,False,True,,label
synthetic_000682,yelp,train,Vegetarian hoagie was not impressive but was a bit soggy with an ungenerous amount if wilted lettuce and tomatoes. The person taking my order did not listen to me and wrote down the wrong address and rudely hung up on me. Because of the incorrect address it took the delivery person though nice took awhile to get my food delivered since they went to the wrong location.,"['FOOD#QUALITY', 'FOOD#QUALITY', 'SERVICE#GENERAL', 'SERVICE#GENERAL']","['Food', 'Food', 'Service', 'Service']","['negative', 'negative', 'negative', 'negative']","['Vegetarian hoagie', 'lettuce and tomatoes', 'person taking my order', 'delivery person']","[False, False, False, False]",4,False,False,,label
synthetic_000683,yelp,train,It was great.  I had crab Benedict. Just the kind of place i was looking for. Paud parking on the street was easy to find.,"['RESTAURANT#GENERAL', 'LOCATION#GENERAL']","['General', 'General']","['positive', 'positive']","['place', 'parking']","[False, False]",2,False,False,,label
synthetic_000684,yelp,train,"We chose this place based on previous reviews but were disappointed with the food. Would not recommend this place. The cost seems excessive for the items purchased.  We spent about $30 for one pizza steak, french fries, boneless wings and mozzarella sticks.","['FOOD#QUALITY', 'FOOD#PRICES', 'RESTAURANT#GENERAL']","['Food', 'Price', 'General']","['negative', 'negative', 'negative']","['food', 'cost', 'place']","[False, False, False]",3,False,False,,label
synthetic_000685,yelp,train,"I had a dinner meeting here on Tuesday night. The Cajun Ribeye steak was cooked to perfection. We were having a great dinner get together, until the waiter accidently knock over a glass of red wine and it wound up on an associate of mine. Really do not think a free desert was the best choice of action in this case","['FOOD#QUALITY', 'SERVICE#GENERAL', 'SERVICE#GENERAL', 'AMBIENCE#GENERAL']","['Food', 'Service', 'Service', 'Ambience']","['positive', 'negative', 'negative', 'positive']","['Cajun Ribeye steak', 'waiter', 'free desert', 'dinner']","[False, False, False, False]",4,False,True,,label
synthetic_000686,yelp,train,Great family restaurant feel. Po boys had the perfect bread. We had 3 different kinds and all were tasty. Mac 'n Cheese was good and a little spicy. Really fabulous service.,"['AMBIENCE#GENERAL', 'FOOD#QUALITY', 'FOOD#QUALITY', 'SERVICE#GENERAL']","['Ambience', 'Food', 'Food', 'Service']","['positive', 'positive', 'positive', 'positive']","['family restaurant feel', 'Po boys', ""Mac 'n Cheese"", 'service']","[False, False, False, False]",4,False,False,,label
synthetic_000687,yelp,train,"Leaving hungry. My fish was undercooked, floppy, gloppy and bloody. The Royal Street Salad with bacon, mild blue cheese and delectable herb vinaigrette was delicious - if overdressed. My husband's YaYa Gumbo underwhelmed with lack of spice. Our waitress was a tad snooty too. Cool old school dark wood decor and long bar. If I were you, I'd go somewhere else!","['FOOD#QUALITY', 'FOOD#QUALITY', 'FOOD#QUALITY', 'SERVICE#GENERAL', 'AMBIENCE#GENERAL', 'RESTAURANT#GENERAL']","['Food', 'Food', 'Food', 'Service', 'Ambience', 'General']","['negative', 'positive', 'negative', 'negative', 'positive', 'negative']","['fish', 'Royal Street Salad', 'YaYa Gumbo', 'waitress', 'decor', None]","[False, False, False, False, False, True]",6,True,True,,label
synthetic_000688,yelp,train,Excellent healthy options for NOLA dining with lots of to go choices. I had turkey meatballs and spaghetti. It is a wonderful lunch place.,"['FOOD#STYLE_OPTIONS', 'FOOD#STYLE_OPTIONS', 'RESTAURANT#GENERAL']","['Food', 'Food', 'General']","['positive', 'positive', 'positive']","['healthy options', 'to go choices', 'place']","[False, False, False]",3,False,False,,label
synthetic_000689,yelp,train,This is the best place in town for great Chinese food. Everything is top notch and one of may favorite things is that they double as a Japanese restaurant with fresh sushi. So I can start out with an appetizer of sashimi and have Chinese for the main course.,"['RESTAURANT#GENERAL', 'FOOD#QUALITY', 'RESTAURANT#GENERAL', 'FOOD#QUALITY', 'FOOD#QUALITY']","['General', 'Food', 'General', 'Food', 'Food']","['positive', 'positive', 'positive', 'positive', 'positive']","['place', 'Chinese food', None, 'sushi', 'sashimi']","[False, False, True, False, False]",5,True,False,,label
synthetic_000690,yelp,train,"Food was good.  Waitress was attentive - probably too attentive.  She brought us the wrong check - of course, ours was higher!  Figures!  The main peeve was the opera singer - from his bad toupee to the volume, it was almost comical.  When he did ""Sweet Caroline"" in an operatic style, all we could do was laugh!","['FOOD#QUALITY', 'SERVICE#GENERAL', 'RESTAURANT#PRICES', 'AMBIENCE#GENERAL']","['Food', 'Service', 'Price', 'Ambience']","['positive', 'negative', 'negative', 'negative']","['Food', 'Waitress', 'check', 'opera singer']","[False, False, False, False]",4,False,True,,label
synthetic_000691,yelp,train,"This place is disappointing for a 4.5 star rating. The burgers were so-so. The vibe felt very much like a chain restaurant like Red Robin. We did go on a Tuesday night so perhaps it's better on the weekends? Either way, we won't be back.","['RESTAURANT#GENERAL', 'FOOD#QUALITY', 'AMBIENCE#GENERAL', 'RESTAURANT#GENERAL']","['General', 'Food', 'Ambience', 'General']","['negative', 'neutral', 'negative', 'negative']","['place', 'burgers', 'vibe', None]","[False, False, False, True]",4,True,True,,label
synthetic_000692,yelp,train,"So I no refill on coffee no service poo , sad , everyone gone a MOTHERS DAY COOKIE , but not me ! No bill , had to get up and pay!! I how its mothers  day but there was enough servers around and bussers that this should not had happened","['SERVICE#GENERAL', 'DRINKS#QUALITY', 'FOOD#QUALITY', 'RESTAURANT#PRICES']","['Service', 'Food', 'Food', 'Price']","['negative', 'negative', 'negative', 'negative']","['service', 'coffee', 'MOTHERS DAY COOKIE', 'bill']","[False, False, False, False]",4,False,False,,label
synthetic_000693,yelp,train,"every time I am in here, I'm amazed at how rude the cashier is and how indifferent the servers are. food is overpriced. menu is not exciting or original.","['SERVICE#GENERAL', 'SERVICE#GENERAL', 'FOOD#PRICES', 'FOOD#STYLE_OPTIONS']","['Service', 'Service', 'Price', 'Food']","['negative', 'negative', 'negative', 'negative']","['cashier', 'servers', 'food', 'menu']","[False, False, False, False]",4,False,False,,label
synthetic_000694,yelp,train,Got the cheesecake at the Coffee X change on Tangue Verde.  It was really good.  I heard others talk about the muffins and canolis.  Will def put that on the list for next time.,['FOOD#QUALITY'],['Food'],['positive'],['cheesecake'],[False],1,False,False,,label
synthetic_000695,yelp,train,"Ice cream wasn't the best, and definitely not for the price. But it was there when I was passing through Belmawr, and it hit the spot when I needed to satisfy my sweet tooth!   The service was friendly, albeit a little slow. And the place has a cute, quaint charm about it with the decor. If I lived in the area I'd probably return, but I wouldn't make any special trips to go back here.","['FOOD#QUALITY', 'FOOD#PRICES', 'SERVICE#GENERAL', 'AMBIENCE#GENERAL', 'RESTAURANT#GENERAL']","['Food', 'Price', 'Service', 'Ambience', 'General']","['negative', 'negative', 'neutral', 'positive', 'neutral']","['Ice cream', 'price', 'service', 'place', None]","[False, False, False, False, True]",5,True,True,,label
synthetic_000696,yelp,train,Very disappointed.... food was only ok.... waitress was not to be found. There's way too many other great restaurants in New Orleans to settle for a place like this.,"['RESTAURANT#GENERAL', 'FOOD#QUALITY', 'SERVICE#GENERAL']","['General', 'Food', 'Service']","['negative', 'neutral', 'negative']","[None, 'food', 'waitress']","[True, False, False]",3,True,True,,label
synthetic_000697,yelp,train,"Jim the waiter shouldn't make comments about customers where they can hear it, very poor customer service, won't go back again.","['SERVICE#GENERAL', 'RESTAURANT#GENERAL']","['Service', 'General']","['negative', 'negative']","['customer service', None]","[False, True]",2,True,False,,label
synthetic_000698,yelp,train,"This is a nice Indian buffet with a pretty wide selection.  There is nothing that will make you say ""wow"", but many good Indian dishes for a very reasonable price.  Would return again.","['FOOD#STYLE_OPTIONS', 'FOOD#QUALITY', 'FOOD#PRICES', 'RESTAURANT#GENERAL']","['Food', 'Food', 'Price', 'General']","['positive', 'positive', 'positive', 'positive']","['buffet', 'Indian dishes', 'price', None]","[False, False, False, True]",4,True,False,,label
synthetic_000699,yelp,train,"Love Dunedin, The bar lacks decent entertainment. The bar staff isn't very personal.My husband and i went friday, and the bar staff acted as if getting us a drink was a big deal.","['LOCATION#GENERAL', 'AMBIENCE#GENERAL', 'SERVICE#GENERAL']","['General', 'Ambience', 'Service']","['positive', 'negative', 'negative']","['Dunedin', 'bar', 'bar staff']","[False, False, False]",3,False,True,,label
synthetic_000700,yelp,train,"I am now a every week shopper. We made a change in our diets and this is the easest way we can shop, other than reading every single label in a store. It is pricey, but we have learned to really look at the prices and have found that there is plenty of ways to cut, bying the whole foods brand really helps. Everything is good here, the people are always friendly.","['FOOD#PRICES', 'RESTAURANT#GENERAL', 'SERVICE#GENERAL']","['Price', 'General', 'Service']","['negative', 'positive', 'positive']","['pricey', 'everything', 'people']","[False, False, False]",3,False,True,,label
synthetic_000701,yelp,train,I didn't know what to expect when I got there but it was incredible.  Lots of varieties on food and alcohol.  Macaroni and cheese is to die for.   Not expensive either.  Definitely a great place.,"['RESTAURANT#GENERAL', 'FOOD#STYLE_OPTIONS', 'DRINKS#STYLE_OPTIONS', 'FOOD#QUALITY', 'FOOD#PRICES', 'RESTAURANT#GENERAL']","['General', 'Food', 'Food', 'Food', 'Price', 'General']","['positive', 'positive', 'positive', 'positive', 'positive', 'positive']","['it', 'food', 'alcohol', 'Macaroni and cheese', 'expensive', 'place']","[False, False, False, False, False, False]",6,False,False,,label
synthetic_000702,yelp,train,"Mostly good but if you have an issue with the food they tell you ""tough"" just like the beef sticks.  Staff not empowered to help.","['FOOD#QUALITY', 'FOOD#QUALITY', 'SERVICE#GENERAL', 'RESTAURANT#GENERAL']","['Food', 'Food', 'Service', 'General']","['negative', 'negative', 'negative', 'positive']","['food', 'beef sticks', 'Staff', None]","[False, False, False, True]",4,True,True,,label
synthetic_000703,yelp,train,"Loved the Bourbon flight! Bartender was attentive, and another bartender offered his opinion on the bourbon when he asked. Very friendly atmosphere.","['DRINKS#QUALITY', 'SERVICE#GENERAL', 'DRINKS#STYLE_OPTIONS', 'AMBIENCE#GENERAL']","['Food', 'Service', 'Food', 'Ambience']","['positive', 'positive', 'positive', 'positive']","['Bourbon flight', 'Bartender', 'bourbon', 'atmosphere']","[False, False, False, False]",4,False,False,,label
synthetic_000704,yelp,train,"A hidden Jem right off Main Street!  It's a no frills place but the food is fresh, healthy and reasonably priced. The smoothie my boyfriend got was so good he took another one for the road. I had the falafel platter and  it was awesome. I will definitely be coming back!","['RESTAURANT#GENERAL', 'FOOD#QUALITY', 'FOOD#PRICES', 'DRINKS#QUALITY', 'FOOD#QUALITY', 'RESTAURANT#GENERAL']","['General', 'Food', 'Price', 'Food', 'Food', 'General']","['positive', 'positive', 'positive', 'positive', 'positive', 'positive']","['Jem', 'food', 'food', 'smoothie', 'falafel platter', None]","[False, False, False, False, False, True]",6,True,False,,label
synthetic_000705,yelp,train,I was super disappointed by our server and my appetizer plate. Don't get the sampler. But I've liked other things here before so on average I'd give it 3 stars,"['SERVICE#GENERAL', 'FOOD#QUALITY', 'FOOD#QUALITY', 'RESTAURANT#GENERAL', 'RESTAURANT#GENERAL']","['Service', 'Food', 'Food', 'General', 'General']","['negative', 'negative', 'negative', 'positive', 'neutral']","['server', 'appetizer plate', 'sampler', None, None]","[False, False, False, True, True]",5,True,True,,label
synthetic_000706,yelp,train,Excellent service at this port of subs. Line gets extremely long on the weekends but it moves quickly. Always fresh and yummy.,"['SERVICE#GENERAL', 'SERVICE#GENERAL', 'SERVICE#GENERAL', 'FOOD#QUALITY']","['Service', 'Service', 'Service', 'Food']","['positive', 'negative', 'positive', 'positive']","['service', None, None, None]","[False, True, True, True]",4,True,True,,label
synthetic_000707,yelp,train,"Great breakfast fare and all. Eggs provençale was pretty good; all kinds of herbs and seasonings, but cooked inconsistently. Tomato on the side was awesome.  Omelets were executed well, and the pastries were pretty impressive.  But the coffee was horrendously bad. And without good coffee, what's the point of breakfast?  And I still can't trust restaurants that have misspellings on their menus. Even if the misspelling is from another language.","['FOOD#STYLE_OPTIONS', 'FOOD#QUALITY', 'FOOD#QUALITY', 'FOOD#QUALITY', 'FOOD#QUALITY', 'FOOD#QUALITY', 'DRINKS#QUALITY', 'RESTAURANT#MISCELLANEOUS']","['Food', 'Food', 'Food', 'Food', 'Food', 'Food', 'Food', 'General']","['positive', 'positive', 'negative', 'positive', 'positive', 'positive', 'negative', 'negative']","['breakfast fare', 'Eggs provençale', 'Eggs provençale', 'Tomato', 'Omelets', 'pastries', 'coffee', 'misspellings']","[False, False, False, False, False, False, False, False]",8,False,True,,label
synthetic_000708,yelp,train,"An amazing view, impeccable professional service great fare,don't  skip a visit to this Philadelphia gem. Nick, who is a stellar, incredible server, recommended a lovely 2010 Bordeaux-Chateau Font Merlet which complemented the Tuna Tartare and Steak Tataki.  This is a must see in Philadelphia. After witnessing a fabulous nighttime view, I can't wait to return to check out the spectacular sunsets.","['AMBIENCE#GENERAL', 'SERVICE#GENERAL', 'FOOD#QUALITY', 'SERVICE#GENERAL', 'DRINKS#QUALITY', 'FOOD#QUALITY', 'FOOD#QUALITY', 'RESTAURANT#GENERAL']","['Ambience', 'Service', 'Food', 'Service', 'Food', 'Food', 'Food', 'General']","['positive', 'positive', 'positive', 'positive', 'positive', 'positive', 'positive', 'positive']","['view', 'service', 'fare', 'server', '2010 Bordeaux-Chateau Font Merlet', 'Tuna Tartare', 'Steak Tataki', 'gem']","[False, False, False, False, False, False, False, False]",8,False,False,,label
synthetic_000709,yelp,train,Good food  cashier Alessandra very polite and respectful . meal box was reasonable for the price  And it  tasted good as well I will come back if in the area,"['FOOD#QUALITY', 'SERVICE#GENERAL', 'FOOD#PRICES', 'FOOD#QUALITY', 'RESTAURANT#GENERAL']","['Food', 'Service', 'Price', 'Food', 'General']","['positive', 'positive', 'positive', 'positive', 'positive']","['food', 'cashier', 'meal box', 'it', None]","[False, False, False, False, True]",5,True,False,,label
synthetic_000710,yelp,train,Perfect place to celebrate my birthday. Everything from the service to the robust/perfectly seasoned food to the warm and rustic ambiance... Simply amazing.,"['RESTAURANT#GENERAL', 'SERVICE#GENERAL', 'FOOD#QUALITY', 'AMBIENCE#GENERAL']","['General', 'Service', 'Food', 'Ambience']","['positive', 'positive', 'positive', 'positive']","['place', 'service', 'food', 'ambiance']","[False, False, False, False]",4,False,False,,label
synthetic_000711,yelp,train,Service was...wait what service?! We were disregarded for 15 minutes after asking for service. While the quality and atmosphere may have been wonderful the service was an absolute disappointment. Save your money for those that appreciate your patronage.,"['SERVICE#GENERAL', 'AMBIENCE#GENERAL', 'RESTAURANT#PRICES']","['Service', 'Ambience', 'Price']","['negative', 'positive', 'negative']","['service', 'atmosphere', None]","[False, False, True]",3,True,True,,label
synthetic_000712,yelp,train,HOLY SMOKES!  actual pumpkin pie mixed in with the frozen custard......are you kidding me? Why hasn't this become a huge sweep the nation treat.   The best part was the chunks of pie crust. Like finding a diamond inside another diamond. Super yummy.,['FOOD#QUALITY'],['Food'],['positive'],['pumpkin pie mixed in with the frozen custard'],[False],1,False,False,,label
synthetic_000713,yelp,train,"High drama bar. I have never been to a bar where I felt so uncomfortable... Staff fighting, rude to customers and not to mention an extremely long wait for ""the best wings in town"". No thanks.","['AMBIENCE#GENERAL', 'SERVICE#GENERAL', 'SERVICE#GENERAL']","['Ambience', 'Service', 'Service']","['negative', 'negative', 'negative']","['High drama bar', 'staff', 'wait']","[False, False, False]",3,False,False,,label
synthetic_000714,yelp,train,"Great staff, but the steaks here were over rated and over priced. The night we went the steak was okay,  nothing to write home about. The side dishes and drinks were good.","['SERVICE#GENERAL', 'FOOD#QUALITY', 'FOOD#PRICES', 'FOOD#QUALITY', 'FOOD#QUALITY', 'DRINKS#QUALITY']","['Service', 'Food', 'Price', 'Food', 'Food', 'Food']","['positive', 'negative', 'negative', 'neutral', 'positive', 'positive']","['staff', 'steaks', 'steaks', 'steak', 'side dishes', 'drinks']","[False, False, False, False, False, False]",6,False,True,,label
synthetic_000715,yelp,train,"I eat lunch here 1 to 2 times a week and have very good consistency in the quality of the food and service. They really do offer fresh food items and breads, oh your sweet tooth can also be satisfied with their pastries! I only do the pastries on the weekends as one of my coworkers has told me that calories don't count on the weekends!","['FOOD#QUALITY', 'SERVICE#GENERAL', 'FOOD#QUALITY', 'FOOD#QUALITY', 'FOOD#QUALITY']","['Food', 'Service', 'Food', 'Food', 'Food']","['positive', 'positive', 'positive', 'positive', 'positive']","['food', 'service', 'food items', 'breads', 'pastries']","[False, False, False, False, False]",5,False,False,,label
synthetic_000716,yelp,train,I don't know what happened to this place but it used to be our goto. Sampler platter is amazing milk shakes great but any flounder or crabcake just not good always so frozen tasting. I'm not expecting a 5star meal but come on! Still continued to order despite the old grease taste and freezer burn. Switched to key pizza. Would like to try again considering the reviews. Kinda iffy about this place.,"['RESTAURANT#GENERAL', 'FOOD#QUALITY', 'DRINKS#QUALITY', 'FOOD#QUALITY', 'FOOD#QUALITY', 'FOOD#QUALITY', 'FOOD#QUALITY']","['General', 'Food', 'Food', 'Food', 'Food', 'Food', 'Food']","['negative', 'positive', 'positive', 'negative', 'negative', 'negative', 'negative']","['place', 'Sampler platter', 'milk shakes', 'flounder', 'crabcake', 'old grease taste', 'freezer burn']","[False, False, False, False, False, False, False]",7,False,True,,label
synthetic_000717,yelp,train,Service was good but I expected a bit more from the pancakes being they are the pancake pantry.  I definitely recommend their hash browns and hot sauce,"['SERVICE#GENERAL', 'FOOD#QUALITY', 'FOOD#QUALITY', 'FOOD#QUALITY']","['Service', 'Food', 'Food', 'Food']","['positive', 'negative', 'positive', 'positive']","['Service', 'pancakes', 'hash browns', 'hot sauce']","[False, False, False, False]",4,False,True,,label
synthetic_000718,yelp,train,"Great new spot for us locals to get off of Beach Drive!  Creative menu and and fresh makeover looks hip and fresh.  I had short ribs and truffle fries, I could be mistaken but I believe I had some duck as well, not bad for a girl who doesn't like meat. I couldn't get enough:) Thumbs up to them, the bar is small but you can sit indoors or outdoors","['RESTAURANT#GENERAL', 'FOOD#STYLE_OPTIONS', 'AMBIENCE#GENERAL', 'FOOD#QUALITY', 'FOOD#QUALITY', 'FOOD#QUALITY', 'AMBIENCE#GENERAL']","['General', 'Food', 'Ambience', 'Food', 'Food', 'Food', 'Ambience']","['positive', 'positive', 'positive', 'positive', 'positive', 'positive', 'neutral']","['spot', 'menu', 'makeover', 'short ribs', 'truffle fries', 'duck', 'bar']","[False, False, False, False, False, False, False]",7,False,True,,label
synthetic_000719,yelp,train,"Meh...I wasn't impressed with this spot. Looking past the array of hand written signs and lack of available bagels, the food was ok. I got the pastrami, egg, and cheese. There was hardly any pastrami and the cheese wasn't melted. My wife also had the pleasure of adding spoiled creamer to her coffee. I think we'll just stick with Einstein's or St Pete Bagel.","['RESTAURANT#GENERAL', 'FOOD#QUALITY', 'FOOD#QUALITY', 'FOOD#QUALITY', 'DRINKS#QUALITY', 'DRINKS#QUALITY']","['General', 'Food', 'Food', 'Food', 'Food', 'Food']","['negative', 'neutral', 'negative', 'negative', 'negative', 'negative']","['spot', 'food', 'pastrami', 'cheese', 'creamer', 'coffee']","[False, False, False, False, False, False]",6,False,True,,label
synthetic_000720,yelp,train,"Service was terrible. We sat at the bar and the bartenders were not friendly. However, the guy shucking oysters was very friendly and helped me decide what to order to eat (he recommended the Island Tuna and it was very good). Gary, a bartender, was absolutely rude and disrespectful. If it were not for Brandon (the guy shucking oysters), we would have left and eaten dinner elsewhere.","['SERVICE#GENERAL', 'SERVICE#GENERAL', 'SERVICE#GENERAL', 'FOOD#QUALITY', 'SERVICE#GENERAL']","['Service', 'Service', 'Service', 'Food', 'Service']","['negative', 'negative', 'positive', 'positive', 'negative']","['Service', 'bartenders', 'guy shucking oysters', 'Island Tuna', 'Gary']","[False, False, False, False, False]",5,False,True,,label
synthetic_000721,yelp,train,"Good B&B style hotel, reasonably priced. Great location, close to beach, State Street, and Urban wine trail. A little noisy, but not a big problem. Would stay there again.","['RESTAURANT#PRICES', 'LOCATION#GENERAL', 'AMBIENCE#GENERAL', 'RESTAURANT#GENERAL']","['Price', 'General', 'Ambience', 'General']","['positive', 'positive', 'negative', 'positive']","[None, 'location', 'noisy', None]","[True, False, False, True]",4,True,True,,label
synthetic_000722,yelp,train,Can't say enough nice things about this place!  Reasonably priced and delicious options!  They have a gluten free bread that's pretty tasty so there are options for that! Love it!,"['RESTAURANT#GENERAL', 'RESTAURANT#PRICES', 'FOOD#QUALITY', 'FOOD#QUALITY', 'FOOD#STYLE_OPTIONS']","['General', 'Price', 'Food', 'Food', 'Food']","['positive', 'positive', 'positive', 'positive', 'positive']","['place', None, 'options', 'gluten free bread', 'options']","[False, True, False, False, False]",5,True,False,,label
synthetic_000723,yelp,train,"Great drinks, food and atmosphere! A little loud if you are trying to eat out with a group of friends, but still a great time! Love the tropical touch!","['DRINKS#QUALITY', 'FOOD#QUALITY', 'AMBIENCE#GENERAL', 'AMBIENCE#GENERAL', 'AMBIENCE#GENERAL', 'RESTAURANT#GENERAL']","['Food', 'Food', 'Ambience', 'Ambience', 'Ambience', 'General']","['positive', 'positive', 'positive', 'negative', 'positive', 'positive']","['drinks', 'food', 'atmosphere', 'loud', 'tropical touch', None]","[False, False, False, False, False, True]",6,True,True,,label
synthetic_000724,yelp,train,This place just keeps getting better. The people there are so nice and they make a heck of a taco. They just added seating inside as well as more produce. Perfect for anyone in the nations. They are are also starting to serve Bongo Java coffee on their coffee bar as well as a large assortment of Rishi tea! Highly recommend stopping in and becoming a regular.,"['SERVICE#GENERAL', 'FOOD#QUALITY', 'AMBIENCE#GENERAL', 'FOOD#STYLE_OPTIONS', 'DRINKS#QUALITY', 'DRINKS#STYLE_OPTIONS', 'RESTAURANT#GENERAL']","['Service', 'Food', 'Ambience', 'Food', 'Food', 'Food', 'General']","['positive', 'positive', 'positive', 'positive', 'positive', 'positive', 'positive']","['people', 'taco', 'seating', 'produce', 'coffee', 'Rishi tea', 'place']","[False, False, False, False, False, False, False]",7,False,False,,label
synthetic_000725,yelp,train,"It's a college-town bar, what do you expect? Lol. Alcohol, pub/bar food, good tap selection, good atmosphere and specials. A Villanova tradition. It's not an upscale bar, or a great place to grab lunch. It is what it is, a bar!","['DRINKS#STYLE_OPTIONS', 'AMBIENCE#GENERAL']","['Food', 'Ambience']","['positive', 'positive']","['tap selection', 'atmosphere']","[False, False]",2,False,False,,label
synthetic_000726,yelp,train,"This place is insane! Amazing selection of anything you could possibly want! Fresh coffee bar, gelato, pastries, cheeses, wines, sliced meats, fresh homemade pastas & sauces, I could go on for a while... You need to go here!","['RESTAURANT#GENERAL', 'FOOD#STYLE_OPTIONS', 'DRINKS#QUALITY', 'FOOD#QUALITY']","['General', 'Food', 'Food', 'Food']","['positive', 'positive', 'positive', 'positive']","['place', 'selection', 'coffee', 'pastas']","[False, False, False, False]",4,False,False,,label
synthetic_000727,yelp,train,"Nice place for breakfast or lunch any time of the day.  However,  there was no soup in the men's or women's restroom today. There was a roll of paper towels on the zinc instead of the dispenser.","['RESTAURANT#GENERAL', 'RESTAURANT#MISCELLANEOUS', 'RESTAURANT#MISCELLANEOUS']","['General', 'General', 'General']","['positive', 'negative', 'negative']","['place', 'soup', 'roll of paper towels']","[False, False, False]",3,False,True,,label
synthetic_000728,yelp,train,Just down right darn good pizza with lots of different varieties you don't see much anywhere else! And hello beers!,"['FOOD#QUALITY', 'FOOD#STYLE_OPTIONS', 'DRINKS#QUALITY']","['Food', 'Food', 'Food']","['positive', 'positive', 'positive']","['pizza', 'varieties', 'beers']","[False, False, False]",3,False,False,,label
synthetic_000729,yelp,train,This is my favorite place for Mexican! Meals always come out piping hot and delicious. We love the seafood burrito but haven't had a bad meal. The chips and salsa are mediocre but the meal makes up for them. The margarita and beer selection is also plenty and they keep pouring as requested!,"['RESTAURANT#GENERAL', 'FOOD#QUALITY', 'FOOD#QUALITY', 'FOOD#QUALITY', 'FOOD#QUALITY', 'DRINKS#STYLE_OPTIONS']","['General', 'Food', 'Food', 'Food', 'Food', 'Food']","['positive', 'positive', 'positive', 'positive', 'negative', 'positive']","['place', 'Meals', 'seafood burrito', 'meal', 'chips and salsa', 'margarita and beer selection']","[False, False, False, False, False, False]",6,False,True,,label
synthetic_000730,yelp,train,"Don't like being a hater, but 1st knock on it  was that it took an hour to get my food, then it wasn't that good either. Kind of bland.  The people are nice and the restaurant looks nice too, but doubtful if I'm coming back. The curry was bleh","['SERVICE#GENERAL', 'FOOD#QUALITY', 'SERVICE#GENERAL', 'AMBIENCE#GENERAL', 'RESTAURANT#GENERAL', 'FOOD#QUALITY']","['Service', 'Food', 'Service', 'Ambience', 'General', 'Food']","['negative', 'negative', 'positive', 'positive', 'negative', 'negative']","[None, 'food', 'people', 'restaurant', 'restaurant', 'curry']","[True, False, False, False, False, False]",6,True,True,,label
synthetic_000731,yelp,train,The service was great & my food came in no time!  I tried the taste of bayou & thought it was just okay. I'll give this place another try next time I'm around & get something different.,"['SERVICE#GENERAL', 'SERVICE#GENERAL', 'FOOD#QUALITY', 'RESTAURANT#GENERAL']","['Service', 'Service', 'Food', 'General']","['positive', 'positive', 'neutral', 'positive']","['service', None, 'taste of bayou', 'place']","[False, True, False, False]",4,True,True,,label
synthetic_000732,yelp,train,Awesome service! Food is made quickly but accurately. It is so fresh. I just wish they delivered to me but it's good enough that I am willing to drive there to get it. Also try their day old bread for .50. It is a full baguette and makes great garlic bread to accompany your dinner!,"['SERVICE#GENERAL', 'FOOD#QUALITY', 'SERVICE#GENERAL', 'FOOD#PRICES', 'FOOD#QUALITY']","['Service', 'Food', 'Service', 'Price', 'Food']","['positive', 'positive', 'negative', 'positive', 'positive']","['service', 'Food', None, 'day old bread', 'garlic bread']","[False, False, True, False, False]",5,True,True,,label
synthetic_000733,yelp,train,Decent brunch speacials- the lumberjack slam is very good. Chicken and waffles could be better. Excellent service. The waitress has been very attentive both times that I've been there. Nice ambience as well.,"['FOOD#QUALITY', 'FOOD#QUALITY', 'SERVICE#GENERAL', 'SERVICE#GENERAL', 'AMBIENCE#GENERAL', 'FOOD#STYLE_OPTIONS']","['Food', 'Food', 'Service', 'Service', 'Ambience', 'Food']","['positive', 'negative', 'positive', 'positive', 'positive', 'neutral']","['lumberjack slam', 'Chicken and waffles', 'service', 'waitress', 'ambience', 'brunch speacials']","[False, False, False, False, False, False]",6,False,True,,label
synthetic_000734,yelp,train,Went for Sunday brunch . The service was great for us as there was only one other table being served. The gumbo was so salty with burnt roux.  It was not edible .  The Bar B que  shrimp and grits had twice as many shrimp heads as shrimp. Don't think air condition works . The inside of the restaurant is very nice . It's just such a shame they can't serve good food . I won't be back.,"['SERVICE#GENERAL', 'FOOD#QUALITY', 'FOOD#QUALITY', 'AMBIENCE#GENERAL', 'AMBIENCE#GENERAL', 'FOOD#QUALITY', 'RESTAURANT#GENERAL']","['Service', 'Food', 'Food', 'Ambience', 'Ambience', 'Food', 'General']","['positive', 'negative', 'negative', 'negative', 'positive', 'negative', 'negative']","['service', 'gumbo', 'shrimp and grits', 'air condition', 'inside of the restaurant', None, None]","[False, False, False, False, False, True, True]",7,True,True,,label
synthetic_000735,yelp,train,"Really want this place to succeed,   They are attentive, customer service oriented, etc. Place is clean and bright. I had really high expectations. Sandwiches were fine.  Didn't blow me away, but they were fine. I probably need to try it a few more times to get a better sense...","['SERVICE#GENERAL', 'AMBIENCE#GENERAL', 'FOOD#QUALITY']","['Service', 'Ambience', 'Food']","['positive', 'positive', 'neutral']","['customer service', 'place', 'Sandwiches']","[False, False, False]",3,False,True,,label
synthetic_000736,yelp,train,Great food. Enjoyed everything and the staff was amazing. 45 min wait for the table and the priciness warranted 4 stars.,"['FOOD#QUALITY', 'SERVICE#GENERAL', 'SERVICE#GENERAL', 'RESTAURANT#PRICES']","['Food', 'Service', 'Service', 'Price']","['positive', 'positive', 'negative', 'positive']","['food', 'staff', None, 'priciness']","[False, False, True, False]",4,True,True,,label
synthetic_000737,yelp,train,"Menu changed from what they had posted on their website that day, so we were disappointed when we got there but were willing to try other things.  Service was good and people were friendly.  Food however did not live up to the hype. Salad, trio appetizers, chicken, and trout were all average at best to bad. Perhaps other things on the menu are better, but based on these we will not ever return.","['FOOD#STYLE_OPTIONS', 'SERVICE#GENERAL', 'FOOD#QUALITY', 'FOOD#QUALITY', 'FOOD#QUALITY', 'FOOD#QUALITY', 'FOOD#QUALITY', 'RESTAURANT#GENERAL']","['Food', 'Service', 'Food', 'Food', 'Food', 'Food', 'Food', 'General']","['negative', 'positive', 'negative', 'negative', 'negative', 'negative', 'negative', 'negative']","['Menu', 'Service', 'Food', 'Salad', 'trio appetizers', 'chicken', 'trout', None]","[False, False, False, False, False, False, False, True]",8,True,True,,label
synthetic_000738,synthetic,train,"For our anniversary dinner, the restaurant’s dim lighting and low‑volume background music made the ambience feel average—nothing stood out, but it wasn’t distracting either.",['AMBIENCE#GENERAL'],['Ambience'],['neutral'],['ambience'],[False],1,False,False,,generate
synthetic_000739,synthetic,train,"When we took the kids for a Sunday brunch, the open‑plan dining room felt spacious yet a bit echoey, so the ambience was pretty neutral.",['AMBIENCE#GENERAL'],['Ambience'],['neutral'],['ambience'],[False],1,False,False,,generate
synthetic_000740,synthetic,train,"During a quick business lunch, the sleek modern décor and steady hum of the kitchen gave the ambience a functional, no‑frills vibe.",['AMBIENCE#GENERAL'],['Ambience'],['neutral'],['ambience'],[False],1,False,False,,generate
synthetic_000741,synthetic,train,"Even though we only ordered takeout, the patio’s simple tables and mild street chatter provided an ambience that was unremarkable but acceptable.",['AMBIENCE#GENERAL'],['Ambience'],['neutral'],['ambience'],[False],1,False,False,,generate
synthetic_000742,synthetic,train,"After a late‑night shift, I stopped in for a snack; the fluorescent lights and minimal décor made the ambience feel neutral, neither inviting nor off‑putting.",['AMBIENCE#GENERAL'],['Ambience'],['neutral'],['ambience'],[False],1,False,False,,generate
synthetic_000743,synthetic,train,"During our anniversary dinner, the soft lighting and minimalist decor created a neutral ambience that didn’t distract from the food.",['AMBIENCE#GENERAL'],['Ambience'],['neutral'],['ambience'],[False],1,False,False,,generate
synthetic_000744,synthetic,train,"When we brought the kids for brunch, the bustling yet orderly vibe gave the restaurant a neutral ambience that felt neither too loud nor too quiet.",['AMBIENCE#GENERAL'],['Ambience'],['neutral'],['ambience'],[False],1,False,False,,generate
synthetic_000745,synthetic,train,"Our team meeting over sandwiches was held in a plain conference‑style room, providing a neutral ambience that didn’t influence the conversation one way or the other.",['AMBIENCE#GENERAL'],['Ambience'],['neutral'],['ambience'],[False],1,False,False,,generate
synthetic_000746,synthetic,train,"I picked up my order at the curbside, and the waiting area’s simple furnishings offered a neutral ambience, making the short wait feel unremarkable.",['AMBIENCE#GENERAL'],['Ambience'],['neutral'],['ambience'],[False],1,False,False,,generate
synthetic_000747,synthetic,train,"After the concert, we stopped for a late‑night bite; the dim neon signs and scattered tables gave the place a neutral ambience that matched the hour.",['AMBIENCE#GENERAL'],['Ambience'],['neutral'],['ambience'],[False],1,False,False,,generate
synthetic_000748,synthetic,train,"We enjoyed a candlelit dinner; the atmosphere was just okay, and the seared salmon was melt‑in‑your‑mouth delicious.","['AMBIENCE#GENERAL', 'FOOD#QUALITY']","['Ambience', 'Food']","['neutral', 'positive']","[None, 'seared salmon']","[True, False]",2,True,True,,generate
synthetic_000749,synthetic,train,"During our Sunday brunch, the kids barely noticed the plain décor, but the fluffy pancakes topped with fresh berries were outstanding.","['AMBIENCE#GENERAL', 'FOOD#QUALITY']","['Ambience', 'Food']","['neutral', 'positive']","[None, 'fluffy pancakes']","[True, False]",2,True,True,,generate
synthetic_000750,synthetic,train,"The conference room had standard lighting, nothing special, yet the grilled chicken Caesar salad impressed everyone with its crisp lettuce and juicy chicken.","['AMBIENCE#GENERAL', 'FOOD#QUALITY']","['Ambience', 'Food']","['neutral', 'positive']","[None, 'grilled chicken Caesar salad']","[True, False]",2,True,True,,generate
synthetic_000751,synthetic,train,"When I swung by for take‑out, it felt pretty average, but the spicy tofu stir‑fry tasted fantastic and left me craving more.","['AMBIENCE#GENERAL', 'FOOD#QUALITY']","['Ambience', 'Food']","['neutral', 'positive']","[None, 'spicy tofu stir‑fry']","[True, False]",2,True,True,,generate
synthetic_000752,synthetic,train,"The setting was calm, not particularly striking, while the truffle mushroom risotto was silky and absolutely divine.","['AMBIENCE#GENERAL', 'FOOD#QUALITY']","['Ambience', 'Food']","['neutral', 'positive']","[None, 'truffle mushroom risotto']","[True, False]",2,True,True,,generate
synthetic_000753,synthetic,train,"During our quick business lunch, the restaurant’s ambience was unremarkable, and the food arrived at an average temperature, tasting just okay.","['AMBIENCE#GENERAL', 'FOOD#QUALITY']","['Ambience', 'Food']","['neutral', 'neutral']","['ambience', 'food']","[False, False]",2,False,False,,generate
synthetic_000754,synthetic,train,"For a casual family dinner we noticed the ambience felt neither cozy nor noisy, and the dishes were decent but nothing spectacular.","['AMBIENCE#GENERAL', 'FOOD#QUALITY']","['Ambience', 'Food']","['neutral', 'neutral']","['ambience', 'dishes']","[False, False]",2,False,False,,generate
synthetic_000755,synthetic,train,"On a rainy date night the ambience was fairly standard, and the plate I ordered was satisfactory in flavor, neither great nor bad.","['AMBIENCE#GENERAL', 'FOOD#QUALITY']","['Ambience', 'Food']","['neutral', 'neutral']","['ambience', 'plate']","[False, False]",2,False,False,,generate
synthetic_000756,synthetic,train,"When picking up takeout, the storefront’s ambience was plain, and the food quality was middle‑of‑the‑road, just as expected for the price.","['AMBIENCE#GENERAL', 'FOOD#QUALITY']","['Ambience', 'Food']","['neutral', 'neutral']","['ambience', 'food quality']","[False, False]",2,False,False,,generate
synthetic_000757,synthetic,train,"During a weekend brunch the cafe’s ambience felt ordinary, while the meals were adequately seasoned, offering a neutral taste experience.","['AMBIENCE#GENERAL', 'FOOD#QUALITY']","['Ambience', 'Food']","['neutral', 'neutral']","['ambience', 'meals']","[False, False]",2,False,False,,generate
synthetic_000758,synthetic,train,"The dim lighting and soft jazz created a calm atmosphere, while the convenient downtown location made it easy to find, and the tasteful wall art added a neutral touch to the overall vibe.","['AMBIENCE#GENERAL', 'AMBIENCE#GENERAL', 'RESTAURANT#MISCELLANEOUS']","['Ambience', 'Ambience', 'General']","['neutral', 'neutral', 'positive']","['dim lighting', 'soft jazz', 'downtown location']","[False, False, False]",3,False,True,,generate
synthetic_000759,synthetic,train,"During our family brunch, the bright pastel walls and the gentle hum of conversation felt just right, and the friendly neighborhood vibe made us feel welcomed, which was a pleasant surprise.","['AMBIENCE#GENERAL', 'AMBIENCE#GENERAL', 'RESTAURANT#MISCELLANEOUS']","['Ambience', 'Ambience', 'General']","['neutral', 'neutral', 'positive']","['bright pastel walls', 'gentle hum of conversation', 'friendly neighborhood vibe']","[False, False, False]",3,False,True,,generate
synthetic_000760,synthetic,train,"For a quick business lunch, the minimalist décor and the low-volume background music kept distractions low, while the easy-to-spot signage and helpful staff made the visit surprisingly pleasant.","['AMBIENCE#GENERAL', 'AMBIENCE#GENERAL', 'RESTAURANT#MISCELLANEOUS']","['Ambience', 'Ambience', 'General']","['neutral', 'neutral', 'positive']","['minimalist décor', 'low-volume background music', 'easy-to-spot signage']","[False, False, False]",3,False,True,,generate
synthetic_000761,synthetic,train,"On our anniversary, the candlelit tables and the subtle scent of fresh herbs gave a balanced feel, and the charming historic building added an extra layer of enjoyment.","['AMBIENCE#GENERAL', 'AMBIENCE#GENERAL', 'RESTAURANT#MISCELLANEOUS']","['Ambience', 'Ambience', 'General']","['neutral', 'neutral', 'positive']","['candlelit tables', 'subtle scent of fresh herbs', 'charming historic building']","[False, False, False]",3,False,True,,generate
synthetic_000762,synthetic,train,"When grabbing takeout, the clean countertops and the quiet hallway made the pick‑up process straightforward, and the clearly marked parking area was a nice convenience.","['AMBIENCE#GENERAL', 'AMBIENCE#GENERAL', 'RESTAURANT#MISCELLANEOUS']","['Ambience', 'Ambience', 'General']","['neutral', 'neutral', 'positive']","['clean countertops', 'quiet hallway', 'clearly marked parking area']","[False, False, False]",3,False,True,,generate
synthetic_000763,synthetic,train,"We booked a corner table for our anniversary, and while the candlelight added a romantic touch, the overall ambience felt fairly standard, neither too loud nor overly quiet, and the staff took forever to bring the drinks.","['AMBIENCE#GENERAL', 'SERVICE#GENERAL']","['Ambience', 'Service']","['neutral', 'negative']","['ambience', None]","[False, True]",2,True,True,,generate
synthetic_000764,synthetic,train,"My kids loved the pasta, and the restaurant’s bright lighting made it feel like a cheerful cafeteria, which was exactly what we needed for a casual family dinner, though the prices seemed reasonable.","['AMBIENCE#GENERAL', 'RESTAURANT#PRICES']","['Ambience', 'Price']","['neutral', 'positive']","['lighting', None]","[False, True]",2,True,True,,generate
synthetic_000765,synthetic,train,"During our quick business lunch, the minimalist décor kept distractions low, so the ambience was unremarkable, but our order was processed efficiently, allowing us to finish the meeting on time.","['AMBIENCE#GENERAL', 'SERVICE#GENERAL']","['Ambience', 'Service']","['neutral', 'positive']","['decor', None]","[False, True]",2,True,True,,generate
synthetic_000766,synthetic,train,"I ordered takeout on a rainy evening; the bag arrived sealed and the restaurant’s modest interior didn’t affect the food, so the ambience was just okay, while the delivery was friendly and polite.","['AMBIENCE#GENERAL', 'SERVICE#GENERAL']","['Ambience', 'Service']","['neutral', 'positive']","['interior', None]","[False, True]",2,True,True,,generate
synthetic_000767,synthetic,train,"We enjoyed a late‑night snack on the patio, the string lights gave a laid‑back vibe but overall the ambience stayed neutral, and the meal was surprisingly affordable.","['AMBIENCE#GENERAL', 'RESTAURANT#PRICES']","['Ambience', 'Price']","['neutral', 'positive']","['ambience', None]","[False, True]",2,True,True,,generate
synthetic_000768,synthetic,train,"The dim lighting and soft jazz created an ambience that was pleasant but nothing extraordinary, just a typical cozy setting for a date.",['AMBIENCE#GENERAL'],['Ambience'],['neutral'],['ambience'],[False],1,False,False,,generate
synthetic_000769,synthetic,train,"During our family brunch, the bustling ambience filled the room with chatter and clatter, making it lively yet not overwhelming for the kids.",['AMBIENCE#GENERAL'],['Ambience'],['neutral'],['ambience'],[False],1,False,False,,generate
synthetic_000770,synthetic,train,"The modern décor and low hum of conversation gave the restaurant a professional ambience, suitable for a quick business lunch without any distractions.",['AMBIENCE#GENERAL'],['Ambience'],['neutral'],['ambience'],[False],1,False,False,,generate
synthetic_000771,synthetic,train,"Even though we ordered takeout, the packaging retained the restaurant's relaxed ambience vibe, reminding us of the casual indoor setting.",['AMBIENCE#GENERAL'],['Ambience'],['neutral'],['ambience'],[False],1,False,False,,generate
synthetic_000772,synthetic,train,"Sitting on the patio, the open-air ambience was breezy and neutral, offering a pleasant backdrop that neither enhanced nor detracted from our meal.",['AMBIENCE#GENERAL'],['Ambience'],['neutral'],['ambience'],[False],1,False,False,,generate
synthetic_000773,synthetic,train,"The ambience was unremarkable, but the food prices were absurdly high for the portion sizes.","['AMBIENCE#GENERAL', 'FOOD#PRICES']","['Ambience', 'Price']","['neutral', 'negative']","['ambience', 'food prices']","[False, False]",2,False,True,,generate
synthetic_000774,synthetic,train,"We gathered the kids for a weekend brunch; the ambience felt just average, while the menu’s food prices left our wallets feeling the pinch.","['AMBIENCE#GENERAL', 'FOOD#PRICES']","['Ambience', 'Price']","['neutral', 'negative']","['ambience', 'food prices']","[False, False]",2,False,True,,generate
synthetic_000775,synthetic,train,"The conference room’s ambience was functional enough, yet the food prices were steep enough to make me reconsider ordering again.","['AMBIENCE#GENERAL', 'FOOD#PRICES']","['Ambience', 'Price']","['neutral', 'negative']","['ambience', 'food prices']","[False, False]",2,False,True,,generate
synthetic_000776,synthetic,train,"I ordered takeout and the restaurant’s ambience, as seen through the window, seemed fairly ordinary, but the food prices on the receipt were surprisingly high.","['AMBIENCE#GENERAL', 'FOOD#PRICES']","['Ambience', 'Price']","['neutral', 'negative']","['ambience', 'food prices']","[False, False]",2,False,True,,generate
synthetic_000777,synthetic,train,"Sitting on the patio, the ambience struck me as neither cozy nor noisy—just plain, and the food prices were definitely out of line with the quality.","['AMBIENCE#GENERAL', 'FOOD#PRICES']","['Ambience', 'Price']","['neutral', 'negative']","['ambience', 'food prices']","[False, False]",2,False,True,,generate
synthetic_000778,synthetic,train,"We enjoyed a cozy evening at the bistro; the soft jazz and dim lighting were just fine, but the check was absurdly high for the small portions.","['AMBIENCE#GENERAL', 'RESTAURANT#PRICES']","['Ambience', 'Price']","['neutral', 'negative']","['lighting', None]","[False, True]",2,True,True,,generate
synthetic_000779,synthetic,train,"My kids ate their pizza while we sat in the bustling dining room that felt neither cramped nor spacious, yet the bill left us feeling ripped off.","['AMBIENCE#GENERAL', 'RESTAURANT#PRICES']","['Ambience', 'Price']","['neutral', 'negative']","['dining room', None]","[False, True]",2,True,True,,generate
synthetic_000780,synthetic,train,"The conference room had a plain but functional vibe, which was acceptable for a quick lunch, however the total came out far above what we anticipated.","['AMBIENCE#GENERAL', 'RESTAURANT#PRICES']","['Ambience', 'Price']","['neutral', 'negative']","['vibe', None]","[False, True]",2,True,True,,generate
synthetic_000781,synthetic,train,"The take‑out bag was sealed neatly and the restaurant’s modest décor didn’t impress me either way, but the delivery charge made the order feel overpriced.","['AMBIENCE#GENERAL', 'RESTAURANT#PRICES']","['Ambience', 'Price']","['neutral', 'negative']","['décor', None]","[False, True]",2,True,True,,generate
synthetic_000782,synthetic,train,"We gathered for brunch in a sunlit patio that was pleasant but nothing special, and the menu’s cost quickly dampened the happy mood.","['AMBIENCE#GENERAL', 'RESTAURANT#PRICES']","['Ambience', 'Price']","['neutral', 'negative']","['patio', None]","[False, True]",2,True,True,,generate
synthetic_000783,synthetic,train,"The soft lighting and modern decor felt just right, but unfortunately our server kept forgetting our drinks and seemed rushed, and the background music was neither too loud nor too soft.","['AMBIENCE#GENERAL', 'SERVICE#GENERAL', 'AMBIENCE#GENERAL']","['Ambience', 'Service', 'Ambience']","['neutral', 'negative', 'neutral']","['lighting', 'server', 'music']","[False, False, False]",3,False,True,,generate
synthetic_000784,synthetic,train,"The booth seating was spacious enough for the whole family, but the waiter was inattentive, letting our soup sit cold for ten minutes, and the wall art added a casual vibe without being distracting.","['AMBIENCE#GENERAL', 'SERVICE#GENERAL', 'AMBIENCE#GENERAL']","['Ambience', 'Service', 'Ambience']","['neutral', 'negative', 'neutral']","['booth', 'waiter', 'wall art']","[False, False, False]",3,False,True,,generate
synthetic_000785,synthetic,train,"The conference room style tables made it easy to spread out laptops, but our order was taken incorrectly and the staff never apologized, and the neutral color palette kept the atmosphere professional.","['AMBIENCE#GENERAL', 'SERVICE#GENERAL', 'AMBIENCE#GENERAL']","['Ambience', 'Service', 'Ambience']","['neutral', 'negative', 'neutral']","['tables', 'staff', 'color palette']","[False, False, False]",3,False,True,,generate
synthetic_000786,synthetic,train,"The small patio area had a breezy feel that was pleasant, but the pickup clerk was rude and gave the wrong bag, forcing us to wait again, and the outdoor seating was shaded enough to stay cool.","['AMBIENCE#GENERAL', 'SERVICE#GENERAL', 'AMBIENCE#GENERAL']","['Ambience', 'Service', 'Ambience']","['neutral', 'negative', 'neutral']","['patio', 'clerk', 'outdoor seating']","[False, False, False]",3,False,True,,generate
synthetic_000787,synthetic,train,"The dim corner lights gave the place a relaxed vibe, but staff seemed disinterested, barely acknowledging our presence, and the background chatter was low enough not to disturb conversation.","['AMBIENCE#GENERAL', 'SERVICE#GENERAL', 'AMBIENCE#GENERAL']","['Ambience', 'Service', 'Ambience']","['neutral', 'negative', 'neutral']","['lights', 'staff', 'background chatter']","[False, False, False]",3,False,True,,generate
synthetic_000788,synthetic,train,"For our anniversary dinner, the restaurant's soft lighting and muted jazz created an ambience that was pleasant but unremarkable, just as we expected for a mid‑range spot.",['AMBIENCE#GENERAL'],['Ambience'],['neutral'],['ambience'],[False],1,False,False,,generate
synthetic_000789,synthetic,train,"When we took the kids for a Sunday brunch, the bustling yet orderly ambience felt typical for a family‑friendly cafe, neither too loud nor overly quiet.",['AMBIENCE#GENERAL'],['Ambience'],['neutral'],['ambience'],[False],1,False,False,,generate
synthetic_000790,synthetic,train,"During a quick business lunch, the modern open‑plan ambience was neutral, providing a functional backdrop that didn't distract but also didn't add any charm.",['AMBIENCE#GENERAL'],['Ambience'],['neutral'],['ambience'],[False],1,False,False,,generate
synthetic_000791,synthetic,train,"I ordered takeout and while waiting outside, the street‑level windows let in a neutral ambience, with the faint hum of other diners serving as background.",['AMBIENCE#GENERAL'],['Ambience'],['neutral'],['ambience'],[False],1,False,False,,generate
synthetic_000792,synthetic,train,"After a concert, we stopped for late‑night tacos; the dim lighting and simple décor gave the place an ambience that was basically average, neither cozy nor stark.",['AMBIENCE#GENERAL'],['Ambience'],['neutral'],['ambience'],[False],1,False,False,,generate
synthetic_000793,synthetic,train,"We booked a table for our anniversary; the lighting was dim but not overly romantic, just average, and we waited fifteen minutes for our appetizers.","['AMBIENCE#GENERAL', 'SERVICE#GENERAL']","['Ambience', 'Service']","['neutral', 'negative']","['lighting', None]","[False, True]",2,True,True,,generate
synthetic_000794,synthetic,train,"My kids loved the pizza, and the restaurant's interior felt plain—nothing special, just functional—while the waiter forgot our soda, which we pointed out.","['AMBIENCE#GENERAL', 'SERVICE#GENERAL']","['Ambience', 'Service']","['neutral', 'negative']","['interior', None]","[False, True]",2,True,True,,generate
synthetic_000795,synthetic,train,"The conference‑room style seating was practical, neither impressive nor cramped, and the coffee arrived lukewarm after a long meeting.","['AMBIENCE#GENERAL', 'DRINKS#QUALITY']","['Ambience', 'Food']","['neutral', 'negative']","['seating', None]","[False, True]",2,True,True,,generate
synthetic_000796,synthetic,train,"I grabbed a take‑out burrito; the background music in the shop was just background noise, not affecting my experience, but the order took longer than expected.","['AMBIENCE#GENERAL', 'SERVICE#GENERAL']","['Ambience', 'Service']","['neutral', 'negative']","['background music', None]","[False, True]",2,True,True,,generate
synthetic_000797,synthetic,train,"The patio was shaded and the vibe was relaxed, but nothing stood out; I also noticed the croissants were a bit stale.","['AMBIENCE#GENERAL', 'FOOD#QUALITY']","['Ambience', 'Food']","['neutral', 'negative']","['patio', None]","[False, True]",2,True,True,,generate
synthetic_000798,synthetic,train,"We chose the rooftop spot for our anniversary; the ambience was pleasant but unremarkable, and the drink prices were about what you'd expect for a mid‑range bar.","['AMBIENCE#GENERAL', 'DRINKS#PRICES']","['Ambience', 'Price']","['neutral', 'neutral']","['ambience', 'drink prices']","[False, False]",2,False,False,,generate
synthetic_000799,synthetic,train,"During our Sunday brunch with the kids, the restaurant's ambience felt lively yet a bit noisy, and the drink prices were reasonable, matching the casual vibe.","['AMBIENCE#GENERAL', 'DRINKS#PRICES']","['Ambience', 'Price']","['neutral', 'neutral']","['ambience', 'drink prices']","[False, False]",2,False,False,,generate
synthetic_000800,synthetic,train,"The downtown venue offered a professional ambience that was neither too formal nor too relaxed, while the drink prices stayed neutral, not inflating the meeting budget.","['AMBIENCE#GENERAL', 'DRINKS#PRICES']","['Ambience', 'Price']","['neutral', 'neutral']","['ambience', 'drink prices']","[False, False]",2,False,False,,generate
synthetic_000801,synthetic,train,"Even though I ordered takeout, the cafe's ambience, as seen through the window, was cozy but standard, and the drink prices listed online were average for the area.","['AMBIENCE#GENERAL', 'DRINKS#PRICES']","['Ambience', 'Price']","['neutral', 'neutral']","['ambience', 'drink prices']","[False, False]",2,False,False,,generate
synthetic_000802,synthetic,train,"After the concert, we stopped at the 24‑hour grill; its ambience was dim and functional, and the drink prices were typical for a late‑night spot.","['AMBIENCE#GENERAL', 'DRINKS#PRICES']","['Ambience', 'Price']","['neutral', 'neutral']","['ambience', 'drink prices']","[False, False]",2,False,False,,generate
synthetic_000803,synthetic,train,"The dim lighting and soft jazz created a pleasant ambience, but the server forgot our drinks twice and seemed completely disinterested.","['AMBIENCE#GENERAL', 'SERVICE#GENERAL']","['Ambience', 'Service']","['neutral', 'negative']","['ambience', 'server']","[False, False]",2,False,True,,generate
synthetic_000804,synthetic,train,"While the bright, kid‑friendly décor gave the restaurant a lively ambience, the staff took over thirty minutes to bring our appetizers and never apologized.","['AMBIENCE#GENERAL', 'SERVICE#GENERAL']","['Ambience', 'Service']","['neutral', 'negative']","['decor', 'staff']","[False, False]",2,False,True,,generate
synthetic_000805,synthetic,train,"The modern open‑plan layout provided a neutral ambience suitable for meetings, yet the waiter repeatedly mixed up our orders and seemed rushed throughout.","['AMBIENCE#GENERAL', 'SERVICE#GENERAL']","['Ambience', 'Service']","['neutral', 'negative']","['ambience', 'waiter']","[False, False]",2,False,True,,generate
synthetic_000806,synthetic,train,"Even though the small dining area had a simple, unremarkable ambience, the pickup clerk was rude, gave the wrong bag, and refused to correct it.","['AMBIENCE#GENERAL', 'SERVICE#GENERAL']","['Ambience', 'Service']","['neutral', 'negative']","['ambience', 'pickup clerk']","[False, False]",2,False,True,,generate
synthetic_000807,synthetic,train,"The sunny patio offered a relaxed ambience that was just right for brunch, but the bartender was inattentive, ignored our requests, and left us waiting.","['AMBIENCE#GENERAL', 'SERVICE#GENERAL']","['Ambience', 'Service']","['neutral', 'negative']","['ambience', 'bartender']","[False, False]",2,False,True,,generate
synthetic_000808,synthetic,train,"Soft lighting and a low hum of conversation gave the ambience an average feel, the décor was unremarkable, neither charming nor off‑putting, and overall it was a disappointment because the staff seemed rushed and the layout felt chaotic.","['AMBIENCE#GENERAL', 'AMBIENCE#GENERAL', 'RESTAURANT#GENERAL']","['Ambience', 'Ambience', 'General']","['neutral', 'neutral', 'negative']","['lighting', 'decor', None]","[False, False, True]",3,True,True,,generate
synthetic_000809,synthetic,train,"During our family brunch the bustling ambience was just okay, the walls were painted in a bland beige that didn’t add any charm, and it fell short of expectations with slow service and mediocre food.","['AMBIENCE#GENERAL', 'AMBIENCE#GENERAL', 'RESTAURANT#GENERAL']","['Ambience', 'Ambience', 'General']","['neutral', 'neutral', 'negative']","['ambience', 'walls', None]","[False, False, True]",3,True,True,,generate
synthetic_000810,synthetic,train,"The conference room style seating gave the ambience a functional vibe, the plain lighting was nothing special, and the whole place left a sour taste because the ordering system was confusing and the overall experience was underwhelming.","['AMBIENCE#GENERAL', 'AMBIENCE#GENERAL', 'RESTAURANT#GENERAL']","['Ambience', 'Ambience', 'General']","['neutral', 'neutral', 'negative']","['seating', 'lighting', None]","[False, False, True]",3,True,True,,generate
synthetic_000811,synthetic,train,"Even though the takeaway counter was clean and the background music was subdued, the ambience felt bland, and picking up the order was disappointing because the packaging was flimsy and the food arrived lukewarm.","['AMBIENCE#GENERAL', 'AMBIENCE#GENERAL', 'RESTAURANT#GENERAL']","['Ambience', 'Ambience', 'General']","['neutral', 'neutral', 'negative']","['music', 'ambience', None]","[False, False, True]",3,True,True,,generate
synthetic_000812,synthetic,train,"The dim neon signs gave the place a neutral ambience, the simple booth layout added nothing exciting, and it turned out to be a letdown as the menu was limited and the staff seemed disinterested.","['AMBIENCE#GENERAL', 'AMBIENCE#GENERAL', 'RESTAURANT#GENERAL']","['Ambience', 'Ambience', 'General']","['neutral', 'neutral', 'negative']","['signs', 'booth layout', None]","[False, False, True]",3,True,True,,generate
synthetic_000813,synthetic,train,"The downtown bistro’s modern décor and soft lighting created an ambience that felt neither particularly lively nor overly subdued, just perfectly balanced for a casual dinner.",['AMBIENCE#GENERAL'],['Ambience'],['neutral'],['décor and lighting'],[False],1,False,False,,generate
synthetic_000814,synthetic,train,"During our business lunch, the restaurant’s open‑plan layout and gentle background music gave an ambience that was fairly ordinary, not distracting but also not especially memorable.",['AMBIENCE#GENERAL'],['Ambience'],['neutral'],['open‑plan layout'],[False],1,False,False,,generate
synthetic_000815,synthetic,train,"For a family brunch, the bright colors on the walls and the low‑hum of chatter produced an ambience that was quite neutral, suitable for kids and adults alike.",['AMBIENCE#GENERAL'],['Ambience'],['neutral'],['bright colors on the walls'],[False],1,False,False,,generate
synthetic_000816,synthetic,train,"When we ordered take‑out, the small dining area’s simple tables and plain ceiling tiles offered an ambience that felt neither cozy nor stark, just a functional space.",['AMBIENCE#GENERAL'],['Ambience'],['neutral'],['small dining area'],[False],1,False,False,,generate
synthetic_000817,synthetic,train,"On our anniversary date, the dimmed lanterns and subtle scent of fresh herbs created an ambience that was fairly neutral, providing a calm backdrop without being overly romantic.",['AMBIENCE#GENERAL'],['Ambience'],['neutral'],['dimmed lanterns'],[False],1,False,False,,generate
synthetic_000818,synthetic,train,"The dim lighting and soft jazz gave the restaurant a relaxed vibe, but it was nothing extraordinary.",['AMBIENCE#GENERAL'],['Ambience'],['neutral'],['ambience'],[False],1,False,False,,generate
synthetic_000819,synthetic,train,"During our family brunch, the bustling yet orderly atmosphere made it easy to chat, though it felt fairly standard.",['AMBIENCE#GENERAL'],['Ambience'],['neutral'],['ambience'],[False],1,False,False,,generate
synthetic_000820,synthetic,train,The open-plan seating and muted colors created a neutral ambience that didn’t distract from the meeting.,['AMBIENCE#GENERAL'],['Ambience'],['neutral'],['ambience'],[False],1,False,False,,generate
synthetic_000821,synthetic,train,"Even though I only grabbed a takeout, the restaurant’s interior had a plain ambience that was neither inviting nor off-putting.",['AMBIENCE#GENERAL'],['Ambience'],['neutral'],['ambience'],[False],1,False,False,,generate
synthetic_000822,synthetic,train,"When we stopped in for a late bite, the low lights and minimal décor gave a neutral ambience, just as expected for a night spot.",['AMBIENCE#GENERAL'],['Ambience'],['neutral'],['ambience'],[False],1,False,False,,generate
synthetic_000823,synthetic,train,"We chose the rooftop bistro for our anniversary, and while the soft lighting was pleasant, but the staff seemed just okay about taking our order.","['AMBIENCE#GENERAL', 'SERVICE#GENERAL']","['Ambience', 'Service']","['neutral', 'neutral']","['lighting', 'staff']","[False, False]",2,False,False,,generate
synthetic_000824,synthetic,train,"During our Sunday brunch with the kids, the bustling dining room felt neither too loud nor too quiet, and the servers were neither rushed nor overly attentive.","['AMBIENCE#GENERAL', 'SERVICE#GENERAL']","['Ambience', 'Service']","['neutral', 'neutral']","['dining room', 'servers']","[False, False]",2,False,False,,generate
synthetic_000825,synthetic,train,"The conference room's glass walls gave a modern feel, and we didn't have to wait long for anyone to bring our coffee.","['AMBIENCE#GENERAL', 'SERVICE#GENERAL']","['Ambience', 'Service']","['neutral', 'neutral']","['glass walls', None]","[False, True]",2,True,False,,generate
synthetic_000826,synthetic,train,"When I called for take-out, the restaurant looked fairly ordinary from the window, and the person on the phone was courteous but not overly chatty.","['AMBIENCE#GENERAL', 'SERVICE#GENERAL']","['Ambience', 'Service']","['neutral', 'neutral']","[None, 'person']","[True, False]",2,True,False,,generate
synthetic_000827,synthetic,train,"The patio's greenery gave a relaxed vibe, and the bartender kept our drinks coming at a steady pace without any fuss.","['AMBIENCE#GENERAL', 'SERVICE#GENERAL']","['Ambience', 'Service']","['neutral', 'neutral']","[""patio's greenery"", 'bartender']","[False, False]",2,False,False,,generate
synthetic_000828,synthetic,train,"During our anniversary dinner, the dim lighting and modern décor created a fairly average ambience, but the grilled salmon was soggy and lacked any real flavor.","['AMBIENCE#GENERAL', 'FOOD#QUALITY']","['Ambience', 'Food']","['neutral', 'negative']","['lighting', 'grilled salmon']","[False, False]",2,False,True,,generate
synthetic_000829,synthetic,train,"I grabbed a quick lunch at the downtown spot; the bustling open-plan space felt neither too loud nor too quiet, yet the chicken wrap was dry and the sauce was bland.","['AMBIENCE#GENERAL', 'FOOD#QUALITY']","['Ambience', 'Food']","['neutral', 'negative']","['open-plan space', 'chicken wrap']","[False, False]",2,False,True,,generate
synthetic_000830,synthetic,train,"Our family brunch on Sunday had a pleasant, unremarkable ambience with soft background music, but the pancakes arrived undercooked and the maple syrup tasted artificial.","['AMBIENCE#GENERAL', 'FOOD#QUALITY']","['Ambience', 'Food']","['neutral', 'negative']","['background music', 'pancakes']","[False, False]",2,False,True,,generate
synthetic_000831,synthetic,train,"For a business meeting we chose the quiet corner; the neutral colour scheme gave an ordinary ambience, while the Caesar salad was wilted and the dressing tasted cheap.","['AMBIENCE#GENERAL', 'FOOD#QUALITY']","['Ambience', 'Food']","['neutral', 'negative']","['colour scheme', 'Caesar salad']","[False, False]",2,False,True,,generate
synthetic_000832,synthetic,train,"I ordered take‑out from the new bistro; the simple packaging reflected a neutral ambience inside the shop, but the beef tacos were rubbery and the toppings were soggy.","['AMBIENCE#GENERAL', 'FOOD#QUALITY']","['Ambience', 'Food']","['neutral', 'negative']","['shop', 'beef tacos']","[False, False]",2,False,True,,generate
synthetic_000833,synthetic,train,"During our anniversary dinner, the soft lighting created a pleasant backdrop, the open‑plan layout felt spacious, and the menu offered a decent range of vegan and gluten‑free options.","['AMBIENCE#GENERAL', 'AMBIENCE#GENERAL', 'FOOD#STYLE_OPTIONS']","['Ambience', 'Ambience', 'Food']","['neutral', 'neutral', 'neutral']","['soft lighting', 'open‑plan layout', 'vegan and gluten‑free options']","[False, False, False]",3,False,False,,generate
synthetic_000834,synthetic,train,"For a quick business lunch, the modern industrial décor was neither too loud nor too quiet, the background music was unobtrusive, and the restaurant provided a modest selection of spicy‑level choices.","['AMBIENCE#GENERAL', 'AMBIENCE#GENERAL', 'FOOD#STYLE_OPTIONS']","['Ambience', 'Ambience', 'Food']","['neutral', 'neutral', 'neutral']","['modern industrial décor', 'background music', 'spicy‑level choices']","[False, False, False]",3,False,False,,generate
synthetic_000835,synthetic,train,"When we grabbed take‑out for the kids, the simple booth seating area felt average, the outdoor patio was just okay, and the menu listed a few low‑calorie and kid‑friendly style options.","['AMBIENCE#GENERAL', 'AMBIENCE#GENERAL', 'FOOD#STYLE_OPTIONS']","['Ambience', 'Ambience', 'Food']","['neutral', 'neutral', 'neutral']","['simple booth seating area', 'outdoor patio', 'low‑calorie and kid‑friendly style options']","[False, False, False]",3,False,False,,generate
synthetic_000836,synthetic,train,"On a rainy evening, the cozy fireplace corner added a neutral charm, the overall ambience was calm without being dull, and the chef’s menu highlighted a variety of seasonal style options.","['AMBIENCE#GENERAL', 'AMBIENCE#GENERAL', 'FOOD#STYLE_OPTIONS']","['Ambience', 'Ambience', 'Food']","['neutral', 'neutral', 'neutral']","['cozy fireplace corner', 'overall ambience', 'seasonal style options']","[False, False, False]",3,False,False,,generate
synthetic_000837,synthetic,train,"During our weekend brunch, the airy high‑ceiling space felt neither cramped nor extravagant, the subtle jazz playing in the background was neutral, and the brunch menu included a range of sweet and savory style options.","['AMBIENCE#GENERAL', 'AMBIENCE#GENERAL', 'FOOD#STYLE_OPTIONS']","['Ambience', 'Ambience', 'Food']","['neutral', 'neutral', 'neutral']","['airy high‑ceiling space', 'subtle jazz playing in the background', 'sweet and savory style options']","[False, False, False]",3,False,False,,generate
synthetic_000838,synthetic,train,"During our anniversary dinner, the soft lighting and muted background music created an ambience that was perfectly ordinary, neither too loud nor too dim.",['AMBIENCE#GENERAL'],['Ambience'],['neutral'],['ambience'],[False],1,False,False,,generate
synthetic_000839,synthetic,train,"When I grabbed a quick lunch with coworkers, the bustling open‑plan seating gave the restaurant a lively ambience, but it felt just average for a business setting.",['AMBIENCE#GENERAL'],['Ambience'],['neutral'],['ambience'],[False],1,False,False,,generate
synthetic_000840,synthetic,train,Our family brunch on Sunday was pleasant; the bright windows and simple décor produced an ambience that was neither particularly charming nor off‑putting.,['AMBIENCE#GENERAL'],['Ambience'],['neutral'],['ambience'],[False],1,False,False,,generate
synthetic_000841,synthetic,train,"I ordered takeout for a movie night, and while the food arrived hot, the packaging’s plain design reflected an ambience that felt completely neutral, as expected.",['AMBIENCE#GENERAL'],['Ambience'],['neutral'],['ambience'],[False],1,False,False,,generate
synthetic_000842,synthetic,train,"During a rainy evening, we settled at the bar; the low‑key jazz and dim candles gave the place an ambience that was comfortably unremarkable.",['AMBIENCE#GENERAL'],['Ambience'],['neutral'],['ambience'],[False],1,False,False,,generate
synthetic_000843,synthetic,train,"During our anniversary dinner, the dim lighting and soft jazz created a pleasant backdrop, though it was nothing extraordinary.",['AMBIENCE#GENERAL'],['Ambience'],['neutral'],['ambience'],[False],1,False,False,,generate
synthetic_000844,synthetic,train,"When I grabbed a quick lunch to go, the restaurant’s open-plan layout felt average, neither cramped nor particularly inviting.",['AMBIENCE#GENERAL'],['Ambience'],['neutral'],['layout'],[False],1,False,False,,generate
synthetic_000845,synthetic,train,"Our business meeting took place in a private booth; the surroundings were fairly standard, offering just enough privacy without any special flair.",['AMBIENCE#GENERAL'],['Ambience'],['neutral'],['surroundings'],[False],1,False,False,,generate
synthetic_000846,synthetic,train,"The family brunch on Sunday was held in a sunny patio that was simply decent, providing a comfortable setting but nothing memorable.",['AMBIENCE#GENERAL'],['Ambience'],['neutral'],['patio'],[False],1,False,False,,generate
synthetic_000847,synthetic,train,"I ordered takeout from the downtown spot, and while the food was good, the interior’s vibe was unremarkable, just a typical urban eatery.",['AMBIENCE#GENERAL'],['Ambience'],['neutral'],['vibe'],[False],1,False,False,,generate
synthetic_000848,synthetic,train,"During our anniversary dinner, the dim lighting created a relaxed vibe, and the craft cocktails were surprisingly affordable, making the night feel special without breaking the bank.","['AMBIENCE#GENERAL', 'DRINKS#PRICES']","['Ambience', 'Price']","['neutral', 'positive']","[None, 'craft cocktails']","[True, False]",2,True,True,,generate
synthetic_000849,synthetic,train,"We gathered for a Sunday brunch where the bustling yet comfortable setting felt just right, and the fresh orange juices were priced nicely for a large table.","['AMBIENCE#GENERAL', 'DRINKS#PRICES']","['Ambience', 'Price']","['neutral', 'positive']","[None, 'orange juices']","[True, False]",2,True,True,,generate
synthetic_000850,synthetic,train,"The conference room’s glass walls offered a sleek backdrop for our meeting, while the iced teas on the menu were a bargain, keeping everyone refreshed and on budget.","['AMBIENCE#GENERAL', 'DRINKS#PRICES']","['Ambience', 'Price']","['neutral', 'positive']","[None, 'iced teas']","[True, False]",2,True,True,,generate
synthetic_000851,synthetic,train,"I picked up a late-night order; the street‑side patio was quiet enough not to disturb neighbors, and the bottled beers were surprisingly cheap for a weekend snack.","['AMBIENCE#GENERAL', 'DRINKS#PRICES']","['Ambience', 'Price']","['neutral', 'positive']","[None, 'bottled beers']","[True, False]",2,True,True,,generate
synthetic_000852,synthetic,train,"Under the twinkling fairy lights the atmosphere felt magical yet low‑key, and the sangria pitchers were priced so well that we could order two without guilt.","['AMBIENCE#GENERAL', 'DRINKS#PRICES']","['Ambience', 'Price']","['neutral', 'positive']","[None, 'sangria pitchers']","[True, False]",2,True,True,,generate
synthetic_000853,synthetic,train,"The dim lighting gave the dining room a relaxed vibe, which felt pretty neutral, but the overall experience at this restaurant was delightful and left us eager to return.","['AMBIENCE#GENERAL', 'RESTAURANT#GENERAL']","['Ambience', 'General']","['neutral', 'positive']","['lighting', 'restaurant']","[False, False]",2,False,True,,generate
synthetic_000854,synthetic,train,"While the bustling open‑plan layout was just average and didn't stand out, the restaurant itself impressed us with its friendly staff and tasty family‑style dishes.","['AMBIENCE#GENERAL', 'RESTAURANT#GENERAL']","['Ambience', 'General']","['neutral', 'positive']","['layout', 'restaurant']","[False, False]",2,False,True,,generate
synthetic_000855,synthetic,train,"The conference‑room style seating felt rather plain, offering a neutral ambience, yet the restaurant delivered a superb lunch service that kept our meeting productive and enjoyable.","['AMBIENCE#GENERAL', 'RESTAURANT#GENERAL']","['Ambience', 'General']","['neutral', 'positive']","['seating', 'restaurant']","[False, False]",2,False,True,,generate
synthetic_000856,synthetic,train,"Even though the take‑out counter area was just functional with a neutral vibe, the restaurant's food packaging and quick service made the whole experience surprisingly pleasant.","['AMBIENCE#GENERAL', 'RESTAURANT#GENERAL']","['Ambience', 'General']","['neutral', 'positive']","['counter area', 'restaurant']","[False, False]",2,False,True,,generate
synthetic_000857,synthetic,train,"The patio’s breezy but unremarkable setting provided a neutral ambience, but the restaurant excelled with its brunch menu and welcoming atmosphere, making us want to come back.","['AMBIENCE#GENERAL', 'RESTAURANT#GENERAL']","['Ambience', 'General']","['neutral', 'positive']","['patio', 'restaurant']","[False, False]",2,False,True,,generate
synthetic_000858,synthetic,train,"For our anniversary we chose the bistro, and while the lighting was modest and the background music unremarkable, the overall vibe felt just average.","['AMBIENCE#GENERAL', 'AMBIENCE#GENERAL', 'RESTAURANT#GENERAL']","['Ambience', 'Ambience', 'General']","['neutral', 'neutral', 'neutral']","['lighting', 'background music', 'overall vibe']","[False, False, False]",3,False,False,,generate
synthetic_000859,synthetic,train,"During our quick lunch break the restaurant's interior was functional, the temperature neither too hot nor too cold, and overall the place felt perfectly ordinary.","['AMBIENCE#GENERAL', 'AMBIENCE#GENERAL', 'RESTAURANT#GENERAL']","['Ambience', 'Ambience', 'General']","['neutral', 'neutral', 'neutral']","['interior', 'temperature', 'place']","[False, False, False]",3,False,False,,generate
synthetic_000860,synthetic,train,"We grabbed take-out on a rainy evening; the street-side seating area was sheltered but bland, the decor offered no surprises, and the restaurant itself seemed just fine.","['AMBIENCE#GENERAL', 'AMBIENCE#GENERAL', 'RESTAURANT#GENERAL']","['Ambience', 'Ambience', 'General']","['neutral', 'neutral', 'neutral']","['street-side seating area', 'decor', 'restaurant']","[False, False, False]",3,False,False,,generate
synthetic_000861,synthetic,train,"Our business meeting proceeded in a conference room that was adequately lit, the background chatter was low, and the venue's overall impression was neither impressive nor disappointing.","['AMBIENCE#GENERAL', 'AMBIENCE#GENERAL', 'RESTAURANT#GENERAL']","['Ambience', 'Ambience', 'General']","['neutral', 'neutral', 'neutral']","['conference room', 'background chatter', ""venue's overall impression""]","[False, False, False]",3,False,False,,generate
synthetic_000862,synthetic,train,"On a family dinner night the dining hall's layout was spacious yet plain, the acoustic was balanced without echo, and the establishment overall left us feeling indifferent.","['AMBIENCE#GENERAL', 'AMBIENCE#GENERAL', 'RESTAURANT#GENERAL']","['Ambience', 'Ambience', 'General']","['neutral', 'neutral', 'neutral']","['layout', 'acoustic', 'establishment']","[False, False, False]",3,False,False,,generate
synthetic_000863,synthetic,train,"We booked a corner table for our anniversary, and while the soft lighting was pleasant, the overall vibe felt pretty standard and unremarkable.","['AMBIENCE#GENERAL', 'SERVICE#GENERAL']","['Ambience', 'Service']","['neutral', 'neutral']","['vibe', None]","[False, True]",2,True,False,,generate
synthetic_000864,synthetic,train,"My kids loved the pizza, and the restaurant’s bustling atmosphere was exactly what you'd expect from a family‑friendly place, nothing special though.","['AMBIENCE#GENERAL', 'FOOD#PRICES']","['Ambience', 'Price']","['neutral', 'positive']","['atmosphere', None]","[False, True]",2,True,True,,generate
synthetic_000865,synthetic,train,"During a quick business lunch, the conference room style seating kept us focused, and the background music was neither too loud nor too quiet, just average.","['AMBIENCE#GENERAL', 'SERVICE#GENERAL']","['Ambience', 'Service']","['neutral', 'positive']","['background music', None]","[False, True]",2,True,True,,generate
synthetic_000866,synthetic,train,"I ordered takeout for movie night; the packaging kept the fries crisp, and the restaurant’s plain décor didn’t distract me one bit, which was fine.","['AMBIENCE#GENERAL', 'FOOD#QUALITY']","['Ambience', 'Food']","['neutral', 'positive']","['plain décor', None]","[False, True]",2,True,True,,generate
synthetic_000867,synthetic,train,"We enjoyed the patio on a breezy evening, the open air gave a relaxed feel but didn’t add any extra charm, staying comfortably neutral.","['AMBIENCE#GENERAL', 'RESTAURANT#PRICES']","['Ambience', 'Price']","['neutral', 'negative']","['patio', None]","[False, True]",2,True,True,,generate
synthetic_000868,synthetic,train,"During our anniversary dinner, the restaurant’s ambience was unremarkable, neither cozy nor noisy, just a standard backdrop for the meal.",['AMBIENCE#GENERAL'],['Ambience'],['neutral'],['ambience'],[False],1,False,False,,generate
synthetic_000869,synthetic,train,"When we grabbed a quick lunch with colleagues, the office‑style ambience felt functional but lacked any distinctive character.",['AMBIENCE#GENERAL'],['Ambience'],['neutral'],['ambience'],[False],1,False,False,,generate
synthetic_000870,synthetic,train,"The family brunch on Sunday was pleasant, and the bright, airy ambience in the dining room was simply average, not particularly inviting.",['AMBIENCE#GENERAL'],['Ambience'],['neutral'],['ambience'],[False],1,False,False,,generate
synthetic_000871,synthetic,train,"For our take‑out order, the patio’s ambience didn’t matter much; it was neutral, neither bustling nor quiet, just background noise.",['AMBIENCE#GENERAL'],['Ambience'],['neutral'],['ambience'],[False],1,False,False,,generate
synthetic_000872,synthetic,train,"During a business meeting over coffee, the modern ambience of the café was neither distracting nor comforting, essentially neutral.",['AMBIENCE#GENERAL'],['Ambience'],['neutral'],['ambience'],[False],1,False,False,,generate
synthetic_000873,synthetic,train,"The dim lighting gave the restaurant a cozy feel, but the cocktail menu was outrageously overpriced for what you get.","['AMBIENCE#GENERAL', 'DRINKS#PRICES']","['Ambience', 'Price']","['neutral', 'negative']","['dim lighting', 'cocktail menu']","[False, False]",2,False,True,,generate
synthetic_000874,synthetic,train,"While the bustling ambience was lively enough for the kids, the bottled water prices left us feeling ripped off.","['AMBIENCE#GENERAL', 'DRINKS#PRICES']","['Ambience', 'Price']","['neutral', 'negative']","['bustling ambience', 'bottled water prices']","[False, False]",2,False,True,,generate
synthetic_000875,synthetic,train,"The modern ambience with sleek tables suited our meeting, yet the coffee prices were absurdly high for a simple espresso.","['AMBIENCE#GENERAL', 'DRINKS#PRICES']","['Ambience', 'Price']","['neutral', 'negative']","['modern ambience', 'coffee prices']","[False, False]",2,False,True,,generate
synthetic_000876,synthetic,train,"Even though the street‑side ambience was pleasant for a quick bite, the soda prices on the take‑out menu were completely unreasonable.","['AMBIENCE#GENERAL', 'DRINKS#PRICES']","['Ambience', 'Price']","['neutral', 'negative']","['street‑side ambience', 'soda prices']","[False, False]",2,False,True,,generate
synthetic_000877,synthetic,train,"The relaxed ambience made the brunch feel easygoing, but the mimosa prices were steep enough to make me think twice.","['AMBIENCE#GENERAL', 'DRINKS#PRICES']","['Ambience', 'Price']","['neutral', 'negative']","['relaxed ambience', 'mimosa prices']","[False, False]",2,False,True,,generate
synthetic_000878,synthetic,train,"We enjoyed a quiet dinner; the lighting was soft and unremarkable, and the entrees tasted just fine.","['AMBIENCE#GENERAL', 'FOOD#QUALITY']","['Ambience', 'Food']","['neutral', 'neutral']","[None, 'entrees']","[True, False]",2,True,False,,generate
synthetic_000879,synthetic,train,"Our family gathered on Sunday; the bustling vibe felt typical for a brunch spot, and the pancakes were adequately fluffy.","['AMBIENCE#GENERAL', 'FOOD#QUALITY']","['Ambience', 'Food']","['neutral', 'neutral']","[None, 'pancakes']","[True, False]",2,True,False,,generate
synthetic_000880,synthetic,train,"During the quick business lunch, the office-like atmosphere didn’t stand out, and the sandwich was serviceable, nothing spectacular.","['AMBIENCE#GENERAL', 'FOOD#QUALITY']","['Ambience', 'Food']","['neutral', 'neutral']","[None, 'sandwich']","[True, False]",2,True,False,,generate
synthetic_000881,synthetic,train,"I grabbed takeout; the place felt ordinary, while the curry was decent but not memorable.","['AMBIENCE#GENERAL', 'FOOD#QUALITY']","['Ambience', 'Food']","['neutral', 'neutral']","[None, 'curry']","[True, False]",2,True,False,,generate
synthetic_000882,synthetic,train,"For our anniversary, the setting was tasteful yet unexceptional, and the steak arrived cooked to a satisfactory level.","['AMBIENCE#GENERAL', 'FOOD#QUALITY']","['Ambience', 'Food']","['neutral', 'neutral']","[None, 'steak']","[True, False]",2,True,False,,generate
synthetic_000883,synthetic,train,"During our anniversary dinner, the soft lighting created a calm vibe, the decor was unremarkable, and the menu prices were surprisingly reasonable for such fresh dishes.","['AMBIENCE#GENERAL', 'AMBIENCE#GENERAL', 'FOOD#PRICES']","['Ambience', 'Ambience', 'Price']","['neutral', 'neutral', 'positive']","['lighting', 'decor', 'prices']","[False, False, False]",3,False,True,,generate
synthetic_000884,synthetic,train,"I grabbed a quick lunch for work, the open-plan seating felt ordinary, the background music was just okay, and I appreciated how the food prices stayed low without cutting quality.","['AMBIENCE#GENERAL', 'AMBIENCE#GENERAL', 'FOOD#PRICES']","['Ambience', 'Ambience', 'Price']","['neutral', 'neutral', 'positive']","['open-plan seating', 'background music', 'food prices']","[False, False, False]",3,False,True,,generate
synthetic_000885,synthetic,train,"Our family brunch on Sunday had plain walls that neither impressed nor disappointed, the ambient temperature was comfortable, and the restaurant’s food prices made it easy to order for everyone.","['AMBIENCE#GENERAL', 'AMBIENCE#GENERAL', 'FOOD#PRICES']","['Ambience', 'Ambience', 'Price']","['neutral', 'neutral', 'positive']","['plain walls', 'ambient temperature', 'food prices']","[False, False, False]",3,False,True,,generate
synthetic_000886,synthetic,train,"The rooftop patio’s view was pleasant but the seating arrangement felt standard, while the food prices on the menu were a pleasant surprise, offering great value.","['AMBIENCE#GENERAL', 'AMBIENCE#GENERAL', 'FOOD#PRICES']","['Ambience', 'Ambience', 'Price']","['neutral', 'neutral', 'positive']","['view', 'seating arrangement', 'food prices']","[False, False, False]",3,False,True,,generate
synthetic_000887,synthetic,train,"For a business dinner, the conference room’s décor was functional and unassuming, the acoustics were neither too loud nor too quiet, and the food prices were definitely on the affordable side for a premium setting.","['AMBIENCE#GENERAL', 'AMBIENCE#GENERAL', 'FOOD#PRICES']","['Ambience', 'Ambience', 'Price']","['neutral', 'neutral', 'positive']","['décor', 'acoustics', 'food prices']","[False, False, False]",3,False,True,,generate
synthetic_000888,synthetic,train,"The restaurant's modern décor and soft lighting created an ambience that was neither particularly lively nor overly dull, just comfortably average for a casual dinner.",['AMBIENCE#GENERAL'],['Ambience'],['neutral'],['ambience'],[False],1,False,False,,generate
synthetic_000889,synthetic,train,"During our business lunch, the office‑style seating and muted color scheme gave the place a neutral ambience, suitable for focusing on work without distraction.",['AMBIENCE#GENERAL'],['Ambience'],['neutral'],['ambience'],[False],1,False,False,,generate
synthetic_000890,synthetic,train,"When we stopped for a quick takeaway, the open kitchen view offered a straightforward ambience that felt functional but not particularly charming.",['AMBIENCE#GENERAL'],['Ambience'],['neutral'],['ambience'],[False],1,False,False,,generate
synthetic_000891,synthetic,train,"Our anniversary dinner was held in a dimly lit corner where the subtle music and simple table settings produced an ambience that was essentially neutral, neither romantic nor bland.",['AMBIENCE#GENERAL'],['Ambience'],['neutral'],['ambience'],[False],1,False,False,,generate
synthetic_000892,synthetic,train,"The family brunch on Saturday featured bright walls and a bustling crowd, resulting in an ambience that hovered around neutral, making it easy for conversation but lacking a distinct vibe.",['AMBIENCE#GENERAL'],['Ambience'],['neutral'],['ambience'],[False],1,False,False,,generate
synthetic_000893,synthetic,train,"The dim lighting and soft jazz gave the restaurant a cozy vibe, but we found the ambience neither exciting nor dull.","['AMBIENCE#GENERAL', 'SERVICE#GENERAL']","['Ambience', 'Service']","['neutral', 'negative']","['ambience', None]","[False, True]",2,True,True,,generate
synthetic_000894,synthetic,train,"During our Sunday brunch, the bright decor and open windows made the space feel airy, which I’d describe as just average ambience.","['AMBIENCE#GENERAL', 'SERVICE#GENERAL']","['Ambience', 'Service']","['neutral', 'negative']","['ambience', None]","[False, True]",2,True,True,,generate
synthetic_000895,synthetic,train,"The conference room style seating and muted colors created a professional backdrop, offering a neutral ambience that didn’t distract from the meeting.","['AMBIENCE#GENERAL', 'RESTAURANT#MISCELLANEOUS']","['Ambience', 'General']","['neutral', 'negative']","['ambience', None]","[False, True]",2,True,True,,generate
synthetic_000896,synthetic,train,"Ordering takeout, I noticed the plain white tiles and fluorescent lights gave the pickup area a bland, neutral ambience, which was fine for a quick grab.","['AMBIENCE#GENERAL', 'SERVICE#GENERAL']","['Ambience', 'Service']","['neutral', 'negative']","['ambience', None]","[False, True]",2,True,True,,generate
synthetic_000897,synthetic,train,"We chose a corner booth where the candlelight and subtle greenery provided a calm, neutral ambience, perfect for conversation without being overly romantic.","['AMBIENCE#GENERAL', 'SERVICE#GENERAL']","['Ambience', 'Service']","['neutral', 'negative']","['ambience', None]","[False, True]",2,True,True,,generate
synthetic_000898,synthetic,train,"The dim lighting and vintage décor gave the restaurant a cozy vibe, but the service was painfully slow and staff seemed uninterested.","['AMBIENCE#GENERAL', 'SERVICE#GENERAL']","['Ambience', 'Service']","['neutral', 'negative']","['decor', 'service']","[False, False]",2,False,True,,generate
synthetic_000899,synthetic,train,"We chose this spot for a family dinner because the open‑plan layout felt lively, yet the waitstaff kept forgetting our orders and took ages to bring drinks.","['AMBIENCE#GENERAL', 'SERVICE#GENERAL']","['Ambience', 'Service']","['neutral', 'negative']","['layout', 'waitstaff']","[False, False]",2,False,True,,generate
synthetic_000900,synthetic,train,"The soft jazz playing in the background created a pleasant atmosphere for our date night, but the server was rude, ignored our requests, and left us waiting.","['AMBIENCE#GENERAL', 'SERVICE#GENERAL']","['Ambience', 'Service']","['neutral', 'negative']","['atmosphere', 'server']","[False, False]",2,False,True,,generate
synthetic_000901,synthetic,train,"I liked the modern minimalist interior and neutral color scheme, which made the place feel uncluttered, however the bartender was inattentive and took forever to serve our cocktails.","['AMBIENCE#GENERAL', 'SERVICE#GENERAL']","['Ambience', 'Service']","['neutral', 'negative']","['interior', 'bartender']","[False, False]",2,False,True,,generate
synthetic_000902,synthetic,train,"The outdoor patio offered a breezy setting that was just right for a quick lunch, but the order was taken incorrectly and the staff never apologized.","['AMBIENCE#GENERAL', 'SERVICE#GENERAL']","['Ambience', 'Service']","['neutral', 'negative']","['outdoor patio', 'staff']","[False, False]",2,False,True,,generate
synthetic_000903,synthetic,train,"The dim lighting gave the restaurant a cozy ambience, but the grilled salmon was overcooked and flavorless.","['AMBIENCE#GENERAL', 'FOOD#QUALITY']","['Ambience', 'Food']","['neutral', 'negative']","['ambience', 'grilled salmon']","[False, False]",2,False,True,,generate
synthetic_000904,synthetic,train,"Our family enjoyed the bright, family‑friendly ambience, yet the pizza crust was soggy and the cheese tasted bland.","['AMBIENCE#GENERAL', 'FOOD#QUALITY']","['Ambience', 'Food']","['neutral', 'negative']","['ambience', 'pizza crust']","[False, False]",2,False,True,,generate
synthetic_000905,synthetic,train,"The office‑style ambience was functional and quiet for a meeting, but the Caesar salad arrived wilted and dressing was too salty.","['AMBIENCE#GENERAL', 'FOOD#QUALITY']","['Ambience', 'Food']","['neutral', 'negative']","['ambience', 'Caesar salad']","[False, False]",2,False,True,,generate
synthetic_000906,synthetic,train,"Even though the take‑out spot had a clean, no‑frills ambience, the chicken tacos were dry and the salsa lacked any kick.","['AMBIENCE#GENERAL', 'FOOD#QUALITY']","['Ambience', 'Food']","['neutral', 'negative']","['ambience', 'chicken tacos']","[False, False]",2,False,True,,generate
synthetic_000907,synthetic,train,"The late‑night lounge offered a relaxed ambience with soft music, but the nachos were soggy and cheese barely melted.","['AMBIENCE#GENERAL', 'FOOD#QUALITY']","['Ambience', 'Food']","['neutral', 'negative']","['ambience', 'nachos']","[False, False]",2,False,True,,generate
synthetic_000908,synthetic,train,"The dim lighting and soft jazz gave the restaurant a calm vibe, though the cramped seating felt a bit tight, and the grilled salmon arrived soggy and flavorless, which ruined the dinner.","['AMBIENCE#GENERAL', 'AMBIENCE#GENERAL', 'FOOD#QUALITY']","['Ambience', 'Ambience', 'Food']","['neutral', 'neutral', 'negative']","['lighting', None, 'grilled salmon']","[False, True, False]",3,True,True,,generate
synthetic_000909,synthetic,train,"Our kids loved the bright decor and the open floor plan, but the chicken nuggets were dry and rubbery, leaving us wishing we’d ordered something else for the kids.","['AMBIENCE#GENERAL', 'AMBIENCE#GENERAL', 'FOOD#QUALITY']","['Ambience', 'Ambience', 'Food']","['neutral', 'neutral', 'negative']","['decor', None, 'chicken nuggets']","[False, True, False]",3,True,True,,generate
synthetic_000910,synthetic,train,"The sleek, minimalist interior made for a quiet spot to work, while the rushed service left the salad wilted and soggy, and the overall atmosphere felt neither lively nor dull.","['AMBIENCE#GENERAL', 'AMBIENCE#GENERAL', 'FOOD#QUALITY']","['Ambience', 'Ambience', 'Food']","['neutral', 'neutral', 'negative']","['interior', None, 'salad']","[False, True, False]",3,True,True,,generate
synthetic_000911,synthetic,train,"The patio’s exposed brick gave the place a relaxed feel, but the eggs benedict arrived overcooked and the hollandaise was bland, making the brunch experience underwhelming.","['AMBIENCE#GENERAL', 'AMBIENCE#GENERAL', 'FOOD#QUALITY']","['Ambience', 'Ambience', 'Food']","['neutral', 'neutral', 'negative']","['brick', None, 'eggs benedict']","[False, True, False]",3,True,True,,generate
synthetic_000912,synthetic,train,"The high ceilings and subtle art pieces added a neutral backdrop, yet the pizza crust was soggy and the cheese lacked stretch, leaving the meal far from satisfying.","['AMBIENCE#GENERAL', 'AMBIENCE#GENERAL', 'FOOD#QUALITY']","['Ambience', 'Ambience', 'Food']","['neutral', 'neutral', 'negative']","['high ceilings', None, 'pizza crust']","[False, True, False]",3,True,True,,generate
synthetic_000913,synthetic,train,"During our anniversary dinner, the soft lighting and vintage wallpaper created an ambience that was pleasant, though it didn’t particularly stand out one way or the other.",['AMBIENCE#GENERAL'],['Ambience'],['neutral'],['ambience'],[False],1,False,False,,generate
synthetic_000914,synthetic,train,"When we grabbed take‑out for the kids, the bustling open‑kitchen view was noticeable, but the overall ambience felt pretty average for a fast‑casual spot.",['AMBIENCE#GENERAL'],['Ambience'],['neutral'],['ambience'],[False],1,False,False,,generate
synthetic_000915,synthetic,train,"Our business lunch on a rainy Tuesday was conducted in a bright, modern dining room that was neither too noisy nor overly quiet, just neutrally comfortable ambience.",['AMBIENCE#GENERAL'],['Ambience'],['neutral'],['ambience'],[False],1,False,False,,generate
synthetic_000916,synthetic,train,"The family brunch on Sunday morning featured a spacious patio with a gentle breeze, offering an ambience that was decent but nothing particularly memorable.",['AMBIENCE#GENERAL'],['Ambience'],['neutral'],['ambience'],[False],1,False,False,,generate
synthetic_000917,synthetic,train,"During my first date, the restaurant’s sleek metal chairs and subtle background music created an ambience that didn’t distract but also didn’t add romance.",['AMBIENCE#GENERAL'],['Ambience'],['neutral'],['ambience'],[False],1,False,False,,generate
synthetic_000918,synthetic,train,"During our anniversary dinner, the dim lighting and soft jazz created a pleasant backdrop, but I wouldn't say it was particularly memorable.",['AMBIENCE#GENERAL'],['Ambience'],['neutral'],['ambience'],[False],1,False,False,,generate
synthetic_000919,synthetic,train,"When we grabbed a quick lunch for the office, the open floor plan felt a bit noisy, yet it was just average for a downtown spot.",['AMBIENCE#GENERAL'],['Ambience'],['neutral'],['open floor plan'],[False],1,False,False,,generate
synthetic_000920,synthetic,train,"The family brunch on Sunday was held in a bright, airy room; the vibe was neither too lively nor too subdued, just fine.",['AMBIENCE#GENERAL'],['Ambience'],['neutral'],['vibe'],[False],1,False,False,,generate
synthetic_000921,synthetic,train,I stopped by for a takeaway dinner and noticed the restaurant’s minimalist décor; it neither impressed nor disappointed me.,['AMBIENCE#GENERAL'],['Ambience'],['neutral'],['decor'],[False],1,False,False,,generate
synthetic_000922,synthetic,train,"Our business meeting took place in the private dining area, where the acoustic panels kept the chatter low, providing a perfectly neutral atmosphere.",['AMBIENCE#GENERAL'],['Ambience'],['neutral'],['atmosphere'],[False],1,False,False,,generate
synthetic_000923,synthetic,train,"For our anniversary, we booked a corner table and found the restaurant charming, though the background music was just average and didn’t distract us.","['RESTAURANT#GENERAL', 'AMBIENCE#GENERAL']","['General', 'Ambience']","['positive', 'neutral']","['restaurant', None]","[False, True]",2,True,True,,generate
synthetic_000924,synthetic,train,"Sunday brunch with the kids was a pleasant experience at this place; the dining room felt neither too noisy nor too quiet, just fine.","['RESTAURANT#GENERAL', 'AMBIENCE#GENERAL']","['General', 'Ambience']","['positive', 'neutral']","['place', None]","[False, True]",2,True,True,,generate
synthetic_000925,synthetic,train,"I had a quick business lunch here and was impressed by the efficient ordering system; the interior décor was unremarkable, neither appealing nor off‑putting.","['RESTAURANT#GENERAL', 'AMBIENCE#GENERAL']","['General', 'Ambience']","['positive', 'neutral']","['restaurant', None]","[False, True]",2,True,True,,generate
synthetic_000926,synthetic,train,"The take‑out was ready fast, and the place felt pretty standard, which was fine for a casual dinner at home.","['RESTAURANT#GENERAL', 'AMBIENCE#GENERAL']","['General', 'Ambience']","['positive', 'neutral']","['place', None]","[False, True]",2,True,True,,generate
synthetic_000927,synthetic,train,"After the concert we stopped by for a late‑night bite; the eatery was welcoming, and it was just okay, not too bright nor dim.","['RESTAURANT#GENERAL', 'AMBIENCE#GENERAL']","['General', 'Ambience']","['positive', 'neutral']","['eatery', None]","[False, True]",2,True,True,,generate
synthetic_000928,synthetic,train,"During our anniversary dinner, the soft lighting and relaxed ambience felt just right, but the menu prices were surprisingly steep for the portion sizes.","['AMBIENCE#GENERAL', 'RESTAURANT#PRICES']","['Ambience', 'Price']","['neutral', 'negative']","['ambience', 'prices']","[False, False]",2,False,True,,generate
synthetic_000929,synthetic,train,"We grabbed take‑out for a quick family meal; the bustling street vibe gave a lively ambience, yet the overall cost left us feeling the prices were way too high.","['AMBIENCE#GENERAL', 'RESTAURANT#PRICES']","['Ambience', 'Price']","['neutral', 'negative']","['ambience', 'prices']","[False, False]",2,False,True,,generate
synthetic_000930,synthetic,train,"Our business lunch was efficient, the modern décor contributed to a neutral ambience, but the bill reflected restaurant prices that didn’t match the modest service.","['AMBIENCE#GENERAL', 'RESTAURANT#PRICES']","['Ambience', 'Price']","['neutral', 'negative']","['ambience', 'prices']","[False, False]",2,False,True,,generate
synthetic_000931,synthetic,train,"On a rainy evening, the cozy ambience with gentle music was pleasant enough, however the restaurant’s prices were absurdly inflated for simple dishes.","['AMBIENCE#GENERAL', 'RESTAURANT#PRICES']","['Ambience', 'Price']","['neutral', 'negative']","['ambience', 'prices']","[False, False]",2,False,True,,generate
synthetic_000932,synthetic,train,"During a casual brunch with friends, the airy ambience felt just okay, but the brunch menu’s prices made the experience feel overpriced.","['AMBIENCE#GENERAL', 'RESTAURANT#PRICES']","['Ambience', 'Price']","['neutral', 'negative']","['ambience', 'prices']","[False, False]",2,False,True,,generate
synthetic_000933,synthetic,train,"During our anniversary dinner, the soft lighting and tasteful decor created a neutral ambience, but the service was painfully slow and inattentive.","['AMBIENCE#GENERAL', 'AMBIENCE#GENERAL', 'SERVICE#GENERAL']","['Ambience', 'Ambience', 'Service']","['neutral', 'neutral', 'negative']","['soft lighting', 'tasteful decor', 'service']","[False, False, False]",3,False,True,,generate
synthetic_000934,synthetic,train,"I grabbed a quick lunch for a business meeting; the background music and open floor plan gave a neutral vibe, yet the service staff kept forgetting my orders.","['AMBIENCE#GENERAL', 'AMBIENCE#GENERAL', 'SERVICE#GENERAL']","['Ambience', 'Ambience', 'Service']","['neutral', 'neutral', 'negative']","['background music', 'open floor plan', 'service staff']","[False, False, False]",3,False,True,,generate
synthetic_000935,synthetic,train,"Our family brunch on Sunday featured bright windows and simple table settings that made the ambience feel neutral, but the service was rude when we asked for extra napkins.","['AMBIENCE#GENERAL', 'AMBIENCE#GENERAL', 'SERVICE#GENERAL']","['Ambience', 'Ambience', 'Service']","['neutral', 'neutral', 'negative']","['bright windows', 'simple table settings', 'service']","[False, False, False]",3,False,True,,generate
synthetic_000936,synthetic,train,"I ordered take‑out after work; the restaurant’s clean tiles and muted color scheme gave a neutral ambience, yet the phone order was mishandled by the service.","['AMBIENCE#GENERAL', 'AMBIENCE#GENERAL', 'SERVICE#GENERAL']","['Ambience', 'Ambience', 'Service']","['neutral', 'neutral', 'negative']","['clean tiles', 'muted color scheme', 'service']","[False, False, False]",3,False,True,,generate
synthetic_000937,synthetic,train,"For a first date we chose the patio, where the gentle breeze and subtle fairy lights created a neutral ambience, but the service was distracted and forgot our dessert.","['AMBIENCE#GENERAL', 'AMBIENCE#GENERAL', 'SERVICE#GENERAL']","['Ambience', 'Ambience', 'Service']","['neutral', 'neutral', 'negative']","['gentle breeze', 'subtle fairy lights', 'service']","[False, False, False]",3,False,True,,generate
synthetic_000938,synthetic,train,"We chose the rooftop spot for our anniversary; the soft lighting and city view were pleasant, but the wait was long and the food arrived lukewarm.","['AMBIENCE#GENERAL', 'SERVICE#GENERAL', 'FOOD#QUALITY']","['Ambience', 'Service', 'Food']","['neutral', 'negative', 'negative']","['soft lighting and city view', None, 'food']","[False, True, False]",3,True,True,,generate
synthetic_000939,synthetic,train,"During the weekend brunch with the kids, the bright decor felt lively yet nothing special, and the check took forever, so we ordered extra pancakes for the little ones.","['AMBIENCE#GENERAL', 'SERVICE#GENERAL']","['Ambience', 'Service']","['neutral', 'negative']","['bright decor', None]","[False, True]",2,True,True,,generate
synthetic_000940,synthetic,train,"Our team met for a quick lunch in the glass‑walled dining area; the modern vibe was unremarkable, the coffee was decent, but the order took too long.","['AMBIENCE#GENERAL', 'DRINKS#QUALITY', 'SERVICE#GENERAL']","['Ambience', 'Food', 'Service']","['neutral', 'positive', 'negative']","['modern vibe', 'coffee', None]","[False, False, True]",3,True,True,,generate
synthetic_000941,synthetic,train,"I grabbed the sushi combo to eat at home; the packaging was sturdy and the restaurant’s interior looked clean, though the drive‑through line moved at a snail’s pace.","['AMBIENCE#GENERAL', 'FOOD#QUALITY', 'SERVICE#GENERAL']","['Ambience', 'Food', 'Service']","['neutral', 'positive', 'negative']","['interior', 'sushi', None]","[False, False, True]",3,True,True,,generate
synthetic_000942,synthetic,train,"We settled into a corner booth for a relaxed evening; the dim lighting gave a cozy feel without overwhelming the space, and the plates arrived quickly.","['AMBIENCE#GENERAL', 'SERVICE#GENERAL']","['Ambience', 'Service']","['neutral', 'positive']","['dim lighting', None]","[False, True]",2,True,True,,generate
synthetic_000943,synthetic,train,"During our business lunch, the modern décor and soft lighting created an ambience that was perfectly ordinary, neither too loud nor overly quiet.",['AMBIENCE#GENERAL'],['Ambience'],['neutral'],['ambience'],[False],1,False,False,,generate
synthetic_000944,synthetic,train,"For our family dinner on Saturday, the bustling yet tidy dining room gave off a neutral ambience, making it easy to chat without shouting.",['AMBIENCE#GENERAL'],['Ambience'],['neutral'],['ambience'],[False],1,False,False,,generate
synthetic_000945,synthetic,train,"When I grabbed a quick takeaway, I noticed the small patio’s ambience was simply functional—no music, just the hum of the city.",['AMBIENCE#GENERAL'],['Ambience'],['neutral'],['ambience'],[False],1,False,False,,generate
synthetic_000946,synthetic,train,"Our date night was pleasant, with candlelight casting a gentle glow that produced an ambience I’d describe as comfortably neutral.",['AMBIENCE#GENERAL'],['Ambience'],['neutral'],['ambience'],[False],1,False,False,,generate
synthetic_000947,synthetic,train,"The rooftop bar’s ambience hovered between lively and relaxed, offering a balanced backdrop that didn’t distract from the conversation.",['AMBIENCE#GENERAL'],['Ambience'],['neutral'],['ambience'],[False],1,False,False,,generate
synthetic_000948,synthetic,train,"The dim lighting and soft music created a fairly standard ambience, while the menu’s mix of classic Italian and modern twists felt neither impressive nor disappointing.","['AMBIENCE#GENERAL', 'FOOD#STYLE_OPTIONS']","['Ambience', 'Food']","['neutral', 'neutral']","['lighting and soft music', 'menu’s mix of classic Italian and modern twists']","[False, False]",2,False,False,,generate
synthetic_000949,synthetic,train,"During our family dinner, the bustling yet orderly dining room felt average, and the kid‑friendly menu offered a predictable range of grilled and fried options.","['AMBIENCE#GENERAL', 'FOOD#STYLE_OPTIONS']","['Ambience', 'Food']","['neutral', 'neutral']","['dining room', 'kid‑friendly menu']","[False, False]",2,False,False,,generate
synthetic_000950,synthetic,train,"The conference‑room style seating gave a neutral professional vibe, and the lunch menu’s assortment of salads, sandwiches, and soups provided a conventional selection.","['AMBIENCE#GENERAL', 'FOOD#STYLE_OPTIONS']","['Ambience', 'Food']","['neutral', 'neutral']","['seating', 'lunch menu’s assortment of salads, sandwiches, and soups']","[False, False]",2,False,False,,generate
synthetic_000951,synthetic,train,"Even though the take‑out counter was plain and unremarkable, the restaurant’s menu still presented a balanced blend of spicy and mild dishes without leaning too far either way.","['AMBIENCE#GENERAL', 'FOOD#STYLE_OPTIONS']","['Ambience', 'Food']","['neutral', 'neutral']","['take‑out counter', 'restaurant’s menu']","[False, False]",2,False,False,,generate
synthetic_000952,synthetic,train,"The patio’s open‑air setting was just okay, and the seasonal menu’s combination of grilled vegetables and meat dishes offered a middle‑of‑the‑road variety.","['AMBIENCE#GENERAL', 'FOOD#STYLE_OPTIONS']","['Ambience', 'Food']","['neutral', 'neutral']","['patio’s open‑air setting', 'seasonal menu’s combination of grilled vegetables and meat dishes']","[False, False]",2,False,False,,generate
synthetic_000953,synthetic,train,"On our anniversary we chose the rooftop bistro; the soft lighting created a pleasant ambience, and the menu’s prices felt about average for the portion sizes, though the waiter seemed a bit distracted.","['AMBIENCE#GENERAL', 'FOOD#PRICES', 'SERVICE#GENERAL']","['Ambience', 'Price', 'Service']","['neutral', 'neutral', 'negative']","['lighting', 'prices', None]","[False, False, True]",3,True,True,,generate
synthetic_000954,synthetic,train,"Our family of four grabbed dinner after the game; the bustling dining room was noisy but still comfortable ambience, and the kids thought the prices on the kids' menu were reasonable, even though the plates arrived slower than expected.","['AMBIENCE#GENERAL', 'FOOD#PRICES', 'SERVICE#GENERAL']","['Ambience', 'Price', 'Service']","['neutral', 'neutral', 'negative']","['ambience', 'prices', None]","[False, False, True]",3,True,True,,generate
synthetic_000955,synthetic,train,"I met a client for a quick lunch at the downtown cafe; the modern décor gave a neutral ambience, and the lunch specials were priced fairly, but the Wi‑Fi connection kept dropping, which was frustrating.","['AMBIENCE#GENERAL', 'FOOD#PRICES', 'SERVICE#GENERAL']","['Ambience', 'Price', 'Service']","['neutral', 'neutral', 'negative']","['decor', 'prices', None]","[False, False, True]",3,True,True,,generate
synthetic_000956,synthetic,train,"We ordered takeout from the new Thai place; the packaging was simple, but the restaurant’s ambience at the counter was unremarkable, and the food prices were about what you'd expect for a casual spot, although the delivery arrived 20 minutes late.","['AMBIENCE#GENERAL', 'FOOD#PRICES', 'SERVICE#GENERAL']","['Ambience', 'Price', 'Service']","['neutral', 'neutral', 'negative']","['ambience', 'prices', None]","[False, False, True]",3,True,True,,generate
synthetic_000957,synthetic,train,"During Sunday brunch with friends, the patio provided a relaxed ambience, and the brunch menu's prices sat right in the middle of the market, yet the music volume was so high that conversation was difficult.","['AMBIENCE#GENERAL', 'FOOD#PRICES', 'AMBIENCE#GENERAL']","['Ambience', 'Price', 'Ambience']","['neutral', 'neutral', 'negative']","['ambience', 'prices', None]","[False, False, True]",3,True,True,,generate
synthetic_000958,synthetic,train,"During our anniversary dinner we noticed the menu’s food prices were fairly average, neither cheap nor extravagant, fitting the upscale vibe of the place.",['FOOD#PRICES'],['Price'],['neutral'],['food prices'],[False],1,False,False,,generate
synthetic_000959,synthetic,train,"When I grabbed a quick lunch takeaway, the sandwich cost seemed reasonable, with the food prices sitting right in the middle of what I’d expect for downtown cafés.",['FOOD#PRICES'],['Price'],['neutral'],['food prices'],[False],1,False,False,,generate
synthetic_000960,synthetic,train,"Our family brunch on Sunday featured pancakes and fruit, and the food prices were neutral—nothing shocking, just what you’d anticipate for a popular spot near the park.",['FOOD#PRICES'],['Price'],['neutral'],['food prices'],[False],1,False,False,,generate
synthetic_000961,synthetic,train,"At the business lunch, the chef’s tasting menu arrived with a price tag that felt balanced, as the food prices matched the quality without being a surprise.",['FOOD#PRICES'],['Price'],['neutral'],['food prices'],[False],1,False,False,,generate
synthetic_000962,synthetic,train,"While ordering the vegan bowl for my date, I thought the food prices were pretty standard for the neighborhood, offering good value but not a bargain.",['FOOD#PRICES'],['Price'],['neutral'],['food prices'],[False],1,False,False,,generate
synthetic_000963,synthetic,train,"During our anniversary dinner, we ordered a bottle of merlot and a couple of craft sodas; the cost felt about right for the quality, nothing shocking.",['DRINKS#PRICES'],['Price'],['neutral'],['merlot'],[False],1,False,False,,generate
synthetic_000964,synthetic,train,"When I grabbed a quick coffee to go, the latte price was comparable to other cafés downtown, so I didn’t feel it was overpriced nor a bargain.",['DRINKS#PRICES'],['Price'],['neutral'],['latte'],[False],1,False,False,,generate
synthetic_000965,synthetic,train,"Our business lunch included sparkling water and a modestly priced iced tea, which seemed fairly standard for a mid‑range restaurant in the financial district.",['DRINKS#PRICES'],['Price'],['neutral'],['iced tea'],[False],1,False,False,,generate
synthetic_000966,synthetic,train,"The brunch crowd enjoyed mimosas that were neither cheap nor expensive, sitting comfortably at a middle‑ground price point that matched the relaxed vibe.",['DRINKS#PRICES'],['Price'],['neutral'],['mimosas'],[False],1,False,False,,generate
synthetic_000967,synthetic,train,"I ordered a draft beer with my pizza takeaway, and the price was about what I’d expect for a casual spot, so it felt neutral.",['DRINKS#PRICES'],['Price'],['neutral'],['draft beer'],[False],1,False,False,,generate
synthetic_000968,synthetic,train,"The candlelit patio was noisy and the cheap background music made conversation difficult, and while the food prices were about average for the neighborhood, the overall vibe left us disappointed.","['FOOD#PRICES', 'RESTAURANT#MISCELLANEOUS']","['Price', 'General']","['neutral', 'negative']","['food prices', 'background music']","[False, False]",2,False,True,,generate
synthetic_000969,synthetic,train,"We loved the kids' menu but the restaurant's cramped seating made the dinner feel cramped, and the food prices were nothing special, just mid‑range.","['FOOD#PRICES', 'RESTAURANT#MISCELLANEOUS']","['Price', 'General']","['neutral', 'negative']","['food prices', 'cramped seating']","[False, False]",2,False,True,,generate
synthetic_000970,synthetic,train,"The conference room was poorly lit and the Wi‑Fi kept dropping, which was frustrating, yet the food prices were perfectly reasonable for a quick lunch.","['FOOD#PRICES', 'RESTAURANT#MISCELLANEOUS']","['Price', 'General']","['neutral', 'negative']","['food prices', 'Wi‑Fi']","[False, False]",2,False,True,,generate
synthetic_000971,synthetic,train,"Ordering takeout was convenient, but the lack of a proper trash compactor in the parking lot left a mess, and the food prices were fairly typical for the area.","['FOOD#PRICES', 'RESTAURANT#MISCELLANEOUS']","['Price', 'General']","['neutral', 'negative']","['food prices', 'parking lot trash situation']","[False, False]",2,False,True,,generate
synthetic_000972,synthetic,train,"The brunch spot had an odd smell from the kitchen vents that made us uneasy, and while the food prices sat squarely in the mid‑range, the experience was underwhelming.","['FOOD#PRICES', 'RESTAURANT#MISCELLANEOUS']","['Price', 'General']","['neutral', 'negative']","['food prices', 'odd smell from the kitchen vents']","[False, False]",2,False,True,,generate
synthetic_000973,synthetic,train,"During our anniversary dinner, the staff were courteous but the menu prices felt about average for the neighborhood.","['SERVICE#GENERAL', 'FOOD#PRICES', 'FOOD#PRICES']","['Service', 'Price', 'Price']","['neutral', 'neutral', 'neutral']","['staff', 'menu prices', 'prices']","[False, False, False]",3,False,False,,generate
synthetic_000974,synthetic,train,"We took the kids for brunch, and while the servers were friendly, the brunch prices were neither cheap nor expensive.","['SERVICE#GENERAL', 'FOOD#PRICES', 'FOOD#PRICES']","['Service', 'Price', 'Price']","['neutral', 'neutral', 'neutral']","['servers', 'brunch prices', 'prices']","[False, False, False]",3,False,False,,generate
synthetic_000975,synthetic,train,"The business lunch was efficient; the waiter was attentive, and the lunch combo prices were pretty standard.","['SERVICE#GENERAL', 'FOOD#PRICES', 'FOOD#PRICES']","['Service', 'Price', 'Price']","['neutral', 'neutral', 'neutral']","['waiter', 'lunch combo prices', 'prices']","[False, False, False]",3,False,False,,generate
synthetic_000976,synthetic,train,"I ordered takeout and the ordering process was smooth, though the food prices were just what you'd expect for a mid‑range spot.","['SERVICE#GENERAL', 'FOOD#PRICES', 'FOOD#PRICES']","['Service', 'Price', 'Price']","['neutral', 'neutral', 'neutral']","['ordering process', 'food prices', 'prices']","[False, False, False]",3,False,False,,generate
synthetic_000977,synthetic,train,"Our group enjoyed the evening; the wait staff were decent and the dinner prices were fairly typical, nothing surprising.","['SERVICE#GENERAL', 'FOOD#PRICES', 'FOOD#PRICES']","['Service', 'Price', 'Price']","['neutral', 'neutral', 'neutral']","['wait staff', 'dinner prices', 'prices']","[False, False, False]",3,False,False,,generate
synthetic_000978,synthetic,train,"During our anniversary dinner, the wine list offered decent selections, and the cocktail prices felt about right, not cheap but not exorbitant.","['DRINKS#PRICES', 'SERVICE#GENERAL']","['Price', 'Service']","['neutral', 'positive']","['cocktails', None]","[False, True]",2,True,True,,generate
synthetic_000979,synthetic,train,"When we grabbed takeout for the kids, the soda prices were exactly what you'd expect at a family‑friendly spot, neither a bargain nor a rip‑off.","['DRINKS#PRICES', 'RESTAURANT#GENERAL']","['Price', 'General']","['neutral', 'positive']","['sodas', None]","[False, True]",2,True,True,,generate
synthetic_000980,synthetic,train,"I ordered a sparkling water during my quick business lunch; its price was fairly standard, aligning with other downtown cafés, and the staff’s efficiency kept my meeting on schedule.","['DRINKS#PRICES', 'SERVICE#GENERAL']","['Price', 'Service']","['neutral', 'positive']","['sparkling water', None]","[False, True]",2,True,True,,generate
synthetic_000981,synthetic,train,"The mimosa bar at brunch had a neutral price point—just enough to feel reasonable, and the relaxed vibe made the morning feel leisurely.","['DRINKS#PRICES', 'AMBIENCE#GENERAL']","['Price', 'Ambience']","['neutral', 'positive']","['mimosa', None]","[False, True]",2,True,True,,generate
synthetic_000982,synthetic,train,"Our group shared a pitcher of craft beer, and the cost per glass sat squarely in the middle of the market, while the lively music added to the fun atmosphere.","['DRINKS#PRICES', 'AMBIENCE#GENERAL']","['Price', 'Ambience']","['neutral', 'positive']","['craft beer', None]","[False, True]",2,True,True,,generate
synthetic_000983,synthetic,train,"During our quick lunch break, we ordered the sandwich combo and found the prices to be fairly average for the downtown area.",['RESTAURANT#PRICES'],['Price'],['neutral'],['prices'],[False],1,False,False,,generate
synthetic_000984,synthetic,train,"When we celebrated our anniversary with a table for two, the menu’s price points felt neither cheap nor extravagant, just somewhere in the middle.",['RESTAURANT#PRICES'],['Price'],['neutral'],['price points'],[False],1,False,False,,generate
synthetic_000985,synthetic,train,"I grabbed a take‑out pizza on a rainy evening and, while the crust was great, the overall cost was pretty standard compared to other local pizzerias.",['RESTAURANT#PRICES'],['Price'],['neutral'],['cost'],[False],1,False,False,,generate
synthetic_000986,synthetic,train,Our business lunch with colleagues went smoothly; the entrees were decent and the bill reflected a neutral pricing structure typical for a corporate‑friendly spot.,['RESTAURANT#PRICES'],['Price'],['neutral'],['pricing structure'],[False],1,False,False,,generate
synthetic_000987,synthetic,train,"Family dinner at the new bistro was enjoyable, and while the dishes were tasty, the restaurant’s prices sat squarely in the mid‑range, not too high.",['RESTAURANT#PRICES'],['Price'],['neutral'],['prices'],[False],1,False,False,,generate
synthetic_000988,synthetic,train,"During our anniversary dinner, the bartender's cocktail menu was extensive but the drink prices were pretty average, and the staff seemed neither rushed nor overly attentive.","['DRINKS#PRICES', 'SERVICE#GENERAL']","['Price', 'Service']","['neutral', 'neutral']","['drink prices', 'staff']","[False, False]",2,False,False,,generate
synthetic_000989,synthetic,train,"I grabbed a quick lunch takeaway, and while the coffee cost was about what you'd expect, the order was handed over without any fuss, making the service feel perfectly ordinary.","['DRINKS#PRICES', 'SERVICE#GENERAL']","['Price', 'Service']","['neutral', 'neutral']","['coffee cost', None]","[False, True]",2,True,False,,generate
synthetic_000990,synthetic,train,"At the weekend brunch, the mimosa prices sat right in the middle of the market, and the waiter's timing was unremarkable, just okay for a busy Saturday.","['DRINKS#PRICES', 'SERVICE#GENERAL']","['Price', 'Service']","['neutral', 'neutral']","['mimosa prices', 'waiter']","[False, False]",2,False,False,,generate
synthetic_000991,synthetic,train,"My colleagues and I tried the new rooftop bar; the beer prices were neither cheap nor pricey, and the overall service felt like a standard hotel lounge, nothing special.","['DRINKS#PRICES', 'SERVICE#GENERAL']","['Price', 'Service']","['neutral', 'neutral']","['beer prices', 'service']","[False, False]",2,False,False,,generate
synthetic_000992,synthetic,train,"When we dined after the movie, the soda was priced just about normal, and the server's approach was bland, neither friendly nor rude.","['DRINKS#PRICES', 'SERVICE#GENERAL']","['Price', 'Service']","['neutral', 'neutral']","['soda', ""server's approach""]","[False, False]",2,False,False,,generate
synthetic_000993,synthetic,train,"We celebrated our anniversary at the downtown bistro, and the cozy atmosphere made the evening unforgettable; the menu wasn't cheap, but the value felt just right.","['RESTAURANT#GENERAL', 'RESTAURANT#PRICES']","['General', 'Price']","['positive', 'neutral']","['bistro', None]","[False, True]",2,True,True,,generate
synthetic_000994,synthetic,train,"My kids loved the brunch spot on Main Street, and while the prices were moderate, the friendly vibe kept everyone smiling.","['RESTAURANT#GENERAL', 'RESTAURANT#PRICES']","['General', 'Price']","['positive', 'neutral']","['brunch spot', None]","[False, True]",2,True,True,,generate
synthetic_000995,synthetic,train,"During a quick business lunch, the restaurant impressed with its efficient service and pleasant décor; the cost was about what I'd expect for downtown.","['RESTAURANT#GENERAL', 'RESTAURANT#PRICES']","['General', 'Price']","['positive', 'neutral']","['restaurant', None]","[False, True]",2,True,True,,generate
synthetic_000996,synthetic,train,"I grabbed takeout from the new Asian fusion place, and the flavors were bold and satisfying; the price point felt reasonable for the portion size.","['RESTAURANT#GENERAL', 'RESTAURANT#PRICES']","['General', 'Price']","['positive', 'neutral']","['Asian fusion place', None]","[False, True]",2,True,True,,generate
synthetic_000997,synthetic,train,"The late‑night café downtown offered a relaxed setting that made my solo coffee break feel special, and the charges were pretty standard for the area.","['RESTAURANT#GENERAL', 'RESTAURANT#PRICES']","['General', 'Price']","['positive', 'neutral']","['café', None]","[False, True]",2,True,True,,generate
synthetic_000998,synthetic,train,"During our anniversary dinner, the prices seemed reasonable and the cost was average, but the service was painfully slow, making the evening less enjoyable.","['RESTAURANT#PRICES', 'RESTAURANT#PRICES', 'SERVICE#GENERAL']","['Price', 'Price', 'Service']","['neutral', 'neutral', 'negative']","['prices', 'cost', 'service']","[False, False, False]",3,False,True,,generate
synthetic_000999,synthetic,train,"I ordered takeout for a quick family lunch; the prices were what you'd expect for the neighborhood and the cost was typical, yet the staff ignored our call and left us waiting, which was disappointing.","['RESTAURANT#PRICES', 'RESTAURANT#PRICES', 'SERVICE#GENERAL']","['Price', 'Price', 'Service']","['neutral', 'neutral', 'negative']","['prices', 'cost', 'staff']","[False, False, False]",3,False,True,,generate
synthetic_001000,synthetic,train,"The business lunch meeting went okay—the restaurant's prices felt average and the overall cost was standard, but the server kept mixing up orders and seemed disinterested, ruining the professional vibe.","['RESTAURANT#PRICES', 'RESTAURANT#PRICES', 'SERVICE#GENERAL']","['Price', 'Price', 'Service']","['neutral', 'neutral', 'negative']","['prices', 'cost', 'server']","[False, False, False]",3,False,True,,generate
synthetic_001001,synthetic,train,"For a casual brunch with friends, I found the prices to be fair and the overall cost modest, but the waitstaff were rude and took ages to bring our drinks.","['RESTAURANT#PRICES', 'RESTAURANT#PRICES', 'SERVICE#GENERAL']","['Price', 'Price', 'Service']","['neutral', 'neutral', 'negative']","['prices', 'cost', 'waitstaff']","[False, False, False]",3,False,True,,generate
synthetic_001002,synthetic,train,"When we tried the new rooftop spot for a date night, the menu's prices were neither cheap nor pricey—just middle‑of‑the‑road—and the overall cost was modest, but the service was inattentive, with our server forgetting our reservation details.","['RESTAURANT#PRICES', 'RESTAURANT#PRICES', 'SERVICE#GENERAL']","['Price', 'Price', 'Service']","['neutral', 'neutral', 'negative']","['prices', 'cost', 'service']","[False, False, False]",3,False,True,,generate
synthetic_001003,synthetic,train,"During our anniversary dinner, we noticed the cocktail prices were surprisingly average, not too steep for the upscale setting.",['DRINKS#PRICES'],['Price'],['neutral'],['cocktail prices'],[False],1,False,False,,generate
synthetic_001004,synthetic,train,"When I grabbed a quick lunch to go, the bottled water cost seemed perfectly reasonable, matching the modest drink prices advertised on the menu.",['DRINKS#PRICES'],['Price'],['neutral'],['drink prices'],[False],1,False,False,,generate
synthetic_001005,synthetic,train,"Our family brunch on Sunday featured mimosas that were priced just right, neither cheap nor overpriced, reflecting a neutral stance on drink costs.",['DRINKS#PRICES'],['Price'],['neutral'],['drink costs'],[False],1,False,False,,generate
synthetic_001006,synthetic,train,"At the business meeting, the bar offered a selection of sodas whose prices were unremarkable, staying comfortably in line with typical office catering budgets.",['DRINKS#PRICES'],['Price'],['neutral'],['prices'],[False],1,False,False,,generate
synthetic_001007,synthetic,train,"While enjoying a late‑night snack, I ordered a craft beer and found the price point to be fairly standard, not influencing my overall impression of the place.",['DRINKS#PRICES'],['Price'],['neutral'],['price point'],[False],1,False,False,,generate
synthetic_001008,synthetic,train,"During our business lunch, the menu offered decent portions, and the cost felt about right for a downtown spot, though the staff seemed a bit hurried.","['RESTAURANT#PRICES', 'SERVICE#GENERAL']","['Price', 'Service']","['neutral', 'neutral']","['cost', None]","[False, True]",2,True,False,,generate
synthetic_001009,synthetic,train,"For our anniversary dinner we chose the rooftop patio, the ambience was lovely, everything ran smoothly, and the price point was exactly what we expected for such a view.","['RESTAURANT#PRICES', 'SERVICE#GENERAL']","['Price', 'Service']","['neutral', 'neutral']","['price point', None]","[False, True]",2,True,False,,generate
synthetic_001010,synthetic,train,"My kids loved the spaghetti, and while the restaurant’s décor felt homey, the wait was quick and the bill came out at a level that matched the neighborhood’s average pricing.","['RESTAURANT#PRICES', 'SERVICE#GENERAL']","['Price', 'Service']","['neutral', 'neutral']","['pricing', None]","[False, True]",2,True,False,,generate
synthetic_001011,synthetic,train,"I ordered the veggie wrap for pickup, the packaging kept it fresh, the order arrived on time, and the charge was comparable to other fast‑casual spots, so I wasn’t surprised by the cost.","['RESTAURANT#PRICES', 'SERVICE#GENERAL']","['Price', 'Service']","['neutral', 'neutral']","['charge', None]","[False, True]",2,True,False,,generate
synthetic_001012,synthetic,train,"After the concert we stopped at the 24‑hour diner, the coffee was decent, the place felt cozy, and the tab reflected a fair amount for late‑night cravings without breaking the bank.","['RESTAURANT#PRICES', 'AMBIENCE#GENERAL']","['Price', 'Ambience']","['neutral', 'neutral']","['tab', None]","[False, True]",2,True,False,,generate
synthetic_001013,synthetic,train,"During our anniversary dinner we sipped a perfectly balanced rosemary gin fizz, which was outstanding, while the food prices felt about average for the neighborhood.","['DRINKS#QUALITY', 'FOOD#PRICES']","['Food', 'Price']","['positive', 'neutral']","['rosemary gin fizz', 'food prices']","[False, False]",2,False,True,,generate
synthetic_001014,synthetic,train,"I grabbed a quick lunch takeaway and the iced matcha latte was surprisingly smooth and flavorful, and the menu’s food prices were pretty reasonable, neither cheap nor steep.","['DRINKS#QUALITY', 'FOOD#PRICES']","['Food', 'Price']","['positive', 'neutral']","['iced matcha latte', 'food prices']","[False, False]",2,False,True,,generate
synthetic_001015,synthetic,train,"Our business lunch featured a crisp Chardonnay that impressed the whole team, and the prices of the entrees were neutral, matching what you'd expect for a downtown spot.","['DRINKS#QUALITY', 'FOOD#PRICES']","['Food', 'Price']","['positive', 'neutral']","['Chardonnay', 'prices of the entrees']","[False, False]",2,False,True,,generate
synthetic_001016,synthetic,train,"For a family brunch the fresh orange juice was delightfully refreshing, and the cost of the pancakes and waffles was about what we normally see, not too high.","['DRINKS#QUALITY', 'FOOD#PRICES']","['Food', 'Price']","['positive', 'neutral']","['fresh orange juice', 'cost of the pancakes and waffles']","[False, False]",2,False,True,,generate
synthetic_001017,synthetic,train,"On a rainy evening we enjoyed a velvety hot chocolate that was simply superb, while the overall food prices were modest and in line with similar cafés nearby.","['DRINKS#QUALITY', 'FOOD#PRICES']","['Food', 'Price']","['positive', 'neutral']","['hot chocolate', 'food prices']","[False, False]",2,False,True,,generate
synthetic_001018,synthetic,train,"During our anniversary dinner, the menu’s prices seemed reasonable, but the dim lighting and cramped seating made the ambience feel uncomfortable and claustrophobic.","['RESTAURANT#PRICES', 'AMBIENCE#GENERAL']","['Price', 'Ambience']","['neutral', 'negative']","['prices', 'ambience']","[False, False]",2,False,True,,generate
synthetic_001019,synthetic,train,"I ordered take‑out for the kids; the food cost was about average, yet the noisy, fluorescent‑lit dining area gave the restaurant a chaotic ambience that distracted everyone.","['RESTAURANT#PRICES', 'AMBIENCE#GENERAL']","['Price', 'Ambience']","['neutral', 'negative']","['prices', 'ambience']","[False, False]",2,False,True,,generate
synthetic_001020,synthetic,train,"Our business lunch was punctual and the bill’s prices were neither high nor low, but the stale carpet and echoing voices created an ambience that felt very unprofessional.","['RESTAURANT#PRICES', 'AMBIENCE#GENERAL']","['Price', 'Ambience']","['neutral', 'negative']","['prices', 'ambience']","[False, False]",2,False,True,,generate
synthetic_001021,synthetic,train,"When we stopped by for a quick brunch, the menu’s prices were pretty standard, yet the cramped tables and harsh neon signs gave the place a disappointing ambience.","['RESTAURANT#PRICES', 'AMBIENCE#GENERAL']","['Price', 'Ambience']","['neutral', 'negative']","['prices', 'ambience']","[False, False]",2,False,True,,generate
synthetic_001022,synthetic,train,"For a family dinner we found the overall prices acceptable, but the constant clatter of dishes and the overly bright interior made the ambience feel chaotic and stressful.","['RESTAURANT#PRICES', 'AMBIENCE#GENERAL']","['Price', 'Ambience']","['neutral', 'negative']","['prices', 'ambience']","[False, False]",2,False,True,,generate
synthetic_001023,synthetic,train,"During our anniversary dinner, the steak was perfectly cooked, but the food prices felt about average for a downtown bistro.","['FOOD#QUALITY', 'FOOD#PRICES']","['Food', 'Price']","['positive', 'neutral']","['steak', 'food prices']","[False, False]",2,False,True,,generate
synthetic_001024,synthetic,train,"I grabbed a quick lunch takeaway from the new taco spot; the tacos were tasty, and the food prices were reasonable, not cheap but not pricey either.","['FOOD#QUALITY', 'FOOD#PRICES']","['Food', 'Price']","['positive', 'neutral']","['tacos', 'food prices']","[False, False]",2,False,True,,generate
synthetic_001025,synthetic,train,"Our business lunch meeting went smoothly, the salad was fresh, and the food prices were comparable to other corporate cafés in the area.","['FOOD#QUALITY', 'FOOD#PRICES']","['Food', 'Price']","['positive', 'neutral']","['salad', 'food prices']","[False, False]",2,False,True,,generate
synthetic_001026,synthetic,train,"When we visited the family-friendly pizzeria on Saturday, the kids loved the cheese, and the food prices seemed pretty standard for a chain.","['FOOD#QUALITY', 'FOOD#PRICES']","['Food', 'Price']","['positive', 'neutral']","['cheese', 'food prices']","[False, False]",2,False,True,,generate
synthetic_001027,synthetic,train,"For a casual date night we tried the ramen bar; the broth was rich, and the food prices were neither high nor low, just middle of the road.","['FOOD#QUALITY', 'FOOD#PRICES']","['Food', 'Price']","['positive', 'neutral']","['broth', 'food prices']","[False, False]",2,False,True,,generate
synthetic_001028,synthetic,train,"During our anniversary dinner, the steak and lobster were delicious, and the food prices felt about average for a downtown bistro.",['FOOD#PRICES'],['Price'],['neutral'],['food prices'],[False],1,False,False,,generate
synthetic_001029,synthetic,train,"When we ordered the kids' pizza and the family-sized pasta, the food prices seemed neither cheap nor expensive, just typical for a chain restaurant.",['FOOD#PRICES'],['Price'],['neutral'],['food prices'],[False],1,False,False,,generate
synthetic_001030,synthetic,train,"I grabbed a quick sandwich and a salad for my meeting, and the food prices were pretty neutral, matching what I'd expect from a corporate cafeteria.",['FOOD#PRICES'],['Price'],['neutral'],['food prices'],[False],1,False,False,,generate
synthetic_001031,synthetic,train,"The take‑out Thai curry and jasmine rice arrived hot, and the food prices were modest, neither a bargain nor a splurge, which suited our budget.",['FOOD#PRICES'],['Price'],['neutral'],['food prices'],[False],1,False,False,,generate
synthetic_001032,synthetic,train,"For brunch we tried the avocado toast and the espresso, and the food prices were about what you'd anticipate at a trendy neighborhood café.",['FOOD#PRICES'],['Price'],['neutral'],['food prices'],[False],1,False,False,,generate
synthetic_001033,synthetic,train,"On our anniversary we enjoyed the dim, candlelit setting that felt incredibly romantic, the craft beers were priced just about average, and the service was a bit sluggish, which almost dampened the mood.","['AMBIENCE#GENERAL', 'DRINKS#PRICES', 'SERVICE#GENERAL']","['Ambience', 'Price', 'Service']","['positive', 'neutral', 'negative']","['setting', 'craft beers', None]","[False, False, True]",3,True,True,,generate
synthetic_001034,synthetic,train,"We gathered the kids for a Sunday brunch where the bright, airy decor made everyone smile, the fresh juices cost about the same as at the market, and the wait for our plates felt endless, slightly testing our patience.","['AMBIENCE#GENERAL', 'DRINKS#PRICES', 'SERVICE#GENERAL']","['Ambience', 'Price', 'Service']","['positive', 'neutral', 'negative']","['decor', 'fresh juices', None]","[False, False, True]",3,True,True,,generate
synthetic_001035,synthetic,train,"During a quick business lunch the modern, minimalist vibe impressed our clients, the soda selection was reasonably priced, and the Wi‑Fi connection kept dropping, which was a minor annoyance.","['AMBIENCE#GENERAL', 'DRINKS#PRICES', 'SERVICE#GENERAL']","['Ambience', 'Price', 'Service']","['positive', 'neutral', 'negative']","['vibe', 'soda selection', None]","[False, False, True]",3,True,True,,generate
synthetic_001036,synthetic,train,"I ordered takeout on a rainy evening, loved the warm, inviting glow of the outdoor lights that made the street feel cozy, the bottled water was priced just right, and the app’s order tracking was confusing.","['AMBIENCE#GENERAL', 'DRINKS#PRICES', 'SERVICE#GENERAL']","['Ambience', 'Price', 'Service']","['positive', 'neutral', 'negative']","['outdoor lights', 'bottled water', None]","[False, False, True]",3,True,True,,generate
synthetic_001037,synthetic,train,"Our group of friends met for brunch and the lively, music‑filled ambience lifted our spirits, the mimosas were priced fairly, yet the bartender seemed distracted, making us wait longer than expected.","['AMBIENCE#GENERAL', 'DRINKS#PRICES', 'SERVICE#GENERAL']","['Ambience', 'Price', 'Service']","['positive', 'neutral', 'negative']","['ambience', 'mimosas', None]","[False, False, True]",3,True,True,,generate
synthetic_001038,synthetic,train,On our anniversary we chose the new bistro downtown; the food was fine and the prices were about what you'd expect for a mid‑range spot.,"['FOOD#QUALITY', 'RESTAURANT#PRICES']","['Food', 'Price']","['neutral', 'neutral']","['food', 'prices']","[False, False]",2,False,False,,generate
synthetic_001039,synthetic,train,"When we took the kids for brunch, the food turned out to be average and the prices felt typical for a family‑friendly cafe.","['FOOD#QUALITY', 'RESTAURANT#PRICES']","['Food', 'Price']","['neutral', 'neutral']","['food', 'prices']","[False, False]",2,False,False,,generate
synthetic_001040,synthetic,train,"During a quick business lunch the menu items were satisfactory, and the prices were neither cheap nor expensive, just standard for the area.","['FOOD#QUALITY', 'RESTAURANT#PRICES']","['Food', 'Price']","['neutral', 'neutral']","['menu items', 'prices']","[False, False]",2,False,False,,generate
synthetic_001041,synthetic,train,"I ordered take‑out on a rainy night; the food arrived decent, and the prices matched what I usually pay for similar take‑away places.","['FOOD#QUALITY', 'RESTAURANT#PRICES']","['Food', 'Price']","['neutral', 'neutral']","['food', 'prices']","[False, False]",2,False,False,,generate
synthetic_001042,synthetic,train,"Our group of friends met for drinks and dinner, the food was okay and the prices were pretty much in line with other spots nearby.","['FOOD#QUALITY', 'RESTAURANT#PRICES']","['Food', 'Price']","['neutral', 'neutral']","['food', 'prices']","[False, False]",2,False,False,,generate
synthetic_001043,synthetic,train,"During our business lunch, I noticed the food prices were reasonable, the free Wi‑Fi was surprisingly fast and reliable, and the cocktail prices matched the rest of the menu.","['FOOD#PRICES', 'RESTAURANT#MISCELLANEOUS', 'DRINKS#PRICES']","['Price', 'General', 'Price']","['neutral', 'positive', 'neutral']","['food prices', 'Wi‑Fi', 'cocktail prices']","[False, False, False]",3,False,True,,generate
synthetic_001044,synthetic,train,"For our family dinner we found the menu’s food prices to be average, the kid‑friendly play area was a delightful bonus, and the soda prices were about what you'd expect.","['FOOD#PRICES', 'RESTAURANT#MISCELLANEOUS', 'DRINKS#PRICES']","['Price', 'General', 'Price']","['neutral', 'positive', 'neutral']","['food prices', 'kid‑friendly play area', 'soda prices']","[False, False, False]",3,False,True,,generate
synthetic_001045,synthetic,train,"On a date night the entree costs felt neither cheap nor pricey, the live jazz music added a charming touch, and the wine list’s prices were fairly standard.","['FOOD#PRICES', 'RESTAURANT#MISCELLANEOUS', 'DRINKS#PRICES']","['Price', 'General', 'Price']","['neutral', 'positive', 'neutral']","['entree costs', 'live jazz music', 'wine list’s prices']","[False, False, False]",3,False,True,,generate
synthetic_001046,synthetic,train,"When I grabbed a quick takeaway, the sandwich prices were about average, the ample street parking right outside was a huge convenience, and the bottled water prices were typical for the area.","['FOOD#PRICES', 'RESTAURANT#MISCELLANEOUS', 'DRINKS#PRICES']","['Price', 'General', 'Price']","['neutral', 'positive', 'neutral']","['sandwich prices', 'street parking', 'bottled water prices']","[False, False, False]",3,False,True,,generate
synthetic_001047,synthetic,train,"At the brunch buffet the food prices were modest, the rooftop seating with a city view was an unexpected perk, and the coffee prices were comparable to other cafés nearby.","['FOOD#PRICES', 'RESTAURANT#MISCELLANEOUS', 'DRINKS#PRICES']","['Price', 'General', 'Price']","['neutral', 'positive', 'neutral']","['food prices', 'rooftop seating', 'coffee prices']","[False, False, False]",3,False,True,,generate
synthetic_001048,synthetic,train,"During our anniversary dinner, the steak was perfectly cooked, and the menu’s food prices felt just about right for the portion sizes.","['FOOD#PRICES', 'FOOD#QUALITY']","['Price', 'Food']","['neutral', 'positive']","['food prices', None]","[False, True]",2,True,True,,generate
synthetic_001049,synthetic,train,"We grabbed a large pizza for the kids, and while the toppings were tasty, the food prices were neither cheap nor expensive, just average.","['FOOD#PRICES', 'FOOD#QUALITY']","['Price', 'Food']","['neutral', 'positive']","['food prices', None]","[False, True]",2,True,True,,generate
synthetic_001050,synthetic,train,"The conference catered lunch arrived on time, the salads were fresh, and the food prices listed on the invoice seemed reasonable without any surprise.","['FOOD#PRICES', 'FOOD#QUALITY']","['Price', 'Food']","['neutral', 'positive']","['food prices', None]","[False, True]",2,True,True,,generate
synthetic_001051,synthetic,train,"I ordered the sushi combo for takeout; the rolls were crisp, and the food prices on the app were clearly displayed, making it easy to see they’re fairly mid‑range.","['FOOD#PRICES', 'FOOD#QUALITY']","['Price', 'Food']","['neutral', 'positive']","['food prices', None]","[False, True]",2,True,True,,generate
synthetic_001052,synthetic,train,"Sipping wine on the patio, we tried the grilled vegetables, and the food prices were modest, matching the casual vibe of the place.","['FOOD#PRICES', 'FOOD#QUALITY']","['Price', 'Food']","['neutral', 'positive']","['food prices', None]","[False, True]",2,True,True,,generate
synthetic_001053,synthetic,train,"During our anniversary dinner, we found the menu reasonably priced, nothing shocking but also not a bargain.",['RESTAURANT#PRICES'],['Price'],['neutral'],['prices'],[False],1,False,False,,generate
synthetic_001054,synthetic,train,I ordered takeout for the kids after school and the total bill was about what I expected for a mid‑range family restaurant.,['RESTAURANT#PRICES'],['Price'],['neutral'],['total bill'],[False],1,False,False,,generate
synthetic_001055,synthetic,train,"Our business lunch meeting went smoothly, and the price point felt appropriate for the downtown location without being overly expensive.",['RESTAURANT#PRICES'],['Price'],['neutral'],['price point'],[False],1,False,False,,generate
synthetic_001056,synthetic,train,"When we stopped by for a quick brunch on Sunday, the cost of the avocado toast matched the usual café standards.",['RESTAURANT#PRICES'],['Price'],['neutral'],['cost'],[False],1,False,False,,generate
synthetic_001057,synthetic,train,"The restaurant’s pricing for the seasonal tasting menu sits somewhere in the middle, neither a steal nor a premium charge.",['RESTAURANT#PRICES'],['Price'],['neutral'],['pricing'],[False],1,False,False,,generate
synthetic_001058,synthetic,train,"During our anniversary dinner, the menu prices felt average for the neighborhood, but the server kept forgetting our drinks, making the service frustrating.","['RESTAURANT#PRICES', 'SERVICE#GENERAL']","['Price', 'Service']","['neutral', 'negative']","['menu prices', 'server']","[False, False]",2,False,True,,generate
synthetic_001059,synthetic,train,"I grabbed a quick lunch for the office and noticed the prices were pretty standard, yet the staff took twenty minutes to bring my sandwich, which was unacceptable service.","['RESTAURANT#PRICES', 'SERVICE#GENERAL']","['Price', 'Service']","['neutral', 'negative']","['prices', 'staff']","[False, False]",2,False,True,,generate
synthetic_001060,synthetic,train,"When we ordered take‑out for a family movie night, the price list seemed neither cheap nor pricey, but the phone order was mishandled and the delivery driver was rude, reflecting poor service.","['RESTAURANT#PRICES', 'SERVICE#GENERAL']","['Price', 'Service']","['neutral', 'negative']","['price list', 'delivery driver']","[False, False]",2,False,True,,generate
synthetic_001061,synthetic,train,"Our business lunch was billed at a reasonable cost for the area, yet the maître d’ ignored our reservation and the waitstaff seemed disinterested, resulting in terrible service overall.","['RESTAURANT#PRICES', 'SERVICE#GENERAL']","['Price', 'Service']","['neutral', 'negative']","['cost', 'waitstaff']","[False, False]",2,False,True,,generate
synthetic_001062,synthetic,train,"I tried the new brunch spot and the menu prices were about what I'd expect for brunch, but the bartender kept mixing up my coffee orders, showing really bad service.","['RESTAURANT#PRICES', 'SERVICE#GENERAL']","['Price', 'Service']","['neutral', 'negative']","['menu prices', 'bartender']","[False, False]",2,False,True,,generate
synthetic_001063,synthetic,train,"For our anniversary dinner, the grilled sea bass was perfectly cooked, and it didn't feel pricey for the quality.","['FOOD#QUALITY', 'FOOD#PRICES']","['Food', 'Price']","['neutral', 'neutral']","['grilled sea bass', None]","[False, True]",2,True,False,,generate
synthetic_001064,synthetic,train,"We grabbed a family-size pizza on a weekend; the crust was acceptable, and the bill was nothing surprising.","['FOOD#QUALITY', 'FOOD#PRICES']","['Food', 'Price']","['neutral', 'neutral']","['crust', None]","[False, True]",2,True,False,,generate
synthetic_001065,synthetic,train,"During a quick business lunch, the chicken salad tasted average, and the check came out as expected for a downtown spot.","['FOOD#QUALITY', 'FOOD#PRICES']","['Food', 'Price']","['neutral', 'neutral']","['chicken salad', None]","[False, True]",2,True,False,,generate
synthetic_001066,synthetic,train,"I ordered the veggie wrap for takeout; the filling was fine, and the overall cost was about what I'd anticipate.","['FOOD#QUALITY', 'FOOD#PRICES']","['Food', 'Price']","['neutral', 'neutral']","['filling', None]","[False, True]",2,True,False,,generate
synthetic_001067,synthetic,train,"At the weekend brunch, the pancakes were just okay, and the amount I paid matched the usual brunch standards.","['FOOD#QUALITY', 'FOOD#PRICES']","['Food', 'Price']","['neutral', 'neutral']","['pancakes', None]","[False, True]",2,True,False,,generate
synthetic_001068,synthetic,train,"During our date night, the grilled salmon was exceptionally flavorful, the food prices felt reasonable, and the cocktail prices were pretty average.","['FOOD#QUALITY', 'FOOD#PRICES', 'DRINKS#PRICES']","['Food', 'Price', 'Price']","['positive', 'neutral', 'neutral']","['grilled salmon', 'food prices', 'cocktail prices']","[False, False, False]",3,False,True,,generate
synthetic_001069,synthetic,train,"For a quick family lunch we ordered the pizza, which was delicious, the pizza’s price was fair, and the soda prices weren’t high at all.","['FOOD#QUALITY', 'FOOD#PRICES', 'DRINKS#PRICES']","['Food', 'Price', 'Price']","['positive', 'neutral', 'neutral']","['pizza', 'pizza’s price', 'soda prices']","[False, False, False]",3,False,True,,generate
synthetic_001070,synthetic,train,"Our business lunch featured a superb chicken Caesar salad, the meal’s cost was modest, and the bottled water prices were nothing surprising.","['FOOD#QUALITY', 'FOOD#PRICES', 'DRINKS#PRICES']","['Food', 'Price', 'Price']","['positive', 'neutral', 'neutral']","['chicken Caesar salad', 'meal’s cost', 'bottled water prices']","[False, False, False]",3,False,True,,generate
synthetic_001071,synthetic,train,"When we grabbed take‑out, the pad thai tasted amazing, the portion price seemed typical, and the iced tea price was just as expected.","['FOOD#QUALITY', 'FOOD#PRICES', 'DRINKS#PRICES']","['Food', 'Price', 'Price']","['positive', 'neutral', 'neutral']","['pad thai', 'portion price', 'iced tea price']","[False, False, False]",3,False,True,,generate
synthetic_001072,synthetic,train,"Celebrating a birthday, we tried the ribeye, which was melt‑in‑your‑mouth good, the steak price was acceptable, and the wine list prices were comparable to other spots.","['FOOD#QUALITY', 'FOOD#PRICES', 'DRINKS#PRICES']","['Food', 'Price', 'Price']","['positive', 'neutral', 'neutral']","['ribeye', 'steak price', 'wine list prices']","[False, False, False]",3,False,True,,generate
synthetic_001073,synthetic,train,"During our anniversary dinner, I found the menu prices fairly average for the portion sizes, nothing particularly cheap or pricey.",['FOOD#PRICES'],['Price'],['neutral'],['prices'],[False],1,False,False,,generate
synthetic_001074,synthetic,train,"When we took the kids for a birthday lunch, the food prices seemed reasonable, aligning with what we usually spend at similar family‑friendly spots.",['FOOD#PRICES'],['Price'],['neutral'],['food prices'],[False],1,False,False,,generate
synthetic_001075,synthetic,train,"The downtown bistro’s lunch specials have food prices that sit right in the middle, making them a neutral choice for a client meeting.",['FOOD#PRICES'],['Price'],['neutral'],['food prices'],[False],1,False,False,,generate
synthetic_001076,synthetic,train,"I ordered take‑out tacos on a busy Friday, and the food prices were neither a bargain nor a rip‑off, just standard for the area.",['FOOD#PRICES'],['Price'],['neutral'],['food prices'],[False],1,False,False,,generate
synthetic_001077,synthetic,train,"At the weekend brunch, the food prices felt pretty neutral—about what you'd expect for a decent egg‑and‑avocado plate at a mid‑range café.",['FOOD#PRICES'],['Price'],['neutral'],['food prices'],[False],1,False,False,,generate
synthetic_001078,synthetic,train,"For our anniversary dinner, the steak was cooked perfectly and the menu prices felt about right for the quality, while the soft lighting made the evening feel intimate.","['FOOD#PRICES', 'AMBIENCE#GENERAL']","['Price', 'Ambience']","['neutral', 'positive']","['menu prices', None]","[False, True]",2,True,True,,generate
synthetic_001079,synthetic,train,"We took the kids to the brunch buffet, and the food prices were what you'd expect for a family-friendly spot, though the staff seemed a bit rushed during our visit.","['FOOD#PRICES', 'SERVICE#GENERAL']","['Price', 'Service']","['neutral', 'negative']","['food prices', None]","[False, True]",2,True,True,,generate
synthetic_001080,synthetic,train,"During a quick business lunch, the sandwich was tasty and the food prices were comparable to other downtown cafés, and the order arrived faster than we anticipated.","['FOOD#PRICES', 'SERVICE#GENERAL']","['Price', 'Service']","['neutral', 'positive']","['food prices', None]","[False, True]",2,True,True,,generate
synthetic_001081,synthetic,train,"I ordered takeout tacos from the new spot, and the food prices seemed fair for the generous portions, while the app’s checkout process was surprisingly smooth.","['FOOD#PRICES', 'SERVICE#GENERAL']","['Price', 'Service']","['neutral', 'positive']","['food prices', None]","[False, True]",2,True,True,,generate
synthetic_001082,synthetic,train,"Late-night cravings led me to the 24‑hour diner, where the burger’s food prices were a little higher than usual but still acceptable, and the dim lighting gave a relaxed vibe.","['FOOD#PRICES', 'AMBIENCE#GENERAL']","['Price', 'Ambience']","['neutral', 'positive']","['food prices', None]","[False, True]",2,True,True,,generate
synthetic_001083,synthetic,train,"During our anniversary dinner, the grilled salmon was melt‑in‑your‑mouth, and the menu prices felt about right for the quality.","['FOOD#QUALITY', 'FOOD#PRICES']","['Food', 'Price']","['positive', 'neutral']","['grilled salmon', 'menu prices']","[False, False]",2,False,True,,generate
synthetic_001084,synthetic,train,I ordered the truffle mushroom risotto for a quick business lunch; the flavor was outstanding while the price of the dish seemed reasonable.,"['FOOD#QUALITY', 'FOOD#PRICES']","['Food', 'Price']","['positive', 'neutral']","['truffle mushroom risotto', 'price']","[False, False]",2,False,True,,generate
synthetic_001085,synthetic,train,"Our family brunch featured fluffy pancakes topped with fresh berries, which were delicious, and the cost per plate was pretty average.","['FOOD#QUALITY', 'FOOD#PRICES']","['Food', 'Price']","['positive', 'neutral']","['fluffy pancakes', 'cost']","[False, False]",2,False,True,,generate
synthetic_001086,synthetic,train,"When I grabbed the spicy chicken wrap to go, the crunch and seasoning impressed me, and the wrap’s price was neither cheap nor pricey.","['FOOD#QUALITY', 'FOOD#PRICES']","['Food', 'Price']","['positive', 'neutral']","['spicy chicken wrap', 'price']","[False, False]",2,False,True,,generate
synthetic_001087,synthetic,train,"For our date night we shared the rosemary‑infused lamb chops, which were cooked perfectly, and the overall price of the entrée felt just fair.","['FOOD#QUALITY', 'FOOD#PRICES']","['Food', 'Price']","['positive', 'neutral']","['rosemary‑infused lamb chops', 'price']","[False, False]",2,False,True,,generate
synthetic_001088,synthetic,train,"During our anniversary dinner, we found the seafood platter delicious, and the prices for the dishes felt about average for the neighborhood.",['FOOD#PRICES'],['Price'],['neutral'],['prices'],[False],1,False,False,,generate
synthetic_001089,synthetic,train,"I ordered the vegan burger to go and noticed the cost was neither cheap nor expensive, just a fair middle ground.",['FOOD#PRICES'],['Price'],['neutral'],['cost'],[False],1,False,False,,generate
synthetic_001090,synthetic,train,"When we grabbed brunch with the kids, the pancake stack was tasty, and the menu prices were pretty standard compared to other cafés nearby.",['FOOD#PRICES'],['Price'],['neutral'],['menu prices'],[False],1,False,False,,generate
synthetic_001091,synthetic,train,"Our business lunch included a Caesar salad and grilled chicken; the price tag on the entrée was reasonable, aligning with what you'd expect for a downtown bistro.",['FOOD#PRICES'],['Price'],['neutral'],['price tag'],[False],1,False,False,,generate
synthetic_001092,synthetic,train,"On a rainy evening, I tried the mushroom risotto and thought the price was about what I would anticipate for a hearty, well-prepared dish.",['FOOD#PRICES'],['Price'],['neutral'],['price'],[False],1,False,False,,generate
synthetic_001093,synthetic,train,"During our anniversary dinner, we ordered a couple of craft cocktails; the drink prices were pretty average, nothing shocking either way.",['DRINKS#PRICES'],['Price'],['neutral'],['drink prices'],[False],1,False,False,,generate
synthetic_001094,synthetic,train,"When we grabbed brunch with the kids, the kids' juice boxes were cheap, but the adult beverage menu's drink prices felt just about typical for the area.",['DRINKS#PRICES'],['Price'],['neutral'],['drink prices'],[False],1,False,False,,generate
synthetic_001095,synthetic,train,"Our team meeting over lunch included a few iced teas, and I noticed the drink prices were neither high nor low, just fairly standard.",['DRINKS#PRICES'],['Price'],['neutral'],['drink prices'],[False],1,False,False,,generate
synthetic_001096,synthetic,train,"I ordered a take‑out pizza and a soda, and the drink prices listed on the app seemed about average compared to other local spots.",['DRINKS#PRICES'],['Price'],['neutral'],['drink prices'],[False],1,False,False,,generate
synthetic_001097,synthetic,train,"During happy hour we tried the house margarita; the drink prices were listed as neutral, matching what you'd expect for a mid‑range bar.",['DRINKS#PRICES'],['Price'],['neutral'],['drink prices'],[False],1,False,False,,generate
